# 3ds Max Wavefront OBJ Exporter v0.99 - (c)2007 guruware
# File Created: 23.04.2025 16:29:31

mtllib AletaI.mtl

#
# object AletaI
#

v  -1.0655 0.3949 -1.1047
v  -1.1063 0.4686 -1.0400
v  -1.1358 0.6177 -1.2359
v  -1.0838 0.5530 -1.2984
v  -1.1825 0.6674 -1.1819
v  -1.1570 0.5128 -0.9926
v  -1.2077 0.8134 -1.3727
v  -1.1543 0.7612 -1.4258
v  -1.0938 0.6940 -1.4878
v  -1.2207 0.9421 -1.5499
v  -1.2271 1.0440 -1.6972
v  -1.1562 0.9595 -1.7460
v  -1.1584 0.8750 -1.6006
v  -1.0928 0.7917 -1.6564
v  -1.0858 0.8588 -1.7951
v  -0.7636 0.6356 -1.5402
v  -0.9865 0.6160 -1.5582
v  -0.9785 0.7159 -1.7102
v  -0.7516 0.7277 -1.6990
v  -0.9674 0.7777 -1.8354
v  -0.7560 0.7359 -1.8407
v  -0.9504 0.3579 -1.1565
v  -0.9721 0.4962 -1.3629
v  -0.7639 0.5070 -1.3504
v  -0.7517 0.3945 -1.1310
v  0.0903 0.0650 -1.0481
v  0.0465 -0.0415 -0.8396
v  -0.0602 0.0344 -0.8367
v  -0.0201 0.1464 -1.0413
v  -0.0915 -0.0604 -0.6560
v  0.0159 -0.1268 -0.6513
v  -0.2515 0.0181 -0.6764
v  -0.2259 0.1254 -0.8485
v  -0.1961 0.2449 -1.0489
v  0.1955 0.2900 -1.4077
v  0.1408 0.1830 -1.2407
v  0.0186 0.2642 -1.2387
v  0.0579 0.3695 -1.4220
v  -0.1746 0.3589 -1.2551
v  -0.1523 0.4659 -1.4523
v  -0.4614 0.4848 -1.2859
v  -0.4678 0.3617 -1.0763
v  -0.4484 0.6089 -1.4826
v  1.0853 -0.5030 -0.4512
v  1.1379 -0.4348 -0.6345
v  1.1500 -0.3881 -0.6000
v  1.0974 -0.4512 -0.4217
v  1.2229 -0.3065 -0.8031
v  1.2119 -0.3470 -0.8434
v  1.1877 -0.2590 -0.7741
v  1.0943 -0.3604 -0.5919
v  1.0373 -0.4193 -0.4177
v  -0.5269 0.7717 -0.6619
v  -0.4985 0.8810 -0.8661
v  -0.6094 0.9861 -0.8223
v  -0.6298 0.8817 -0.6157
v  -0.5924 1.0863 -1.0284
v  -0.4665 0.9881 -1.0668
v  -0.6912 1.1959 -0.9512
v  -0.7242 1.0773 -0.7628
v  -0.7601 0.9498 -0.5789
v  -0.0710 0.9956 -1.3943
v  -0.2248 1.0810 -1.3879
v  -0.2682 0.9873 -1.2625
v  -0.1137 0.9050 -1.2650
v  -0.3996 1.1654 -1.3835
v  -0.4325 1.0817 -1.2464
v  -0.3102 0.8899 -1.0850
v  -0.1575 0.8092 -1.0844
v  -0.6259 1.4070 -1.2276
v  -0.6623 1.3010 -1.1200
v  -0.5737 1.1798 -1.2110
v  -0.5308 1.2819 -1.3313
v  -1.0384 1.1317 -0.9458
v  -1.0607 0.9782 -0.7861
v  -0.9018 1.0706 -0.7437
v  -0.8666 1.2035 -0.9204
v  -0.9366 0.9337 -0.5774
v  -1.0782 0.8253 -0.6426
v  -1.5265 2.0477 -2.5628
v  -1.5780 2.2579 -2.6936
v  -1.5074 2.2406 -2.7407
v  -1.4418 2.0119 -2.6142
v  -1.5938 2.4498 -2.8907
v  -1.6470 2.4607 -2.8360
v  -1.5174 2.4443 -2.9305
v  -1.4252 2.2314 -2.7761
v  -1.3457 1.9903 -2.6529
v  -0.9548 0.8220 -1.9270
v  -0.7515 0.7582 -1.9313
v  -1.0752 0.9095 -1.8944
v  -1.0639 0.9501 -1.9746
v  -0.9366 0.8647 -1.9952
v  -0.7386 0.7938 -1.9907
v  -0.7017 0.9098 -2.0712
v  -0.7204 0.8419 -2.0421
v  -0.9133 0.9142 -2.0619
v  -0.8906 0.9767 -2.1079
v  -1.0482 0.9955 -2.0546
v  -1.0321 1.0464 -2.1155
v  -1.1544 1.0157 -1.8472
v  -1.1563 1.0555 -1.9283
v  -1.2326 1.1092 -1.7981
v  -1.2368 1.1565 -1.8748
v  -1.1595 1.0944 -2.0117
v  -1.1634 1.1383 -2.0822
v  -1.2438 1.2020 -1.9518
v  -1.2555 1.2532 -2.0212
v  -0.4339 0.6724 -1.6732
v  -0.4484 0.6324 -1.8405
v  -0.1272 0.5235 -1.8124
v  -0.1208 0.5565 -1.6378
v  -0.4548 0.6364 -1.9458
v  -0.4484 0.6813 -2.0040
v  -0.1452 0.5617 -2.0065
v  -0.1433 0.5150 -1.9332
v  -0.4347 0.7461 -2.0313
v  -0.4224 0.8166 -2.0378
v  -0.1225 0.7136 -2.0375
v  -0.1349 0.6369 -2.0372
v  0.1022 0.4513 -1.5869
v  0.1113 0.4442 -1.7467
v  0.2706 0.3614 -1.6921
v  0.2513 0.3639 -1.5470
v  1.9294 -0.0306 -1.4797
v  1.8744 -0.1230 -1.5740
v  1.9383 -0.0962 -1.6286
v  1.9931 0.0129 -1.5352
v  1.7982 -0.1333 -1.6410
v  1.8087 -0.1187 -1.7032
v  1.8312 -0.0909 -1.7469
v  1.9650 -0.0627 -1.6766
v  2.0203 0.0464 -1.5856
v  1.8557 -0.0519 -1.7782
v  1.8768 -0.0064 -1.7969
v  1.9427 0.0328 -1.7608
v  1.9845 0.1145 -1.7041
v  2.0221 0.0788 -1.6386
v  1.9765 -0.0231 -1.7188
v  1.7682 0.0405 -1.4191
v  1.6357 -0.0017 -1.3700
v  1.6309 -0.0459 -1.4266
v  1.8994 0.0729 -1.4287
v  1.7876 -0.0416 -1.4584
v  1.8176 0.1572 -1.4261
v  1.7172 0.1134 -1.4056
v  1.6037 0.0653 -1.3500
v  -0.5025 1.3531 -1.3949
v  -0.6010 1.4767 -1.2845
v  -0.3813 1.2317 -1.4652
v  -0.3432 1.3088 -1.4749
v  -0.4788 1.4142 -1.4246
v  -0.5929 1.5279 -1.3301
v  0.9762 -0.1365 -1.3913
v  0.8657 -0.0830 -1.4006
v  0.9309 0.0386 -1.5579
v  1.0595 -0.0189 -1.5445
v  0.7572 -0.0271 -1.4065
v  0.8126 0.0953 -1.5665
v  0.9662 0.0694 -1.7356
v  0.8334 0.1324 -1.7455
v  1.1219 0.0242 -1.7076
v  0.9937 0.0813 -1.8563
v  1.1589 0.0355 -1.8210
v  0.8516 0.1319 -1.8758
v  0.8825 0.1802 -1.9490
v  1.0273 0.1279 -1.9257
v  1.1931 0.0679 -1.8905
v  0.8235 0.8310 -1.5326
v  0.6652 0.9683 -1.5120
v  0.6117 0.8766 -1.4680
v  0.7690 0.7618 -1.4857
v  0.4798 0.9752 -1.4664
v  0.5163 1.0668 -1.5228
v  0.4385 0.8787 -1.4596
v  0.5528 0.7829 -1.4743
v  0.7022 0.6782 -1.4855
v  0.8285 0.8326 -1.6929
v  0.6662 0.9719 -1.7197
v  0.6855 1.0035 -1.6167
v  0.8392 0.8501 -1.6132
v  0.5364 1.1100 -1.6300
v  0.5246 1.0853 -1.7427
v  0.6002 0.8608 -1.8573
v  0.4653 0.9743 -1.8870
v  0.4981 1.0330 -1.8208
v  0.6383 0.9224 -1.7931
v  0.8022 0.7894 -1.7590
v  0.7698 0.7349 -1.8266
v  -0.4746 1.4665 -1.4719
v  -0.5988 1.5841 -1.3915
v  -0.3262 1.3652 -1.5119
v  -0.3231 1.4036 -1.5648
v  -0.4828 1.5072 -1.5297
v  -0.6148 1.6329 -1.4687
v  -0.3435 1.4230 -1.6889
v  -0.5050 1.5510 -1.6651
v  -0.4965 1.5366 -1.5933
v  -0.3311 1.4231 -1.6247
v  -0.6316 1.6719 -1.5484
v  -0.6371 1.7013 -1.6368
v  -1.4132 1.6528 -2.3141
v  -1.4804 1.8334 -2.4386
v  -1.3874 1.7759 -2.5005
v  -1.3114 1.5802 -2.3678
v  -1.2733 1.7428 -2.5375
v  -1.1846 1.5347 -2.3913
v  -1.1626 1.7291 -2.5522
v  -1.0612 1.5107 -2.3909
v  -1.2503 1.9816 -2.6845
v  -1.0726 1.9248 -2.7484
v  -0.9769 1.6819 -2.5795
v  -0.8750 1.4567 -2.4036
v  -0.6297 1.5564 -2.6503
v  -0.5524 1.3383 -2.4464
v  -0.7111 1.7852 -2.8579
v  -0.3260 1.5655 -3.0264
v  -0.2680 1.3497 -2.7826
v  -0.2196 1.1495 -2.5419
v  0.0567 1.1912 -2.8864
v  0.0834 1.0200 -2.6114
v  0.0165 1.3854 -3.1630
v  0.2902 1.2629 -3.2563
v  0.3136 1.0822 -2.9597
v  0.3153 0.9165 -2.6696
v  2.2432 0.5432 -3.2384
v  2.3264 0.4780 -3.2202
v  2.4381 0.6326 -3.6511
v  2.4279 0.7045 -3.6468
v  2.3969 0.7606 -3.6504
v  2.1964 0.5702 -3.2480
v  2.1106 0.4416 -2.7986
v  2.0581 0.4727 -2.7942
v  2.1542 0.3843 -2.8009
v  0.9967 0.9486 -2.6144
v  1.1071 1.0442 -2.9495
v  0.8475 1.2080 -2.8885
v  0.7579 1.0830 -2.5993
v  0.9149 1.3529 -3.1902
v  1.2081 1.1962 -3.2776
v  0.6403 1.4674 -3.1416
v  0.5995 1.3207 -2.8608
v  0.5426 1.1863 -2.5968
v  -0.7232 1.9457 -2.2117
v  -0.5486 1.8034 -2.2928
v  -0.5601 1.9523 -2.4728
v  -0.7565 2.0853 -2.3727
v  -0.3465 1.8441 -2.5442
v  -0.3577 1.6884 -2.3508
v  -0.3591 2.0128 -2.7402
v  -0.5886 2.1292 -2.6474
v  -0.8056 2.2581 -2.5315
v  1.0765 0.9687 -3.4619
v  1.3303 0.8820 -3.5164
v  1.2658 0.6891 -3.1596
v  1.0416 0.7795 -3.1170
v  1.5224 0.5795 -3.2096
v  1.6109 0.7569 -3.5956
v  1.4626 0.5011 -2.7841
v  1.2305 0.5986 -2.7568
v  1.0165 0.6478 -2.7466
v  -1.1212 2.2691 -1.9841
v  -0.8602 2.1816 -2.0513
v  -0.9050 2.3099 -2.1804
v  -1.1585 2.4067 -2.0735
v  -0.9658 2.4704 -2.3213
v  -1.2074 2.5735 -2.1838
v  1.8986 0.2629 -1.6523
v  1.9600 0.1911 -1.6689
v  1.8899 0.2111 -1.7609
v  1.8513 0.2752 -1.7427
v  1.8992 0.1545 -1.7850
v  1.8435 0.2424 -1.8609
v  1.8538 0.1941 -1.8860
v  1.8137 0.2963 -1.8348
v  1.0605 0.1889 -1.9660
v  1.2306 0.1209 -1.9387
v  0.9122 0.2482 -1.9809
v  1.0883 0.2523 -1.9821
v  0.9372 0.3188 -1.9877
v  1.2657 0.1898 -1.9523
v  -0.6340 1.6783 -1.8250
v  -0.6253 1.7073 -1.7395
v  -0.5111 1.5300 -1.7498
v  -0.5065 1.5176 -1.8316
v  -0.3608 1.3926 -1.7534
v  -0.3553 1.3928 -1.8237
v  -0.6638 1.7210 -1.9339
v  -0.5184 1.5687 -1.9642
v  -0.5389 1.6624 -2.1147
v  -0.6922 1.8159 -2.0572
v  -0.3717 1.5377 -2.1544
v  -0.3695 1.4370 -1.9828
v  -1.0529 1.1779 -2.1878
v  -1.0304 1.0945 -2.1479
v  -1.1731 1.1893 -2.1263
v  -1.1954 1.2734 -2.1718
v  -1.2753 1.3162 -2.0751
v  -1.3060 1.3995 -2.1319
v  -1.1049 1.3404 -2.2645
v  -1.2422 1.4103 -2.2524
v  -1.3506 1.5119 -2.2100
v  -0.7081 1.1107 -2.1309
v  -0.6916 0.9926 -2.0890
v  -0.8829 1.0412 -2.1358
v  -0.9044 1.1425 -2.1732
v  -0.7769 1.2661 -2.2472
v  -0.9689 1.3117 -2.2545
v  -0.4113 0.8981 -2.0440
v  -0.4220 1.0023 -2.1102
v  -0.1300 0.8424 -2.1391
v  -0.1159 0.7733 -2.0555
v  -0.1713 0.9697 -2.3164
v  -0.4784 1.1463 -2.2605
v  0.3381 0.6776 -2.2042
v  0.3291 0.6019 -2.1431
v  0.1373 0.6839 -2.0897
v  0.1347 0.7526 -2.1669
v  0.1272 0.6276 -2.0630
v  0.3125 0.5429 -2.1245
v  0.3218 0.7678 -2.4083
v  0.1092 0.8614 -2.3608
v  1.8545 0.3402 -2.0672
v  1.8122 0.3115 -1.9151
v  1.8467 0.2638 -1.9402
v  1.8928 0.2933 -2.0858
v  1.8625 0.2141 -1.9579
v  1.9093 0.2418 -2.0945
v  1.9485 0.4057 -2.3765
v  1.9959 0.3605 -2.3896
v  2.0052 0.3023 -2.4026
v  0.5974 0.8549 -1.9534
v  0.4496 0.9497 -1.9829
v  0.7732 0.7382 -1.9206
v  0.8066 0.7732 -2.0633
v  0.6206 0.8897 -2.0961
v  0.4713 0.9981 -2.1209
v  0.6748 0.9653 -2.3258
v  0.8878 0.8499 -2.3073
v  0.4934 1.0647 -2.3429
v  -0.5024 1.5322 -1.8852
v  -0.6465 1.6785 -1.8731
v  -0.3579 1.4023 -1.8842
v  -0.8199 2.0621 -1.9276
v  -1.0813 2.1561 -1.8830
v  -1.0448 2.0655 -1.7948
v  -0.7867 1.9682 -1.8276
v  -2.7855 3.8763 -3.1337
v  -2.7563 3.9025 -3.1296
v  -2.7744 3.8809 -3.0861
v  -2.8096 3.8528 -3.1020
v  -2.7377 3.9297 -3.0805
v  -2.7144 3.9508 -3.1284
v  -2.7692 3.9312 -3.0363
v  -2.8086 3.8802 -3.0468
v  -2.8304 3.8584 -3.0654
v  -2.9017 3.9905 -3.1094
v  -2.9231 3.9486 -3.0917
v  -2.9066 3.9988 -3.0473
v  -2.8842 4.0329 -3.0904
v  -2.8994 3.9472 -3.0115
v  -2.9182 3.8984 -3.0684
v  -2.8464 4.0122 -2.9807
v  -2.8553 4.0677 -3.0164
v  -2.8406 4.1083 -3.0656
v  -2.8559 4.0038 -3.1773
v  -2.8867 3.9919 -3.1469
v  -2.8598 4.0542 -3.1350
v  -2.8259 4.0508 -3.1727
v  -2.8116 4.1271 -3.1168
v  -2.7779 4.1236 -3.1648
v  -2.7483 3.9281 -3.1746
v  -2.6991 3.9855 -3.1761
v  -2.7982 3.8840 -3.1628
v  -2.8185 3.9162 -3.1884
v  -2.7617 3.9688 -3.2047
v  -2.7051 4.0334 -3.2135
v  -2.6646 4.0147 -3.1323
v  -2.6848 3.9912 -3.0829
v  -2.6245 4.0467 -3.0929
v  -2.5999 4.0599 -3.1446
v  -2.6487 4.0564 -3.0406
v  -2.7168 4.0011 -3.0374
v  -2.7436 4.0311 -2.9916
v  -2.7726 4.0854 -2.9563
v  -2.8056 3.9563 -2.9893
v  -2.6683 4.0897 -2.9922
v  -2.6812 4.1432 -2.9539
v  -2.7868 4.1542 -2.9803
v  -2.7754 4.2046 -3.0377
v  -2.6858 4.2192 -2.9572
v  -2.6746 4.2788 -3.0134
v  -2.7435 4.2180 -3.1003
v  -2.7078 4.2049 -3.1546
v  -2.6473 4.2887 -3.0847
v  -2.6189 4.2688 -3.1460
v  -2.6726 4.1644 -3.1986
v  -2.7394 4.0883 -3.2033
v  -2.5944 4.2229 -3.1919
v  -2.5801 4.1626 -3.2166
v  -2.6450 4.1055 -3.2096
v  -2.6466 4.0544 -3.1745
v  -2.5809 4.0957 -3.2008
v  -2.5395 4.0649 -3.1715
v  -2.5579 4.0532 -3.1088
v  -2.4990 4.0466 -3.1296
v  -2.4823 4.0718 -3.1879
v  -2.5084 4.0514 -3.0610
v  -2.5758 4.0681 -3.0495
v  -2.5860 4.1048 -2.9976
v  -2.5095 4.0957 -3.0061
v  -2.5036 4.1589 -2.9843
v  -2.5870 4.1613 -2.9648
v  -2.5765 4.2318 -2.9670
v  -2.5600 4.2877 -3.0154
v  -2.4876 4.2209 -2.9953
v  -2.4675 4.2716 -3.0340
v  -2.5399 4.3012 -3.0832
v  -2.5220 4.2846 -3.1450
v  -2.4495 4.2972 -3.0937
v  -2.4380 4.2854 -3.1572
v  -2.5121 4.2432 -3.1943
v  -2.5115 4.1840 -3.2187
v  -2.4374 4.2437 -3.2061
v  -2.4463 4.1845 -3.2314
v  -2.5246 4.1156 -3.2204
v  -2.4655 4.1200 -3.2306
v  -2.4107 4.0620 -2.6300
v  -2.3697 4.0768 -2.5763
v  -2.4523 4.0878 -2.5275
v  -2.4905 4.0758 -2.5849
v  -2.4204 4.1387 -2.4931
v  -2.3359 4.1242 -2.5407
v  -2.4760 4.1513 -2.4718
v  -2.5241 4.1115 -2.4846
v  -2.5656 4.0933 -2.5463
v  -2.3832 4.0215 -2.7492
v  -2.3989 4.0933 -2.7908
v  -2.3451 4.0627 -2.8528
v  -2.3261 4.0507 -2.6890
v  -2.3170 4.0069 -2.8000
v  -2.2523 4.0322 -2.7490
v  -2.4619 4.0383 -2.6933
v  -2.4774 4.1087 -2.7337
v  -2.3097 4.2099 -2.8511
v  -2.3454 4.1386 -2.8737
v  -2.4089 4.1584 -2.8190
v  -2.3810 4.2274 -2.7990
v  -2.4846 4.1735 -2.7585
v  -2.4683 4.2440 -2.7522
v  -2.3458 4.2730 -2.7631
v  -2.2738 4.2640 -2.8243
v  -2.4331 4.2977 -2.7178
v  -2.3887 4.3143 -2.6631
v  -2.3061 4.2932 -2.7162
v  -2.2289 4.2936 -2.7828
v  -2.2669 4.2835 -2.6638
v  -2.1782 4.2877 -2.7267
v  -2.3467 4.3119 -2.6027
v  -2.3214 4.2622 -2.5549
v  -2.2373 4.2452 -2.6175
v  -2.1434 4.2383 -2.6790
v  -2.2249 4.1801 -2.5876
v  -2.2480 4.1103 -2.6027
v  -2.1721 4.1025 -2.6824
v  -2.1332 4.1656 -2.6526
v  -2.3180 4.1932 -2.5326
v  -2.2856 4.0715 -2.6421
v  -2.2123 4.0687 -2.7190
v  -2.4516 4.0437 -3.0771
v  -2.4501 4.0854 -3.0152
v  -2.4033 4.0795 -3.0175
v  -2.4034 4.0405 -3.0861
v  -2.4427 4.1530 -2.9962
v  -2.3923 4.1506 -2.9996
v  -2.3721 4.2181 -3.0101
v  -2.4254 4.2159 -3.0089
v  -2.4032 4.2717 -3.0433
v  -2.3482 4.2748 -3.0505
v  -2.3845 4.3047 -3.1059
v  -2.3750 4.2877 -3.1750
v  -2.3288 4.3074 -3.1181
v  -2.3189 4.2848 -3.1912
v  -2.3766 4.2393 -3.2219
v  -2.3884 4.1785 -3.2482
v  -2.3202 4.2301 -3.2405
v  -2.3329 4.1639 -3.2690
v  -2.4083 4.1132 -3.2458
v  -2.3554 4.0920 -3.2650
v  -2.3749 4.0406 -3.2197
v  -2.4257 4.0659 -3.2051
v  -2.4421 4.0455 -3.1479
v  -2.3901 4.0310 -3.1571
v  -2.3549 4.0862 -3.0140
v  -2.3384 4.1600 -2.9991
v  -2.3528 4.0361 -3.0798
v  -2.3206 4.0202 -3.0473
v  -2.3158 4.0958 -3.0039
v  -2.2881 4.1712 -3.0000
v  -2.3192 4.1171 -2.9157
v  -2.3149 4.0318 -2.8855
v  -2.2653 4.1937 -2.8989
v  -2.2445 4.1796 -2.9385
v  -2.3109 4.1022 -2.9375
v  -2.2995 3.9893 -2.9188
v  -2.2215 4.2638 -3.0558
v  -2.2555 4.2284 -3.0138
v  -2.2144 4.2316 -2.9841
v  -2.1708 4.2645 -3.0208
v  -2.2426 4.1687 -2.9813
v  -2.2016 4.2390 -2.9393
v  -2.1284 4.2668 -2.9503
v  -2.3127 4.2247 -3.0155
v  -2.2849 4.2749 -3.0578
v  -2.2243 4.2520 -2.8860
v  -2.1708 4.2823 -2.8561
v  -2.2657 4.3087 -3.1264
v  -2.2577 4.2828 -3.2041
v  -2.1999 4.2946 -3.1227
v  -2.1899 4.2783 -3.2086
v  -2.2593 4.2162 -3.2608
v  -2.2746 4.1395 -3.2977
v  -2.1943 4.2042 -3.2812
v  -2.2157 4.1183 -3.3369
v  -2.3185 4.0056 -2.9911
v  -2.2956 4.0963 -2.9727
v  -1.9917 4.2122 -2.8534
v  -2.0524 4.2482 -2.9031
v  -2.1100 4.2717 -2.8065
v  -2.0619 4.2270 -2.7557
v  -1.8815 4.1415 -2.9336
v  -1.8798 4.0670 -2.9176
v  -1.7422 4.0740 -3.0010
v  -1.9217 4.1962 -2.9771
v  -1.7792 4.1370 -3.0512
v  -1.8477 4.1868 -3.1013
v  -1.9623 4.1469 -2.8067
v  -2.0139 4.0547 -2.8256
v  -2.0423 4.1512 -2.7183
v  -2.1079 4.0877 -2.7613
v  -2.1525 4.0383 -2.7810
v  -2.0987 3.9953 -2.8232
v  -2.2034 3.9997 -2.8008
v  -2.1638 3.9361 -2.8327
v  -2.2713 3.9885 -2.8366
v  -2.2501 3.9403 -2.8575
v  -2.2271 3.8807 -2.8757
v  -2.1607 3.8651 -2.8404
v  -2.2798 3.9002 -2.9424
v  -2.2594 3.8182 -2.9594
v  -2.2021 3.8085 -2.8883
v  -2.1430 3.7994 -2.8419
v  -2.1709 3.7302 -2.8945
v  -2.1183 3.7274 -2.8446
v  -2.2269 3.7307 -2.9628
v  -2.1834 3.6466 -2.9579
v  -2.1332 3.6546 -2.8949
v  -2.0836 3.6582 -2.8486
v  -2.0115 3.7075 -2.7667
v  -2.0122 3.7103 -2.8098
v  -1.9812 3.6505 -2.8059
v  -1.9998 3.6600 -2.7481
v  -2.0265 3.7077 -2.6798
v  -2.0441 3.7609 -2.8021
v  -2.0408 3.7444 -2.7498
v  -2.0808 3.7822 -2.8329
v  -2.0543 3.7201 -2.8356
v  -2.0198 3.6547 -2.8394
v  -1.9289 3.4960 -2.6525
v  -1.8769 3.3742 -2.6290
v  -1.8425 3.4076 -2.5806
v  -1.8979 3.5210 -2.5949
v  -1.8200 3.2315 -2.5955
v  -1.7624 3.2765 -2.5639
v  -1.7094 3.3506 -2.5692
v  -1.7906 3.4612 -2.5637
v  -1.8439 3.5563 -2.5669
v  -1.9946 3.7070 -2.5725
v  -1.9505 3.6188 -2.5914
v  -1.8882 3.6424 -2.5496
v  -1.9175 3.7236 -2.5171
v  -1.9815 3.6013 -2.6634
v  -1.8235 3.6801 -2.5486
v  -1.8478 3.7486 -2.5067
v  -1.7848 3.6071 -2.5731
v  -1.7354 3.6753 -2.6158
v  -1.7684 3.7341 -2.5811
v  -1.7903 3.7896 -2.5329
v  -1.9196 3.9469 -2.8507
v  -1.8285 3.9624 -2.8817
v  -1.8580 4.0042 -2.9040
v  -1.9677 3.9858 -2.8684
v  -1.7342 4.0054 -2.9699
v  -1.7314 3.9484 -2.9392
v  -2.0437 3.9508 -2.8456
v  -2.0912 3.8985 -2.8421
v  -2.0378 3.8763 -2.8198
v  -1.9893 3.9139 -2.8449
v  -1.9576 3.9129 -2.7959
v  -1.9467 3.9215 -2.8205
v  -1.8732 3.9449 -2.7882
v  -1.8849 3.9450 -2.8210
v  -2.0981 3.8420 -2.8365
v  -2.0643 3.8193 -2.8030
v  -2.0821 3.8087 -2.7445
v  -2.0613 3.8021 -2.6589
v  -2.0727 3.9055 -2.6488
v  -2.0495 3.8805 -2.7505
v  -1.9701 3.9655 -2.6825
v  -1.9676 3.9270 -2.7490
v  -1.8696 3.9560 -2.7458
v  -1.8662 3.9946 -2.6863
v  -2.0117 3.7966 -2.5428
v  -2.0076 3.8825 -2.5030
v  -1.9269 3.8021 -2.4606
v  -1.9313 3.8779 -2.3991
v  -1.9990 4.0526 -2.4764
v  -2.0343 3.9941 -2.5438
v  -1.9996 3.9612 -2.4489
v  -1.9850 4.0377 -2.3973
v  -1.9410 3.9535 -2.3556
v  -1.9494 4.0097 -2.3420
v  -1.7954 3.9024 -2.4026
v  -1.7944 3.8427 -2.4689
v  -1.7445 3.8982 -2.5038
v  -1.7494 3.9594 -2.4349
v  -1.7535 3.8496 -2.5817
v  -1.7349 3.9700 -2.5462
v  -1.7419 3.9154 -2.6328
v  -1.7399 4.0027 -2.4831
v  -1.8556 3.8187 -2.4504
v  -1.8550 3.8785 -2.3754
v  -1.7731 4.0316 -2.5781
v  -1.7739 4.0578 -2.4767
v  -1.7752 3.9827 -2.6737
v  -1.8553 4.0535 -2.5912
v  -1.8407 4.0943 -2.4816
v  -1.8294 4.0400 -2.3300
v  -1.8951 4.0458 -2.2916
v  -1.8653 3.9514 -2.3061
v  -1.8047 3.9793 -2.3486
v  -1.9554 4.0290 -2.5871
v  -1.9356 4.0886 -2.4815
v  -1.9249 4.1093 -2.3713
v  -1.8301 4.0844 -2.3838
v  -1.7768 4.0285 -2.3996
v  -0.9957 1.3952 -1.1846
v  -1.0154 1.2746 -1.0843
v  -0.8359 1.3262 -1.0751
v  -0.8103 1.4426 -1.1742
v  -0.7937 1.5173 -1.2250
v  -0.7870 1.5755 -1.2647
v  -0.9771 1.5318 -1.2828
v  -0.9830 1.4719 -1.2396
v  -1.1097 1.4370 -1.2609
v  -1.1338 1.3536 -1.1999
v  -1.0939 1.5028 -1.3096
v  -1.1948 1.5005 -1.3236
v  -1.2145 1.4219 -1.2699
v  -1.2440 1.3310 -1.2035
v  -0.7895 1.6461 -1.3222
v  -0.9784 1.6043 -1.3435
v  -0.7965 1.7159 -1.3983
v  -0.9832 1.6809 -1.4138
v  -1.0890 1.5776 -1.3718
v  -1.1907 1.5857 -1.3772
v  -1.0904 1.6526 -1.4410
v  -1.1886 1.6497 -1.4505
v  -0.8026 1.7755 -1.4807
v  -0.9877 1.7553 -1.4839
v  -0.7990 1.8362 -1.5740
v  -0.9901 1.8293 -1.5525
v  -1.0936 1.7208 -1.5086
v  -1.1004 1.7828 -1.5729
v  -1.1895 1.7036 -1.5206
v  -1.1968 1.7561 -1.5823
v  -0.9931 1.9473 -1.6719
v  -0.7634 1.8940 -1.7324
v  -0.7665 1.9196 -1.7785
v  -1.0134 2.0014 -1.7293
v  -0.7792 1.8774 -1.6652
v  -0.9888 1.8937 -1.6155
v  -1.1121 1.8388 -1.6328
v  -1.1399 1.8945 -1.6959
v  -1.2108 1.8070 -1.6392
v  -1.2466 1.8610 -1.7008
v  -1.1642 1.2289 -1.0977
v  -1.1908 1.0829 -0.9646
v  -1.2792 1.2148 -1.1055
v  -1.3393 1.0747 -0.9809
v  -1.3227 0.9135 -0.8200
v  -1.2049 0.9343 -0.8104
v  -1.2177 0.8049 -0.6627
v  -1.3241 0.7893 -0.6824
v  -1.3453 0.7927 -0.9223
v  -1.3869 0.8531 -0.8602
v  -1.4135 0.9866 -1.0089
v  -1.3791 0.9318 -1.0869
v  -1.3694 0.7302 -0.7231
v  -1.3299 0.6697 -0.7678
v  -1.3336 1.3191 -1.2049
v  -1.3430 1.2318 -1.1263
v  -1.4140 1.2848 -1.2024
v  -1.3967 1.1792 -1.0963
v  -1.4357 1.1069 -1.1395
v  -1.4122 1.0580 -1.2260
v  -1.4758 1.2212 -1.2500
v  -1.4664 1.1638 -1.3391
v  -1.4293 1.3914 -1.3002
v  -1.3316 1.4245 -1.2666
v  -1.3263 1.5134 -1.3368
v  -1.4382 1.4815 -1.3900
v  -1.3026 0.8935 -1.2547
v  -1.3348 0.9149 -1.1695
v  -1.3751 1.0490 -1.3236
v  -1.3300 1.0407 -1.4184
v  -1.4387 1.1458 -1.4375
v  -1.4032 1.1622 -1.5716
v  -1.3070 1.1075 -1.6388
v  -1.2805 0.9993 -1.4924
v  -1.2581 0.8589 -1.3189
v  -1.5042 1.4159 -1.4487
v  -1.5091 1.3335 -1.5119
v  -1.4992 1.2598 -1.4283
v  -1.4993 1.3291 -1.3545
v  -1.4763 1.2206 -1.4881
v  -1.4788 1.2580 -1.5636
v  -1.3247 1.1770 -1.7462
v  -1.4145 1.2362 -1.6936
v  -1.4184 1.3005 -1.7770
v  -1.3226 1.2389 -1.8240
v  -1.3267 1.5877 -1.4026
v  -1.4471 1.5495 -1.4593
v  -1.3318 1.6532 -1.4632
v  -1.4561 1.6061 -1.5172
v  -1.4906 1.3665 -1.7134
v  -1.4830 1.3081 -1.6391
v  -1.5154 1.3903 -1.5809
v  -1.5221 1.4425 -1.6418
v  -1.5034 1.4754 -1.5218
v  -1.5093 1.5263 -1.5795
v  -1.3383 1.7110 -1.5224
v  -1.4640 1.6611 -1.5753
v  -1.3439 1.7613 -1.5821
v  -1.4679 1.7157 -1.6331
v  -1.5173 1.5826 -1.6362
v  -1.5208 1.6418 -1.6927
v  -1.5275 1.5663 -1.7549
v  -1.5277 1.5025 -1.7009
v  -1.4946 1.4322 -1.7814
v  -1.4121 1.3719 -1.8480
v  -1.4952 1.5010 -1.8294
v  -1.4187 1.4643 -1.9120
v  -1.3225 1.2988 -1.8981
v  -1.3316 1.3605 -1.9659
v  -1.5119 1.6798 -1.8526
v  -1.5220 1.6280 -1.8006
v  -1.5165 1.7012 -1.7474
v  -1.5056 1.7618 -1.8032
v  -1.4638 1.7693 -1.6899
v  -1.4590 1.8238 -1.7493
v  -1.3469 1.8049 -1.6447
v  -1.3592 1.8482 -1.7063
v  -1.5002 1.5649 -1.8475
v  -1.4807 1.5853 -1.8939
v  -1.1953 1.9551 -1.7696
v  -1.3209 1.9246 -1.7745
v  -1.2557 2.0355 -1.8450
v  -1.4367 1.9832 -1.8681
v  -1.3519 1.4306 -2.0223
v  -1.3814 1.5139 -2.0799
v  -1.4197 1.5352 -1.9757
v  -1.4378 1.6194 -2.0298
v  -1.3903 1.8927 -1.7689
v  -1.4597 1.8855 -1.8164
v  -1.4729 1.6430 -1.9389
v  -1.4804 1.7252 -1.9938
v  -1.5047 1.7443 -1.9040
v  -1.5096 1.8240 -1.9634
v  -1.4996 1.8305 -1.8625
v  -1.5036 1.9133 -1.9275
v  -1.2954 2.1377 -1.9238
v  -1.4499 2.0907 -1.9589
v  -1.3249 2.2530 -2.0094
v  -1.4664 2.2034 -2.0426
v  -1.4186 1.6151 -2.1523
v  -1.4689 1.7433 -2.2451
v  -1.4630 1.7175 -2.0983
v  -1.4977 1.8402 -2.1854
v  -1.4988 1.8214 -2.0634
v  -1.5235 1.9392 -2.1489
v  -1.5238 1.9207 -2.0351
v  -1.5406 2.0358 -2.1201
v  -1.5140 2.0122 -2.0019
v  -1.5275 2.1257 -2.0854
v  -1.4851 2.3265 -2.1308
v  -1.3562 2.3760 -2.1012
v  -1.3964 2.5292 -2.2134
v  -1.5140 2.4749 -2.2397
v  -1.5224 1.9142 -2.3603
v  -1.5691 2.1078 -2.4888
v  -1.5316 2.0018 -2.2941
v  -1.5716 2.1809 -2.4205
v  -1.5424 2.0869 -2.2531
v  -1.5694 2.2528 -2.3760
v  -1.5573 2.1700 -2.2185
v  -1.5752 2.3248 -2.3364
v  -1.5428 2.2520 -2.1774
v  -1.5650 2.4006 -2.2892
v  -1.6166 2.2984 -2.6252
v  -1.6775 2.4834 -2.7696
v  -1.6205 2.3579 -2.5599
v  -1.6832 2.5286 -2.7064
v  -2.3386 4.0034 -3.1480
v  -2.3000 3.9670 -3.1107
v  -2.3302 3.9936 -3.2206
v  -2.2646 3.9082 -3.2079
v  -2.1745 3.6784 -3.1435
v  -2.2101 3.6586 -3.0476
v  -2.2570 3.7522 -3.0636
v  -2.2108 3.7757 -3.1663
v  -2.2828 3.8496 -3.0645
v  -2.3099 4.0500 -3.2933
v  -2.2611 4.0132 -3.3264
v  -2.3069 3.9270 -3.0319
v  -2.1734 3.7905 -3.3610
v  -2.2549 3.7219 -3.4260
v  -2.2345 3.6856 -3.3750
v  -2.1705 3.7786 -3.2948
v  -2.1950 3.8998 -3.3198
v  -2.1687 3.8931 -3.4054
v  -2.1854 3.8008 -3.4437
v  -2.2738 3.7548 -3.4887
v  -2.1893 3.8161 -3.5144
v  -2.2636 3.7625 -3.5527
v  -2.1604 3.8944 -3.4788
v  -2.1549 3.8984 -3.5344
v  -2.1777 3.8426 -3.5801
v  -2.2415 3.7732 -3.6398
v  -2.3688 3.2951 -3.5908
v  -2.3970 3.3564 -3.6103
v  -2.2729 3.3695 -3.7103
v  -2.2463 3.3171 -3.6919
v  -2.2953 3.4304 -3.7158
v  -2.4187 3.4258 -3.6210
v  -2.1479 3.4667 -3.7875
v  -2.1269 3.4126 -3.7828
v  -2.1071 3.3643 -3.7704
v  -2.1399 2.9959 -3.4107
v  -2.0607 3.0672 -3.5303
v  -2.0292 3.0124 -3.4899
v  -2.0877 2.9515 -3.3650
v  -1.9504 3.0862 -3.5806
v  -1.9648 3.1447 -3.6222
v  -1.9318 3.0237 -3.5240
v  -1.9946 2.9574 -3.4383
v  -2.0357 2.9089 -3.3161
v  -1.9480 2.9011 -3.3702
v  -1.9752 2.8638 -3.2541
v  -1.9008 2.9565 -3.4557
v  -1.8714 2.9139 -3.4033
v  -1.8885 2.8595 -3.3277
v  -1.8849 2.7961 -3.1784
v  -2.1878 2.9803 -3.1999
v  -2.1760 2.9796 -3.2966
v  -2.1128 2.9289 -3.2474
v  -2.1122 2.9360 -3.1472
v  -2.0495 2.8881 -3.1967
v  -2.0399 2.9035 -3.0977
v  -2.0945 2.9638 -3.0749
v  -2.0483 2.9962 -3.0448
v  -2.1224 3.0398 -3.0585
v  -2.1698 3.0016 -3.1138
v  -2.0152 2.9486 -3.0521
v  -1.9996 2.9747 -3.0405
v  -1.9802 2.8484 -3.1387
v  -1.9642 2.8705 -3.0469
v  -1.8862 2.7865 -3.0541
v  -1.8715 2.8110 -2.9760
v  -1.7679 2.6598 -2.9228
v  -1.7743 2.6866 -2.8526
v  -1.7498 2.6505 -2.9960
v  -2.1395 3.2534 -3.1677
v  -2.2290 3.2173 -3.1316
v  -2.1393 3.1546 -3.0898
v  -2.0534 3.1988 -3.1298
v  -2.2129 3.1026 -3.0973
v  -2.2903 3.1730 -3.1569
v  -2.0426 3.0882 -3.0657
v  -1.9509 3.1361 -3.1080
v  -1.6153 2.4269 -2.5151
v  -1.6717 2.5986 -2.6658
v  -1.6028 2.5023 -2.4788
v  -1.6543 2.6791 -2.6323
v  -1.5512 2.6591 -2.3952
v  -1.4634 2.7551 -2.3245
v  -1.5463 2.9567 -2.4472
v  -1.6309 2.8754 -2.5550
v  -1.2726 2.7938 -2.3263
v  -1.3870 3.0420 -2.5078
v  -1.5873 2.5801 -2.4390
v  -1.6390 2.7584 -2.5914
v  -1.6513 3.1237 -2.5324
v  -1.5805 3.2226 -2.5488
v  -1.7270 3.0759 -2.5813
v  -1.7648 2.7534 -2.8132
v  -1.8314 2.8750 -2.9664
v  -1.7375 2.8308 -2.7848
v  -1.7088 2.9818 -3.0531
v  -1.9238 2.9330 -3.0350
v  -1.9283 2.9732 -3.0411
v  -1.9732 3.0198 -3.0465
v  -1.8396 3.0507 -3.0999
v  -1.7748 3.1447 -2.9363
v  -1.8288 3.2581 -2.9018
v  -1.8295 3.2574 -2.9913
v  -1.8479 3.2625 -3.0719
v  -1.8744 3.2007 -3.1056
v  -1.7202 3.1553 -3.0711
v  -1.7930 3.1467 -2.8407
v  -1.8262 3.2658 -2.8239
v  -1.7684 3.0149 -2.8271
v  -1.7594 3.0402 -2.7537
v  -1.7953 3.1372 -2.7492
v  -1.8427 3.2611 -2.7462
v  -1.7178 2.9707 -2.6787
v  -1.7803 3.0939 -2.6569
v  -1.8511 3.2348 -2.6664
v  -1.7183 2.8927 -2.7271
v  -2.6114 4.0865 -2.6100
v  -2.5392 4.0554 -2.6469
v  -2.5955 4.1309 -2.6539
v  -2.5498 4.1235 -2.6857
v  -2.4912 4.2747 -2.4841
v  -2.4851 4.2068 -2.4617
v  -2.4050 4.2062 -2.4893
v  -2.4067 4.2731 -2.5121
v  -2.5225 4.3315 -2.5935
v  -2.4679 4.3291 -2.6209
v  -2.5189 4.3127 -2.6758
v  -2.5808 4.3116 -2.6200
v  -2.5542 4.2504 -2.7061
v  -2.6256 4.2504 -2.6499
v  -2.5574 4.1827 -2.7033
v  -2.6135 4.1816 -2.6503
v  -2.4292 4.3207 -2.5618
v  -2.5106 4.3160 -2.5408
v  -2.6287 4.2136 -2.5145
v  -2.5799 4.2495 -2.4877
v  -2.5945 4.2926 -2.5468
v  -2.6602 4.2380 -2.5672
v  -2.6538 4.1568 -2.5857
v  -2.6300 4.1486 -2.5096
v  -2.5623 4.1798 -2.4700
v  -2.8528 3.8484 -3.1275
v  -2.8905 3.8801 -3.1483
v  -2.8791 3.8519 -3.0566
v  -2.8543 3.8994 -3.0126
v  -2.8984 3.9354 -3.1510
v  -2.8453 3.9628 -3.1963
v  -2.7937 4.0182 -3.2066
v  -1.9641 3.2584 -3.1423
v  -1.9041 3.3149 -3.0809
v  -1.9670 3.3907 -3.1021
v  -2.0281 3.3251 -3.1940
v  -2.1663 3.5733 -3.0338
v  -2.1350 3.5711 -2.9498
v  -2.1341 3.5957 -3.1298
v  -2.0835 3.5243 -3.1222
v  -2.1024 3.5068 -3.0237
v  -2.0810 3.5032 -2.9408
v  -1.9565 3.3872 -2.9239
v  -1.9679 3.3849 -3.0025
v  -1.9064 3.3208 -2.9853
v  -1.8848 3.3361 -2.9087
v  -2.0365 3.4443 -3.0136
v  -2.0215 3.4424 -2.9331
v  -2.0298 3.4549 -3.1110
v  -1.9679 3.5772 -2.7372
v  -1.9256 3.4739 -2.7234
v  -1.9515 3.5662 -2.7980
v  -1.9075 3.4637 -2.8057
v  -1.8769 3.3624 -2.7688
v  -1.9272 3.4158 -2.8620
v  -1.8665 3.3559 -2.8411
v  -2.0144 3.5475 -2.8512
v  -2.0392 3.5284 -2.8805
v  -1.9838 3.4728 -2.8737
v  -1.9644 3.5181 -2.8386
v  -1.8950 3.3600 -2.6950
v  -1.9779 3.5858 -2.8392
v  -2.0421 3.5964 -2.8461
v  -2.0887 3.5887 -2.8894
v  -2.0305 3.3819 -3.8603
v  -2.0095 3.3424 -3.8433
v  -2.0877 3.3253 -3.7560
v  -1.9348 3.3666 -3.9216
v  -1.9534 3.4123 -3.9373
v  -1.9124 3.3264 -3.9070
v  -1.9873 3.3101 -3.8262
v  -2.0666 3.2937 -3.7375
v  -2.1652 3.7238 -3.2667
v  -2.1519 3.6320 -3.2427
v  -2.2178 3.6288 -3.3461
v  -2.2066 3.5496 -3.3164
v  -2.1288 3.5466 -3.2317
v  -2.0946 3.4640 -3.2288
v  -2.1909 3.4631 -3.3008
v  -2.1858 3.3807 -3.2643
v  -2.0632 3.3872 -3.2163
v  -2.1772 3.3123 -3.2132
v  -2.3193 3.4186 -3.2584
v  -2.2999 3.3482 -3.2194
v  -2.3433 3.4948 -3.2922
v  -2.4471 3.4307 -3.3222
v  -2.4069 3.3614 -3.2854
v  -2.3748 3.2993 -3.2447
v  -2.3396 3.2373 -3.2048
v  -2.2773 3.2823 -3.1758
v  -2.3106 3.2059 -3.5481
v  -2.1928 3.2409 -3.6488
v  -2.1661 3.2074 -3.6270
v  -2.2794 3.1672 -3.5253
v  -2.0441 3.2652 -3.7161
v  -2.1354 3.1694 -3.6012
v  -2.0036 3.2370 -3.7026
v  -2.2410 3.1233 -3.4952
v  -2.3439 3.1166 -3.3162
v  -2.3333 3.1378 -3.2265
v  -2.3827 3.1994 -3.2698
v  -2.3909 3.1720 -3.3550
v  -2.4178 3.2548 -3.3056
v  -2.4226 3.2210 -3.3847
v  -2.2197 3.2757 -3.6711
v  -2.3404 3.2468 -3.5702
v  -2.4830 3.3751 -3.3819
v  -2.4471 3.3108 -3.3430
v  -2.4791 3.3327 -3.4441
v  -2.4493 3.2719 -3.4133
v  -2.3103 3.1101 -3.4029
v  -2.2472 3.0436 -3.3526
v  -2.2714 3.0457 -3.2603
v  -2.1921 3.0605 -3.4551
v  -2.3841 3.2046 -3.4616
v  -2.3545 3.1588 -3.4376
v  -2.2582 3.0638 -3.1680
v  -2.4137 3.2494 -3.4858
v  -2.4453 3.3021 -3.5113
v  -0.9961 2.7072 -2.8267
v  -1.1249 2.9280 -2.6155
v  -1.0411 2.6937 -2.4690
v  -0.8919 2.4802 -2.6847
v  -0.6584 2.3448 -2.8162
v  -0.4053 2.2149 -2.9342
v  -0.4618 2.4231 -3.1102
v  -0.7450 2.5643 -2.9699
v  -0.8278 2.7488 -3.1031
v  -1.0898 2.9025 -2.9453
v  -0.5042 2.6117 -3.2500
v  -0.5315 2.7562 -3.3501
v  -0.8904 2.8854 -3.2052
v  -1.1612 3.0392 -3.0406
v  0.9562 1.5708 -3.4759
v  0.6659 1.6661 -3.4194
v  1.2790 1.4461 -3.5640
v  0.9941 1.8179 -3.7178
v  1.3325 1.7179 -3.8089
v  0.6997 1.8945 -3.6526
v  2.5921 0.9313 -4.0137
v  2.5751 0.9937 -3.9992
v  2.5741 0.8695 -4.0309
v  2.7489 1.1082 -4.3540
v  2.7698 1.1757 -4.3142
v  2.7212 1.2377 -4.2943
v  1.1300 1.4566 -4.0128
v  1.4424 1.3775 -4.0927
v  1.3885 1.1210 -3.8236
v  1.1033 1.2017 -3.7601
v  1.6956 0.9902 -3.9314
v  1.7799 1.2537 -4.2154
v  0.1984 1.7515 -3.7136
v  0.2450 1.4985 -3.5090
v  -0.0396 1.6250 -3.4081
v  -0.0949 1.8711 -3.6166
v  -0.3935 1.8059 -3.2520
v  -0.4580 2.0395 -3.4549
v  -1.2211 2.3878 -3.0206
v  -1.1484 2.1700 -2.8804
v  -1.3327 2.2257 -2.8048
v  -1.4203 2.4366 -2.9518
v  -0.7933 2.0156 -3.0468
v  -0.8629 2.2374 -3.2190
v  -0.5342 2.3943 -3.7544
v  -0.5040 2.2397 -3.6290
v  -0.9121 2.4327 -3.3802
v  -0.9478 2.5839 -3.5023
v  -1.2848 2.5743 -3.1798
v  -1.3308 2.7169 -3.3053
v  -1.6976 2.6382 -3.0626
v  -1.6098 2.6295 -3.1091
v  -1.7873 2.7714 -3.2328
v  -1.6777 2.7987 -3.2817
v  -1.4950 2.6290 -3.1137
v  -1.5385 2.7824 -3.2318
v  -0.6745 2.9398 -4.1774
v  -0.6475 2.9025 -4.1281
v  -1.0751 3.0388 -3.8806
v  -1.0967 3.0753 -3.9267
v  -0.6264 2.8608 -4.0795
v  -1.0732 2.9731 -3.8596
v  -1.4831 3.0413 -3.7197
v  -1.4712 3.1144 -3.7142
v  -1.4770 3.1553 -3.7445
v  -0.0308 2.7328 -4.5889
v  0.0037 2.6729 -4.5267
v  -0.2842 2.7686 -4.3548
v  -0.3109 2.8210 -4.4059
v  -0.2756 2.7299 -4.3231
v  0.0126 2.6335 -4.4888
v  1.3386 2.1450 -5.0041
v  1.3224 2.1908 -5.0623
v  1.7538 2.0269 -5.2569
v  1.7672 1.9963 -5.1979
v  0.9836 2.2709 -4.8881
v  0.9558 2.3051 -4.9496
v  1.2581 2.2492 -5.1918
v  0.8860 2.3548 -5.0674
v  1.6978 2.1055 -5.3823
v  1.4381 2.2768 -4.3064
v  1.4665 2.3688 -4.3390
v  1.1326 2.4677 -4.2173
v  1.0940 2.3696 -4.1802
v  1.1438 2.5453 -4.2885
v  1.4657 2.4419 -4.4028
v  0.9180 2.6764 -4.1636
v  0.9036 2.5831 -4.0517
v  0.8381 2.4561 -4.0274
v  -0.9150 2.9664 -3.2678
v  -1.1841 3.1090 -3.1077
v  -0.5405 2.8351 -3.4053
v  -0.5432 2.8987 -3.4551
v  -0.9018 3.0431 -3.2925
v  -1.1809 3.1859 -3.1201
v  -0.9144 3.3426 -3.4677
v  -0.6013 3.1901 -3.6998
v  -0.6293 3.2291 -3.7532
v  -0.9654 3.3901 -3.5872
v  -0.9470 3.3522 -3.5192
v  -0.6651 3.2633 -3.8340
v  -1.2084 3.4615 -3.3985
v  -1.1808 3.4715 -3.3230
v  -1.1600 3.4651 -3.2668
v  -0.8434 3.1666 -3.2731
v  -1.1541 3.2767 -3.1315
v  -0.4860 3.0389 -3.4448
v  -0.4959 3.1512 -3.5341
v  -1.1285 3.3686 -3.1568
v  -0.8329 3.2789 -3.3240
v  -0.8758 3.3213 -3.4061
v  -1.1408 3.4281 -3.2102
v  -0.5648 3.1542 -3.6373
v  -1.2187 3.1165 -2.7506
v  -1.4053 3.2486 -2.6460
v  -1.2623 3.2486 -2.8512
v  -1.4189 3.4094 -2.7565
v  -1.2909 3.3314 -2.9057
v  -1.2758 3.2547 -2.9389
v  -1.4144 3.5686 -2.8810
v  -1.4232 3.5094 -2.8147
v  -1.3220 3.4012 -2.9541
v  -1.3361 3.4564 -3.0204
v  -1.3240 3.5155 -3.0645
v  -1.3165 3.5711 -3.1282
v  -1.4184 3.6551 -3.0331
v  -1.4256 3.6087 -2.9518
v  -1.7364 3.5303 -2.5854
v  -1.6689 3.4447 -2.6019
v  -1.6355 3.5432 -2.6574
v  -1.6949 3.6091 -2.6389
v  -1.5629 3.3508 -2.6169
v  -1.5606 3.4782 -2.6969
v  -1.8044 3.9346 -2.8444
v  -1.7206 3.9045 -2.8830
v  -1.7873 3.9270 -2.7930
v  -1.6922 3.8681 -2.7943
v  -1.5376 3.5694 -2.7627
v  -1.5151 3.6324 -2.8237
v  -1.6119 3.6257 -2.7331
v  -1.5850 3.6955 -2.7946
v  -1.6341 3.7700 -2.7793
v  -1.6186 3.7855 -2.8243
v  -1.6347 3.8239 -2.8607
v  -1.5772 3.7321 -2.8465
v  -1.5816 3.7654 -2.9056
v  -1.6568 3.7014 -2.7064
v  -1.6948 3.7662 -2.6857
v  -1.7388 3.8080 -2.6470
v  -1.7227 3.8904 -2.7070
v  -1.7812 3.9436 -2.7387
v  -1.5094 3.6788 -2.8832
v  -1.5130 3.7087 -2.9616
v  3.2034 1.9672 -5.0836
v  3.1502 1.8533 -4.9848
v  3.2425 1.8025 -5.0841
v  3.2844 1.8894 -5.1563
v  3.2003 1.7169 -5.0481
v  3.0711 1.7311 -4.9137
v  3.2675 1.7020 -5.1254
v  3.3289 1.7454 -5.1651
v  3.3608 1.8078 -5.2188
v  3.1770 1.6512 -5.0697
v  3.2708 1.6518 -5.1552
v  3.1007 1.6426 -4.9579
v  3.0921 1.5769 -5.0174
v  3.1647 1.5920 -5.1078
v  3.2522 1.5896 -5.1809
v  3.3540 1.6797 -5.2069
v  3.3326 1.6133 -5.2402
v  3.3840 1.6569 -5.3066
v  3.3954 1.7326 -5.2647
v  3.3683 1.8628 -5.2839
v  3.3972 1.7830 -5.3344
v  3.3529 1.8464 -5.3962
v  3.3420 1.8989 -5.3439
v  3.3816 1.7050 -5.3864
v  3.3318 1.7668 -5.4606
v  3.2208 1.5373 -5.2287
v  3.2915 1.5523 -5.2901
v  3.2008 1.5224 -5.3181
v  3.1685 1.5206 -5.2567
v  3.2149 1.5356 -5.3742
v  3.3267 1.5829 -5.3527
v  3.3195 1.6217 -5.4211
v  3.2663 1.6640 -5.4884
v  3.2098 1.5584 -5.4316
v  3.1856 1.5959 -5.4730
v  3.0594 1.5370 -5.4122
v  3.0770 1.5926 -5.4689
v  3.0673 1.5050 -5.3575
v  2.9084 1.5076 -5.4080
v  2.9175 1.4704 -5.3310
v  2.9313 1.5891 -5.4782
v  -0.6648 2.6592 -4.0732
v  -0.6385 2.7651 -4.0707
v  -0.2846 2.6510 -4.3001
v  -0.3112 2.5473 -4.2915
v  0.0039 2.5665 -4.4533
v  -0.0208 2.4738 -4.4309
v  -0.5750 2.5381 -3.8488
v  -0.5575 2.4834 -3.8181
v  -0.9782 2.6737 -3.5598
v  -1.0067 2.7290 -3.5967
v  -1.3566 2.8013 -3.3544
v  -1.3967 2.8453 -3.3909
v  -1.5411 2.8430 -3.2856
v  -1.5973 2.8646 -3.3208
v  -1.0972 2.8741 -3.8661
v  -1.5112 2.9412 -3.7189
v  -1.1073 2.7856 -3.8346
v  -1.5080 2.8673 -3.6550
v  -1.7014 2.9770 -3.6114
v  -1.7861 2.9889 -3.5530
v  -1.8018 3.0423 -3.6205
v  -1.7015 3.0480 -3.6615
v  -1.6790 2.9370 -3.5441
v  -1.7490 2.9470 -3.4723
v  -1.0954 2.7540 -3.7739
v  -1.4842 2.8481 -3.5893
v  -0.6558 2.6047 -4.0117
v  -0.6236 2.6047 -3.9393
v  -1.0762 2.7433 -3.7122
v  -1.4703 2.8428 -3.5282
v  -1.4411 2.8459 -3.4599
v  -1.6343 2.9009 -3.3867
v  -1.7299 2.8938 -3.3728
v  -1.6536 2.9172 -3.4607
v  -1.8161 2.8614 -3.3460
v  -1.8246 2.9314 -3.4273
v  -1.6456 2.9157 -3.5099
v  -1.8727 3.0454 -3.5769
v  -1.8495 2.9864 -3.5076
v  -1.0435 2.7466 -3.6530
v  -0.5933 2.5881 -3.8859
v  -2.0972 3.1218 -3.5669
v  -1.9881 3.1917 -3.6556
v  -1.9632 3.2816 -3.8060
v  -1.8872 3.2891 -3.8885
v  -1.9349 3.2586 -3.7912
v  -1.8575 3.2616 -3.8633
v  -1.8789 3.1081 -3.6365
v  -1.7949 3.1177 -3.6566
v  -1.8790 3.1705 -3.6769
v  -1.7756 3.1848 -3.7084
v  -1.6908 3.1246 -3.6702
v  -1.6798 3.1705 -3.7017
v  -1.7992 3.2064 -3.7596
v  -1.8943 3.2048 -3.7176
v  -1.9062 3.2268 -3.7534
v  -1.8144 3.2220 -3.8002
v  -1.8290 3.2403 -3.8376
v  -1.8994 3.2416 -3.7901
v  -1.6805 3.2034 -3.7703
v  -1.6541 3.1916 -3.7426
v  -1.4944 3.2278 -3.8558
v  -1.4802 3.1900 -3.8003
v  -1.7873 3.3008 -3.9723
v  -1.7549 3.2651 -3.9354
v  -1.8156 3.3504 -3.9981
v  -1.6153 3.3230 -4.1086
v  -1.6498 3.3785 -4.1461
v  -1.5775 3.2885 -4.0611
v  -1.7271 3.2459 -3.8931
v  -1.7072 3.2299 -3.8511
v  -1.5492 3.2763 -4.0125
v  -1.5264 3.2751 -3.9601
v  -1.6949 3.2160 -3.8084
v  -1.5075 3.2596 -3.9062
v  -1.2810 3.3278 -4.3055
v  -1.3820 3.3875 -4.4157
v  -1.3338 3.3349 -4.3674
v  -1.0174 3.3571 -4.6949
v  -1.0738 3.4201 -4.7433
v  -0.9568 3.3418 -4.6337
v  -1.1240 3.1235 -3.9951
v  -0.7213 3.0120 -4.2613
v  -1.1576 3.1808 -4.0765
v  -0.7776 3.1101 -4.3617
v  -1.1939 3.2375 -4.1509
v  -0.8360 3.2156 -4.4602
v  -1.2259 3.2911 -4.2123
v  -0.8870 3.3011 -4.5418
v  -1.2505 3.3240 -4.2587
v  -0.9192 3.3404 -4.5890
v  -0.4511 3.4422 -5.2623
v  -0.6718 3.3908 -4.9737
v  -0.7390 3.4313 -5.0330
v  -0.5345 3.4828 -5.3329
v  -0.7946 3.5106 -5.0769
v  -0.5953 3.5793 -5.3797
v  -0.3746 2.9226 -4.5089
v  -0.4501 3.0613 -4.6363
v  -0.1140 2.8502 -4.7143
v  -0.2075 3.0164 -4.8701
v  -0.5156 3.2190 -4.7638
v  -0.2723 3.2191 -5.0214
v  -0.5761 3.3414 -4.8720
v  -0.3359 3.3727 -5.1527
v  -0.6219 3.3880 -4.9291
v  -0.3904 3.4311 -5.2172
v  0.3535 3.4914 -6.0721
v  0.2559 3.5017 -6.1578
v  0.6030 3.4717 -6.4226
v  0.6962 3.4715 -6.3291
v  0.5012 3.5224 -6.5101
v  0.1611 3.5707 -6.2307
v  0.9184 3.4871 -6.8317
v  1.0244 3.4367 -6.7367
v  1.1151 3.4481 -6.6313
v  0.7177 3.4280 -6.2643
v  0.3938 3.4702 -6.0039
v  1.1266 3.3910 -6.5608
v  1.1560 3.2736 -6.4372
v  0.7306 3.2975 -6.1789
v  0.4085 3.3443 -5.9303
v  -0.4389 3.7319 -4.6505
v  -0.1024 3.6862 -4.9964
v  -0.1303 3.8043 -5.0275
v  -0.4637 3.8285 -4.6917
v  -0.1552 3.9375 -5.0460
v  -0.4861 3.9326 -4.7263
v  -0.8201 3.9500 -4.3326
v  -0.8058 3.8561 -4.2910
v  -0.8129 3.7683 -4.2681
v  -1.0638 3.8554 -3.9575
v  -1.0544 3.7879 -3.9313
v  -1.0851 3.9259 -3.9916
v  -1.2684 3.9070 -3.7142
v  -1.2407 3.8515 -3.6928
v  -1.2266 3.7966 -3.6736
v  -0.6936 3.3394 -3.9641
v  -0.9798 3.4566 -3.6974
v  -1.0024 3.5271 -3.8093
v  -0.7157 3.4459 -4.0895
v  -1.2225 3.5760 -3.5805
v  -1.2088 3.5104 -3.4983
v  -0.7793 3.6417 -4.2179
v  -0.7969 3.7073 -4.2423
v  -1.0604 3.7286 -3.9234
v  -1.0532 3.6703 -3.9069
v  -1.2326 3.7461 -3.6621
v  -1.2469 3.6931 -3.6538
v  -1.2409 3.6341 -3.6301
v  -1.0279 3.6025 -3.8721
v  -0.7487 3.5507 -4.1710
v  -1.4726 3.8332 -3.3880
v  -1.4634 3.8664 -3.4173
v  -1.5377 3.9049 -3.3471
v  -1.5461 3.8706 -3.2933
v  -1.5105 3.9245 -3.4321
v  -1.4554 3.8954 -3.4585
v  -1.5740 3.9671 -3.4243
v  -1.5981 3.9616 -3.3192
v  -1.6325 3.9237 -3.2222
v  -1.4255 3.6595 -3.2927
v  -1.4050 3.6833 -3.1471
v  -1.3164 3.5940 -3.2145
v  -1.3370 3.5626 -3.3108
v  -1.3434 3.5362 -3.4068
v  -1.3857 3.5862 -3.4465
v  -1.3640 3.8555 -3.5188
v  -1.3603 3.8137 -3.4995
v  -1.3891 3.8949 -3.5390
v  -1.4713 3.7626 -3.0680
v  -1.4728 3.7669 -3.1764
v  -1.5373 3.8534 -3.1061
v  -1.5646 3.8097 -2.9968
v  -1.4797 3.7628 -3.2396
v  -1.4689 3.6987 -3.3413
v  -1.4735 3.7546 -3.3437
v  -1.5168 3.7986 -3.2290
v  -1.6750 4.0124 -3.1105
v  -1.6325 3.9676 -3.0564
v  -1.5806 3.8941 -3.1548
v  -1.6295 3.9202 -3.0066
v  -1.4722 3.7987 -3.3589
v  -1.5431 3.8324 -3.2526
v  -1.6496 3.8545 -2.9364
v  -1.3725 3.7691 -3.4874
v  -1.3842 3.7215 -3.4758
v  -1.3978 3.6560 -3.4696
v  -1.4085 3.9653 -3.7604
v  -1.5127 3.9554 -3.5565
v  -1.4416 3.9323 -3.5533
v  -1.3196 3.9524 -3.7443
v  -1.1420 3.9882 -4.0433
v  -1.2164 3.9903 -4.1134
v  -0.8982 3.9924 -4.4134
v  -0.9854 3.9932 -4.4985
v  -1.4044 4.0087 -4.0117
v  -1.4211 3.9787 -3.8886
v  -1.2623 4.0045 -4.1761
v  -1.2923 4.0452 -4.2272
v  -1.0328 4.0328 -4.5536
v  -1.0756 4.0781 -4.6008
v  -0.5586 3.9979 -4.7976
v  -0.2251 4.0462 -5.1100
v  -0.3313 4.0346 -5.2053
v  -0.6558 3.9839 -4.8877
v  -0.7156 4.0323 -4.9367
v  -0.4020 4.0656 -5.2508
v  -0.4938 4.1305 -5.2822
v  -0.7854 4.0892 -4.9772
v  0.5675 4.0118 -6.1628
v  0.8911 4.0538 -6.3867
v  0.8033 4.0859 -6.4874
v  0.4951 4.0417 -6.2670
v  1.1427 4.1422 -6.7415
v  1.2488 4.1113 -6.6530
v  0.9413 4.1853 -6.8219
v  0.6336 4.1432 -6.5778
v  0.3522 4.0978 -6.3617
v  0.8018 3.7103 -6.8946
v  0.8555 3.6049 -6.8732
v  0.4381 3.6153 -6.5664
v  0.4050 3.7238 -6.5790
v  0.1075 3.6572 -6.2770
v  0.0758 3.7508 -6.2930
v  -1.1254 3.5881 -4.7758
v  -0.8650 3.6573 -5.1181
v  -0.8292 3.5863 -5.0986
v  -1.1020 3.5067 -4.7624
v  -0.6320 3.6554 -5.3987
v  -0.6673 3.7227 -5.4120
v  -1.8387 3.4035 -4.0181
v  -1.6756 3.4426 -4.1734
v  -1.8534 3.4586 -4.0332
v  -1.6887 3.5082 -4.1888
v  -1.4319 3.5405 -4.4599
v  -1.4161 3.4613 -4.4475
v  -1.8612 3.5114 -4.0493
v  -1.6935 3.5615 -4.1992
v  -1.9684 3.4659 -3.9585
v  -1.9832 3.5294 -4.0004
v  -1.8561 3.5634 -4.0653
v  -1.6850 3.6166 -4.1935
v  -2.0512 3.4309 -3.8809
v  -2.0788 3.4833 -3.9011
v  -1.4395 3.6058 -4.4643
v  -1.4528 3.6650 -4.4685
v  -1.1796 3.7321 -4.8001
v  -1.1432 3.6638 -4.7819
v  -1.8986 3.6203 -4.0836
v  -1.8368 3.6157 -4.0876
v  -1.7556 3.7368 -4.2423
v  -1.6992 3.6725 -4.2038
v  -1.5293 3.9771 -3.7789
v  -1.5522 3.9453 -3.6569
v  -1.4710 4.0266 -3.9625
v  -1.5187 4.0703 -3.9689
v  -1.6037 4.0059 -3.7575
v  -1.6441 3.9628 -3.6207
v  -1.7401 4.0175 -3.5876
v  -1.7102 4.0198 -3.5003
v  -1.6880 4.0049 -3.5292
v  -1.7017 3.9943 -3.6048
v  -1.6463 3.9985 -3.5230
v  -1.6669 4.0192 -3.4581
v  -1.5846 3.9752 -3.5384
v  -1.6237 3.9997 -3.4324
v  2.3563 3.5838 -7.5496
v  2.4364 3.6435 -7.5888
v  2.5057 3.6362 -7.4773
v  2.4457 3.5715 -7.4220
v  2.3559 3.7149 -7.6481
v  2.2588 3.6709 -7.6210
v  2.4279 3.7425 -7.6421
v  2.4957 3.7164 -7.5952
v  2.5345 3.6912 -7.5163
v  2.4369 4.0167 -7.4501
v  2.5048 3.9421 -7.5064
v  2.4446 3.9635 -7.5756
v  2.3477 4.0734 -7.3851
v  2.3630 3.9995 -7.5630
v  2.2436 4.0404 -7.5158
v  2.4697 3.9226 -7.3488
v  2.4046 3.9558 -7.2619
v  2.5115 3.9062 -7.4161
v  2.1910 3.8638 -7.6218
v  2.1980 3.9573 -7.5858
v  2.3261 3.9360 -7.6187
v  2.3179 3.8708 -7.6536
v  2.4424 3.9096 -7.6162
v  2.4341 3.8604 -7.6406
v  2.5370 3.8793 -7.5386
v  2.5438 3.8354 -7.5559
v  2.5293 3.8478 -7.4094
v  2.5394 3.7925 -7.4165
v  2.3230 3.7950 -7.6623
v  2.4287 3.8010 -7.6485
v  2.2096 3.7711 -7.6305
v  2.5329 3.7848 -7.5798
v  2.5503 3.7401 -7.4638
v  2.5156 3.6846 -7.3729
v  2.4627 3.6301 -7.2974
v  2.4871 3.7572 -7.3139
v  2.4361 3.7229 -7.2224
v  2.4078 3.8283 -7.2229
v  2.4705 3.8330 -7.3114
v  -1.8486 4.3298 -3.9572
v  -1.7808 4.3166 -3.9327
v  -1.6817 4.4686 -4.2432
v  -1.7506 4.4819 -4.2650
v  -1.6223 4.4350 -4.2229
v  -1.7239 4.2808 -3.9123
v  -1.4996 4.6054 -4.5957
v  -1.5568 4.6596 -4.6119
v  -1.6299 4.6914 -4.6359
v  -1.8350 4.4685 -4.2666
v  -1.9273 4.3164 -3.9612
v  -1.7258 4.6905 -4.6459
v  -1.8305 4.6613 -4.6739
v  -1.9276 4.4315 -4.2893
v  -2.0155 4.2794 -3.9874
v  -1.9365 4.0831 -3.5649
v  -1.8790 4.0691 -3.5522
v  -1.8435 4.1791 -3.7072
v  -1.9072 4.1947 -3.7248
v  -1.7914 4.1449 -3.6986
v  -1.8262 4.0488 -3.5487
v  -1.9754 4.1843 -3.7346
v  -1.9908 4.0825 -3.5762
v  -2.0579 4.1563 -3.7661
v  -2.0726 4.0558 -3.5912
v  -1.7524 4.0454 -3.4609
v  -1.7100 4.0499 -3.3939
v  -1.7807 4.0340 -3.5645
v  -1.8103 4.0723 -3.4309
v  -1.7814 4.0992 -3.3253
v  -2.0659 4.0548 -3.4726
v  -2.1383 3.9637 -3.5491
v  -2.1481 3.9989 -3.4792
v  -2.1795 4.0126 -3.4235
v  -2.0889 4.0990 -3.3924
v  -2.2139 4.0076 -3.3703
v  -2.1612 4.1129 -3.3697
v  -1.7463 4.0695 -3.1666
v  -1.6888 4.0396 -3.2567
v  -1.8004 4.1574 -3.2150
v  -1.6559 4.0176 -3.3406
v  -2.1277 4.2027 -3.2995
v  -2.1183 4.2743 -3.2033
v  -2.0288 4.2596 -3.1992
v  -2.0683 4.2010 -3.3148
v  -1.8834 4.0729 -3.4291
v  -1.9520 4.0712 -3.4426
v  -1.9617 4.1223 -3.3577
v  -1.8798 4.1354 -3.3445
v  -1.9921 4.2361 -3.0209
v  -2.0692 4.2689 -3.0631
v  -1.9322 4.2316 -3.1435
v  -2.1372 4.2805 -3.0991
v  -1.9729 4.2127 -3.2934
v  -2.0239 4.1856 -3.3315
v  -2.0193 4.1025 -3.3742
v  -1.8912 4.1998 -3.2554
v  -2.0068 4.0655 -3.4577
v  -2.1634 3.8981 -3.6374
v  -2.1498 3.9788 -3.7196
v  -2.2092 3.8246 -3.7259
v  -2.2054 3.8922 -3.8307
v  -2.0430 3.5752 -4.0153
v  -2.1181 3.5311 -3.9138
v  -2.1596 3.5789 -3.9252
v  -2.0989 3.6200 -4.0361
v  -2.1698 3.5237 -3.7781
v  -2.1877 3.5949 -3.7696
v  -2.2186 3.6700 -3.8833
v  -2.1906 3.6335 -3.9477
v  -2.2221 3.7385 -4.0007
v  -2.1600 3.6795 -4.0394
v  -2.2151 3.7411 -3.8063
v  -2.2394 3.6809 -3.7118
v  -2.2414 3.8150 -3.9256
v  -2.0382 3.6602 -4.1425
v  -1.9534 3.7515 -4.2910
v  -1.8687 3.7448 -4.2458
v  -1.9648 3.6289 -4.1112
v  -2.1308 4.0804 -3.8644
v  -2.1755 3.9868 -3.9803
v  -2.0963 4.2098 -4.0811
v  -2.1257 4.1104 -4.1929
v  -2.1959 3.9038 -4.0698
v  -2.1834 3.8165 -4.1325
v  -2.1374 4.0197 -4.2714
v  -2.1063 3.9245 -4.3129
v  -2.1166 3.7306 -4.1512
v  -2.0414 3.8234 -4.3173
v  -2.0086 4.3590 -4.3801
v  -2.0419 4.2612 -4.4874
v  -1.9120 4.5837 -4.7628
v  -1.9499 4.4834 -4.8638
v  -1.7196 4.1541 -4.9082
v  -1.8345 3.9364 -4.5383
v  -1.9302 3.9915 -4.5806
v  -1.8197 4.2078 -4.9476
v  -1.9939 4.0893 -4.5844
v  -1.8949 4.3026 -4.9542
v  -2.0325 4.1733 -4.5553
v  -1.9307 4.3927 -4.9239
v  -1.8162 4.9189 -5.2360
v  -1.8581 4.8148 -5.3208
v  -1.7246 4.9808 -5.1568
v  -1.6460 5.3100 -5.5724
v  -1.7469 5.2433 -5.6566
v  -1.7802 5.1231 -5.7306
v  -1.5410 4.6215 -5.7937
v  -1.6126 4.4117 -5.3678
v  -1.7225 4.4722 -5.3970
v  -1.6539 4.7046 -5.8043
v  -1.8089 4.5803 -5.3965
v  -1.7319 4.8394 -5.7858
v  -1.8424 4.7010 -5.3686
v  -1.7677 4.9859 -5.7646
v  -1.1643 6.0006 -7.2912
v  -1.2427 5.7872 -6.9677
v  -1.1548 5.8717 -6.9191
v  -1.0526 6.1006 -7.2304
v  -1.2762 5.7194 -6.6421
v  -1.3516 5.6339 -6.6907
v  -1.1768 5.7660 -6.6017
v  -1.0498 5.9216 -6.8763
v  -0.9124 6.1441 -7.1760
v  -1.3875 5.5303 -6.7634
v  -1.3021 5.6857 -7.0373
v  -1.2834 5.5555 -7.0986
v  -1.3747 5.4030 -6.8280
v  -1.2203 5.8748 -7.3592
v  -1.1972 5.7325 -7.4202
v  -0.9477 5.5271 -7.4525
v  -1.0508 5.3439 -7.0914
v  -1.2019 5.4094 -7.1312
v  -1.1035 5.5910 -7.4678
v  -1.2958 5.2615 -6.8413
v  -1.1682 5.1754 -6.7942
v  1.1525 0.4796 -1.4998
v  1.2084 0.5508 -1.5130
v  0.9769 0.6556 -1.5014
v  0.9130 0.5766 -1.4971
v  1.0311 0.7211 -1.5406
v  1.2584 0.6152 -1.5410
v  1.0512 0.7437 -1.6117
v  1.0398 0.7221 -1.6838
v  1.2816 0.6456 -1.6837
v  1.2878 0.6551 -1.6041
v  1.0070 0.6716 -1.7427
v  1.2383 0.5863 -1.7458
v  1.2121 0.5610 -1.8230
v  0.9755 0.6215 -1.8142
v  1.8086 2.1677 -4.4306
v  1.8064 2.1109 -4.3737
v  2.1560 1.9788 -4.5277
v  2.1732 2.0369 -4.5824
v  1.4320 2.2049 -4.2580
v  1.7890 2.0184 -4.2872
v  1.4194 2.1054 -4.1748
v  2.1295 1.8949 -4.4336
v  1.8790 0.0844 -1.8206
v  1.8376 0.1237 -1.9001
v  1.8272 0.0131 -1.8394
v  1.7753 0.0476 -1.9008
v  1.7553 -0.1061 -1.5396
v  1.7092 -0.1122 -1.6356
v  1.6217 -0.0800 -1.4886
v  1.5981 -0.0952 -1.5814
v  1.8137 0.1340 -2.0985
v  1.8757 0.1755 -2.0990
v  1.8370 0.1446 -1.9624
v  1.7814 0.0910 -1.9604
v  3.1235 1.5360 -5.1533
v  3.0801 1.4999 -5.2123
v  3.0362 1.5016 -5.0625
v  2.9265 1.4907 -5.1193
v  2.9410 1.4854 -4.8262
v  2.8828 1.4186 -4.8787
v  2.9660 1.4648 -4.9927
v  3.0308 1.5450 -4.9384
v  2.8457 1.4724 -5.0182
v  2.7700 1.4334 -4.8887
v  3.0678 1.4873 -5.2863
v  2.9246 1.4644 -5.2345
v  3.1560 1.7132 -5.5180
v  3.0268 1.7553 -5.5005
v  3.1342 1.9470 -5.5384
v  3.2338 1.8504 -5.4889
v  2.1789 4.1328 -7.2356
v  2.2604 4.1112 -7.3119
v  2.1400 4.0837 -7.4585
v  2.0272 4.1315 -7.3991
v  2.3406 3.9896 -7.1799
v  2.2676 4.0132 -7.1036
v  2.0646 3.9743 -7.5494
v  1.9427 4.0038 -7.5530
v  2.0497 3.8360 -7.5637
v  1.8612 3.8084 -7.5617
v  2.4028 3.5871 -7.2318
v  2.3616 3.5341 -7.1663
v  2.2956 3.4788 -7.2982
v  2.3722 3.5324 -7.3631
v  2.3913 3.6881 -7.1425
v  2.3392 3.6479 -7.0455
v  2.3514 3.8241 -7.1430
v  2.2887 3.8300 -7.0703
v  3.3021 1.9614 -5.2485
v  3.2287 2.0595 -5.2103
v  3.2886 1.9823 -5.3495
v  3.2065 2.1156 -5.3717
v  3.2696 1.9402 -5.4323
v  3.2096 2.0472 -5.4863
v  0.7363 2.5037 -5.3053
v  1.1072 2.4133 -5.4613
v  0.9382 2.6859 -5.7672
v  0.5759 2.7556 -5.5742
v  1.4097 2.6636 -5.9460
v  1.5663 2.3361 -5.6426
v  0.4605 3.0670 -5.7932
v  0.8013 3.0091 -6.0186
v  1.2660 3.0096 -6.2153
v  0.4352 0.3343 -1.0936
v  0.3566 0.2242 -0.8769
v  0.5356 0.0648 -0.9110
v  0.6188 0.1737 -1.1423
v  0.4518 -0.0447 -0.6831
v  0.2897 0.1231 -0.6516
v  0.6392 -0.1865 -0.7201
v  0.7303 -0.0816 -0.9568
v  0.8381 0.0457 -1.1752
v  0.7180 -0.3380 -1.0885
v  0.6108 -0.2785 -1.0978
v  0.6879 -0.1574 -1.2643
v  0.7971 -0.2163 -1.2583
v  0.9053 -0.2681 -1.2461
v  0.8241 -0.3890 -1.0716
v  1.0043 -0.5629 -0.5189
v  1.0762 -0.4903 -0.7045
v  1.1137 -0.4621 -0.6677
v  1.0533 -0.5324 -0.4832
v  1.1928 -0.3703 -0.8770
v  1.1646 -0.3944 -0.9125
v  1.3149 -0.2795 -1.0650
v  1.3366 -0.2519 -1.0308
v  1.2793 -0.3023 -1.0984
v  1.3890 -0.2026 -1.2645
v  1.4267 -0.1806 -1.2319
v  1.4460 -0.1562 -1.1995
v  1.4900 -0.1307 -1.4233
v  1.5215 -0.1156 -1.3771
v  1.5340 -0.0925 -1.3305
v  1.5362 -0.0526 -1.2867
v  1.4271 -0.1200 -1.1784
v  1.4893 -0.0036 -1.2850
v  1.3764 -0.0907 -1.1747
v  1.3167 -0.2114 -1.0071
v  1.2693 -0.1850 -0.9958
v  1.0418 0.3317 -1.4313
v  1.1044 0.4190 -1.4744
v  0.8657 0.5137 -1.4757
v  0.8066 0.4304 -1.4278
v  0.6574 0.6221 -1.4524
v  0.6027 0.5519 -1.3954
v  0.5200 0.4460 -1.2754
v  0.7154 0.3039 -1.3197
v  0.9485 0.1966 -1.3322
v  2.7914 1.2806 -4.6663
v  2.6949 1.2900 -4.6689
v  2.8576 1.3253 -4.6255
v  2.6977 1.0551 -4.3923
v  2.6165 1.0350 -4.4151
v  1.5766 1.3276 -3.6752
v  1.6606 1.6143 -3.9167
v  1.4734 1.0587 -3.3846
v  1.7553 0.9762 -3.4620
v  1.8685 1.2224 -3.7851
v  1.9609 1.4835 -4.0609
v  1.3836 1.9413 -4.0171
v  1.7360 1.8483 -4.1270
v  2.0602 1.7241 -4.2707
v  2.5521 0.8195 -4.0541
v  2.5067 0.7657 -4.0932
v  2.4197 0.5733 -3.6760
v  2.3768 0.5064 -3.7167
v  1.9744 0.2322 -2.4106
v  1.9097 0.1933 -2.4148
v  2.0713 0.2229 -2.8344
v  2.1340 0.2975 -2.8157
v  2.3000 0.3914 -3.2478
v  2.2276 0.3286 -3.2814
v  1.4382 0.6535 -2.7196
v  1.5888 0.7688 -3.1109
v  1.3367 0.8801 -3.0402
v  1.2095 0.7869 -2.6687
v  1.0390 2.0934 -4.7752
v  1.0123 2.1861 -4.8248
v  1.3448 2.0386 -4.9659
v  1.3703 1.9560 -4.9087
v  1.7622 1.8947 -5.1540
v  1.7620 1.7913 -5.1002
v  1.9891 0.1759 -1.5900
v  1.9825 0.1533 -1.5257
v  1.9088 0.2551 -1.5711
v  1.8924 0.2367 -1.5044
v  1.9598 0.1169 -1.4732
v  1.8691 0.2014 -1.4566
v  1.7687 -0.0390 -1.8201
v  1.6983 -0.0185 -1.8523
v  1.7229 -0.0750 -1.7751
v  1.6395 -0.0688 -1.7975
v  1.7017 -0.1006 -1.7135
v  1.6160 -0.0960 -1.7126
v  1.2414 0.5641 -2.0443
v  1.3301 0.6142 -2.3330
v  1.1026 0.7227 -2.3174
v  1.0166 0.6628 -2.0501
v  0.9801 0.6317 -1.9065
v  1.2094 0.5545 -1.8990
v  1.1822 0.4858 -2.3908
v  0.9940 0.5315 -2.3959
v  1.3947 0.4107 -2.3920
v  1.3211 0.2890 -2.1154
v  1.1291 0.3526 -2.1319
v  0.9596 0.3968 -2.1501
v  0.9483 0.3477 -2.0353
v  1.1041 0.2883 -2.0198
v  1.2877 0.2307 -1.9927
v  2.2745 3.5432 -7.4911
v  2.1644 3.6328 -7.5618
v  2.1874 3.5152 -7.4305
v  2.0677 3.5964 -7.5005
v  2.0880 3.7380 -7.5703
v  1.9600 3.6933 -7.5362
v  0.6979 3.8520 -5.9382
v  0.7025 3.7400 -5.8955
v  1.0012 3.7711 -6.1439
v  1.0040 3.8751 -6.1728
v  1.0040 3.6788 -6.0969
v  0.6912 3.6299 -5.8604
v  1.3790 3.7312 -6.3540
v  1.3726 3.8224 -6.3947
v  1.3778 3.9378 -6.4143
v  0.6571 3.9923 -6.0195
v  0.9746 4.0161 -6.2466
v  1.3410 4.0779 -6.5039
v  1.3582 2.4957 -4.5534
v  1.7497 2.4002 -4.6608
v  1.7113 2.4190 -4.7217
v  1.3098 2.5025 -4.6222
v  2.1317 2.3028 -4.8851
v  2.1693 2.2795 -4.8193
v  2.0540 2.3628 -5.0197
v  1.6383 2.4774 -4.8456
v  1.2311 2.5434 -4.7476
v  1.6934 2.7369 -5.6434
v  1.2791 2.7962 -5.4315
v  1.4769 2.6065 -5.1056
v  1.9046 2.5468 -5.2825
v  1.0764 2.6555 -4.9920
v  0.9056 2.8492 -5.2780
v  3.0422 1.6163 -4.8658
v  2.9553 1.5467 -4.7638
v  2.9874 1.6861 -4.8125
v  2.9051 1.6101 -4.7130
v  2.8789 1.3899 -4.5711
v  2.8259 1.4524 -4.5344
v  1.4862 1.6105 -4.3507
v  1.8555 1.5038 -4.4677
v  1.1610 1.7054 -4.2302
v  1.1876 1.9037 -4.3914
v  1.5155 1.7887 -4.5491
v  1.9013 1.6825 -4.6716
v  1.1742 2.0177 -4.5660
v  1.5177 1.9349 -4.6982
v  1.5309 1.8906 -4.6371
v  1.1888 1.9894 -4.4969
v  1.9110 1.8020 -4.8318
v  1.9189 1.7663 -4.7721
v  2.8323 2.3286 -5.9860
v  3.0610 2.1953 -5.6895
v  2.9842 2.1276 -5.6980
v  2.7930 2.2821 -6.0188
v  2.6407 2.4682 -6.4984
v  2.6595 2.5781 -6.3859
v  2.6056 2.6178 -6.3002
v  2.7993 2.3697 -5.9256
v  3.0054 2.2581 -5.6158
v  3.1214 2.1853 -5.4654
v  3.1702 2.1200 -5.5502
v  3.1057 2.0321 -5.5913
v  1.8103 2.3935 -4.5877
v  2.2202 2.2723 -4.7390
v  1.4176 2.4755 -4.4797
v  1.8500 2.3419 -4.5146
v  2.2473 2.2225 -4.6603
v  1.8304 2.2467 -4.4791
v  2.2201 2.1306 -4.6107
v  1.1075 2.0331 -4.6887
v  1.0726 2.0489 -4.7308
v  1.3968 1.9184 -4.8657
v  1.4313 1.9177 -4.8237
v  1.7816 1.7479 -5.0353
v  1.8194 1.7617 -4.9726
v  1.8720 1.8044 -4.9080
v  1.4794 1.9433 -4.7697
v  1.1442 2.0290 -4.6330
v  2.4667 3.0230 -6.6275
v  2.4100 2.8807 -6.7904
v  2.4972 2.9576 -6.7324
v  2.2767 3.2382 -7.0338
v  2.3749 3.3074 -6.9807
v  2.3280 3.3749 -6.8739
v  2.2796 3.3916 -7.1934
v  2.3520 3.4665 -7.1037
v  2.3294 3.5526 -6.9853
v  1.1084 3.0643 -5.7383
v  0.7726 3.1095 -5.5245
v  1.4911 3.0165 -6.0046
v  1.0125 3.3589 -5.9446
v  1.4154 3.3990 -6.1886
v  0.6986 3.3645 -5.6981
v  1.4072 3.6350 -6.2635
v  1.0010 3.5638 -6.0345
v  0.6858 3.5249 -5.7960
v  1.8382 4.0353 -7.5856
v  1.5998 4.1370 -7.6439
v  1.5974 4.1797 -7.4660
v  1.8726 4.1577 -7.4549
v  1.7329 3.8762 -7.6021
v  1.5130 3.9999 -7.7282
v  0.5891 3.9152 -6.9516
v  0.7393 3.7885 -6.9081
v  0.3462 3.8058 -6.5927
v  0.2164 3.9339 -6.6366
v  0.0087 3.8249 -6.3169
v  -0.1143 3.9364 -6.3694
v  -0.9912 5.6566 -6.5226
v  -0.9691 5.5135 -6.4958
v  -0.8573 5.6736 -6.8021
v  -0.8683 5.8167 -6.8059
v  -0.8357 5.5443 -6.7821
v  -0.9570 5.3789 -6.4673
v  -0.6333 5.7515 -7.1074
v  -0.6688 5.8744 -7.1125
v  -0.6936 6.0196 -7.1015
v  -0.7846 6.1240 -7.1224
v  -0.9439 5.9107 -6.8292
v  -1.0694 5.7553 -6.5519
v  1.5880 0.3052 -1.4637
v  1.6370 0.3485 -1.4898
v  1.4377 0.4408 -1.5151
v  1.3863 0.3839 -1.4969
v  1.4802 0.4939 -1.5382
v  1.6718 0.3886 -1.5221
v  1.4811 0.5347 -1.7475
v  1.6708 0.4444 -1.7334
v  1.6397 0.4496 -1.8142
v  1.4481 0.5168 -1.8220
v  1.5215 0.5624 -1.6658
v  1.7001 0.4329 -1.6476
v  2.2393 0.8081 -3.6170
v  2.3964 1.0459 -3.9623
v  2.1540 1.1109 -3.8980
v  2.0230 0.8795 -3.5510
v  2.2601 1.3544 -4.1950
v  2.5355 1.3063 -4.2358
v  2.8302 1.8244 -4.8180
v  2.9194 1.9461 -4.8498
v  2.6064 2.0242 -4.7472
v  2.5418 1.9204 -4.7095
v  2.6505 2.1333 -4.8129
v  2.9727 2.0677 -4.9434
v  1.6630 0.1712 -2.0901
v  1.7519 0.1348 -2.0939
v  1.7119 0.0780 -1.9607
v  1.6129 0.1034 -1.9640
v  1.6870 0.0434 -1.9134
v  1.5874 0.0653 -1.9206
v  2.6358 1.5950 -5.2332
v  2.8057 1.4986 -5.2981
v  2.8167 1.5012 -5.1991
v  2.6524 1.5968 -5.1443
v  2.8060 1.5056 -5.0966
v  2.6464 1.5783 -5.0465
v  2.3822 1.0594 -4.4046
v  2.5341 1.0382 -4.4189
v  2.4166 0.7625 -4.1076
v  2.2630 0.7948 -4.0914
v  2.2772 0.5118 -3.7312
v  2.1336 0.5704 -3.7073
v  1.9545 4.1279 -7.0328
v  2.0991 4.1406 -7.1592
v  1.9656 4.1628 -7.2939
v  1.8295 4.1382 -7.1744
v  2.1896 4.0256 -7.0320
v  2.0363 4.0167 -6.9130
v  3.1497 2.1168 -5.1628
v  3.1113 2.1630 -5.3079
v  2.9617 2.2338 -5.1965
v  3.1283 2.0188 -5.0240
v  2.9820 2.1567 -5.0756
v  2.3853 2.6151 -6.1525
v  2.2306 3.0314 -6.4570
v  1.9187 3.0489 -6.2276
v  2.0597 2.6261 -5.9403
v  1.8436 3.4579 -6.4099
v  2.1150 3.4128 -6.6863
v  0.9657 -0.2772 -0.7892
v  1.0762 -0.1480 -0.9892
v  0.9160 -0.1438 -0.9858
v  0.8133 -0.2553 -0.7606
v  1.0403 0.0010 -1.1738
v  1.2013 -0.0126 -1.1633
v  1.6403 0.1877 -1.4092
v  1.5348 0.1298 -1.3673
v  1.7221 0.2274 -1.4455
v  1.5157 0.2613 -1.4340
v  1.4235 0.1976 -1.3879
v  1.7682 0.2671 -1.4757
v  1.7952 0.3018 -1.5130
v  1.3278 0.3321 -1.4672
v  1.2529 0.2581 -1.4154
v  1.8176 0.3235 -1.5706
v  1.8169 0.3352 -1.6454
v  1.6965 0.4149 -1.5769
v  1.7829 0.3493 -1.7324
v  1.7511 0.3656 -1.8188
v  1.5143 0.5398 -1.5884
v  1.7510 0.3764 -1.8915
v  1.8009 0.4081 -2.0379
v  1.6957 0.4993 -2.0151
v  1.6414 0.4584 -1.8766
v  1.4464 0.5159 -1.8843
v  1.4945 0.5606 -2.0209
v  2.1560 0.5855 -3.2410
v  2.0021 0.4881 -2.7875
v  2.3503 0.7841 -3.6436
v  2.0599 0.6197 -3.2133
v  1.8958 0.5127 -2.7739
v  2.5225 1.0226 -3.9870
v  2.6660 1.2707 -4.2717
v  1.8549 0.6932 -3.1628
v  1.6935 0.5764 -2.7477
v  2.9135 1.7216 -4.7871
v  2.8368 1.6399 -4.6891
v  2.9767 1.7763 -4.8703
v  2.7731 1.7672 -4.7429
v  2.7054 1.6817 -4.6480
v  3.0690 1.8938 -4.9222
v  2.5048 1.8644 -4.6449
v  2.4505 1.7724 -4.5614
v  1.2314 -0.2038 -1.3287
v  1.1077 -0.1739 -1.3610
v  1.2009 -0.0690 -1.5202
v  1.3310 -0.1091 -1.4915
v  1.2814 -0.0162 -1.6743
v  1.4163 -0.0666 -1.6469
v  1.3220 -0.0298 -1.7946
v  1.4598 -0.0871 -1.7683
v  1.3603 -0.0012 -1.8660
v  1.4998 -0.0546 -1.8431
v  1.5483 -0.1018 -1.7353
v  1.5099 -0.0875 -1.6123
v  1.5799 -0.0673 -1.8181
v  1.3249 -0.2151 -1.2982
v  1.4260 -0.1256 -1.4599
v  1.4020 0.0545 -1.9123
v  1.5463 0.0043 -1.8901
v  1.4394 0.1196 -1.9343
v  1.4640 0.1594 -1.9761
v  1.5095 0.2257 -2.0988
v  1.6347 -0.0071 -1.8677
v  2.5447 1.4824 -4.8510
v  2.2580 1.5627 -4.7847
v  2.2918 1.6267 -4.8947
v  2.6058 1.5545 -4.9634
v  2.3101 1.6572 -4.9555
v  2.3013 1.6982 -5.0418
v  2.2637 1.6695 -5.1200
v  2.6933 1.4588 -4.8716
v  2.7568 1.5005 -5.0082
v  1.8600 0.2872 -2.8368
v  1.6786 0.3816 -2.8157
v  1.7716 0.4678 -3.2574
v  1.9855 0.3840 -3.2880
v  1.8980 0.6561 -3.6579
v  2.0112 0.8873 -4.0167
v  2.1182 1.1508 -4.3165
v  1.9785 0.2351 -2.8427
v  2.1245 0.3301 -3.2982
v  2.6286 1.6477 -5.3674
v  2.2348 1.7079 -5.2469
v  2.2707 1.8233 -5.3074
v  2.6936 1.7733 -5.4572
v  2.2833 1.9011 -5.4236
v  2.7562 1.8957 -5.5409
v  2.2809 1.9254 -5.4704
v  2.2160 2.0115 -5.5824
v  2.6800 2.0427 -5.6894
v  2.7606 1.9485 -5.5816
v  3.0015 1.9990 -5.5923
v  2.9975 1.9225 -5.5431
v  2.9067 2.1108 -5.7013
v  2.8141 1.6006 -5.4587
v  2.9153 1.7693 -5.4840
v  1.9808 3.2019 -6.9338
v  1.6346 3.2785 -6.6703
v  1.6067 3.4122 -6.8177
v  1.9604 3.3448 -7.0958
v  1.5838 3.4565 -6.9241
v  1.9615 3.4192 -7.1809
v  1.4890 3.4370 -7.0429
v  1.3693 3.4717 -7.1474
v  1.7619 3.5164 -7.3663
v  1.8815 3.4632 -7.2762
v  2.0859 3.4919 -7.3803
v  2.1666 3.4496 -7.2751
v  1.9651 3.5619 -7.4572
v  2.1830 3.2141 -7.0192
v  2.1690 3.3601 -7.1932
v  1.2745 3.5757 -7.2050
v  1.1846 3.6670 -7.2466
v  1.5435 3.7006 -7.4625
v  1.6494 3.6091 -7.4239
v  1.1129 3.7492 -7.2538
v  0.9555 3.9156 -7.2644
v  1.2602 3.9506 -7.4942
v  1.4509 3.7791 -7.4808
v  1.6312 3.8078 -7.5866
v  1.7348 3.7414 -7.5471
v  1.4095 3.9549 -7.6137
v  1.8483 3.6567 -7.5043
v  -0.9514 5.8021 -7.7843
v  -0.8190 5.7351 -7.7914
v  -1.0500 5.9184 -7.7452
v  -0.8962 6.0706 -7.9990
v  -0.8298 5.9645 -8.0483
v  -0.7189 5.8953 -8.0685
v  -0.8970 6.1775 -7.9412
v  -1.0714 6.0521 -7.6879
v  -1.0216 6.1793 -7.6229
v  -0.8506 6.2757 -7.8857
v  -0.8947 6.2600 -7.5615
v  -0.7421 6.3427 -7.8336
v  -0.7542 6.2852 -7.5098
v  -0.6231 6.3706 -7.7851
v  -0.6414 6.2542 -7.4621
v  -0.5566 6.1682 -7.4358
v  -0.4596 6.2692 -7.7127
v  -0.5272 6.3496 -7.7338
v  -0.5091 6.0463 -7.4451
v  -0.5036 5.9286 -7.4730
v  -0.4150 6.0627 -7.7740
v  -0.4238 6.1641 -7.7339
v  1.4530 4.1690 -7.3181
v  1.2389 4.2182 -7.0809
v  1.4558 4.1388 -7.0207
v  1.7019 4.1421 -7.2437
v  1.5728 4.1115 -6.9467
v  1.6760 4.0797 -6.8087
v  1.7387 3.9775 -6.6926
v  1.5636 4.1716 -7.4153
v  1.8320 4.1701 -7.3547
v  1.7375 3.8546 -6.6736
v  1.7402 3.7497 -6.6433
v  2.0557 3.7524 -6.8539
v  2.0465 3.8740 -6.8873
v  1.7763 3.6433 -6.5552
v  2.0741 3.6304 -6.7941
v  2.2495 3.3875 -6.8190
v  2.2344 3.5984 -6.9170
v  2.2291 3.7148 -6.9650
v  2.2098 3.8566 -7.0014
v  2.7799 2.3096 -5.4553
v  2.4588 2.3141 -5.2513
v  2.5657 2.3008 -5.0908
v  2.9016 2.2824 -5.2906
v  2.6179 2.2782 -5.0074
v  2.6511 2.2229 -4.9072
v  2.9333 2.2834 -5.5602
v  3.0482 2.2149 -5.4044
v  2.7434 2.3815 -5.8776
v  2.5494 2.6241 -6.2497
v  2.5888 2.3838 -5.7767
v  2.3978 3.0378 -6.5607
v  2.2734 2.4033 -5.5634
v  2.2983 2.8760 -6.7557
v  2.4804 2.4596 -6.4543
v  2.2456 2.4584 -6.3845
v  2.0832 2.8672 -6.6879
v  2.7130 2.2616 -6.0247
v  2.4814 2.2029 -5.9989
v  2.0580 2.2447 -5.8494
v  1.8603 2.5467 -6.1932
v  1.7135 2.9368 -6.4733
v  1.0128 -0.3659 -0.5908
v  0.9619 -0.4186 -0.4102
v  1.0918 -0.2617 -0.7824
v  0.8948 -0.3627 -0.5781
v  0.8549 -0.4098 -0.3881
v  1.1954 -0.1555 -0.9845
v  1.3086 -0.0521 -1.1683
v  0.5814 -0.2628 -0.4950
v  0.7490 -0.3355 -0.5395
v  0.7150 -0.3791 -0.3442
v  0.5490 -0.3097 -0.3002
v  1.2243 -0.3198 -1.1356
v  1.1426 -0.3234 -1.1754
v  1.1192 -0.4206 -0.9542
v  1.0466 -0.4389 -1.0007
v  1.0287 -0.3090 -1.2179
v  0.9398 -0.4292 -1.0436
v  1.1568 0.1481 -1.3091
v  1.3186 0.1066 -1.2933
v  1.4225 0.0465 -1.2924
v  2.7648 1.4849 -4.5085
v  2.6395 1.5322 -4.4601
v  2.3707 1.5987 -4.4020
v  2.2061 1.3990 -4.5714
v  2.4750 1.3070 -4.6573
v  2.6230 1.2926 -4.6677
v  1.5962 0.3219 -2.3969
v  1.7621 0.2549 -2.3996
v  1.8518 0.2120 -2.4079
v  1.8848 0.4424 -2.3608
v  1.7787 0.5004 -2.3417
v  1.5739 0.5491 -2.3368
v  2.7946 1.5257 -5.3778
v  2.6229 1.6068 -5.2914
v  2.2401 1.6683 -5.1798
v  -2.3113 3.4956 -3.6986
v  -2.3364 3.5598 -3.6829
v  -2.4386 3.4925 -3.6281
v  -2.4304 3.5432 -3.6497
v  -2.3769 3.5764 -3.3240
v  -2.5025 3.5147 -3.3568
v  -2.4127 3.6641 -3.3572
v  -2.5482 3.6038 -3.3993
v  -2.5724 3.4898 -3.5249
v  -2.5275 3.4092 -3.4812
v  -2.5430 3.4551 -3.4203
v  -2.5975 3.5411 -3.4635
v  -2.4218 3.7263 -3.4246
v  -2.5548 3.6809 -3.4566
v  -2.4255 3.7692 -3.4941
v  -2.5209 3.7303 -3.5005
v  -2.6077 3.6244 -3.5176
v  -2.5495 3.7031 -3.5643
v  -2.5341 3.6476 -3.6222
v  -2.5825 3.5671 -3.5729
v  -2.4149 3.7337 -3.6606
v  -2.4262 3.7766 -3.5830
v  -2.4939 3.5858 -3.6389
v  -2.3795 3.6430 -3.6840
v  -2.5255 3.5201 -3.5971
v  -2.5118 3.4486 -3.5689
v  -2.4801 3.3733 -3.5390
v  -1.6686 4.0376 -3.7432
v  -1.5793 4.1161 -3.9587
v  -1.6325 4.1889 -3.9667
v  -1.7203 4.0733 -3.7292
v  -1.7565 4.1086 -3.7107
v  -1.6820 4.2355 -3.9161
v  -1.4741 4.5423 -4.6120
v  -1.5826 4.3829 -4.2315
v  -1.5386 4.3458 -4.2780
v  -1.4490 4.4808 -4.6452
v  -1.3294 4.0949 -4.2711
v  -1.3768 4.1504 -4.2955
v  -1.1376 4.1470 -4.6506
v  -1.2098 4.2224 -4.6843
v  -1.4347 4.2090 -4.2866
v  -1.2845 4.2879 -4.6832
v  -1.3505 4.3531 -4.6740
v  -1.4763 4.2724 -4.2974
v  -1.4000 4.4237 -4.6855
v  -1.4769 4.3419 -4.3823
v  0.2230 4.5633 -6.9699
v  0.0083 4.5292 -6.6986
v  0.3282 4.3098 -6.6495
v  0.5821 4.3236 -6.9114
v  0.0751 4.2505 -6.4399
v  -0.2145 4.4610 -6.4854
v  -0.5417 5.5683 -7.0862
v  -0.6014 5.6799 -7.0961
v  -0.8071 5.4621 -6.7643
v  -0.7436 5.3593 -6.7578
v  -0.9419 5.2954 -6.4517
v  -0.8945 5.1968 -6.4623
v  -0.2223 4.7311 -6.7387
v  -0.4188 4.6496 -6.5138
v  -0.0262 4.8012 -7.0156
v  -0.2120 5.0587 -7.0446
v  -0.4025 4.9446 -6.7554
v  -0.5862 4.8323 -6.5198
v  -0.5931 5.1700 -6.7589
v  -0.3937 5.3402 -7.0654
v  -0.7625 5.0273 -6.4956
v  0.8311 4.3727 -7.1793
v  1.0021 4.3623 -7.4271
v  0.5346 4.6218 -7.5471
v  0.3958 4.5840 -7.2862
v  -0.3259 5.8562 -7.7982
v  -0.3881 5.9957 -7.7924
v  -0.4762 5.8596 -7.4761
v  -0.4137 5.7351 -7.4683
v  0.0876 5.2331 -7.6940
v  -0.1483 5.5662 -7.7635
v  -0.2617 5.4639 -7.4422
v  -0.0556 5.1473 -7.3944
v  0.1352 4.8583 -7.3463
v  0.2780 4.9272 -7.6240
v  0.5953 4.6328 -7.6785
v  1.0782 4.3467 -7.5393
v  1.0875 4.3452 -7.5598
v  0.5998 4.6435 -7.7174
v  0.3592 4.9701 -7.7857
v  0.1918 5.2977 -7.8743
v  0.3946 4.9917 -7.8908
v  0.2349 5.3241 -8.0076
v  1.0803 4.3373 -7.6786
v  0.6031 4.6489 -7.8485
v  0.9972 4.2606 -7.7032
v  0.5028 4.5855 -7.8628
v  0.3479 4.9574 -8.0054
v  0.1847 5.2959 -8.1395
v  0.2350 4.9051 -8.0149
v  0.0572 5.2385 -8.1477
v  0.9412 4.2586 -7.6570
v  0.4311 4.5443 -7.8379
v  0.8261 4.2447 -7.5705
v  0.3125 4.4827 -7.7490
v  -0.1327 5.1220 -7.9230
v  -0.0310 5.1901 -8.0691
v  0.1457 4.8504 -7.9780
v  0.0298 4.7861 -7.8568
v  -0.8673 5.4810 -7.4510
v  -0.7334 5.6917 -7.7990
v  -0.6201 5.6022 -7.7715
v  -0.7762 5.3972 -7.4300
v  -0.6222 5.8634 -8.0739
v  -0.4978 5.7603 -8.0510
v  0.5629 4.1650 -7.3755
v  0.1030 4.4028 -7.5490
v  0.2592 4.1386 -7.0786
v  -0.1025 4.3969 -7.2254
v  -0.1588 4.6994 -7.6405
v  -0.3180 4.6676 -7.2984
v  -0.4502 4.9452 -7.3256
v  -0.3035 5.0197 -7.6804
v  -0.4558 5.3565 -7.7193
v  -0.6216 5.2021 -7.3800
v  -0.2990 5.4978 -7.9729
v  -0.9799 5.2890 -7.0816
v  -1.0996 5.1068 -6.7762
v  -0.9127 5.2021 -7.0703
v  -1.0363 5.0181 -6.7631
v  -0.0546 4.1325 -6.7664
v  -0.3459 4.3619 -6.9059
v  -0.3495 4.0856 -6.5065
v  -0.5706 4.3064 -6.6222
v  -0.5257 4.5920 -6.9697
v  -0.7145 4.5062 -6.6771
v  -0.8264 4.6859 -6.7079
v  -0.6599 4.8078 -7.0051
v  -0.7961 5.0273 -7.0406
v  -0.9395 4.8670 -6.7384
v  -0.7900 4.2148 -6.2189
v  -0.7032 4.2604 -6.3929
v  -0.5161 4.0790 -6.2832
v  -0.6288 4.0497 -6.1207
v  -0.3260 3.9389 -6.1686
v  -0.4623 3.9262 -6.0202
v  -0.8256 4.4340 -6.4544
v  -0.8993 4.3715 -6.2884
v  -0.9839 4.5186 -6.3333
v  -0.9193 4.5945 -6.4902
v  -1.5388 4.3692 -5.3486
v  -1.6516 4.1113 -4.8960
v  -1.4559 4.5769 -5.7652
v  -1.3866 4.5062 -5.7508
v  -1.4769 4.3097 -5.3506
v  -1.5784 4.0805 -4.9096
v  -1.4792 4.0482 -4.9605
v  -1.5208 3.8945 -4.6991
v  -1.6679 3.8904 -4.5590
v  -1.3618 3.9482 -4.9530
v  -1.3818 4.0461 -5.0793
v  -1.3063 3.8659 -4.8814
v  -1.5185 3.7886 -4.5457
v  -1.4901 3.7167 -4.4849
v  -1.2404 3.7965 -4.8321
v  -1.7615 3.9055 -4.5177
v  -1.3145 0.7612 -0.9886
v  -1.2845 0.7339 -1.0606
v  -1.2907 0.5548 -0.8586
v  -1.2962 0.6318 -0.8165
v  -1.2297 0.7088 -1.1210
v  -1.2130 0.5458 -0.9344
v  -1.3008 0.5572 -0.6956
v  -1.3351 0.5958 -0.6584
v  -1.2908 0.4935 -0.7213
v  -1.2880 0.4537 -0.6315
v  -1.3058 0.5114 -0.6022
v  -1.3437 0.5496 -0.5736
v  0.7436 0.1569 -1.8840
v  0.6464 0.1618 -1.8844
v  0.6726 0.1850 -1.9874
v  0.7715 0.1961 -1.9665
v  0.7248 0.1746 -1.7519
v  0.6304 0.1999 -1.7506
v  0.8045 0.2753 -1.9954
v  0.7146 0.2823 -2.0264
v  0.7478 0.3851 -2.0127
v  0.8330 0.3598 -1.9902
v  -0.0219 1.0989 -1.5137
v  -0.1878 1.1891 -1.5166
v  -0.2002 1.1442 -1.4604
v  -0.0399 1.0599 -1.4596
v  0.8809 2.0937 -4.5914
v  0.9180 2.0807 -4.5182
v  0.7419 2.0862 -4.4314
v  0.6955 2.0916 -4.5311
v  0.9459 2.0727 -4.4380
v  0.7706 2.0826 -4.3390
v  0.9472 2.0335 -4.3682
v  0.7537 2.0282 -4.2864
v  0.9329 1.9353 -4.2861
v  0.7361 1.9406 -4.2169
v  0.1665 2.5284 -3.7458
v  0.1716 2.5959 -3.7975
v  -0.1703 2.7273 -3.6555
v  -0.1728 2.6584 -3.6042
v  -0.1715 2.5812 -3.5427
v  0.1616 2.4534 -3.6823
v  -0.1716 1.2703 -1.7775
v  -0.1745 1.2723 -1.8407
v  -0.1526 1.2989 -1.7207
v  0.0306 1.2047 -1.7470
v  0.0121 1.1782 -1.8033
v  0.0074 1.1878 -1.8656
v  -0.2813 3.8125 -5.9222
v  -0.3521 3.8621 -5.9573
v  -0.2080 3.8529 -6.1088
v  -0.1318 3.7961 -6.0738
v  -1.4281 5.5302 -6.4954
v  -1.3607 5.6167 -6.4545
v  -1.4486 5.5699 -6.3122
v  -1.5198 5.4709 -6.3545
v  -1.3393 5.6231 -6.2600
v  -1.2666 5.6724 -6.4111
v  -1.2090 5.6134 -6.1899
v  -1.1503 5.6650 -6.3505
v  -1.0709 5.5523 -6.3154
v  -1.1123 5.4967 -6.1391
v  -1.0411 5.4082 -6.2790
v  -1.0237 5.2731 -6.2501
v  -1.0664 5.3445 -6.0985
v  -1.0644 5.2005 -6.0831
v  -1.0605 5.1198 -6.0938
v  -1.0116 5.1924 -6.2458
v  -0.9672 5.1038 -6.2606
v  -1.0173 5.0379 -6.1108
v  0.3946 3.6065 -5.4935
v  0.4047 3.5266 -5.4583
v  0.5126 3.5199 -5.6022
v  0.5111 3.6105 -5.6528
v  0.5235 3.3949 -5.5216
v  0.4087 3.4219 -5.4008
v  0.8103 2.6934 -4.4156
v  1.0448 2.5907 -4.4773
v  0.9967 2.6116 -4.5584
v  0.7630 2.7201 -4.5046
v  0.9235 2.6559 -4.6818
v  0.7006 2.7720 -4.6227
v  1.1088 2.5890 -4.3808
v  0.8847 2.7226 -4.2953
v  -1.0780 4.5535 -5.3930
v  -1.2084 4.4568 -5.0596
v  -1.1188 4.3816 -5.0666
v  -0.9726 4.4595 -5.3916
v  -1.0193 4.2962 -5.0603
v  -0.8466 4.3533 -5.3781
v  -0.8974 4.1881 -5.0243
v  -0.6703 4.2225 -5.3378
v  0.5179 3.0446 -5.0536
v  0.6748 2.9550 -5.1511
v  0.5770 3.1821 -5.3672
v  0.4418 3.2353 -5.2612
v  0.8010 2.7700 -4.9019
v  0.6105 2.8836 -4.8237
v  -0.3508 0.7833 -0.8844
v  -0.2032 0.7066 -0.8810
v  -0.3920 0.6714 -0.6828
v  -0.2539 0.5948 -0.6803
v  0.6987 0.1490 -1.5737
v  0.5967 0.1963 -1.5744
v  0.6364 0.0400 -1.4107
v  0.5211 0.1008 -1.4151
v  0.2909 0.0746 -1.2590
v  0.3608 0.0301 -1.2655
v  0.3013 -0.0890 -1.0870
v  0.2340 -0.0428 -1.0745
v  0.3588 0.1861 -1.4130
v  0.4327 0.1459 -1.4156
v  0.4479 -0.0194 -1.2675
v  0.3839 -0.1410 -1.0955
v  0.4568 0.2604 -1.7098
v  0.5404 0.2245 -1.7340
v  0.5126 0.2351 -1.5648
v  0.4348 0.2712 -1.5509
v  0.2866 0.2300 -1.4085
v  0.3543 0.3081 -1.5405
v  0.3791 0.3067 -1.6873
v  0.5655 -0.0848 -1.2653
v  0.4938 -0.2078 -1.0989
v  0.2242 0.1223 -1.2495
v  0.1691 0.0052 -1.0605
v  0.1886 -0.1456 -0.8601
v  0.1560 -0.2275 -0.6633
v  0.0929 -0.1809 -0.6555
v  0.1239 -0.0987 -0.8487
v  0.0802 0.3491 -0.6419
v  0.1738 0.2543 -0.6388
v  0.2324 0.3501 -0.8612
v  0.1421 0.4497 -0.8559
v  0.3077 0.4596 -1.0707
v  0.2132 0.5581 -1.0622
v  -0.0777 0.4770 -0.6587
v  -0.0014 0.4196 -0.6487
v  0.0667 0.5326 -0.8513
v  -0.0073 0.6026 -0.8514
v  0.1301 0.6377 -1.0580
v  0.0466 0.7003 -1.0619
v  -0.0440 0.7522 -1.0734
v  -0.0934 0.6533 -0.8659
v  -0.1569 0.5308 -0.6720
v  0.1887 0.7303 -1.2467
v  0.0979 0.7906 -1.2500
v  0.2822 0.6574 -1.2476
v  0.3485 0.7472 -1.3808
v  0.2450 0.8133 -1.3862
v  0.1492 0.8763 -1.3858
v  0.0491 0.9328 -1.3907
v  0.0034 0.8454 -1.2574
v  0.5130 0.7270 -1.4369
v  0.3960 0.8091 -1.4488
v  0.4599 0.6599 -1.3805
v  0.2865 0.8688 -1.4645
v  0.3268 0.9437 -1.4705
v  0.2145 0.9811 -1.5079
v  0.1846 0.9308 -1.4631
v  0.3862 0.5654 -1.2521
v  0.9238 1.7466 -4.1473
v  0.7436 1.7643 -4.0937
v  0.9212 1.5108 -3.9497
v  0.7612 1.5362 -3.9161
v  0.0839 0.9961 -1.4566
v  0.1062 1.0354 -1.5094
v  0.9164 1.2624 -3.7105
v  0.9078 1.0303 -3.4232
v  0.7831 1.0716 -3.3965
v  0.7744 1.2957 -3.6830
v  0.6495 1.3377 -3.6469
v  0.6233 1.5765 -3.8745
v  0.6724 1.1180 -3.3642
v  0.5671 1.1620 -3.3324
v  0.5364 1.3858 -3.6050
v  0.5030 1.6307 -3.8226
v  -0.1690 2.4422 -3.4290
v  0.1456 2.3203 -3.5569
v  -0.1544 2.2672 -3.2637
v  0.1203 2.1377 -3.3922
v  0.4163 1.4241 -3.5713
v  0.4548 1.1955 -3.3074
v  0.3744 1.6733 -3.7827
v  -0.1329 2.0664 -3.0676
v  0.1101 1.9370 -3.1839
v  -0.1217 1.8665 -2.8574
v  0.0960 1.7395 -2.9574
v  0.2648 1.8536 -3.2592
v  0.2879 2.0586 -3.4754
v  0.2431 1.6569 -3.0189
v  0.3572 1.5996 -3.0591
v  0.3787 1.7965 -3.3110
v  0.4041 2.0066 -3.5340
v  0.4940 1.7395 -3.3626
v  0.4731 1.5448 -3.0974
v  0.5235 1.9572 -3.5895
v  0.8904 0.8363 -3.0907
v  0.7833 0.8881 -3.0658
v  0.8753 0.6828 -2.7390
v  0.7799 0.7353 -2.7224
v  0.5774 0.9824 -3.0183
v  0.6832 0.9436 -3.0380
v  0.6797 0.7836 -2.7102
v  0.5706 0.8154 -2.7064
v  0.4632 0.8537 -2.6973
v  0.4684 1.0164 -3.0005
v  -0.1168 1.7167 -2.6311
v  -0.1447 1.5632 -2.4198
v  0.0463 1.4449 -2.4865
v  0.0780 1.5864 -2.7198
v  0.2914 1.3105 -2.5544
v  0.3287 1.4480 -2.8017
v  0.2175 1.5048 -2.7702
v  0.1859 1.3714 -2.5246
v  0.8413 2.1234 -4.6538
v  0.8052 2.1874 -4.7096
v  0.6478 2.1367 -4.6267
v  0.6121 2.2269 -4.7022
v  0.4419 1.3946 -2.8313
v  0.3989 1.2556 -2.5801
v  0.7796 2.2951 -4.7580
v  0.7395 2.3703 -4.8387
v  0.5906 2.3452 -4.7551
v  0.5639 2.4392 -4.8145
v  0.2773 2.3262 -4.6262
v  0.2949 2.4442 -4.6524
v  0.4229 2.3847 -4.7317
v  0.4207 2.2501 -4.7005
v  0.4284 2.4942 -4.7508
v  0.3033 2.5304 -4.6804
v  -0.1405 1.3104 -1.6551
v  -0.1394 1.2988 -1.5889
v  0.0329 1.2088 -1.6009
v  0.0393 1.2209 -1.6749
v  0.1570 2.4035 -4.5354
v  0.1794 2.5023 -4.5618
v  0.1797 2.5683 -4.6069
v  0.3559 0.2491 -1.8385
v  0.4466 0.2001 -1.8543
v  0.2483 0.3190 -1.8428
v  0.3424 0.2309 -2.0023
v  0.2330 0.3169 -1.9946
v  0.4494 0.1839 -2.0082
v  -0.1557 1.2555 -1.5374
v  0.0078 1.1583 -1.5505
v  0.5644 0.1747 -2.0026
v  0.5449 0.1716 -1.8723
v  0.1015 0.5327 -2.0493
v  0.0835 0.4473 -1.9908
v  0.2644 0.4132 -2.1140
v  0.3870 0.3281 -2.1518
v  0.4483 0.4778 -2.1489
v  0.5071 0.2874 -2.1378
v  0.5591 0.4369 -2.1223
v  0.0886 0.4131 -1.8852
v  0.5783 0.5800 -2.1916
v  0.5709 0.6711 -2.4155
v  0.6748 0.6318 -2.4067
v  0.6784 0.5394 -2.1687
v  0.7751 0.5958 -2.3988
v  0.7724 0.4961 -2.1514
v  0.6572 0.4105 -2.0626
v  0.6190 0.2814 -2.0821
v  0.4656 0.7126 -2.4199
v  0.4747 0.6212 -2.2090
v  0.8481 0.4001 -2.0347
v  0.8542 0.4489 -2.1498
v  0.7650 0.4345 -2.0487
v  0.6725 0.4710 -2.0804
v  0.5726 0.5027 -2.1237
v  0.8659 0.5551 -2.4016
v  0.4653 0.5406 -2.1532
v  -0.1802 1.2787 -1.9055
v  0.0051 1.1960 -1.9303
v  0.0019 1.2196 -2.0476
v  -0.1834 1.3153 -2.0142
v  -0.1703 1.4186 -2.2009
v  0.0109 1.3026 -2.2540
v  -0.4423 3.5795 -5.7256
v  -0.4842 3.6800 -5.7331
v  -0.3802 3.7108 -5.8291
v  -0.3358 3.6193 -5.8227
v  -0.4104 3.7856 -5.8224
v  -0.5057 3.7596 -5.7239
v  -0.2433 3.7392 -5.9179
v  -0.2016 3.6543 -5.9078
v  -0.2371 3.4585 -5.5580
v  -0.3233 3.4551 -5.4396
v  -0.4331 3.4656 -5.5331
v  -0.3515 3.4701 -5.6625
v  -0.5175 3.5667 -5.5953
v  0.0304 3.5441 -5.9785
v  -0.0506 3.6340 -6.0341
v  0.1299 3.5195 -5.8946
v  -0.0261 3.5116 -5.7745
v  -0.1242 3.5536 -5.8580
v  -0.1423 3.4872 -5.6653
v  -0.2483 3.5165 -5.7633
v  -0.0917 3.7191 -6.0572
v  -0.5527 3.6676 -5.6058
v  -0.5700 3.7475 -5.6007
v  0.4305 3.9723 -5.8734
v  0.5094 3.8780 -5.7392
v  0.3300 3.9801 -6.0223
v  0.1653 3.9965 -5.8974
v  0.2794 3.9923 -5.7438
v  0.3810 3.9085 -5.5844
v  0.5210 3.7376 -5.6839
v  0.4222 3.7578 -5.5021
v  0.0777 3.0245 -4.2438
v  0.0334 3.1319 -4.4025
v  -0.3202 3.2189 -4.2103
v  -0.2882 3.1173 -4.0679
v  -0.3481 3.3533 -4.3630
v  -0.0114 3.2720 -4.5899
v  -0.2224 3.0229 -3.9255
v  -0.2558 3.0639 -3.9859
v  0.1115 2.9715 -4.1613
v  0.1367 2.9157 -4.1048
v  0.5042 2.8406 -4.2788
v  0.6554 2.8084 -4.3479
v  0.5986 2.8049 -4.4331
v  0.4580 2.8533 -4.3559
v  0.5462 2.8571 -4.5407
v  0.4135 2.9053 -4.4534
v  0.3448 3.0061 -4.6354
v  0.2215 3.0534 -4.5396
v  0.2804 2.9509 -4.3663
v  0.1575 3.1901 -4.7486
v  0.2733 3.1475 -4.8504
v  0.3202 2.9010 -4.2766
v  0.3542 2.8627 -4.2107
v  0.7859 2.2659 -3.9431
v  0.7410 2.0971 -3.8339
v  1.0355 2.0282 -3.9144
v  1.0675 2.1881 -4.0586
v  0.4708 2.9618 -4.7303
v  0.3911 3.1064 -4.9513
v  0.3287 2.2480 -3.6392
v  0.3592 2.3887 -3.7588
v  0.4431 2.1973 -3.7053
v  0.4842 2.3516 -3.8130
v  1.0829 2.2918 -4.1316
v  0.8090 2.3693 -4.0002
v  0.6342 2.4145 -3.9146
v  0.6074 2.3147 -3.8697
v  0.6693 2.5033 -3.9281
v  0.5382 2.5301 -3.8670
v  0.5075 2.4437 -3.8562
v  0.5635 2.1530 -3.7636
v  0.1440 2.1545 -3.9872
v  0.1637 1.9801 -3.8753
v  -0.1372 2.0836 -3.7907
v  -0.1627 2.2470 -3.9124
v  0.3757 2.4722 -3.8090
v  0.3920 2.5464 -3.8438
v  0.5966 1.8024 -4.0439
v  0.5785 1.9690 -4.1658
v  0.4719 1.8567 -3.9897
v  0.4524 2.0252 -4.1074
v  -0.1782 2.3317 -3.9754
v  -0.1936 2.3757 -4.0119
v  0.1280 2.2866 -4.1048
v  0.1370 2.2402 -4.0520
v  0.3105 2.1833 -4.1821
v  0.3191 2.1529 -4.1256
v  0.4476 2.0883 -4.1841
v  0.4438 2.1094 -4.2398
v  0.3242 2.0784 -4.0563
v  0.3422 1.9040 -3.9446
v  0.2450 2.6484 -4.7834
v  0.1491 2.7832 -4.9269
v  0.2541 2.7572 -5.0149
v  0.3577 2.6211 -4.8616
v  0.0450 2.9770 -5.1035
v  0.1428 2.9563 -5.2010
v  0.2425 2.9120 -5.3087
v  0.3618 2.6984 -5.1090
v  0.4757 2.5567 -4.9407
v  0.5952 2.0667 -4.2902
v  0.5858 2.0383 -4.2389
v  0.0416 2.8060 -4.8420
v  0.1311 2.6749 -4.7070
v  -0.0588 2.9905 -5.0109
v  0.7053 2.4071 -4.8975
v  0.6412 2.4681 -4.9934
v  0.5336 2.4893 -4.8609
v  0.4106 2.5533 -4.7864
v  0.2899 2.5806 -4.7148
v  0.5102 2.6165 -5.1906
v  0.3785 2.8561 -5.4133
v  -0.1744 2.9906 -3.8468
v  0.1953 2.8926 -4.0063
v  -0.1143 2.9802 -3.7444
v  0.2497 2.8624 -3.8864
v  0.1675 2.6073 -4.6446
v  0.7421 2.6479 -3.9428
v  0.7491 2.7469 -4.0806
v  0.6102 2.7851 -4.0188
v  0.6043 2.6776 -3.8816
v  -0.1238 2.8623 -3.6727
v  0.2406 2.7445 -3.7872
v  0.4639 2.6997 -3.8347
v  0.4745 2.8221 -3.9560
v  0.4160 2.8464 -4.1001
v  0.5694 2.8394 -4.1581
v  -0.3142 2.4497 -4.2333
v  -0.0349 2.3535 -4.3856
v  -0.2722 2.4193 -4.1388
v  0.0080 2.2885 -4.2851
v  0.7158 2.8027 -4.2227
v  0.4489 2.1294 -4.6161
v  0.5074 2.0758 -4.4917
v  0.3514 2.1467 -4.4285
v  0.2954 2.2070 -4.5480
v  0.0751 2.2879 -4.1878
v  -0.2248 2.4092 -4.0662
v  0.4072 2.1246 -4.3228
v  0.2707 2.2068 -4.2660
v  0.2101 2.2229 -4.3653
v  0.1556 2.2812 -4.4771
v  -0.1646 3.4571 -5.4960
v  -0.0698 3.4790 -5.5974
v  0.0426 3.4978 -5.7036
v  0.0921 3.3946 -5.6266
v  -0.0216 3.3811 -5.5294
v  -0.1135 3.3756 -5.4284
v  0.5639 2.0695 -4.3769
v  -0.2550 3.4467 -5.3881
v  -0.1969 3.3827 -5.3179
v  0.2230 3.3880 -5.7449
v  0.2821 3.1416 -5.6064
v  0.1518 3.1690 -5.4925
v  0.0497 3.1868 -5.3850
v  -0.0362 3.2036 -5.2778
v  0.1930 3.5145 -5.8168
v  -0.0901 3.5330 -4.9017
v  -0.0895 3.6148 -4.9597
v  -0.4243 3.6659 -4.6196
v  -0.4129 3.5936 -4.5769
v  -0.3850 3.4816 -4.4897
v  -0.0652 3.4031 -4.7725
v  -0.1294 3.2125 -5.1761
v  0.3230 3.2754 -5.1559
v  0.2971 3.4445 -5.2930
v  0.1863 3.4649 -5.1915
v  0.2078 3.3040 -5.0541
v  0.1929 3.5596 -5.2452
v  0.0840 3.5784 -5.1481
v  0.0776 3.4868 -5.0887
v  0.0838 3.6583 -5.1748
v  0.1955 3.6399 -5.2672
v  0.0987 3.3373 -4.9489
v  -0.4844 4.3666 -6.1026
v  -0.5779 4.3547 -5.9290
v  -0.3536 4.1877 -5.8893
v  -0.2436 4.1903 -6.0626
v  -0.4448 4.2042 -5.7203
v  -0.6612 4.3556 -5.7634
v  -0.2342 4.1049 -5.6692
v  -0.1360 4.0813 -5.8391
v  -0.0187 4.0654 -6.0109
v  0.2955 3.5392 -5.3470
v  0.2917 3.6187 -5.3718
v  -0.7402 4.3621 -5.5974
v  -0.5329 4.2255 -5.5527
v  -0.3265 4.1406 -5.4964
v  0.2601 4.0049 -6.1144
v  0.0955 4.0198 -5.9689
v  0.1336 4.0577 -6.1864
v  -0.3692 4.4072 -6.2854
v  -0.1094 4.2090 -6.2460
v  -0.8996 3.7221 -5.1369
v  -0.7048 3.7810 -5.4324
v  -0.9537 3.7935 -5.1682
v  -0.7758 3.8523 -5.4778
v  -0.9162 4.1687 -5.9658
v  -0.8543 4.1923 -6.0798
v  -0.7023 4.0376 -5.9848
v  -0.7647 4.0192 -5.8700
v  -0.5446 3.9234 -5.8881
v  -0.6090 3.9071 -5.7727
v  -0.5315 3.8297 -5.7280
v  -0.5928 3.8175 -5.6070
v  -0.6679 3.8947 -5.6529
v  -1.1560 3.9850 -5.2908
v  -1.0526 3.8835 -5.2283
v  -0.9118 3.9655 -5.5649
v  -1.0468 4.1017 -5.6502
v  -0.9700 4.1559 -5.8461
v  -0.8205 4.0102 -5.7508
v  -0.4539 3.8510 -5.8361
v  -1.3902 4.9926 -6.4502
v  -1.2704 5.0886 -6.5758
v  -1.1832 5.0043 -6.5468
v  -1.2738 4.9017 -6.4066
v  -1.1045 4.8936 -6.5331
v  -1.1695 4.7862 -6.3787
v  -1.5143 4.7715 -6.2091
v  -1.4788 4.8697 -6.3471
v  -1.3458 4.7936 -6.2904
v  -1.3868 4.7191 -6.1563
v  -1.2211 4.7182 -6.2352
v  -1.2702 4.6657 -6.1021
v  -1.0175 4.7493 -6.5182
v  -1.0747 4.6563 -6.3598
v  -1.2620 4.7548 -5.3835
v  -1.2941 4.8262 -5.3734
v  -1.3775 4.6957 -5.0183
v  -1.3565 4.6238 -5.0393
v  -1.3813 4.7753 -5.0068
v  -1.3008 4.9131 -5.3763
v  -1.3162 4.6170 -5.9669
v  -1.4126 4.6740 -6.0057
v  -1.5237 4.7120 -6.0493
v  -1.1190 4.9143 -5.7729
v  -1.1600 4.9859 -5.7626
v  -1.2193 4.9178 -5.5983
v  -1.1814 4.8475 -5.6059
v  -1.2283 5.0047 -5.6014
v  -1.1600 5.0712 -5.7552
v  -1.2931 4.5403 -5.0520
v  -1.1824 4.6571 -5.3906
v  -1.3710 5.2184 -5.4543
v  -1.5013 5.3119 -5.4997
v  -1.6100 4.9950 -5.1110
v  -1.5008 4.9606 -5.0774
v  -1.4212 4.8817 -5.0300
v  -1.3086 5.0662 -5.4051
v  -1.0666 4.9759 -5.9449
v  -1.1136 5.0505 -5.9324
v  -1.0947 5.1371 -5.9125
v  -1.7357 5.3659 -6.1167
v  -1.6366 5.4245 -6.2396
v  -1.6312 5.2868 -6.2660
v  -1.7110 5.2076 -6.1439
v  -1.5332 5.3608 -6.3900
v  -1.5242 5.2435 -6.4276
v  -1.6074 5.1537 -6.2935
v  -1.6650 5.0612 -6.1607
v  -1.6863 4.9810 -6.0116
v  -1.7360 5.1306 -5.9968
v  -1.7693 5.2851 -5.9678
v  -1.3849 5.1838 -6.6166
v  -1.4825 5.1111 -6.4575
v  -1.4472 5.3142 -6.6035
v  -1.5632 5.0090 -6.3311
v  -1.6126 4.9047 -6.1971
v  -1.4487 5.4298 -6.5493
v  -0.9279 4.8858 -6.1262
v  -0.9857 4.8351 -5.9548
v  -0.8741 4.6679 -5.9568
v  -0.8045 4.7052 -6.1325
v  -1.0363 4.7895 -5.7804
v  -0.9250 4.6442 -5.7819
v  -1.6301 4.8253 -6.0448
v  -1.0981 4.7362 -5.6122
v  -0.9872 4.6122 -5.6132
v  -0.5589 4.5847 -6.3097
v  -0.6618 4.5377 -6.1235
v  -0.7121 4.7581 -6.3140
v  -0.7418 4.5141 -5.9481
v  -0.8105 4.5022 -5.7800
v  -0.8613 4.9429 -6.2931
v  -1.2311 4.4984 -5.9614
v  -1.2975 4.4095 -5.7472
v  -1.1743 4.5510 -6.0868
v  -1.0892 4.4231 -6.0707
v  -1.1416 4.3792 -5.9466
v  -1.2069 4.3034 -5.7383
v  -0.8782 4.4921 -5.6120
v  -1.1190 4.6017 -6.2136
v  -1.0297 4.4732 -6.1902
v  -1.2338 4.0752 -5.3392
v  -1.1332 4.2092 -5.7061
v  -1.3066 4.1574 -5.3662
v  -1.0638 4.2741 -5.9084
v  -1.0124 4.3017 -6.0303
v  -1.3938 4.2376 -5.3631
v  -0.9517 4.3388 -6.1462
v  0.2712 1.1284 -1.5781
v  0.3840 1.1062 -1.5523
v  0.4007 1.1516 -1.6468
v  0.2842 1.1646 -1.6630
v  0.3955 1.1365 -1.7518
v  0.2820 1.1590 -1.7559
v  0.1702 1.1744 -1.7574
v  0.1732 1.1803 -1.6751
v  0.1616 1.1547 -1.5973
v  0.3579 1.0280 -1.4954
v  0.2466 1.0620 -1.5255
v  0.1352 1.0955 -1.5507
v  0.1509 1.1391 -1.8155
v  0.2659 1.1259 -1.8243
v  0.2426 1.0735 -1.8836
v  0.1302 1.1065 -1.8758
v  0.2557 1.1085 -2.1000
v  0.2677 1.1900 -2.3084
v  0.1546 1.2383 -2.2845
v  0.1387 1.1487 -2.0791
v  0.3387 1.0128 -1.9848
v  0.3533 1.0451 -1.8939
v  0.3586 1.0655 -2.1179
v  0.2383 1.0598 -1.9718
v  0.3766 1.0954 -1.8288
v  0.1337 1.1190 -1.9539
v  0.3689 1.1350 -2.3328
v  -0.0264 4.0389 -5.8081
v  -0.1214 4.0769 -5.6369
v  0.0474 4.0246 -5.7466
v  -0.0417 4.0779 -5.5805
v  0.3276 3.7781 -5.3640
v  0.2252 3.7962 -5.2520
v  0.2818 3.9414 -5.4423
v  0.1858 3.9671 -5.3112
v  -0.0190 4.1103 -5.2943
v  -0.1381 4.1135 -5.4098
v  0.0680 3.9747 -5.1951
v  0.0888 4.0929 -5.4444
v  -0.2180 4.1072 -5.4626
v  0.1786 4.0475 -5.5969
v  0.1025 3.8067 -5.1602
v  -1.5660 5.5661 -6.1800
v  -1.6776 5.5412 -6.0371
v  -1.5078 5.6076 -5.9351
v  -1.4216 5.6290 -6.0990
v  -1.7245 5.4395 -5.8862
v  -1.5792 5.5053 -5.7930
v  -1.4105 5.4721 -5.7182
v  -1.2817 5.3430 -5.6728
v  -1.1979 5.4181 -5.8024
v  -1.3323 5.5524 -5.8577
v  -1.2618 5.5985 -6.0194
v  -1.1302 5.4733 -5.9573
v  -1.0978 5.2895 -5.9276
v  -1.1674 5.2291 -5.7756
v  -1.2328 5.1674 -5.6288
v  -0.2212 5.5751 -8.1116
v  -0.1733 5.6163 -8.1392
v  -0.4287 5.8502 -8.1852
v  -0.3994 5.9324 -8.2700
v  -0.6413 6.0265 -8.2904
v  -0.5406 6.0008 -8.2957
v  -0.5642 5.9519 -8.2108
v  -0.6675 5.9758 -8.2081
v  -0.7911 6.1945 -8.2193
v  -0.7399 6.0943 -8.2669
v  -0.7723 6.0434 -8.1840
v  -0.8255 6.1460 -8.1304
v  -0.8005 6.2990 -8.1684
v  -0.8347 6.2492 -8.0760
v  -0.7916 6.3469 -8.0187
v  -0.7576 6.3985 -8.1128
v  -0.6815 6.4110 -7.9650
v  -0.6520 6.4691 -8.0597
v  -0.5618 6.4411 -7.9129
v  -0.5281 6.4916 -8.0113
v  -0.3470 6.3813 -7.9332
v  -0.4253 6.4628 -7.9595
v  -0.4631 6.4151 -7.8603
v  -0.3930 6.3327 -7.8392
v  -0.3518 6.2310 -7.8637
v  -0.3104 6.2783 -7.9558
v  -0.3396 6.1354 -7.9139
v  -0.2986 6.1864 -8.0034
v  -0.0359 5.6478 -7.9381
v  -0.2217 5.9424 -7.9626
v  0.0300 5.6906 -8.0656
v  -0.1691 6.0232 -8.0997
v  -0.2991 6.0758 -7.9451
v  -0.2511 6.1283 -8.0434
v  -0.0718 5.6500 -8.1562
v  -0.2385 5.9491 -8.2297
v  -0.5810 6.1791 -8.5036
v  -0.4909 6.1482 -8.4956
v  -0.5195 6.0709 -8.3938
v  -0.6169 6.0976 -8.3974
v  -0.3992 6.1439 -8.4625
v  -0.4161 6.0611 -8.3769
v  -0.7019 6.1676 -8.3804
v  -0.6502 6.2448 -8.4952
v  -0.7470 6.2646 -8.3470
v  -0.6904 6.3318 -8.4783
v  -0.7485 6.3709 -8.3065
v  -0.6861 6.4338 -8.4513
v  -0.6996 6.4681 -8.2617
v  -0.6363 6.5253 -8.4210
v  -0.6011 6.5317 -8.2224
v  -0.5487 6.5829 -8.3965
v  -0.4871 6.5445 -8.1858
v  -0.4455 6.5967 -8.3690
v  -0.2819 6.4852 -8.2914
v  -0.3517 6.5559 -8.3290
v  -0.3861 6.5175 -8.1370
v  -0.2992 6.4475 -8.0999
v  -0.5964 6.2981 -8.6006
v  -0.5301 6.2462 -8.6032
v  -0.6338 6.3717 -8.5883
v  -0.5817 6.3946 -8.6427
v  -0.5354 6.3608 -8.6659
v  -0.4699 6.3277 -8.6731
v  -0.6329 6.4623 -8.5698
v  -0.5659 6.4613 -8.6462
v  -0.5874 6.5423 -8.5483
v  -0.5503 6.5269 -8.6170
v  -0.2528 6.3372 -8.2713
v  -0.2489 6.4088 -8.2716
v  -0.2646 6.3505 -8.1041
v  -0.2550 6.2683 -8.1279
v  -0.5060 6.5941 -8.5324
v  -0.4820 6.5507 -8.6325
v  -0.4061 6.6088 -8.5119
v  -0.3899 6.5525 -8.6184
v  -0.4941 6.4557 -8.6843
v  -0.4137 6.4453 -8.6883
v  -0.3170 6.3123 -8.5936
v  -0.3932 6.3149 -8.6506
v  -0.3430 6.4284 -8.6575
v  -0.2949 6.4091 -8.6058
v  -0.3147 6.5265 -8.5910
v  -0.2609 6.4798 -8.5503
v  -0.3206 6.5669 -8.4772
v  -0.2615 6.5019 -8.4386
v  -0.2941 6.2197 -8.3240
v  -0.2491 6.1443 -8.2191
v  -0.3067 6.0918 -8.3081
v  -0.3306 6.1675 -8.3876
v  -0.4455 6.2224 -8.5907
v  -0.3705 6.2237 -8.5441
v  -0.2716 6.2744 -8.2881
v  -0.2457 6.3829 -8.4757
v  -0.2425 6.3727 -8.3931
v  -0.2654 6.3187 -8.4202
v  -0.2686 6.3543 -8.5224
v  -0.2958 6.2677 -8.4563
v  -0.3265 6.2211 -8.4720
v  -0.2438 6.4264 -8.5028
v  -0.2684 6.3984 -8.5598
v  -0.2387 6.4327 -8.4047
v  -0.8877 0.1095 -0.7971
v  -0.9260 0.2188 -0.9685
v  -0.7375 0.2946 -0.9182
v  -0.7237 0.1980 -0.7409
v  -1.0344 0.2656 -0.9114
v  -1.0010 0.1469 -0.7464
v  -0.4773 0.2361 -0.8792
v  -0.4834 0.1237 -0.7104
v  -0.2464 -0.1157 -0.4561
v  -0.2490 -0.0583 -0.5549
v  -0.0943 -0.1290 -0.5325
v  -0.0973 -0.1819 -0.4347
v  0.0105 -0.1895 -0.5248
v  0.0028 -0.2401 -0.4272
v  0.6188 -0.4292 -0.8636
v  0.5285 -0.3751 -0.8776
v  0.7108 -0.4752 -0.8429
v  0.6122 -0.5200 -0.6252
v  0.5361 -0.4808 -0.6465
v  0.4634 -0.4365 -0.6648
v  0.8175 -0.5134 -0.8180
v  0.7103 -0.5567 -0.6055
v  0.9256 -0.5323 -0.7854
v  0.8182 -0.5836 -0.5838
v  0.4019 -0.5001 -0.4258
v  0.4271 -0.4716 -0.5260
v  0.4947 -0.5110 -0.5085
v  0.4709 -0.5375 -0.4122
v  0.5659 -0.5472 -0.4894
v  0.5539 -0.5725 -0.3997
v  1.0142 -0.5204 -0.7454
v  0.9221 -0.5879 -0.5551
v  0.9648 -0.6099 -0.4090
v  1.0198 -0.5812 -0.3736
v  0.9808 -0.6156 -0.2959
v  0.9258 -0.6440 -0.3313
v  1.0566 -0.5496 -0.3374
v  1.0165 -0.5819 -0.2556
v  1.0706 -0.4946 -0.3021
v  1.0302 -0.5293 -0.2125
v  1.0117 -0.4536 -0.2936
v  0.9825 -0.4809 -0.1908
v  0.9424 -0.4462 -0.2823
v  0.9204 -0.4684 -0.1768
v  0.8446 -0.4352 -0.2560
v  0.8291 -0.4593 -0.1500
v  0.7041 -0.4086 -0.2076
v  0.6844 -0.4378 -0.0976
v  0.5258 -0.3404 -0.1561
v  0.5117 -0.3752 -0.0450
v  0.3983 -0.1256 -0.4641
v  0.3690 -0.1781 -0.2736
v  0.2401 0.0385 -0.4416
v  0.2087 -0.0234 -0.2597
v  0.1740 -0.1098 -0.0163
v  0.3345 -0.2528 -0.0208
v  0.3477 -0.2143 -0.1319
v  0.1857 -0.0680 -0.1244
v  0.1236 0.1686 -0.4357
v  0.0952 0.0985 -0.2645
v  0.0283 0.2629 -0.4432
v  -0.0075 0.1862 -0.2792
v  -0.0518 0.1109 -0.0371
v  0.0473 0.0128 -0.0241
v  0.0687 0.0508 -0.1336
v  -0.0343 0.1411 -0.1489
v  -0.5473 0.6749 -0.4704
v  -0.6548 0.7786 -0.4307
v  -0.6673 0.6875 -0.2755
v  -0.5539 0.5911 -0.3084
v  -0.7947 0.8308 -0.4155
v  -0.8128 0.7336 -0.2766
v  -0.8526 0.6048 -0.0871
v  -0.7055 0.5493 -0.0766
v  -0.6882 0.6126 -0.1662
v  -0.8345 0.6633 -0.1725
v  -0.5677 0.5281 -0.1893
v  -0.5788 0.4771 -0.0905
v  -0.9688 0.8221 -0.4352
v  -0.9801 0.7304 -0.3275
v  -1.0968 0.7125 -0.5277
v  -1.1087 0.6400 -0.4285
v  -1.1486 0.5773 -0.2704
v  -1.0097 0.6026 -0.1746
v  -0.9935 0.6590 -0.2479
v  -1.1315 0.6162 -0.3389
v  -1.3514 0.6430 -0.5056
v  -1.3466 0.7065 -0.5807
v  -1.3694 0.6482 -0.6265
v  -1.3643 0.5931 -0.5477
v  -1.2514 0.6580 -0.4615
v  -1.2397 0.7170 -0.5491
v  -1.3614 0.5639 -0.3806
v  -1.2764 0.5784 -0.3380
v  -1.2657 0.6157 -0.3953
v  -1.3553 0.5973 -0.4427
v  -1.3739 0.5527 -0.4780
v  -1.3851 0.5201 -0.4117
v  -1.3620 0.5103 -0.5007
v  -1.3836 0.4731 -0.4322
v  0.3315 -0.2438 -0.8786
v  0.2911 -0.3235 -0.6755
v  0.2196 -0.2737 -0.6710
v  0.2549 -0.1917 -0.8707
v  0.0846 -0.2414 -0.5272
v  0.0736 -0.2885 -0.4280
v  0.1455 -0.2851 -0.5326
v  0.1313 -0.3287 -0.4319
v  0.4281 -0.3086 -0.8814
v  0.3769 -0.3811 -0.6740
v  0.3456 -0.4233 -0.5359
v  0.2643 -0.3725 -0.5389
v  0.3215 -0.4550 -0.4339
v  0.2429 -0.4083 -0.4365
v  0.1890 -0.3674 -0.4361
v  0.2067 -0.3276 -0.5381
v  -0.1716 0.2875 -0.3142
v  -0.0935 0.2448 -0.2956
v  -0.0570 0.3255 -0.4569
v  -0.1363 0.3719 -0.4743
v  -0.2054 0.2219 -0.0644
v  -0.1321 0.1774 -0.0490
v  -0.1171 0.2041 -0.1631
v  -0.1929 0.2469 -0.1803
v  -0.3360 0.3953 -0.3412
v  -0.2484 0.3337 -0.3320
v  -0.2137 0.4226 -0.4899
v  -0.3045 0.4871 -0.4975
v  -0.3733 0.2949 -0.1082
v  -0.2807 0.2579 -0.0865
v  -0.2696 0.2860 -0.2009
v  -0.3590 0.3365 -0.2160
v  -0.4294 0.5676 -0.4965
v  -0.4518 0.4761 -0.3393
v  -0.4657 0.4193 -0.2135
v  -0.4719 0.3798 -0.1065
v  -0.4682 0.0431 -0.5869
v  -0.6983 0.1314 -0.6024
v  -0.4573 -0.0215 -0.4857
v  -0.6820 0.0697 -0.4931
v  -1.2626 0.2393 -0.6944
v  -1.2935 0.3722 -0.7796
v  -1.2147 0.3742 -0.7934
v  -1.2035 0.2305 -0.6805
v  -1.1558 0.3490 -0.8266
v  -1.1459 0.2039 -0.6902
v  -0.8425 -0.0324 -0.5542
v  -0.9739 -0.0526 -0.5405
v  -0.9855 0.0446 -0.6292
v  -0.8630 0.0323 -0.6666
v  -1.0968 0.3152 -0.8613
v  -1.0808 0.1755 -0.7115
v  -1.2558 0.0847 -0.5933
v  -1.2562 0.1513 -0.6366
v  -1.2005 0.1300 -0.6091
v  -1.1982 0.0524 -0.5579
v  -1.1383 0.0949 -0.6026
v  -1.1321 0.0075 -0.5408
v  -1.0704 0.0657 -0.6071
v  -1.0635 -0.0310 -0.5312
v  0.8773 -0.6250 -0.4390
v  0.7733 -0.6121 -0.4596
v  0.8412 -0.6535 -0.3566
v  0.7429 -0.6373 -0.3718
v  0.6443 -0.6080 -0.3857
v  0.6591 -0.5830 -0.4728
v  -1.3244 0.4650 -0.5236
v  -1.3466 0.4164 -0.4504
v  -1.3011 0.4055 -0.5521
v  -1.3183 0.3522 -0.4781
v  -1.3111 0.2138 -0.6111
v  -1.3014 0.2768 -0.6324
v  -1.3018 0.2609 -0.6765
v  -1.2979 0.1823 -0.6346
v  -1.2950 0.1252 -0.5914
v  -1.3155 0.1644 -0.5759
v  -1.2983 0.3792 -0.7102
v  -1.2900 0.3652 -0.6406
v  -1.3095 0.2290 -0.5887
v  -1.3052 0.2704 -0.5893
v  -1.3168 0.1995 -0.5591
v  -1.3140 0.2412 -0.5437
v  -1.2989 0.3344 -0.5760
v  -1.3124 0.2925 -0.5136
v  -0.2420 6.2011 -8.1630
# 3363 vertices

vn -0.7293 0.3414 -0.5929
vn -0.8487 0.2584 -0.4615
vn -0.8480 0.2541 -0.4652
vn -0.7350 0.3643 -0.5719
vn -0.8182 0.2756 -0.5046
vn -0.7629 0.3931 -0.5133
vn -0.8026 0.3030 -0.5138
vn -0.8193 0.2979 -0.4899
vn -0.7623 0.3332 -0.5548
vn -0.7932 0.3090 -0.5247
vn -0.7623 0.3236 -0.5605
vn -0.8243 0.2908 -0.4858
vn -0.8205 0.2955 -0.4894
vn -0.7534 0.3339 -0.5665
vn -0.7416 0.3453 -0.5751
vn 0.0319 0.5145 -0.8569
vn -0.3219 0.4955 -0.8067
vn -0.3400 0.4430 -0.8295
vn -0.0768 0.2568 -0.9634
vn -0.4107 0.4364 -0.8005
vn -0.2485 0.1891 -0.9500
vn -0.1634 0.5529 -0.8171
vn -0.2877 0.5159 -0.8069
vn 0.0716 0.5252 -0.8479
vn 0.1373 0.4773 -0.8679
vn -0.5488 0.5062 -0.6653
vn -0.5415 0.4483 -0.7112
vn -0.4513 0.4883 -0.7469
vn -0.4626 0.5130 -0.7231
vn -0.3966 0.4733 -0.7866
vn -0.4974 0.4281 -0.7545
vn -0.3165 0.5183 -0.7945
vn -0.3391 0.5232 -0.7819
vn -0.3447 0.5069 -0.7901
vn -0.4271 0.5553 -0.7136
vn -0.4955 0.5607 -0.6634
vn -0.4070 0.5246 -0.7477
vn -0.3439 0.5062 -0.7909
vn -0.3228 0.4870 -0.8115
vn -0.3179 0.4763 -0.8198
vn -0.1448 0.5094 -0.8483
vn -0.1731 0.5037 -0.8463
vn -0.1550 0.4458 -0.8816
vn 0.8443 -0.0623 -0.5322
vn 0.8488 -0.0712 -0.5240
vn 0.8817 -0.4173 0.2201
vn 0.8796 -0.3705 0.2984
vn 0.9420 -0.3348 -0.0236
vn 0.8270 -0.1233 -0.5486
vn 0.4506 -0.5131 0.7305
vn 0.1946 -0.4623 0.8651
vn 0.2543 -0.3546 0.8998
vn 0.6568 -0.4145 0.6299
vn 0.6148 -0.4322 0.6597
vn 0.7187 -0.3813 0.5814
vn 0.6555 -0.4316 0.6196
vn 0.7427 -0.3727 0.5563
vn 0.5635 -0.4563 0.6886
vn 0.5110 -0.5138 0.6891
vn 0.3769 -0.5466 0.7478
vn 0.2249 -0.5868 0.7778
vn 0.3495 -0.6793 0.6453
vn 0.3572 -0.6621 0.6589
vn 0.4234 -0.5556 0.7156
vn 0.3759 -0.5571 0.7405
vn 0.5252 -0.5820 0.6208
vn 0.5374 -0.5139 0.6687
vn 0.4595 -0.4935 0.7385
vn 0.3805 -0.4922 0.7829
vn 0.6211 -0.6783 0.3926
vn 0.6111 -0.5770 0.5419
vn 0.7323 -0.4891 0.4738
vn 0.7497 -0.5707 0.3351
vn -0.3577 -0.6182 0.6999
vn -0.4437 -0.5927 0.6722
vn -0.2499 -0.5736 0.7801
vn -0.1206 -0.5972 0.7930
vn -0.3698 -0.5472 0.7509
vn -0.4740 -0.5710 0.6702
vn -0.7802 0.4366 -0.4480
vn -0.7402 0.4288 -0.5179
vn -0.4681 0.6604 -0.5872
vn -0.5157 0.6952 -0.5007
vn -0.4984 0.5489 -0.6710
vn -0.7373 0.3414 -0.5830
vn -0.2838 0.6774 -0.6786
vn -0.3272 0.7464 -0.5795
vn -0.3655 0.7897 -0.4927
vn -0.4201 0.4785 -0.7711
vn -0.3233 0.3978 -0.8586
vn -0.7280 0.3738 -0.5747
vn -0.6569 0.4326 -0.6175
vn -0.3846 0.5996 -0.7018
vn -0.2605 0.6350 -0.7273
vn 0.0261 0.9493 -0.3133
vn -0.1290 0.8314 -0.5405
vn -0.2789 0.7332 -0.6202
vn -0.0972 0.8733 -0.4773
vn -0.5363 0.5763 -0.6166
vn -0.3937 0.7183 -0.5736
vn -0.8084 0.2771 -0.5193
vn -0.7975 0.2410 -0.5531
vn -0.7470 0.3204 -0.5825
vn -0.7770 0.2915 -0.5579
vn -0.7560 0.3210 -0.5704
vn -0.6853 0.4361 -0.5832
vn -0.8093 0.2621 -0.5257
vn -0.8210 0.2731 -0.5014
vn -0.2292 0.0585 -0.9716
vn -0.3095 -0.1020 -0.9454
vn -0.3636 -0.1676 -0.9164
vn -0.3606 0.1348 -0.9229
vn -0.3449 0.3350 -0.8768
vn -0.2484 0.7875 -0.5640
vn -0.2631 0.7501 -0.6068
vn -0.3683 0.2069 -0.9064
vn -0.0938 0.9676 -0.2344
vn -0.0090 0.9947 -0.1024
vn -0.1142 0.9835 -0.1400
vn -0.1217 0.9760 -0.1806
vn -0.4012 0.2445 -0.8827
vn -0.4524 -0.1660 -0.8762
vn -0.4891 -0.1328 -0.8621
vn -0.4429 0.3235 -0.8362
vn 0.5016 -0.6811 -0.5334
vn 0.2736 -0.2823 -0.9195
vn 0.5922 0.0158 -0.8056
vn 0.8465 -0.4156 -0.3327
vn -0.0310 0.0587 -0.9978
vn 0.0878 0.3351 -0.9381
vn 0.2414 0.5385 -0.8073
vn 0.7047 0.2460 -0.6655
vn 0.9732 -0.1736 -0.1506
vn 0.3927 0.6774 -0.6221
vn 0.5629 0.7157 -0.4134
vn 0.6714 0.7331 -0.1082
vn 0.8252 0.5037 0.2556
vn 0.9802 0.1773 0.0877
vn 0.7557 0.5273 -0.3884
vn 0.2264 -0.9488 -0.2201
vn 0.5930 -0.7243 -0.3517
vn 0.4626 -0.4773 -0.7471
vn 0.3713 -0.9257 -0.0725
vn 0.1455 -0.7730 -0.6175
vn 0.1667 -0.9521 0.2562
vn 0.2590 -0.9510 0.1688
vn 0.3660 -0.8983 0.2432
vn 0.6938 -0.7013 0.1639
vn 0.6179 -0.6808 0.3933
vn 0.4642 -0.8214 0.3313
vn 0.4220 -0.8900 0.1726
vn 0.6688 -0.6754 0.3107
vn 0.6025 -0.5812 0.5470
vn -0.1662 0.6817 -0.7125
vn -0.2874 0.6901 -0.6642
vn -0.3472 0.4561 -0.8194
vn -0.2416 0.4826 -0.8419
vn -0.3235 0.6811 -0.6568
vn -0.3676 0.4409 -0.8189
vn -0.3277 0.1940 -0.9246
vn -0.3765 0.1125 -0.9196
vn -0.2163 0.2553 -0.9424
vn -0.2169 0.3922 -0.8939
vn -0.2368 0.3311 -0.9134
vn -0.2282 0.3305 -0.9158
vn -0.0475 0.7817 -0.6218
vn -0.1069 0.7374 -0.6669
vn -0.1790 0.6532 -0.7357
vn 0.4630 -0.6519 0.6005
vn 0.4667 -0.6836 0.5611
vn 0.1733 -0.9786 0.1109
vn 0.1796 -0.9715 0.1546
vn 0.0718 -0.9513 0.2998
vn 0.2538 -0.6541 0.7125
vn 0.0354 -0.9970 0.0681
vn 0.1662 -0.9778 0.1277
vn 0.1664 -0.9751 0.1463
vn 0.5460 0.4516 0.7056
vn 0.5990 0.4638 0.6527
vn 0.6332 -0.0255 0.7736
vn 0.5893 -0.0294 0.8074
vn 0.4374 -0.0870 0.8951
vn 0.4809 0.4153 0.7722
vn 0.6015 0.4265 0.6755
vn 0.5259 0.4942 0.6923
vn 0.4576 0.6461 0.6109
vn 0.5414 0.6616 0.5188
vn 0.4882 0.6415 0.5917
vn 0.5358 0.3510 0.7679
vn 0.6737 -0.4659 0.5736
vn 0.5898 -0.4397 0.6773
vn 0.5110 -0.6642 0.5456
vn 0.5427 -0.3504 0.7633
vn 0.6598 -0.2708 0.7010
vn 0.6047 -0.3001 0.7378
vn 0.5342 0.2761 0.7990
vn 0.7091 0.0440 0.7037
vn 0.6667 -0.1194 0.7357
vn 0.5406 -0.0465 0.8400
vn 0.6640 -0.2356 0.7096
vn 0.7346 -0.1709 0.6567
vn -0.7904 0.3037 -0.5320
vn -0.8198 0.3609 -0.4447
vn -0.5465 0.6414 -0.5385
vn -0.5304 0.5770 -0.6211
vn -0.2967 0.7730 -0.5608
vn -0.2451 0.7458 -0.6195
vn -0.2393 0.7667 -0.5957
vn -0.1769 0.7627 -0.6220
vn -0.3711 0.7758 -0.5103
vn -0.4416 0.6903 -0.5732
vn -0.3333 0.6807 -0.6524
vn -0.2835 0.6856 -0.6705
vn -0.4722 0.5589 -0.6817
vn -0.4424 0.5611 -0.6996
vn -0.5072 0.5619 -0.6535
vn -0.5662 0.4927 -0.6608
vn -0.5368 0.4748 -0.6974
vn -0.4917 0.4802 -0.7263
vn -0.4754 0.4480 -0.7572
vn -0.4398 0.4518 -0.7762
vn -0.5151 0.4940 -0.7004
vn -0.4735 0.4928 -0.7300
vn -0.4526 0.4371 -0.7772
vn -0.4398 0.4377 -0.7842
vn 0.4748 -0.4020 0.7829
vn 0.9020 -0.3631 0.2335
vn 0.9561 -0.2704 -0.1132
vn 0.8305 -0.4917 0.2619
vn 0.5885 -0.5971 0.5452
vn 0.4011 -0.4335 0.8070
vn 0.6427 -0.3470 0.6830
vn 0.4050 -0.2901 0.8671
vn 0.9155 -0.3667 0.1654
vn 0.5413 -0.3993 0.7399
vn 0.5897 -0.4308 0.6831
vn 0.4738 -0.4528 0.7553
vn 0.4209 -0.4580 0.7830
vn 0.4659 -0.5218 0.7146
vn 0.5343 -0.5605 0.6327
vn 0.4390 -0.5082 0.7410
vn 0.4275 -0.4725 0.7707
vn 0.4129 -0.4677 0.7815
vn 0.8032 -0.2856 0.5227
vn 0.6218 -0.4681 0.6279
vn 0.5922 -0.4984 0.6331
vn 0.7783 -0.3251 0.5372
vn 0.5519 -0.5187 0.6530
vn 0.5562 -0.5299 0.6402
vn 0.5780 -0.5212 0.6280
vn 0.5913 -0.5204 0.6161
vn 0.7601 -0.3536 0.5452
vn -0.3884 0.5340 -0.7510
vn -0.4147 0.5406 -0.7319
vn -0.4123 0.3589 -0.8374
vn -0.3830 0.3874 -0.8386
vn -0.4435 0.3539 -0.8235
vn -0.4323 0.5299 -0.7296
vn -0.4434 0.2376 -0.8643
vn -0.3248 0.2852 -0.9018
vn -0.2392 0.3446 -0.9078
vn 0.1420 -0.7582 0.6363
vn 0.6832 -0.3890 0.6180
vn 0.7061 -0.3885 0.5921
vn 0.1892 -0.7804 0.5960
vn 0.7410 -0.3844 0.5506
vn 0.1970 -0.7858 0.5863
vn 0.6943 0.1470 0.7045
vn 0.7753 0.3027 0.5543
vn 0.8121 0.3643 0.4559
vn 0.7447 0.2222 0.6293
vn 0.8346 0.5100 0.2083
vn 0.9121 0.0841 0.4012
vn 0.9864 0.1579 0.0458
vn 0.7958 0.0531 0.6033
vn -0.0311 0.9160 -0.4000
vn -0.0329 0.9001 -0.4345
vn 0.0030 0.9651 -0.2619
vn -0.0865 0.8795 -0.4679
vn -0.1604 0.8590 -0.4861
vn -0.0463 0.8839 -0.4654
vn 0.7900 0.1897 0.5831
vn 0.7934 0.0865 0.6026
vn 0.7231 0.1697 0.6695
vn 0.7191 -0.0869 0.6895
vn 0.5698 0.2371 0.7869
vn 0.5951 -0.0654 0.8010
vn 0.8276 -0.1751 0.5333
vn 0.6809 -0.2655 0.6826
vn 0.6600 -0.3955 0.6388
vn 0.8240 -0.2429 0.5119
vn 0.5745 -0.4567 0.6792
vn 0.6039 -0.3019 0.7377
vn -0.2287 0.8498 -0.4749
vn -0.2669 0.8298 -0.4901
vn -0.6377 0.5638 -0.5248
vn -0.5996 0.6095 -0.5186
vn -0.8134 0.3069 -0.4941
vn -0.8001 0.3172 -0.5092
vn -0.2243 0.8034 -0.5515
vn -0.5563 0.5860 -0.5892
vn -0.7885 0.3029 -0.5353
vn -0.0548 0.8569 -0.5125
vn 0.0538 0.9516 -0.3026
vn 0.0250 0.9274 -0.3731
vn 0.0116 0.9043 -0.4268
vn -0.1856 0.7458 -0.6398
vn -0.0905 0.8362 -0.5408
vn -0.1221 0.9313 -0.3432
vn -0.2969 0.7038 -0.6453
vn -0.3704 0.5268 -0.7651
vn -0.2505 0.8151 -0.5224
vn -0.4445 0.4731 -0.7607
vn -0.4016 0.5683 -0.7181
vn -0.3733 0.5470 -0.7493
vn -0.3295 0.8542 -0.4023
vn -0.3414 0.7765 -0.5296
vn -0.3666 0.5084 -0.7792
vn -0.2679 0.9397 -0.2126
vn -0.2758 0.9568 -0.0918
vn -0.3992 0.3974 -0.8262
vn -0.4075 0.4368 -0.8020
vn 0.7953 -0.3168 0.5169
vn 0.8094 -0.2268 0.5417
vn 0.9035 -0.2467 0.3505
vn 0.8576 -0.3544 0.3727
vn 0.9771 -0.1993 -0.0749
vn 0.9487 -0.2917 -0.1218
vn 0.6184 -0.3037 0.7248
vn 0.8621 -0.3259 0.3880
vn 0.9476 -0.2803 -0.1530
vn 0.5495 -0.0906 0.8305
vn 0.5307 -0.0314 0.8470
vn 0.4944 -0.1672 0.8530
vn 0.4392 -0.3467 0.8288
vn 0.4747 -0.3386 0.8124
vn 0.4880 -0.3396 0.8041
vn 0.4193 -0.4058 0.8121
vn 0.4470 -0.3998 0.8002
vn 0.4483 -0.3797 0.8092
vn 0.6970 -0.1929 0.6907
vn 0.7993 0.0042 0.6009
vn 0.6068 -0.1555 0.7795
vn 0.6839 -0.3777 0.6242
vn 0.0774 -0.7198 0.6899
vn 0.0344 -0.7079 0.7055
vn 0.6842 -0.3601 0.6342
vn 0.5571 0.2979 -0.7752
vn 0.7100 0.1535 -0.6873
vn 0.6634 -0.2345 -0.7106
vn 0.3620 -0.0195 -0.9320
vn 0.7388 -0.3062 -0.6003
vn 0.7629 0.0752 -0.6421
vn 0.5863 -0.6151 -0.5271
vn 0.4187 -0.6146 -0.6685
vn 0.2512 -0.4041 -0.8795
vn -0.8859 0.2672 0.3793
vn -0.9897 0.1181 0.0807
vn -0.9006 -0.2505 0.3553
vn -0.8595 0.1175 0.4974
vn -0.6882 -0.7151 -0.1221
vn -0.9077 -0.1959 -0.3711
vn -0.3941 -0.9180 0.0437
vn -0.7867 -0.4449 0.4281
vn -0.8331 0.0088 0.5530
vn -0.6282 0.7140 0.3092
vn -0.8152 0.4912 0.3068
vn -0.7533 0.4151 0.5101
vn -0.5545 0.7008 0.4489
vn -0.7263 0.3763 0.5753
vn -0.5622 0.6642 0.4928
vn 0.5395 0.5745 -0.6156
vn 0.6635 0.4903 -0.5651
vn 0.2722 0.6363 -0.7218
vn -0.0912 0.8905 -0.4457
vn 0.1679 0.9332 -0.3176
vn 0.2600 0.9414 -0.2150
vn 0.7030 0.1523 -0.6947
vn 0.7028 -0.2837 -0.6524
vn 0.4217 -0.1557 -0.8933
vn 0.2088 0.3242 -0.9227
vn 0.4011 -0.5300 -0.7472
vn 0.5818 -0.6056 -0.5429
vn 0.3878 -0.8034 -0.4519
vn -0.1412 -0.9855 -0.0937
vn 0.2301 -0.8957 -0.3804
vn 0.2911 -0.7464 -0.5984
vn 0.0564 -0.9798 -0.1917
vn -0.6024 -0.6751 0.4259
vn -0.7159 -0.1241 0.6871
vn -0.2308 -0.8774 0.4207
vn -0.3470 -0.3591 0.8664
vn -0.6144 0.3383 0.7128
vn -0.4706 0.6396 0.6078
vn -0.3225 0.1884 0.9276
vn -0.2666 0.5684 0.7784
vn -0.2829 0.8926 0.3512
vn -0.2784 0.9201 0.2755
vn -0.2045 0.8308 0.5176
vn -0.1277 0.9858 0.1092
vn 0.0361 0.9847 -0.1704
vn 0.4876 0.5877 -0.6456
vn -0.0157 0.8257 -0.5639
vn -0.0947 0.4992 -0.8613
vn -0.0495 0.0135 -0.9987
vn -0.1011 0.1672 -0.9807
vn -0.1575 0.6010 -0.7836
vn -0.0853 -0.3682 -0.9258
vn 0.0446 -0.4432 -0.8953
vn 0.1343 -0.7590 -0.6371
vn 0.0268 -0.8182 -0.5744
vn 0.1994 -0.9691 -0.1451
vn 0.1783 -0.9574 -0.2272
vn 0.1554 -0.9177 0.3657
vn 0.0950 -0.5192 0.8493
vn 0.2665 -0.9046 0.3326
vn 0.1678 -0.6390 0.7507
vn -0.0076 0.0080 0.9999
vn -0.1012 0.4653 0.8794
vn -0.0116 -0.1240 0.9922
vn -0.1260 0.4350 0.8916
vn -0.1514 0.7907 0.5932
vn -0.1468 0.9629 0.2264
vn -0.1637 0.7907 0.5899
vn -0.2142 0.9472 0.2386
vn -0.1299 0.9295 -0.3451
vn -0.2264 0.9347 -0.2740
vn 0.0330 -0.2867 -0.9575
vn 0.2089 -0.4619 -0.8620
vn 0.0970 -0.5206 -0.8483
vn -0.0440 -0.3014 -0.9525
vn 0.3293 -0.8500 -0.4112
vn 0.4180 -0.7675 -0.4861
vn 0.1715 -0.9302 -0.3245
vn -0.1916 -0.7315 -0.6544
vn -0.3271 -0.4337 -0.8396
vn -0.3380 0.1269 -0.9326
vn -0.6758 0.6156 -0.4053
vn -0.7986 0.4652 -0.3818
vn 0.0925 -0.3349 -0.9377
vn -0.3155 -0.0323 -0.9484
vn 0.1517 -0.4817 -0.8631
vn -0.3283 0.2014 -0.9229
vn -0.5760 0.6966 -0.4277
vn -0.4941 0.6715 0.5522
vn -0.7135 0.6756 0.1858
vn -0.6036 0.7971 0.0145
vn -0.3398 0.7524 0.5643
vn -0.5999 0.7954 -0.0861
vn -0.3905 0.8057 0.4454
vn -0.1630 0.5134 0.8425
vn -0.3808 0.4733 0.7943
vn -0.0992 0.5432 0.8337
vn 0.0995 0.1910 0.9765
vn 0.0417 0.1613 0.9860
vn -0.0742 0.1491 0.9860
vn 0.3068 -0.2494 0.9185
vn 0.2857 -0.2434 0.9269
vn 0.3437 -0.2459 0.9063
vn 0.5205 -0.6691 0.5304
vn 0.4812 -0.6140 0.6257
vn 0.5336 -0.6064 0.5895
vn 0.5679 -0.8229 0.0152
vn 0.4718 -0.6534 -0.5920
vn 0.4551 -0.5355 -0.7114
vn 0.5843 -0.7948 -0.1641
vn 0.5115 -0.8585 0.0371
vn 0.2664 -0.4178 -0.8686
vn 0.3486 -0.4857 -0.8016
vn -0.0317 -0.2683 -0.9628
vn 0.0106 -0.8109 -0.5850
vn -0.0096 -0.7948 -0.6068
vn -0.0950 -0.2618 -0.9604
vn 0.1226 -0.9897 -0.0734
vn 0.0249 -0.9985 -0.0479
vn 0.0251 -0.9292 0.3688
vn 0.1169 -0.9338 0.3381
vn 0.0511 -0.6757 0.7354
vn 0.0534 -0.6477 0.7600
vn -0.0516 -0.1210 0.9913
vn -0.1295 0.4904 0.8618
vn -0.0123 -0.0784 0.9968
vn -0.0990 0.5393 0.8363
vn -0.1816 0.8069 0.5621
vn -0.2671 0.9296 0.2541
vn -0.1700 0.8196 0.5471
vn -0.3005 0.9163 0.2647
vn -0.3558 0.9077 -0.2226
vn -0.5009 0.8538 -0.1417
vn -0.5892 0.4741 -0.6543
vn -0.3669 0.5900 -0.7193
vn -0.1874 0.2132 -0.9589
vn -0.3777 0.0853 -0.9220
vn -0.1177 -0.8784 -0.4632
vn -0.0080 -0.9992 0.0388
vn -0.4592 -0.3650 -0.8099
vn -0.8989 -0.2267 -0.3750
vn -0.5834 -0.8104 -0.0538
vn -0.2159 -0.9384 0.2698
vn -0.8072 0.5454 0.2257
vn -0.8884 0.1979 -0.4143
vn -0.6082 0.5890 0.5321
vn -0.7721 0.3411 0.5362
vn -0.8947 0.3639 0.2589
vn -0.9319 -0.2178 -0.2900
vn -0.0388 -0.4500 0.8922
vn -0.2412 -0.7670 0.5946
vn -0.6383 -0.2969 0.7102
vn -0.1936 -0.1782 0.9648
vn -0.7561 -0.4071 0.5124
vn -0.5819 0.1617 0.7971
vn -0.0075 0.0134 0.9999
vn 0.0035 -0.8939 0.4483
vn 0.0723 -0.6007 0.7962
vn -0.4554 0.4535 0.7661
vn -0.0282 0.1946 0.9805
vn 0.0944 -0.0598 0.9937
vn -0.0102 0.5414 0.8407
vn 0.1391 -0.1210 0.9829
vn 0.0427 0.4896 0.8709
vn -0.1455 0.8145 0.5616
vn -0.3707 0.8706 0.3235
vn -0.1573 0.7501 0.6424
vn -0.4324 0.8085 0.3993
vn -0.9875 -0.1313 -0.0872
vn -0.9107 -0.0909 0.4029
vn 0.5887 -0.2669 0.7630
vn 0.3503 -0.0385 0.9358
vn 0.3675 -0.0848 0.9262
vn 0.6039 -0.4374 0.6663
vn 0.6749 -0.5360 0.5071
vn 0.5575 -0.8180 0.1418
vn 0.7298 -0.4547 0.5105
vn 0.5022 -0.2363 0.8318
vn 0.6960 -0.1718 0.6972
vn 0.4837 -0.0830 0.8713
vn 0.7673 -0.6324 0.1064
vn 0.4508 -0.7932 -0.4095
vn 0.6245 -0.7667 -0.1488
vn 0.3332 -0.6778 -0.6554
vn 0.2546 -0.7433 -0.6186
vn 0.2128 -0.9087 -0.3591
vn 0.0164 -0.7500 -0.6613
vn -0.0915 -0.9499 -0.2988
vn -0.5040 -0.3916 -0.7698
vn -0.5919 -0.6551 -0.4696
vn -0.6143 -0.7099 -0.3445
vn -0.2982 -0.9464 -0.1239
vn -0.8878 -0.3371 -0.3134
vn -0.8820 -0.3551 -0.3097
vn -0.6721 -0.6730 -0.3090
vn -0.4020 -0.9033 -0.1500
vn -0.6878 -0.6498 -0.3234
vn -0.4325 -0.8736 -0.2233
vn -0.8398 -0.3946 -0.3729
vn -0.8043 -0.4235 -0.4168
vn -0.6639 -0.6530 -0.3646
vn -0.4099 -0.8762 -0.2536
vn -0.8803 0.1162 -0.4599
vn -0.7821 -0.4127 -0.4670
vn -0.8848 -0.2578 -0.3881
vn -0.9222 0.1613 -0.3514
vn -0.9185 -0.0816 -0.3869
vn -0.8427 -0.2758 -0.4623
vn -0.8476 0.0596 -0.5272
vn -0.4572 -0.8746 -0.1616
vn -0.3818 -0.8864 -0.2618
vn -0.3881 -0.8958 -0.2165
vn -0.8759 -0.3224 -0.3591
vn -0.8262 -0.5101 -0.2392
vn -0.4782 -0.8613 -0.1715
vn -0.5864 -0.7651 -0.2661
vn -0.6893 -0.6867 -0.2308
vn -0.2717 -0.9624 0.0016
vn 0.1183 -0.9801 0.1592
vn 0.0054 -1.0000 0.0056
vn -0.0984 -0.9861 -0.1340
vn -0.7172 -0.5733 -0.3962
vn -0.6150 -0.6656 -0.4228
vn -0.1490 -0.9269 -0.3446
vn -0.2376 -0.8337 -0.4984
vn -0.8868 -0.1968 -0.4182
vn 0.3899 -0.8903 -0.2351
vn 0.3468 -0.7992 -0.4909
vn 0.3921 -0.9199 0.0014
vn 0.6851 -0.7231 0.0885
vn 0.7544 -0.6491 -0.0979
vn 0.7529 -0.5583 -0.3485
vn -0.0965 -0.6525 0.7516
vn 0.2917 -0.5968 0.7475
vn 0.3187 -0.8264 0.4642
vn 0.3036 -0.9443 0.1269
vn 0.5968 -0.6497 0.4709
vn 0.5637 -0.6147 0.5517
vn 0.1888 -0.9820 0.0079
vn -0.0744 -0.9966 0.0363
vn -0.5171 -0.5660 0.6421
vn -0.1338 -0.7595 0.6365
vn -0.3838 0.0523 0.9219
vn -0.3398 -0.2690 0.9012
vn -0.0587 0.1170 0.9914
vn -0.1214 -0.1816 0.9759
vn -0.2857 -0.9540 0.0904
vn -0.9573 -0.2780 0.0798
vn -0.9986 -0.0093 -0.0518
vn -0.9578 -0.2015 -0.2050
vn -0.9518 0.0482 0.3028
vn -0.7810 0.2012 0.5912
vn -0.3992 0.4529 0.7972
vn -0.3658 0.4051 0.8379
vn -0.0454 0.4078 0.9120
vn -0.0395 0.5323 0.8456
vn -0.7798 -0.5528 -0.2937
vn -0.8426 -0.4894 -0.2247
vn -0.3355 -0.7511 -0.5686
vn -0.4853 -0.6839 -0.5447
vn -0.7741 -0.0477 0.6313
vn -0.9023 0.0057 0.4311
vn -0.8973 -0.4192 -0.1384
vn -0.8791 -0.3793 0.2888
vn -0.6475 -0.6581 -0.3843
vn -0.7507 -0.6595 -0.0387
vn 0.6580 -0.5765 -0.4844
vn 0.6543 -0.4876 -0.5781
vn 0.9265 -0.2016 -0.3177
vn 0.9140 -0.3881 -0.1183
vn 0.9578 -0.2255 -0.1782
vn 0.9805 0.1036 0.1672
vn 0.9857 -0.0306 0.1659
vn 0.9560 -0.0853 0.2808
vn 0.2499 -0.6991 -0.6700
vn 0.1636 -0.7141 -0.6806
vn 0.6391 0.3192 0.6998
vn 0.7008 -0.0031 0.7134
vn 0.5955 0.3851 0.7051
vn 0.0370 0.4501 0.8922
vn 0.2317 0.1719 0.9575
vn 0.6128 -0.6976 0.3713
vn -0.1301 -0.9363 0.3263
vn 0.0990 -0.9010 -0.4224
vn 0.7279 -0.6722 -0.1357
vn -0.3897 0.4371 0.8106
vn -0.3428 0.2116 0.9153
vn -0.3325 -0.3363 0.8811
vn 0.4924 -0.3183 0.8101
vn 0.8351 -0.4127 0.3636
vn -0.2410 -0.7440 0.6232
vn -0.2716 -0.6784 0.6826
vn 0.0053 -0.6856 0.7279
vn 0.0592 -0.7959 0.6025
vn 0.0820 -0.8276 0.5552
vn 0.1065 -0.7879 0.6065
vn -0.2606 -0.7575 0.5986
vn -0.2461 -0.7694 0.5895
vn -0.2125 -0.7649 0.6081
vn -0.2088 -0.7462 0.6322
vn -0.2178 -0.7544 0.6192
vn -0.0650 -0.8173 0.5726
vn -0.0676 -0.7998 0.5964
vn -0.0990 -0.7817 0.6158
vn 0.1406 -0.7090 0.6910
vn -0.2735 -0.7301 0.6262
vn 0.2040 -0.6089 0.7665
vn -0.2715 -0.7061 0.6540
vn -0.1814 -0.7514 0.6344
vn -0.0524 -0.7579 0.6503
vn -0.2029 -0.7019 0.6828
vn -0.0902 -0.6527 0.7522
vn 0.2756 -0.5583 0.7825
vn -0.2484 -0.7013 0.6682
vn 0.3705 -0.4904 0.7888
vn -0.1963 -0.6970 0.6897
vn -0.2699 -0.6784 0.6833
vn -0.3141 -0.6773 0.6653
vn -0.1116 -0.6422 0.7584
vn -0.1198 -0.6656 0.7366
vn -0.0077 -0.6694 0.7429
vn 0.6351 -0.2982 0.7125
vn 0.7011 -0.3024 0.6458
vn 0.0273 -0.6886 0.7246
vn 0.4991 -0.3784 0.7796
vn -0.1134 -0.6798 0.7246
vn -0.3159 -0.6857 0.6558
vn -0.2880 -0.7159 0.6361
vn -0.1406 -0.6809 0.7187
vn -0.1550 -0.7019 0.6952
vn -0.2034 -0.7133 0.6707
vn -0.2088 -0.6832 0.6998
vn -0.1171 -0.7366 0.6661
vn -0.4434 -0.6693 0.5962
vn -0.4833 -0.6139 0.6242
vn -0.2301 -0.6640 0.7115
vn -0.1897 -0.6258 0.7566
vn -0.5581 -0.5150 0.6506
vn -0.8880 0.2067 -0.4107
vn -0.9864 -0.1609 0.0329
vn -0.9746 -0.2201 0.0416
vn -0.8716 0.2209 -0.4377
vn -0.9996 -0.0273 -0.0008
vn -0.8733 0.2718 -0.4043
vn -0.1899 -0.7742 0.6038
vn -0.1529 -0.7511 0.6422
vn -0.5394 -0.6499 0.5354
vn -0.5789 -0.6776 0.4535
vn -0.9675 -0.2410 -0.0772
vn -0.8726 0.1409 -0.4676
vn -0.9511 -0.3081 0.0226
vn -0.9049 0.0267 -0.4248
vn -0.5963 -0.6329 0.4939
vn -0.2129 -0.7945 0.5687
vn -0.2563 -0.7501 0.6096
vn -0.6458 -0.5714 0.5064
vn -0.8308 0.2670 -0.4883
vn -0.8400 0.2626 -0.4747
vn -0.7666 0.2464 -0.5930
vn -0.7540 0.2503 -0.6073
vn -0.7696 0.1922 -0.6089
vn -0.7067 0.2968 -0.6423
vn -0.6896 0.3365 -0.6413
vn -0.7827 0.2693 -0.5611
vn -0.8078 0.2943 -0.5107
vn -0.9403 -0.2525 0.2284
vn -0.9878 0.0283 -0.1532
vn -0.9668 -0.0010 -0.2557
vn -0.9364 -0.3154 0.1537
vn -0.8705 0.1630 -0.4644
vn -0.8726 0.2075 -0.4421
vn -0.6799 0.3856 -0.6238
vn -0.7234 0.3558 -0.5918
vn -0.7200 0.4503 -0.5280
vn -0.7045 0.4364 -0.5597
vn -0.2928 -0.7052 0.6457
vn -0.6918 -0.5418 0.4774
vn -0.2612 -0.6948 0.6701
vn -0.7122 -0.5396 0.4491
vn -0.8820 0.2649 -0.3898
vn -0.8821 0.2313 -0.4104
vn -0.9925 0.0108 -0.1218
vn -0.9934 0.0020 -0.1143
vn -0.9470 -0.2342 0.2197
vn -0.9475 -0.2742 0.1642
vn -0.2423 -0.6658 0.7057
vn -0.7107 -0.5203 0.4734
vn -0.2472 -0.6126 0.7508
vn -0.6985 -0.4884 0.5231
vn -0.9536 -0.2548 0.1604
vn -0.9597 -0.2000 0.1976
vn -0.9926 0.1087 -0.0534
vn -0.9949 0.0464 -0.0900
vn -0.8706 0.3637 -0.3315
vn -0.7329 0.5083 -0.4521
vn -0.8707 0.4154 -0.2632
vn -0.7967 0.4623 -0.3893
vn -0.7615 0.3935 -0.5151
vn -0.8128 0.3336 -0.4776
vn -0.9784 0.2041 -0.0320
vn -0.9857 0.1684 -0.0045
vn -0.9567 -0.1404 0.2549
vn -0.9582 -0.1413 0.2489
vn -0.6757 -0.4710 0.5670
vn -0.6818 -0.4889 0.5442
vn -0.2535 -0.5918 0.7652
vn -0.2851 -0.6360 0.7171
vn -0.9193 0.3731 -0.1252
vn -0.8752 0.4332 -0.2153
vn -0.2422 -0.7592 0.6041
vn -0.2121 -0.7252 0.6550
vn -0.2357 -0.7870 0.5701
vn -0.5589 -0.6576 0.5052
vn -0.8458 0.2718 -0.4591
vn -0.8735 0.2015 -0.4431
vn -0.8689 0.3309 -0.3680
vn -0.9161 0.1972 -0.3490
vn -0.3712 -0.6707 0.6422
vn -0.7219 -0.5204 0.4561
vn -0.9158 0.3230 -0.2386
vn -0.9481 0.1758 -0.2649
vn -0.9898 0.1194 -0.0777
vn -0.9937 0.0007 -0.1123
vn -0.9578 -0.2198 0.1852
vn -0.9282 -0.3242 0.1825
vn -0.2463 -0.7977 0.5504
vn -0.5796 -0.6778 0.4525
vn -0.2571 -0.8085 0.5294
vn -0.5901 -0.6909 0.4176
vn -0.8965 0.1254 -0.4249
vn -0.9264 0.0701 -0.3701
vn -0.9423 0.0832 -0.3243
vn -0.9656 0.0136 -0.2595
vn -0.9631 0.0768 -0.2578
vn -0.9793 0.0347 -0.1992
vn -0.9924 -0.0757 -0.0971
vn -0.9934 -0.0980 -0.0589
vn -0.9019 -0.3898 0.1861
vn -0.8945 -0.4072 0.1847
vn -0.6048 -0.6882 0.4007
vn -0.2912 -0.8059 0.5154
vn -0.3387 -0.8144 0.4713
vn -0.6455 -0.6541 0.3943
vn -0.9625 0.0433 -0.2677
vn -0.9630 0.0523 -0.2643
vn -0.9854 -0.0564 -0.1608
vn -0.9825 -0.1434 -0.1191
vn -0.9886 -0.0154 -0.1495
vn -0.9865 -0.1260 -0.1044
vn -0.9925 -0.1113 -0.0507
vn -0.9860 -0.1600 -0.0463
vn -0.9017 -0.3971 0.1710
vn -0.9216 -0.3621 0.1399
vn -0.9465 0.0538 -0.3182
vn -0.9075 0.0340 -0.4187
vn -0.9709 -0.1880 -0.1481
vn -0.9459 -0.2609 -0.1929
vn -0.6481 -0.0744 -0.7579
vn -0.8975 0.0341 -0.4397
vn -0.7225 0.2853 -0.6298
vn -0.8394 0.3024 -0.4517
vn -0.8746 0.2639 -0.4068
vn -0.8798 0.0968 -0.4653
vn -0.9215 0.1460 -0.3599
vn -0.8653 0.3237 -0.3828
vn -0.9502 0.0987 -0.2955
vn -0.6193 0.7662 -0.1717
vn -0.6851 0.6968 -0.2121
vn -0.9679 -0.0184 -0.2505
vn -0.9643 -0.1109 0.2406
vn -0.3735 -0.5513 0.7461
vn -0.5219 -0.7137 0.4672
vn -0.9970 0.0366 -0.0683
vn -0.8793 0.3748 -0.2940
vn -0.9787 0.2045 -0.0181
vn -0.8434 -0.1892 0.5028
vn -0.2474 -0.3111 0.9176
vn -0.7845 -0.1119 0.6099
vn -0.3418 -0.0121 0.9397
vn -0.9718 0.0776 0.2228
vn -0.9536 0.0065 0.3009
vn -0.8487 -0.1182 0.5155
vn -0.6708 0.2166 0.7093
vn -0.5668 0.6261 -0.5354
vn -0.6045 0.6870 -0.4031
vn -0.4536 0.8127 -0.3657
vn -0.3875 0.7544 -0.5299
vn -0.5262 0.8439 -0.1050
vn -0.5614 0.7792 -0.2789
vn -0.6379 0.7175 -0.2797
vn -0.5364 0.7664 -0.3534
vn -0.4765 0.7496 -0.4593
vn -0.4119 0.4578 -0.7879
vn -0.2811 0.6951 -0.6616
vn -0.2631 0.6473 -0.7154
vn -0.3835 0.3786 -0.8424
vn -0.2839 0.7110 -0.6433
vn -0.2742 0.7426 -0.6111
vn -0.2095 0.6568 -0.7244
vn -0.2474 0.5699 -0.7836
vn -0.3762 0.3184 -0.8701
vn -0.2431 0.4880 -0.8383
vn -0.3986 0.2591 -0.8798
vn -0.1177 0.6089 -0.7845
vn -0.0856 0.6130 -0.7854
vn -0.2463 0.4883 -0.8372
vn -0.4802 0.2326 -0.8458
vn -0.6274 -0.1334 -0.7672
vn -0.5435 0.1775 -0.8205
vn -0.5106 0.1098 -0.8528
vn -0.5733 -0.2456 -0.7817
vn -0.4955 0.0209 -0.8684
vn -0.5530 -0.4498 -0.7014
vn -0.4837 -0.6929 -0.5347
vn -0.1872 -0.9794 -0.0755
vn -0.3350 -0.9398 -0.0678
vn -0.6297 -0.5415 -0.5570
vn -0.3337 -0.8779 -0.3434
vn -0.1086 -0.9917 -0.0690
vn -0.5554 -0.0680 -0.8288
vn -0.6125 -0.6796 -0.4037
vn -0.7050 -0.1298 -0.6973
vn -0.8000 -0.5781 -0.1603
vn -0.8323 -0.0074 -0.5543
vn -0.9050 -0.2961 -0.3054
vn -0.6693 0.2241 -0.7084
vn -0.0187 -0.8158 0.5780
vn -0.2161 -0.8819 0.4190
vn -0.0631 -0.9076 0.4151
vn 0.0044 -0.8771 0.4803
vn -0.5246 -0.8485 -0.0694
vn -0.6616 -0.7492 -0.0321
vn 0.0573 -0.9283 0.3673
vn 0.0423 -0.9493 0.3114
vn -0.9621 -0.2695 -0.0418
vn -0.9114 -0.4103 -0.0315
vn -0.9561 -0.2913 0.0313
vn -0.9067 -0.4217 0.0002
vn -0.8010 -0.5756 0.1646
vn -0.4109 -0.8526 0.3230
vn -0.4132 -0.8543 0.3153
vn -0.8461 -0.5254 -0.0897
vn 0.2650 -0.7711 0.5790
vn 0.3238 -0.7541 0.5713
vn -0.9203 -0.3758 0.1083
vn -0.9122 -0.4082 -0.0366
vn -0.2826 -0.9571 0.0646
vn 0.1638 -0.9325 0.3219
vn -0.6680 -0.6823 -0.2970
vn -0.8621 -0.5067 0.0052
vn -0.4800 -0.7064 0.5202
vn -0.9140 -0.4006 0.0646
vn -0.7791 -0.5313 0.3327
vn -0.3918 -0.9175 0.0678
vn 0.0164 -0.9447 0.3276
vn 0.1147 -0.9508 0.2877
vn -0.0357 -0.9559 0.2916
vn -0.9166 0.2312 -0.3261
vn -0.8950 -0.0471 -0.4435
vn -0.7630 -0.1230 -0.6345
vn -0.8342 -0.4640 -0.2980
vn -0.3832 -0.9104 -0.1562
vn -0.8260 -0.4336 -0.3601
vn -0.9591 0.0724 -0.2735
vn -0.9364 0.0564 -0.3463
vn -0.9797 0.0029 -0.2004
vn -0.9467 -0.1204 -0.2986
vn -0.9308 0.0768 -0.3573
vn -0.9109 0.2130 -0.3533
vn -0.8874 -0.3280 -0.3241
vn -0.8664 -0.2333 -0.4416
vn -0.9264 -0.1073 -0.3609
vn -0.9108 -0.3873 -0.1431
vn -0.6934 0.0902 -0.7149
vn -0.3834 0.2061 -0.9003
vn -0.6673 0.6687 -0.3280
vn -0.5720 0.7199 -0.3932
vn 0.0406 -0.8141 0.5793
vn 0.1083 -0.9897 0.0939
vn 0.3999 -0.9123 0.0884
vn 0.3555 -0.7571 0.5481
vn -0.1222 -0.0810 0.9892
vn 0.0500 0.0814 0.9954
vn -0.2726 0.5046 0.8192
vn -0.5495 0.1939 0.8127
vn -0.5515 0.7692 0.3228
vn -0.7917 0.5244 0.3133
vn -0.6386 0.7579 -0.1331
vn -0.7666 0.6287 -0.1306
vn 0.1822 -0.3479 0.9197
vn -0.0903 -0.4509 0.8880
vn -0.7388 -0.6476 0.1867
vn -0.4111 -0.7978 0.4409
vn -0.5325 -0.3559 0.7679
vn -0.9373 -0.1114 0.3301
vn -0.9484 0.0934 -0.3029
vn -0.6798 -0.5955 -0.4282
vn -0.3115 -0.9390 -0.1459
vn -0.1286 0.3558 -0.9257
vn -0.6301 0.5923 -0.5022
vn -0.3701 -0.4011 -0.8379
vn -0.0911 -0.8413 -0.5329
vn -0.7941 0.6070 -0.0296
vn -0.4384 0.8963 -0.0674
vn -0.2774 0.9477 0.1579
vn -0.4053 -0.9117 0.0669
vn -0.6979 -0.4571 -0.5513
vn -0.7595 -0.3343 -0.5580
vn -0.4687 -0.8710 0.1471
vn -0.8172 0.0411 -0.5749
vn -0.7407 -0.4429 -0.5053
vn -0.8580 0.1453 -0.4926
vn -0.8092 -0.0147 -0.5874
vn -0.7270 0.0127 -0.6865
vn -0.7052 -0.4029 -0.5834
vn -0.6403 -0.3783 -0.6685
vn -0.6988 -0.0455 -0.7138
vn -0.6623 -0.1681 -0.7302
vn -0.6905 -0.3350 -0.6411
vn -0.6846 -0.0107 -0.7289
vn -0.6549 -0.3846 -0.6505
vn -0.7627 -0.1675 -0.6247
vn -0.9170 0.0988 -0.3865
vn -0.9346 0.0348 -0.3541
vn -0.9284 -0.1651 -0.3330
vn -0.8991 -0.2702 -0.3443
vn -0.9141 0.1098 -0.3904
vn -0.7122 -0.4837 -0.5087
vn -0.8135 -0.1168 -0.5697
vn -0.4037 -0.8645 -0.2994
vn -0.5844 -0.6791 -0.4442
vn -0.5844 -0.6673 -0.4617
vn -0.6089 -0.7377 -0.2916
vn -0.9575 -0.0415 -0.2855
vn -0.5763 -0.7914 -0.2036
vn -0.3661 -0.8979 -0.2446
vn -0.6292 -0.6676 -0.3979
vn -0.5625 0.6402 -0.5233
vn -0.5248 0.6091 -0.5946
vn -0.4181 0.7008 -0.5780
vn -0.5254 0.6881 -0.5005
vn -0.5248 0.7241 -0.4475
vn -0.4989 0.6386 -0.5860
vn -0.4762 0.5486 -0.6872
vn -0.3517 0.6397 -0.6834
vn -0.9852 -0.1350 -0.1054
vn -0.9447 -0.2892 -0.1548
vn -0.5082 -0.8246 0.2486
vn -0.4155 -0.8951 0.1617
vn -0.8377 -0.4802 -0.2599
vn -0.7186 -0.6668 -0.1977
vn -0.2883 -0.9321 0.2193
vn -0.1391 -0.8807 0.4527
vn -0.5596 -0.8283 -0.0294
vn -0.0386 -0.8228 0.5671
vn -0.1413 -0.9093 0.3915
vn -0.1841 -0.8704 0.4566
vn -0.1569 -0.9394 0.3048
vn -0.5925 -0.8052 0.0224
vn -0.6382 -0.7630 0.1027
vn -0.6580 -0.7440 0.1162
vn -0.6845 -0.7272 0.0510
vn -0.2549 -0.8594 0.4433
vn -0.4614 0.5763 -0.6745
vn -0.2895 0.6831 -0.6705
vn -0.2793 0.6832 -0.6747
vn -0.4170 0.5681 -0.7095
vn -0.3045 0.6282 -0.7160
vn -0.2569 0.6772 -0.6895
vn -0.2846 0.5903 -0.7554
vn -0.4121 0.5613 -0.7177
vn -0.7486 -0.0252 -0.6626
vn -0.8067 -0.4268 -0.4087
vn -0.8447 -0.4327 -0.3152
vn -0.8072 -0.0140 -0.5901
vn -0.8746 -0.4265 -0.2307
vn -0.8605 0.0033 -0.5095
vn -0.3284 0.7069 -0.6265
vn -0.5150 0.5890 -0.6228
vn -0.8491 -0.4275 -0.3103
vn -0.8815 -0.4182 -0.2192
vn -0.8800 -0.0074 -0.4749
vn -0.8882 -0.0043 -0.4594
vn -0.5783 0.3204 -0.7503
vn -0.5724 0.2589 -0.7780
vn -0.6903 -0.0558 -0.7213
vn -0.4341 0.5442 -0.7179
vn -0.6729 0.3708 -0.6401
vn -0.6232 0.3506 -0.6991
vn -0.7372 -0.4515 -0.5027
vn -0.6983 0.3674 -0.6144
vn -0.7380 0.3866 -0.5531
vn 0.7823 -0.3014 0.5451
vn 0.7535 -0.3384 0.5637
vn 0.7696 -0.3736 0.5179
vn 0.7665 -0.3429 0.5431
vn 0.6003 -0.5235 0.6046
vn 0.5769 -0.5340 0.6181
vn 0.5809 -0.5602 0.5905
vn 0.5927 -0.5246 0.6112
vn 0.5719 -0.5263 0.6292
vn 0.7840 -0.2578 0.5647
vn 0.5693 -0.6023 0.5595
vn 0.5434 -0.6413 0.5418
vn 0.5583 -0.5449 0.6256
vn 0.7939 -0.2551 0.5519
vn 0.3967 -0.6469 0.6512
vn 0.4174 -0.6147 0.6693
vn 0.4526 -0.6782 0.5790
vn 0.3555 -0.7113 0.6063
vn 0.3990 -0.7208 0.5669
vn 0.3914 -0.7005 0.5968
vn 0.9125 -0.3910 -0.1203
vn 0.6890 -0.6354 0.3486
vn 0.9131 -0.1444 -0.3812
vn 0.8576 0.0066 -0.5143
vn 0.9093 -0.4157 -0.0209
vn 0.6415 -0.6447 0.4157
vn -0.3543 0.7025 -0.6172
vn -0.4164 0.6687 -0.6160
vn -0.4116 0.6368 -0.6519
vn -0.3655 0.6390 -0.6768
vn -0.4330 0.6289 -0.6457
vn -0.4166 0.6826 -0.6004
vn -0.4891 0.6515 -0.5800
vn -0.4960 0.5848 -0.6418
vn -0.5227 0.5655 -0.6380
vn -0.4982 0.6155 -0.6107
vn -0.5723 0.5263 -0.6289
vn -0.5680 0.5480 -0.6140
vn -0.4806 0.6147 -0.6255
vn -0.5024 0.6626 -0.5555
vn -0.3620 0.7404 -0.5663
vn -0.3018 0.6917 -0.6561
vn -0.5519 0.5638 -0.6144
vn -0.5808 0.5504 -0.5998
vn -0.5544 0.5956 -0.5814
vn -0.5622 0.5734 -0.5960
vn -0.5789 0.5538 -0.5985
vn -0.5699 0.5760 -0.5861
vn -0.4558 0.5943 -0.6626
vn -0.4738 0.6403 -0.6046
vn -0.4837 0.4269 -0.7640
vn -0.1640 0.6619 -0.7314
vn -0.2723 0.5049 -0.8191
vn 0.0521 0.7088 -0.7035
vn -0.2261 0.7040 -0.6733
vn -0.1228 0.7395 -0.6618
vn -0.4823 0.3761 -0.7911
vn -0.4833 0.4088 -0.7742
vn -0.4654 0.6818 -0.5644
vn -0.4269 0.4239 -0.7988
vn -0.5411 0.7282 -0.4208
vn -0.4199 0.9035 -0.0860
vn -0.2904 0.9537 0.0785
vn -0.3312 0.9051 -0.2668
vn -0.3093 0.6282 -0.7139
vn -0.5252 0.3992 -0.7515
vn -0.5548 0.4721 -0.6850
vn -0.5550 0.5060 -0.6602
vn -0.5251 0.4288 -0.7351
vn -0.5780 0.7117 -0.3992
vn -0.5808 0.6462 -0.4951
vn -0.4904 0.6589 -0.5704
vn -0.4225 0.3508 -0.8357
vn -0.3844 0.3643 -0.8483
vn -0.4233 0.6349 -0.6464
vn -0.4303 0.4806 -0.7641
vn -0.3788 0.2447 -0.8925
vn -0.3638 0.2959 -0.8832
vn -0.3908 0.2353 -0.8899
vn -0.3924 0.4146 -0.8210
vn 0.3928 -0.8484 0.3549
vn 0.4253 -0.8041 0.4154
vn 0.5319 -0.7736 0.3445
vn 0.4988 -0.8267 0.2603
vn 0.5220 -0.4530 0.7227
vn 0.3907 -0.4829 0.7837
vn 0.5748 -0.3787 0.7254
vn 0.6073 -0.7433 0.2805
vn 0.5047 -0.8632 0.0104
vn 0.5586 -0.7143 0.4216
vn 0.7870 -0.5195 0.3329
vn 0.5240 -0.6619 0.5361
vn 0.4966 -0.8525 0.1634
vn 0.4488 -0.8917 -0.0593
vn 0.7122 -0.7014 -0.0264
vn 0.4196 0.0117 0.9076
vn 0.5380 -0.2231 0.8129
vn 0.5124 -0.2203 0.8300
vn 0.5315 -0.3358 0.7777
vn 0.4401 -0.1088 0.8913
vn 0.5183 -0.2483 0.8184
vn 0.4451 -0.0193 0.8953
vn 0.4492 0.1826 0.8746
vn 0.5820 -0.0994 0.8071
vn 0.4755 -0.8794 0.0237
vn 0.6174 -0.7845 0.0585
vn 0.5225 -0.8342 0.1764
vn 0.4753 -0.2649 0.8390
vn 0.5998 -0.7087 0.3715
vn 0.5639 -0.5141 0.6463
vn 0.4846 -0.1297 0.8651
vn 0.6363 -0.4056 0.6562
vn 0.4238 -0.0203 0.9055
vn 0.7860 -0.3196 0.5292
vn 0.5618 -0.6628 0.4951
vn 0.8595 -0.2111 0.4655
vn 0.6702 -0.5920 0.4477
vn 0.8446 -0.3136 0.4339
vn 0.9586 -0.1644 0.2325
vn 0.7969 -0.3490 0.4930
vn 0.7248 -0.5629 0.3972
vn 0.8089 -0.3066 0.5016
vn 0.7999 -0.4387 0.4094
vn 0.7357 -0.5420 0.4062
vn 0.7346 -0.3401 0.5871
vn 0.7635 -0.3588 0.5370
vn 0.7864 -0.2852 0.5479
vn 0.3997 -0.9031 0.1572
vn 0.4312 -0.8690 0.2427
vn 0.6046 -0.7305 0.3176
vn 0.6338 -0.7371 0.2347
vn 0.4190 -0.8061 0.4179
vn 0.5680 -0.7278 0.3843
vn 0.3117 -0.2416 0.9189
vn 0.5930 -0.2722 0.7578
vn 0.3870 0.0705 0.9194
vn 0.7177 -0.2060 0.6652
vn 0.5851 -0.6932 0.4209
vn 0.6378 -0.5858 0.5000
vn 0.6704 -0.6581 0.3427
vn 0.7213 -0.5567 0.4120
vn 0.7589 -0.4695 0.4513
vn 0.7360 -0.3679 0.5682
vn 0.7465 -0.2025 0.6339
vn 0.7518 -0.3729 0.5439
vn 0.7434 -0.2926 0.6014
vn 0.7459 -0.6182 0.2480
vn 0.7868 -0.5530 0.2742
vn 0.8883 -0.4460 0.1093
vn 0.8902 -0.1000 0.4445
vn 0.4826 0.4012 0.7786
vn 0.7063 -0.3494 0.6157
vn 0.7146 -0.3725 0.5921
vn 0.7512 -0.5618 0.3465
vn 0.7056 -0.7010 0.1036
vn 0.7361 -0.6751 0.0487
vn 0.7794 -0.5521 0.2962
vn 0.7260 -0.6508 -0.2222
vn 0.6794 -0.7302 0.0714
vn 0.6637 -0.6934 -0.2805
vn 0.7300 -0.6819 -0.0473
vn 0.8508 -0.4735 0.2280
vn 0.6865 -0.5582 -0.4660
vn 0.6068 -0.6785 -0.4139
vn 0.7932 -0.5293 -0.3011
vn 0.7104 -0.3848 -0.5893
vn 0.5847 -0.5208 -0.6220
vn 0.5394 -0.5784 -0.6119
vn 0.7578 -0.5735 -0.3112
vn 0.6974 -0.4031 -0.5926
vn 0.9118 -0.0191 -0.4101
vn 0.9648 -0.2609 -0.0322
vn 0.9063 -0.1433 0.3976
vn 0.9774 0.1327 0.1648
vn 0.8023 0.4752 0.3613
vn 0.8459 0.2017 0.4937
vn 0.8930 0.4117 -0.1818
vn 0.6442 0.7593 0.0921
vn 0.3702 -0.3218 -0.8714
vn 0.5395 -0.1164 -0.8339
vn 0.2650 0.0551 -0.9627
vn 0.2616 -0.1595 -0.9519
vn 0.2917 0.3029 -0.9073
vn 0.6683 0.2279 -0.7081
vn 0.6378 0.5625 -0.5261
vn 0.3984 0.8719 -0.2848
vn 0.2627 0.5559 -0.7886
vn 0.1138 0.8222 -0.5578
vn 0.0914 0.6057 -0.7905
vn -0.0055 0.8588 -0.5123
vn 0.1583 0.3746 -0.9136
vn -0.0805 0.6021 -0.7943
vn -0.0630 0.2457 -0.9673
vn -0.0620 0.9164 -0.3954
vn -0.5555 0.7760 -0.2986
vn -0.4759 0.8780 0.0512
vn -0.5126 0.8559 -0.0680
vn -0.5262 0.8310 -0.1806
vn -0.5434 0.8152 -0.2003
vn -0.5124 0.8450 -0.1532
vn -0.5731 0.5741 -0.5847
vn -0.5572 0.6158 -0.5571
vn -0.5603 0.5664 -0.6044
vn -0.4671 0.3215 -0.8237
vn -0.4586 0.5852 -0.6687
vn -0.2850 0.2153 -0.9340
vn -0.1170 0.6020 -0.7898
vn -0.0341 0.5320 -0.8461
vn -0.4038 0.9136 -0.0484
vn -0.4095 0.8620 -0.2986
vn -0.4610 0.6545 -0.5993
vn -0.4358 0.4077 -0.8024
vn -0.4484 0.5531 -0.7022
vn -0.3600 0.4318 -0.8270
vn -0.3506 0.7130 -0.6072
vn -0.3144 0.8997 -0.3029
vn -0.4258 0.2268 -0.8759
vn -0.2345 0.3721 -0.8981
vn -0.3516 0.2074 -0.9129
vn -0.3418 0.0734 -0.9369
vn -0.4683 0.1960 -0.8615
vn -0.3686 -0.0502 -0.9282
vn -0.2445 -0.0464 -0.9685
vn -0.2744 -0.0507 -0.9603
vn -0.1835 -0.0822 -0.9796
vn -0.1659 0.2788 -0.9459
vn -0.0007 0.5794 -0.8150
vn -0.2963 0.1685 -0.9401
vn -0.0523 0.6392 -0.7673
vn -0.0584 0.5751 -0.8160
vn -0.4416 0.0652 -0.8948
vn -0.3407 0.6084 -0.7168
vn -0.2192 0.5402 -0.8125
vn -0.2682 -0.0454 -0.9623
vn -0.5170 0.2844 -0.8073
vn -0.2620 0.6953 -0.6693
vn -0.2216 0.6785 -0.7004
vn -0.4233 0.4885 -0.7630
vn -0.4218 0.5408 -0.7278
vn -0.3781 0.4515 -0.8082
vn -0.3217 0.4445 -0.8360
vn -0.2918 0.7713 -0.5657
vn -0.1726 0.8698 -0.4622
vn -0.2064 0.7146 -0.6684
vn -0.0990 0.5977 -0.7956
vn -0.1547 0.9317 -0.3287
vn -0.1143 0.6810 -0.7234
vn -0.1155 0.3384 -0.9339
vn -0.2195 0.5116 -0.8307
vn -0.2833 0.4236 -0.8604
vn -0.1603 0.3426 -0.9257
vn -0.2198 0.3827 -0.8973
vn -0.3277 0.4095 -0.8514
vn -0.0397 0.3547 -0.9341
vn -0.0736 0.4587 -0.8855
vn -0.2535 0.4692 -0.8459
vn -0.2947 0.4875 -0.8219
vn -0.3808 0.5868 -0.7146
vn -0.2102 0.4356 -0.8753
vn -0.4920 0.6728 -0.5525
vn -0.3488 0.5082 -0.7874
vn -0.5150 0.6153 -0.5968
vn -0.1366 0.3355 -0.9321
vn -0.0725 0.3321 -0.9404
vn -0.0266 0.3251 -0.9453
vn 0.0089 0.1535 -0.9881
vn -0.0286 0.1752 -0.9841
vn -0.0284 0.3167 -0.9481
vn -0.1670 0.3683 -0.9146
vn -0.0194 0.0942 -0.9954
vn -0.5130 0.5324 -0.6734
vn -0.2373 0.2782 -0.9307
vn -0.2563 0.3440 -0.9033
vn -0.5498 0.5951 -0.5862
vn -0.0169 0.1141 -0.9933
vn -0.4261 0.4038 -0.8096
vn -0.4936 0.4227 -0.7600
vn -0.4187 0.4056 -0.8125
vn -0.4913 0.4604 -0.7394
vn -0.4123 0.4399 -0.7978
vn -0.4762 0.4913 -0.7293
vn -0.3535 0.4488 -0.8208
vn -0.4188 0.4635 -0.7809
vn -0.1626 0.2751 -0.9476
vn -0.1822 0.2609 -0.9480
vn -0.1389 0.2235 -0.9648
vn -0.0896 0.2346 -0.9680
vn -0.3753 0.4526 -0.8089
vn -0.4504 0.3367 -0.8269
vn -0.5973 0.5680 -0.5662
vn -0.7206 0.4094 -0.5596
vn -0.5271 0.4337 -0.7308
vn -0.5429 0.4817 -0.6879
vn -0.5349 0.4072 -0.7404
vn -0.5758 0.4832 -0.6595
vn -0.5274 0.5199 -0.6720
vn -0.5721 0.5231 -0.6317
vn -0.4318 0.4652 -0.7727
vn -0.4752 0.4637 -0.7478
vn -0.1633 0.2702 -0.9489
vn -0.2287 0.2955 -0.9276
vn -0.1766 0.0832 -0.9808
vn -0.2556 0.1563 -0.9541
vn -0.1566 0.1026 -0.9823
vn -0.2183 0.2022 -0.9547
vn -0.3968 0.4177 -0.8174
vn -0.5074 0.4161 -0.7546
vn -0.4107 0.4682 -0.7824
vn -0.1022 0.0835 -0.9913
vn -0.1580 0.2440 -0.9568
vn -0.4568 0.5539 -0.6961
vn -0.4699 0.4191 -0.7769
vn -0.3666 0.5671 -0.7375
vn -0.3655 0.6393 -0.6766
vn -0.5288 0.6839 -0.5027
vn -0.6332 0.6243 -0.4576
vn 0.6832 -0.5965 0.4213
vn 0.6600 -0.6722 0.3354
vn 0.5900 -0.7588 0.2761
vn 0.6923 -0.6115 0.3832
vn 0.5176 -0.7193 0.4634
vn 0.5589 -0.5276 0.6397
vn 0.5534 -0.4329 0.7116
vn 0.7415 -0.6192 0.2582
vn 0.7440 -0.6100 0.2726
vn 0.7520 -0.5314 0.3901
vn 0.8037 -0.5691 0.1738
vn 0.6096 -0.4737 0.6356
vn 0.5973 -0.4406 0.6701
vn 0.7331 -0.5020 0.4588
vn 0.8074 -0.5540 0.2028
vn 0.5699 -0.3963 0.7198
vn 0.5710 -0.3613 0.7372
vn 0.6139 -0.4184 0.6694
vn 0.5917 -0.4964 0.6352
vn 0.5743 -0.4913 0.6548
vn 0.4964 -0.4315 0.7533
vn 0.6720 -0.5814 0.4586
vn 0.7054 -0.5795 0.4081
vn 0.7987 -0.5867 0.1335
vn 0.7430 -0.5503 0.3810
vn 0.8007 -0.5982 -0.0317
vn 0.7853 -0.6082 0.1155
vn 0.7018 -0.5491 0.4538
vn 0.6644 -0.4977 0.5576
vn 0.6254 -0.5447 0.5587
vn 0.7559 -0.5383 0.3726
vn 0.6774 -0.5599 0.4772
vn 0.7190 -0.3869 0.5774
vn 0.7489 -0.4313 0.5031
vn 0.5735 -0.3308 0.7495
vn 0.5796 -0.4681 0.6670
vn 0.5519 -0.1602 0.8184
vn 0.7086 -0.2923 0.6422
vn 0.7883 -0.1008 0.6070
vn 0.7332 0.2069 0.6478
vn 0.7742 -0.0246 0.6325
vn 0.6591 0.0798 0.7478
vn 0.5976 0.2850 0.7495
vn 0.6276 -0.0559 0.7765
vn 0.7401 -0.3470 0.5761
vn 0.6903 -0.5362 0.4859
vn 0.7514 -0.6398 0.1615
vn 0.5541 -0.4284 0.7138
vn 0.7604 -0.2887 0.5818
vn 0.7718 0.1040 0.6273
vn 0.7722 -0.1000 0.6274
vn 0.7008 -0.4550 0.5494
vn 0.7886 0.0969 0.6072
vn 0.9270 -0.1251 0.3537
vn 0.9296 -0.3379 0.1472
vn 0.7503 0.0170 0.6609
vn 0.7224 -0.0449 0.6901
vn 0.7131 -0.2350 0.6605
vn 0.7316 0.1596 0.6628
vn 0.6870 -0.5273 0.5000
vn 0.8412 -0.4518 0.2971
vn 0.7661 -0.1796 0.6171
vn 0.6800 -0.4040 0.6119
vn 0.7701 -0.6378 -0.0146
vn 0.7942 -0.6065 -0.0371
vn 0.7964 -0.5891 0.1365
vn 0.0836 -0.1396 0.9867
vn 0.2432 -0.0638 0.9679
vn 0.3807 -0.2932 0.8770
vn 0.3026 -0.2709 0.9138
vn 0.2278 -0.2298 0.9462
vn 0.0598 -0.0893 0.9942
vn 0.1476 -0.1117 0.9827
vn 0.1984 -0.1577 0.9673
vn 0.4274 -0.3270 0.8429
vn 0.2027 -0.2013 0.9583
vn 0.3160 -0.2516 0.9148
vn 0.5071 -0.3763 0.7754
vn 0.4274 -0.3306 0.8414
vn 0.4953 -0.3760 0.7831
vn 0.1510 -0.1933 0.9695
vn 0.1357 -0.4053 0.9040
vn -0.0208 -0.2050 0.9785
vn 0.1391 -0.1819 0.9734
vn 0.3943 -0.4024 0.8262
vn 0.2917 -0.3817 0.8770
vn 0.3765 -0.3829 0.8436
vn 0.4436 -0.4181 0.7927
vn 0.0160 -0.1963 0.9804
vn 0.0373 -0.2531 0.9667
vn 0.0850 -0.3012 0.9498
vn 0.0747 -0.3109 0.9475
vn 0.1120 -0.2493 0.9619
vn 0.0876 -0.1923 0.9774
vn 0.1692 -0.3498 0.9214
vn 0.2152 -0.4079 0.8873
vn 0.2082 -0.4658 0.8600
vn -0.5822 0.6457 -0.4941
vn -0.5670 0.6556 -0.4988
vn -0.5736 0.6560 -0.4906
vn -0.6040 0.6889 -0.4008
vn -0.6522 0.5816 -0.4863
vn -0.6324 0.5835 -0.5096
vn -0.7043 0.6570 -0.2689
vn -0.6658 0.5607 -0.4923
vn -0.6628 0.5802 -0.4735
vn -0.6671 0.6654 -0.3350
vn -0.7632 0.4611 -0.4527
vn -0.6892 0.4936 -0.5305
vn -0.5532 0.7141 -0.4290
vn -0.6134 0.6792 -0.4030
vn -0.5712 0.7469 -0.3404
vn -0.6553 0.7132 -0.2487
vn -0.6943 0.6941 -0.1902
vn -0.6465 0.6553 -0.3906
vn -0.5282 0.7975 -0.2915
vn -0.6826 0.7306 -0.0166
vn -0.4731 0.7308 -0.4920
vn -0.3401 0.7184 -0.6069
vn -0.4418 0.8558 -0.2693
vn -0.6740 0.7355 -0.0698
vn -0.5784 0.6402 -0.5055
vn -0.5531 0.5908 -0.5874
vn -0.7117 0.6836 -0.1619
vn -0.6621 0.6278 -0.4092
vn -0.5849 0.5310 -0.6131
vn -0.6952 0.6199 -0.3639
vn -0.0268 0.7341 -0.6785
vn -0.3173 0.8270 -0.4642
vn -0.2631 0.5698 -0.7785
vn -0.5319 0.6656 -0.5234
vn 0.2899 -0.3060 0.9068
vn 0.1179 -0.0904 0.9889
vn 0.5123 -0.3626 0.7785
vn 0.5838 -0.4244 0.6921
vn 0.4444 -0.3978 0.8026
vn 0.3604 -0.0353 0.9321
vn 0.5132 -0.1393 0.8469
vn 0.3079 0.2273 0.9239
vn 0.2674 0.2268 0.9365
vn 0.5061 -0.0749 0.8592
vn 0.2937 0.2153 0.9313
vn 0.3788 0.1808 0.9077
vn 0.2737 0.1296 0.9530
vn 0.5143 0.0016 0.8576
vn 0.1640 0.5669 -0.8073
vn 0.3824 0.6517 -0.6551
vn 0.7481 0.1391 -0.6488
vn 0.5791 0.0707 -0.8122
vn 0.0492 0.9317 -0.3600
vn -0.1957 0.8590 -0.4732
vn 0.3310 0.9146 -0.2322
vn 0.6229 0.6973 -0.3545
vn 0.8693 0.2550 -0.4234
vn 0.5987 0.0160 0.8008
vn 0.7861 0.1269 0.6049
vn 0.4426 0.5797 0.6842
vn 0.4566 0.0058 0.8896
vn 0.1565 0.5880 0.7936
vn 0.0310 0.5684 0.8222
vn 0.7923 -0.4269 0.4358
vn 0.7777 -0.4354 0.4535
vn 0.8604 -0.2698 0.4324
vn -0.3000 0.9383 0.1720
vn -0.1485 0.8353 0.5294
vn -0.0171 0.8368 0.5472
vn -0.0771 0.9526 0.2942
vn 0.4047 0.7982 0.4463
vn 0.3603 0.9006 0.2431
vn 0.8913 0.2710 0.3635
vn 0.9081 0.3838 0.1677
vn 0.9248 -0.3221 0.2027
vn 0.9527 -0.2931 0.0800
vn -0.0789 0.9964 -0.0296
vn 0.3338 0.9426 -0.0029
vn -0.3409 0.9329 -0.1160
vn 0.8080 0.5861 -0.0597
vn 0.9888 -0.0668 -0.1331
vn 0.9020 -0.3156 -0.2945
vn 0.8190 -0.3674 -0.4407
vn 0.8622 -0.5035 0.0559
vn 0.8572 -0.5146 0.0205
vn 0.8022 -0.5635 0.1973
vn 0.8216 -0.5398 0.1833
vn -0.0846 -0.4487 0.8897
vn 0.1579 -0.5064 0.8477
vn 0.1717 -0.4775 0.8617
vn -0.0520 -0.4542 0.8894
vn 0.5484 -0.4878 0.6792
vn 0.4928 -0.5338 0.6872
vn 0.7404 -0.4455 0.5033
vn 0.3751 -0.5099 0.7741
vn 0.0773 -0.5123 0.8553
vn -0.2843 -0.3929 0.8745
vn -0.3145 -0.3887 0.8660
vn -0.1989 -0.4701 0.8599
vn -0.5852 -0.3222 0.7441
vn -0.5966 -0.2498 0.7626
vn -0.6182 -0.2636 0.7405
vn 0.0161 -0.3595 0.9330
vn 0.2262 -0.3109 0.9231
vn 0.2116 -0.5774 0.7886
vn -0.0774 -0.5266 0.8466
vn 0.5299 -0.5480 0.6472
vn 0.3174 -0.1850 0.9301
vn -0.3177 -0.4628 0.8276
vn -0.2124 -0.3092 0.9270
vn -0.6504 -0.3186 0.6895
vn -0.6359 -0.1887 0.7483
vn 0.3065 0.2355 0.9223
vn 0.4232 0.1440 0.8945
vn 0.4250 -0.1667 0.8897
vn 0.2049 0.3148 0.9268
vn 0.4943 0.2179 0.8415
vn -0.3919 0.2715 0.8790
vn -0.9046 0.0464 0.4238
vn -0.7729 0.4215 0.4743
vn -0.7623 0.5877 0.2713
vn -0.1286 0.7078 0.6946
vn -0.7816 0.6235 -0.0182
vn -0.3334 0.7831 0.5249
vn 0.7296 0.0070 0.6838
vn 0.6669 -0.0868 0.7401
vn 0.6635 0.1568 0.7316
vn 0.6028 -0.0377 0.7970
vn -0.1762 0.6723 0.7190
vn 0.1025 0.3405 0.9346
vn 0.2243 0.2198 0.9494
vn -0.0589 0.6526 0.7554
vn 0.0277 0.3582 0.9332
vn -0.0101 0.2319 0.9727
vn 0.0286 0.7175 0.6960
vn 0.2296 0.5501 0.8029
vn 0.3609 -0.1328 0.9231
vn 0.2030 -0.0934 0.9747
vn 0.3821 0.0092 0.9241
vn 0.1079 -0.1213 0.9867
vn 0.1984 0.5193 0.8312
vn 0.0875 0.7632 0.6402
vn 0.0631 0.6844 0.7264
vn 0.4100 0.3030 0.8603
vn -0.0745 0.1697 0.9827
vn -0.9252 -0.1294 0.3567
vn -0.8897 -0.1745 0.4219
vn -0.9577 -0.0052 0.2876
vn -0.9485 -0.1314 0.2882
vn -0.3764 0.5987 -0.7071
vn -0.6108 0.5088 -0.6067
vn -0.7159 0.3712 -0.5914
vn -0.4987 0.5208 -0.6928
vn -0.7509 0.6385 -0.1688
vn -0.8561 0.4972 -0.1411
vn -0.9537 0.0045 -0.3007
vn -0.7932 0.3201 -0.5180
vn -0.9155 0.3138 -0.2518
vn -0.6696 0.5013 -0.5480
vn -0.9996 -0.0222 -0.0161
vn -0.6859 0.7074 0.1707
vn -0.9955 -0.0011 0.0946
vn -0.2992 0.6041 -0.7386
vn -0.1220 0.5691 -0.8132
vn 0.0548 0.5337 -0.8439
vn 0.0015 0.6249 -0.7807
vn -0.8742 -0.1503 0.4617
vn -0.9395 -0.0021 0.3426
vn -0.8603 -0.0716 0.5048
vn -0.9482 0.0920 0.3042
vn -0.9696 0.1702 0.1757
vn -0.8813 0.4200 -0.2167
vn -0.9549 0.2880 0.0729
vn -0.8162 0.5091 -0.2730
vn -0.6174 0.5605 -0.5520
vn -0.5431 0.6062 -0.5810
vn -0.8560 -0.0518 0.5144
vn -0.9614 0.1397 0.2371
vn -0.8713 -0.1064 0.4791
vn -0.9805 0.1202 0.1552
vn -0.3050 0.5367 -0.7867
vn -0.2074 0.5762 -0.7905
vn -0.4735 0.5750 -0.6673
vn -0.4657 0.5262 -0.7115
vn -0.7969 0.4783 -0.3691
vn -0.8014 0.4321 -0.4136
vn -0.9366 0.3382 -0.0919
vn -0.9424 0.3040 -0.1395
vn -0.8502 -0.2012 0.4866
vn -0.9859 0.0797 0.1474
vn -0.5251 -0.4307 0.7340
vn -0.4988 -0.4669 0.7302
vn -0.8643 -0.2343 0.4450
vn -0.9946 0.0548 0.0881
vn -0.3952 0.4182 -0.8179
vn -0.3204 0.4955 -0.8074
vn -0.5253 0.4882 -0.6969
vn -0.6961 0.3978 -0.5977
vn -0.8405 0.3907 -0.3753
vn -0.8964 0.3355 -0.2896
vn -0.9576 0.2641 -0.1151
vn -0.9616 0.2464 -0.1209
vn -0.8222 -0.0594 0.5661
vn -0.8085 -0.0782 0.5832
vn -0.6235 -0.2433 0.7430
vn -0.5584 -0.2553 0.7893
vn -0.6361 -0.1326 0.7601
vn -0.8533 0.0278 0.5206
vn -0.3028 -0.3325 0.8932
vn -0.3176 -0.4229 0.8487
vn -0.2155 -0.4037 0.8892
vn -0.9592 0.1845 0.2141
vn -0.9582 0.1432 0.2476
vn -0.9098 0.3721 -0.1839
vn -0.9058 0.3801 -0.1871
vn -0.9548 0.1953 0.2243
vn -0.8902 0.4157 -0.1865
vn -0.3437 0.5541 -0.7582
vn -0.3606 0.5258 -0.7704
vn -0.5655 0.5115 -0.6470
vn -0.5646 0.5617 -0.6047
vn -0.5898 0.4954 -0.6378
vn -0.4443 0.5296 -0.7226
vn 0.0943 -0.9720 0.2150
vn 0.1185 -0.9676 0.2228
vn 0.1437 -0.9698 0.1973
vn 0.0912 -0.9877 0.1274
vn 0.3348 -0.6904 0.6413
vn 0.2529 -0.7981 0.5468
vn 0.4023 -0.0503 0.9141
vn 0.3308 0.5340 0.7781
vn 0.2735 0.4601 0.8447
vn 0.3603 -0.2751 0.8914
vn 0.3064 0.6563 0.6895
vn 0.2126 0.5625 0.7990
vn 0.2412 0.2360 0.9413
vn 0.3639 0.2853 0.8867
vn 0.4591 -0.7386 0.4936
vn 0.4466 -0.6699 0.5930
vn 0.4727 -0.6866 0.5525
vn 0.4184 -0.8413 0.3424
vn 0.3881 -0.7556 0.5276
vn 0.4345 -0.7106 0.5534
vn 0.3785 -0.7246 0.5759
vn 0.4940 -0.6900 0.5290
vn 0.7552 0.6418 -0.1331
vn 0.8344 0.4064 -0.3724
vn 0.4836 0.7268 -0.4877
vn 0.3675 0.6439 -0.6711
vn -0.0318 -0.3953 -0.9180
vn -0.1500 0.0066 -0.9887
vn 0.2447 -0.2735 -0.9302
vn -0.0211 -0.0021 -0.9998
vn 0.2793 0.1579 -0.9471
vn 0.7451 -0.0978 -0.6598
vn 0.8355 0.0419 -0.5479
vn 0.4474 0.3517 -0.8223
vn 0.4718 -0.3290 -0.8180
vn 0.2848 -0.1635 -0.9445
vn 0.4658 -0.1301 -0.8753
vn -0.0020 0.0219 -0.9998
vn 0.8181 -0.1397 -0.5578
vn 0.3623 0.2565 -0.8961
vn 0.3929 0.0426 -0.9186
vn 0.7428 -0.3081 -0.5944
vn -0.1561 0.3128 -0.9369
vn -0.2347 0.4885 -0.8404
vn 0.2119 0.0484 -0.9761
vn -0.0456 -0.0907 -0.9948
vn 0.0151 0.9974 -0.0706
vn -0.0716 0.9854 -0.1547
vn 0.3936 0.8888 -0.2348
vn 0.4095 0.9036 0.1258
vn 0.3432 -0.1207 0.9315
vn 0.3726 -0.0291 0.9275
vn 0.0481 0.5310 0.8460
vn 0.2108 0.4131 0.8859
vn 0.7346 -0.4666 0.4926
vn 0.6534 -0.5416 0.5289
vn -0.0672 0.8895 0.4520
vn 0.2366 0.9025 0.3598
vn -0.2034 0.9791 -0.0012
vn 0.0703 0.9763 -0.2046
vn 0.8253 -0.2655 -0.4984
vn 0.9368 -0.0452 -0.3470
vn 0.4546 0.3332 -0.8260
vn 0.4692 0.0692 -0.8804
vn 0.8728 -0.4879 0.0095
vn 0.8453 -0.5120 0.1527
vn 0.7736 -0.5994 0.2053
vn 0.7197 -0.6534 0.2348
vn 0.8337 -0.2350 0.4997
vn 0.7480 -0.2828 0.6004
vn 0.8486 0.1680 0.5016
vn 0.7347 0.0316 0.6776
vn 0.7442 0.6020 0.2894
vn 0.8356 0.5056 0.2150
vn -0.4560 0.3582 -0.8147
vn -0.3389 0.4440 -0.8295
vn -0.3525 0.5890 -0.7272
vn -0.5478 0.4833 -0.6829
vn -0.3917 0.6025 -0.6954
vn -0.3863 0.5055 -0.7716
vn -0.6288 0.5836 -0.5138
vn -0.4383 0.6724 -0.5965
vn -0.3569 0.6640 -0.6571
vn 0.6254 -0.5536 0.5499
vn 0.6491 -0.4913 0.5808
vn 0.6095 -0.5094 0.6075
vn 0.5506 -0.5955 0.5850
vn 0.6358 -0.4451 0.6306
vn 0.6911 -0.4291 0.5816
vn 0.5155 -0.4507 0.7288
vn 0.4635 -0.5452 0.6985
vn 0.3087 -0.6811 0.6639
vn -0.3232 0.5633 -0.7604
vn -0.3910 0.5730 -0.7203
vn -0.3416 0.6866 -0.6418
vn -0.2859 0.6816 -0.6736
vn -0.1810 0.6626 -0.7268
vn -0.2280 0.5391 -0.8108
vn 0.4842 0.1399 -0.8637
vn 0.5790 0.1137 -0.8073
vn 0.6965 0.0438 -0.7163
vn 0.6419 0.0788 -0.7628
vn 0.6911 -0.0203 -0.7224
vn 0.6008 0.0708 -0.7963
vn 0.6550 -0.0146 -0.7555
vn 0.8588 -0.3718 -0.3525
vn 0.5045 0.1562 -0.8491
vn 0.4364 0.1925 -0.8789
vn 0.6364 -0.0183 -0.7712
vn 0.8274 -0.4002 -0.3940
vn 0.2610 0.1449 -0.9544
vn 0.5534 -0.0955 -0.8274
vn 0.7161 -0.2953 -0.6324
vn 0.6908 -0.7192 -0.0739
vn 0.6208 -0.7132 0.3255
vn 0.3412 -0.8288 0.4436
vn 0.4017 -0.6963 0.5949
vn 0.7073 -0.6075 0.3614
vn 0.4628 -0.5564 0.6901
vn 0.1339 -0.8753 0.4647
vn 0.1149 -0.9309 0.3467
vn 0.1826 -0.9352 0.3034
vn 0.2816 -0.8640 0.4173
vn 0.3264 -0.8767 0.3534
vn 0.4173 -0.7996 0.4318
vn 0.5440 -0.6719 0.5026
vn 0.4093 -0.7533 0.5148
vn 0.1758 -0.7979 0.5766
vn 0.3172 0.4679 -0.8249
vn -0.0521 0.6415 -0.7653
vn 0.8239 0.0841 -0.5604
vn 0.5696 0.3603 -0.7387
vn 0.1896 0.6079 -0.7710
vn 0.4515 -0.7010 0.5521
vn 0.4633 -0.7226 0.5130
vn 0.4595 -0.6204 0.6355
vn 0.4097 -0.6143 0.6744
vn 0.4823 -0.6602 0.5757
vn 0.5236 -0.6973 0.4895
vn 0.3795 -0.7171 0.5846
vn 0.4461 -0.7256 0.5240
vn 0.5020 -0.7310 0.4623
vn 0.8538 0.0532 -0.5178
vn 0.5065 0.4074 -0.7599
vn 0.8957 -0.0358 -0.4433
vn 0.4858 0.2942 -0.8231
vn 0.7329 -0.1631 -0.6606
vn 0.1048 0.0752 -0.9916
vn 0.3518 0.0242 -0.9358
vn 0.8475 -0.2171 -0.4844
vn 0.8163 -0.1040 -0.5682
vn 0.3689 0.1625 -0.9152
vn 0.4103 -0.2865 0.8658
vn 0.3837 -0.4830 0.7871
vn 0.5453 -0.4583 0.7019
vn 0.5694 -0.3307 0.7526
vn -0.4689 0.5854 -0.6614
vn -0.4601 0.6935 -0.5545
vn -0.4996 0.7322 -0.4630
vn -0.5038 0.5182 -0.6912
vn -0.4203 0.8206 -0.3872
vn -0.4387 0.6300 -0.6408
vn 0.8545 -0.0425 0.5177
vn 0.8288 -0.4124 0.3782
vn 0.6615 -0.1606 0.7325
vn 0.5395 -0.5323 0.6524
vn 0.7078 -0.6861 0.1681
vn 0.3673 -0.7942 0.4841
vn 0.1556 0.6740 -0.7221
vn 0.0789 0.6778 -0.7310
vn 0.0185 0.5131 -0.8581
vn 0.0926 0.4920 -0.8657
vn -0.0779 0.2636 -0.9615
vn -0.0044 0.1282 -0.9917
vn 0.2326 -0.2049 0.9507
vn 0.3283 -0.1992 0.9233
vn 0.4697 -0.3263 0.8203
vn 0.3986 -0.3016 0.8661
vn 0.3723 -0.1879 0.9089
vn 0.2605 -0.0299 0.9650
vn -0.2526 0.3969 -0.8824
vn -0.1970 0.3878 -0.9004
vn -0.3464 0.3564 -0.8678
vn -0.2495 0.4739 -0.8445
vn -0.2194 0.4890 -0.8443
vn -0.2990 0.4403 -0.8466
vn -0.3027 0.4989 -0.8121
vn -0.2168 0.6112 -0.7612
vn -0.2008 0.6132 -0.7640
vn 0.0270 0.4709 -0.8818
vn -0.2804 0.7857 -0.5514
vn -0.0083 0.4965 -0.8680
vn -0.1607 0.7696 -0.6179
vn -0.3095 0.9279 -0.2080
vn -0.1110 0.9274 -0.3571
vn 0.5706 -0.6847 0.4535
vn 0.6609 -0.7108 0.2410
vn 0.5420 -0.7809 0.3107
vn 0.5127 -0.7840 0.3500
vn 0.4851 -0.7699 0.4147
vn 0.6400 -0.7157 0.2796
vn 0.4706 -0.6975 0.5404
vn 0.5524 -0.7968 0.2449
vn 0.5175 -0.7827 0.3457
vn 0.2609 -0.4692 0.8437
vn 0.2612 -0.5369 0.8022
vn 0.2714 -0.4656 0.8423
vn 0.2641 0.0279 0.9641
vn 0.2503 -0.0176 0.9680
vn 0.2950 -0.1739 0.9395
vn 0.2566 -0.0484 0.9653
vn 0.2513 -0.2063 0.9457
vn 0.1872 -0.0947 0.9777
vn 0.3475 -0.2631 0.9000
vn 0.2841 -0.2844 0.9156
vn 0.2838 -0.1949 0.9389
vn 0.4034 -0.3288 0.8539
vn 0.3164 -0.4249 0.8482
vn 0.2441 -0.3296 0.9120
vn 0.4033 -0.2810 0.8709
vn 0.3294 -0.2996 0.8954
vn 0.4371 -0.4214 0.7946
vn 0.8223 -0.5296 -0.2080
vn 0.8853 -0.4428 -0.1417
vn 0.6369 -0.7091 0.3027
vn 0.6395 -0.6828 0.3532
vn 0.9295 -0.3662 -0.0427
vn 0.6575 -0.6360 0.4039
vn -0.4360 0.6556 -0.6166
vn -0.3920 0.6785 -0.6212
vn -0.3858 0.7228 -0.5733
vn -0.4436 0.6488 -0.6183
vn -0.4377 0.6684 -0.6014
vn -0.4092 0.6390 -0.6513
vn -0.3143 0.1642 -0.9350
vn -0.3510 0.2230 -0.9094
vn -0.4171 0.5916 -0.6899
vn -0.4257 0.4386 -0.7914
vn -0.3550 0.1854 -0.9163
vn -0.4282 0.5205 -0.7387
vn 0.8941 0.3896 0.2208
vn 0.7858 0.5743 0.2295
vn 0.3483 0.7287 -0.5896
vn 0.5697 0.5573 -0.6040
vn 0.5558 0.6426 -0.5274
vn 0.9341 0.0728 0.3494
vn 0.6543 -0.3274 0.6817
vn 0.5661 -0.0718 0.8212
vn 0.5290 0.0292 0.8481
vn 0.6243 0.0111 0.7811
vn 0.8734 0.3888 0.2932
vn 0.4827 0.7918 -0.3741
vn 0.2990 -0.1579 0.9411
vn 0.2702 -0.2395 0.9325
vn 0.3048 -0.1172 0.9452
vn 0.3955 -0.6972 0.5979
vn 0.4109 -0.6681 0.6203
vn 0.4097 -0.8542 0.3202
vn 0.3820 -0.8974 0.2207
vn -0.2965 -0.0138 -0.9549
vn -0.4059 0.2612 -0.8758
vn -0.4112 0.0907 -0.9070
vn -0.1918 -0.3510 -0.9165
vn -0.3089 0.0724 -0.9483
vn -0.1015 -0.4324 -0.8960
vn -0.1477 -0.3440 -0.9273
vn -0.1867 -0.2758 -0.9429
vn -0.2447 -0.0358 -0.9689
vn 0.8060 -0.2818 0.5205
vn 0.2371 0.8474 -0.4751
vn 0.9117 0.3977 0.1030
vn 0.3550 0.7200 -0.5964
vn 0.9602 0.2792 -0.0109
vn 0.7850 -0.4313 0.4447
vn 0.5300 0.5837 -0.6152
vn 0.9836 0.1248 -0.1306
vn 0.8729 -0.4325 0.2258
vn 0.4543 -0.5609 0.6921
vn 0.5430 -0.5401 0.6430
vn 0.4244 -0.6396 0.6409
vn 0.4988 -0.7214 0.4805
vn 0.4155 -0.8268 0.3792
vn 0.5959 -0.6179 0.5129
vn 0.4207 -0.7424 0.5214
vn 0.4764 -0.7893 0.3874
vn 0.6152 -0.6740 0.4089
vn 0.3035 0.8841 0.3552
vn 0.4184 0.6475 0.6370
vn 0.2103 0.0642 0.9755
vn 0.2019 0.4529 0.8684
vn 0.2280 0.9464 -0.2287
vn 0.0546 0.9732 -0.2235
vn -0.4243 0.4852 -0.7646
vn -0.5191 0.5802 -0.6276
vn -0.5303 0.5889 -0.6099
vn -0.4382 0.4883 -0.7547
vn -0.5114 0.4838 -0.7102
vn -0.3952 0.4389 -0.8069
vn 0.7552 -0.5054 0.4174
vn 0.8831 -0.4235 0.2019
vn 0.8415 -0.5159 0.1606
vn 0.7269 -0.5926 0.3470
vn 0.7812 -0.5495 0.2962
vn 0.8802 -0.4250 0.2114
vn 0.7735 -0.5409 0.3304
vn 0.8421 -0.5136 0.1647
vn 0.7212 -0.5803 0.3783
vn 0.2564 -0.5542 0.7919
vn 0.2078 -0.6027 0.7704
vn 0.2463 -0.5225 0.8163
vn 0.0924 -0.8915 0.4435
vn 0.1591 -0.8746 0.4580
vn 0.0771 -0.9480 0.3089
vn 0.0627 -0.9359 0.3465
vn 0.2013 -0.8453 0.4949
vn 0.3416 -0.7100 0.6158
vn 0.3138 0.4036 0.8594
vn 0.5688 0.1485 0.8090
vn 0.4842 0.0230 0.8747
vn 0.2442 0.1719 0.9544
vn 0.4648 0.0875 0.8811
vn 0.6097 -0.0642 0.7901
vn 0.3552 -0.5772 0.7353
vn 0.2950 -0.6710 0.6803
vn 0.4321 -0.6429 0.6325
vn 0.4311 -0.5747 0.6956
vn 0.3880 -0.7337 0.5577
vn 0.2997 -0.7396 0.6026
vn 0.3992 -0.8685 0.2938
vn 0.4168 -0.8824 0.2183
vn 0.3807 -0.8968 0.2253
vn 0.4187 -0.8459 0.3305
vn 0.3847 -0.7504 0.5374
vn 0.4710 -0.6711 0.5726
vn -0.3091 0.4342 -0.8461
vn -0.1929 0.3506 -0.9164
vn -0.0291 0.5299 -0.8476
vn -0.1964 0.6151 -0.7636
vn -0.0000 0.6857 -0.7279
vn -0.0792 0.7947 -0.6019
vn -0.3602 0.0108 -0.9328
vn -0.3940 0.0933 -0.9144
vn -0.3541 -0.0734 -0.9323
vn -0.3691 0.0285 -0.9289
vn -0.3326 0.1563 -0.9300
vn -0.3897 0.3043 -0.8692
vn -0.3025 0.7022 -0.6445
vn -0.0742 0.6932 -0.7169
vn -0.0510 0.6212 -0.7820
vn -0.3365 0.6317 -0.6984
vn -0.1810 0.5015 -0.8460
vn -0.3944 0.5233 -0.7553
vn 0.1616 -0.3342 0.9286
vn 0.2562 -0.2678 0.9288
vn 0.0876 0.0033 0.9962
vn -0.0399 -0.1267 0.9911
vn 0.5571 -0.6241 0.5478
vn 0.4788 -0.6997 0.5303
vn 0.5880 -0.3517 0.7284
vn 0.5236 -0.1462 0.8393
vn 0.4107 -0.2937 0.8632
vn 0.6149 -0.6248 0.4812
vn 0.4202 -0.4857 0.7665
vn 0.3451 -0.5460 0.7634
vn 0.4777 -0.6624 0.5771
vn 0.4383 -0.7280 0.5271
vn 0.4165 -0.4621 0.7830
vn 0.5213 -0.6703 0.5281
vn 0.6212 -0.5841 0.5224
vn 0.0464 -0.4742 0.8792
vn 0.0203 -0.5696 0.8217
vn 0.1884 -0.5862 0.7879
vn 0.3169 -0.4645 0.8269
vn 0.0767 -0.6944 0.7154
vn 0.1406 -0.6900 0.7100
vn 0.1851 -0.8950 0.4059
vn 0.1604 -0.8729 0.4607
vn 0.1651 -0.8943 0.4159
vn 0.0774 -0.8715 0.4843
vn 0.1254 -0.8306 0.5425
vn 0.2454 -0.8177 0.5207
vn 0.4129 -0.6281 0.6596
vn 0.0949 -0.8850 0.4558
vn 0.1152 -0.8209 0.5593
vn 0.5737 -0.2747 0.7716
vn 0.6543 0.0192 0.7560
vn 0.5314 -0.3768 0.7587
vn 0.6795 0.1336 0.7214
vn 0.6769 0.0177 0.7358
vn 0.4040 -0.5171 0.7546
vn 0.6829 -0.2474 0.6873
vn 0.7267 -0.2842 0.6254
vn 0.4681 -0.2517 0.8471
vn 0.4399 -0.2618 0.8590
vn 0.1845 -0.1390 0.9730
vn 0.1670 -0.2155 0.9621
vn 0.3938 -0.4297 0.8126
vn 0.2794 -0.2557 0.9255
vn 0.3678 -0.5975 0.7126
vn 0.4001 -0.4315 0.8086
vn 0.3020 -0.2472 0.9207
vn 0.3766 -0.6859 0.6226
vn 0.4739 -0.7001 0.5341
vn 0.3707 -0.4615 0.8060
vn 0.3083 -0.2515 0.9175
vn 0.4516 -0.7290 0.5143
vn 0.4439 -0.7196 0.5341
vn 0.4750 -0.8333 0.2829
vn 0.4299 -0.7401 0.5171
vn 0.4348 -0.7108 0.5530
vn 0.5566 -0.8081 0.1930
vn 0.4330 -0.7475 0.5037
vn 0.4239 -0.7492 0.5090
vn 0.0129 0.5474 -0.8368
vn -0.0463 0.6329 -0.7728
vn -0.1692 0.4853 -0.8578
vn -0.1018 0.4359 -0.8942
vn -0.2656 0.2208 -0.9385
vn -0.2408 0.1466 -0.9594
vn -0.3257 0.2539 -0.9107
vn -0.2154 0.2124 -0.9532
vn -0.1899 0.6539 -0.7323
vn -0.0604 0.6245 -0.7787
vn -0.0144 0.1230 -0.9923
vn -0.0922 0.1108 -0.9896
vn 0.0917 0.5454 -0.8332
vn 0.1989 0.4035 -0.8931
vn 0.0337 0.3305 -0.9432
vn -0.0466 0.8883 -0.4568
vn 0.0307 0.8331 -0.5523
vn -0.1014 0.8579 -0.5038
vn -0.2254 0.6302 -0.7430
vn -0.2725 0.4648 -0.8424
vn 0.0580 0.7346 -0.6761
vn -0.2632 0.6462 -0.7163
vn -0.4032 0.5965 -0.6940
vn -0.3799 0.5293 -0.7587
vn -0.3289 0.4906 -0.8070
vn -0.3585 0.4322 -0.8275
vn -0.2576 -0.0374 -0.9655
vn -0.1414 -0.2278 -0.9634
vn -0.3086 0.5591 -0.7696
vn -0.3918 0.3699 -0.8424
vn -0.4314 0.2247 -0.8737
vn -0.4721 0.2202 -0.8536
vn -0.4126 0.3784 -0.8286
vn -0.3742 0.3939 -0.8395
vn -0.3856 0.5363 -0.7508
vn -0.4067 0.6283 -0.6633
vn -0.4123 0.6901 -0.5948
vn -0.2624 0.2077 -0.9423
vn -0.1715 0.3560 -0.9186
vn -0.4304 0.6830 -0.5901
vn -0.3188 0.7056 -0.6329
vn -0.3434 0.7465 -0.5699
vn -0.2687 0.8699 -0.4137
vn -0.2832 0.5123 -0.8108
vn -0.0869 0.8327 -0.5468
vn -0.2084 0.4931 -0.8446
vn -0.2355 0.5005 -0.8331
vn 0.0551 0.5784 -0.8139
vn 0.0057 0.7478 -0.6639
vn 0.1328 0.8060 -0.5769
vn 0.0518 0.9054 -0.4214
vn 0.1781 0.6403 -0.7472
vn -0.3037 0.8666 -0.3960
vn -0.1138 0.9680 -0.2235
vn -0.4047 0.6318 -0.6611
vn -0.4616 0.6205 -0.6340
vn -0.3660 0.4520 -0.8135
vn -0.3708 0.5871 -0.7196
vn -0.1360 0.1430 -0.9803
vn -0.2401 0.4833 -0.8419
vn 0.0010 0.0837 -0.9965
vn -0.2413 0.4450 -0.8624
vn -0.1526 0.5655 -0.8105
vn -0.1156 0.3579 -0.9266
vn -0.0652 0.4918 -0.8682
vn 0.0133 0.5384 -0.8426
vn -0.1207 0.7020 -0.7018
vn -0.1053 0.7038 -0.7026
vn -0.0324 0.6950 -0.7183
vn -0.3978 0.6201 -0.6762
vn -0.4736 0.6473 -0.5972
vn -0.3079 0.7187 -0.6235
vn -0.2432 0.7130 -0.6576
vn -0.5316 0.6531 -0.5393
vn -0.4503 0.5937 -0.6669
vn -0.4362 0.6337 -0.6389
vn -0.3886 0.7107 -0.5865
vn -0.0939 0.8074 -0.5825
vn -0.0439 0.8597 -0.5089
vn -0.4056 0.6233 -0.6686
vn -0.1190 0.8447 -0.5218
vn -0.5581 0.6184 -0.5533
vn -0.4083 0.5811 -0.7040
vn -0.8264 0.5380 -0.1662
vn -0.8636 0.5024 -0.0432
vn -0.6783 0.5719 -0.4613
vn -0.4106 0.5734 -0.7090
vn -0.8732 0.3206 0.3670
vn -0.9000 0.3414 0.2710
vn -0.7381 0.0974 0.6676
vn -0.7124 0.0813 0.6971
vn -0.4122 -0.1298 0.9018
vn -0.4279 -0.1585 0.8898
vn -0.0882 -0.3030 0.9489
vn -0.1606 -0.3216 0.9332
vn 0.3305 -0.4446 0.8325
vn 0.7302 -0.4626 0.5028
vn 0.7425 -0.5124 0.4314
vn 0.3079 -0.4866 0.8176
vn 0.9131 -0.3881 0.1253
vn 0.9098 -0.3848 0.1553
vn 0.9084 -0.4103 0.0799
vn 0.9069 -0.4148 0.0737
vn 0.2228 -0.1716 0.9596
vn 0.2846 -0.2203 0.9330
vn 0.1861 -0.1551 0.9702
vn 0.0023 -0.1423 0.9898
vn 0.0843 -0.1524 0.9847
vn 0.2152 -0.3505 0.9115
vn 0.5120 -0.7136 0.4781
vn 0.1231 -0.2173 0.9683
vn 0.0242 -0.0471 0.9986
vn 0.5714 -0.8003 0.1818
vn 0.5330 -0.7185 0.4468
vn 0.5530 -0.7623 0.3361
vn 0.5670 -0.7946 0.2171
vn 0.5078 -0.5898 0.6280
vn 0.5798 -0.6853 0.4408
vn 0.5937 -0.6186 0.5147
vn 0.6248 -0.6910 0.3635
vn 0.6248 -0.7213 0.2988
vn 0.6331 -0.7373 0.2358
vn 0.1606 -0.0894 0.9830
vn 0.1177 -0.1258 0.9851
vn 0.0879 -0.1285 0.9878
vn 0.3038 -0.1352 0.9431
vn 0.2213 -0.2892 0.9313
vn 0.3445 -0.5110 0.7875
vn 0.3241 -0.0818 0.9425
vn 0.4659 -0.1086 0.8781
vn 0.2968 -0.2637 0.9178
vn 0.4005 -0.5129 0.7593
vn 0.2246 -0.2705 0.9362
vn 0.5263 -0.5888 0.6134
vn 0.3138 -0.2355 0.9198
vn -0.2089 0.7521 -0.6251
vn -0.1328 0.6111 -0.7803
vn -0.2931 0.5863 -0.7552
vn -0.3505 0.6923 -0.6308
vn 0.1939 0.4850 -0.8528
vn -0.0384 0.4901 -0.8708
vn -0.3246 0.4917 -0.8080
vn -0.4477 0.5518 -0.7036
vn -0.4988 0.6390 -0.5856
vn -0.0059 -0.3642 0.9313
vn 0.0864 -0.2645 0.9605
vn -0.0841 -0.4587 0.8846
vn 0.1658 -0.3462 0.9234
vn 0.2066 -0.2435 0.9476
vn 0.2032 -0.5432 0.8146
vn 0.3472 -0.6917 0.6333
vn 0.5273 -0.3319 0.7822
vn 0.3566 -0.3336 0.8727
vn 0.3556 -0.2519 0.9001
vn 0.5169 -0.2684 0.8129
vn 0.3357 0.3362 -0.8799
vn 0.1773 0.5066 -0.8437
vn 0.4764 0.2054 -0.8549
vn 0.2408 0.3723 -0.8963
vn 0.0116 0.6183 -0.7858
vn -0.0387 0.4877 -0.8721
vn 0.0862 -0.7615 0.6425
vn 0.2009 -0.7648 0.6121
vn 0.2870 -0.8025 0.5231
vn 0.5094 -0.6697 0.5404
vn 0.4080 -0.7004 0.5856
vn 0.3912 -0.7607 0.5179
vn -0.4143 0.6650 -0.6214
vn -0.2658 0.7030 -0.6597
vn -0.0866 0.6936 -0.7152
vn -0.3818 0.2985 -0.8747
vn -0.4059 0.2643 -0.8749
vn -0.3732 0.2286 -0.8992
vn 0.5201 -0.2348 0.8212
vn 0.3886 -0.1455 0.9099
vn 0.2560 -0.0960 0.9619
vn -0.4106 0.4704 -0.7811
vn -0.3958 0.2844 -0.8732
vn -0.2292 0.2005 -0.9525
vn -0.5258 0.8503 0.0250
vn -0.3964 0.9172 -0.0405
vn -0.4349 0.8576 -0.2746
vn -0.3051 0.9126 -0.2723
vn -0.1636 -0.9422 0.2923
vn -0.5718 -0.8202 0.0159
vn -0.1958 -0.8370 0.5110
vn -0.6529 -0.7196 0.2363
vn -0.8472 0.2761 -0.4538
vn -0.8412 0.0769 -0.5352
vn -0.8382 -0.4103 -0.3592
vn -0.9469 -0.2720 -0.1716
vn -0.1708 -0.6048 0.7778
vn -0.6725 -0.4634 0.5771
vn -0.1542 -0.3078 0.9389
vn -0.5528 -0.2148 0.8052
vn -0.9730 0.0417 0.2270
vn -0.7246 0.3071 0.6170
vn -0.6253 0.7583 0.1843
vn -0.8155 0.5485 -0.1847
vn -0.2890 0.7503 0.5946
vn -0.1945 0.2473 0.9492
vn -0.4287 0.8873 -0.1701
vn -0.2745 0.9616 -0.0045
vn -0.5448 0.7558 -0.3633
vn -0.6298 0.6251 -0.4610
vn -0.7163 0.4736 -0.5125
vn 0.5433 -0.4360 0.7175
vn 0.6356 -0.4606 0.6196
vn 0.7523 -0.4627 0.4690
vn 0.6725 -0.4421 0.5936
vn 0.7131 -0.4582 0.5305
vn 0.7348 -0.4908 0.4682
vn 0.9075 -0.3353 0.2531
vn 0.7740 -0.4409 0.4544
vn 0.7748 -0.4275 0.4657
vn 0.8805 -0.3250 0.3451
vn 0.5685 -0.3996 0.7191
vn 0.6372 -0.4069 0.6546
vn 0.5453 -0.3975 0.7380
vn 0.5850 -0.4050 0.7027
vn 0.6973 -0.4169 0.5830
vn 0.6401 -0.4013 0.6552
vn 0.7067 -0.3848 0.5937
vn 0.7405 -0.4213 0.5237
vn 0.7708 -0.3652 0.5220
vn 0.7581 -0.3808 0.5294
vn 0.5247 -0.4248 0.7377
vn 0.4520 -0.5704 0.6858
vn 0.3703 -0.5124 0.7748
vn 0.3395 -0.4139 0.8447
vn 0.3560 -0.5717 0.7392
vn 0.4549 -0.5965 0.6612
vn 0.6953 -0.5563 0.4550
vn 0.7152 -0.5602 0.4179
vn 0.7047 -0.5820 0.4059
vn 0.6465 -0.6104 0.4577
vn 0.8367 -0.4665 0.2869
vn 0.7534 -0.5341 0.3836
vn 0.5318 -0.6098 0.5876
vn 0.5353 -0.6130 0.5811
vn 0.6165 -0.4885 0.6175
vn 0.6703 -0.5311 0.5183
vn 0.5769 -0.6328 0.5164
vn 0.5936 -0.6187 0.5145
vn 0.6104 -0.6343 0.4744
vn 0.6782 -0.5476 0.4901
vn 0.6649 -0.5937 0.4532
vn 0.3181 -0.3230 0.8913
vn 0.3940 -0.1830 0.9007
vn 0.5316 -0.3424 0.7747
vn 0.5085 -0.3855 0.7700
vn 0.7511 -0.5135 0.4150
vn 0.8243 -0.4894 0.2847
vn 0.8303 -0.4146 0.3725
vn 0.7821 -0.4241 0.4566
vn 0.6725 -0.5082 0.5381
vn 0.6827 -0.5166 0.5167
vn 0.7367 -0.4384 0.5149
vn 0.7075 -0.4642 0.5330
vn 0.6514 -0.4487 0.6118
vn 0.6604 -0.4691 0.5864
vn 0.5592 -0.3025 0.7719
vn 0.4008 -0.1409 0.9053
vn 0.4133 -0.0127 0.9105
vn 0.6619 -0.1661 0.7309
vn 0.7075 -0.4303 0.5606
vn 0.7148 -0.4601 0.5267
vn 0.8692 0.0347 0.4933
vn 0.8873 0.0371 0.4596
vn 0.4025 0.6474 0.6472
vn 0.6674 0.6762 0.3121
vn -0.1389 0.8864 -0.4416
vn 0.0989 0.9206 -0.3778
vn 0.5830 0.8123 0.0138
vn 0.5531 0.8259 0.1095
vn 0.0148 0.9333 -0.3589
vn -0.1728 0.9425 -0.2862
vn -0.3596 0.5446 -0.7577
vn -0.1203 0.7897 -0.6016
vn -0.2807 0.5828 -0.7626
vn -0.2613 0.6615 -0.7029
vn -0.6424 0.6433 -0.4165
vn -0.5418 0.7225 -0.4296
vn -0.3152 0.8217 -0.4749
vn -0.5088 0.6917 -0.5126
vn -0.4482 0.5536 -0.7019
vn -0.4101 0.5778 -0.7056
vn -0.5037 0.5958 -0.6255
vn -0.5459 0.5577 -0.6252
vn -0.3493 0.5973 -0.7220
vn -0.4840 0.6158 -0.6217
vn -0.2883 0.5140 -0.8079
vn -0.4284 0.4988 -0.7534
vn -0.3870 0.4076 -0.8271
vn -0.5380 0.4129 -0.7349
vn -0.6528 0.5443 -0.5268
vn -0.6995 0.4776 -0.5316
vn -0.7135 0.5132 -0.4769
vn -0.7164 0.5551 -0.4226
vn -0.6487 0.6021 -0.4655
vn -0.6373 0.5405 -0.5492
vn -0.6190 0.6195 -0.4828
vn -0.5459 0.5489 -0.6330
vn -0.5853 0.5398 -0.6050
vn -0.6234 0.5627 -0.5429
vn -0.6611 0.5308 -0.5302
vn -0.3767 0.4542 -0.8073
vn -0.5055 0.5104 -0.6956
vn -0.4016 0.4383 -0.8041
vn -0.5507 0.4994 -0.6688
vn -0.6284 0.5467 -0.5534
vn -0.6445 0.5337 -0.5476
vn -0.6702 0.5393 -0.5099
vn -0.6545 0.5800 -0.4851
vn -0.6340 0.5821 -0.5091
vn -0.6734 0.5372 -0.5079
vn -0.5779 0.4239 -0.6974
vn -0.5562 0.4615 -0.6911
vn -0.4481 0.4068 -0.7961
vn -0.4622 0.3882 -0.7973
vn -0.3825 0.3748 -0.8445
vn -0.3791 0.3505 -0.8564
vn -0.6542 0.5042 -0.5637
vn -0.6735 0.4456 -0.5898
vn -0.6971 0.4676 -0.5436
vn -0.6779 0.5195 -0.5201
vn -0.4805 0.4868 -0.7295
vn -0.3892 0.5291 -0.7540
vn -0.4264 0.4610 -0.7782
vn -0.6198 0.4678 -0.6302
vn -0.6218 0.4516 -0.6398
vn -0.4556 0.5065 -0.7320
vn -0.5281 0.4759 -0.7032
vn -0.4897 0.4936 -0.7187
vn -0.4114 0.5032 -0.7600
vn -0.5477 0.4440 -0.7091
vn -0.5870 0.4336 -0.6837
vn -0.4985 0.4379 -0.7482
vn -0.5009 0.5088 -0.7002
vn -0.5538 0.5396 -0.6341
vn -0.4943 0.4572 -0.7393
vn -0.2348 0.5369 -0.8103
vn -0.9029 0.2210 -0.3687
vn -0.8157 0.3420 -0.4666
vn -0.8941 0.3306 -0.3022
vn -0.9610 0.1324 -0.2430
vn -0.7681 0.3478 -0.5376
vn -0.6826 0.5029 -0.5303
vn -0.9385 0.2203 -0.2657
vn -0.8500 0.3489 -0.3947
vn -0.9977 0.0654 -0.0171
vn -0.9883 0.1451 -0.0464
vn -0.8848 0.3546 -0.3024
vn -0.8498 0.3873 -0.3576
vn -0.1108 0.1661 -0.9799
vn -0.0602 -0.0209 -0.9980
vn 0.1917 0.5677 -0.8006
vn 0.1127 0.7242 -0.6803
vn -0.2864 0.0147 -0.9580
vn -0.2443 -0.0966 -0.9649
vn 0.1917 0.9610 -0.1993
vn 0.3905 0.8886 -0.2405
vn 0.2372 0.9082 -0.3448
vn -0.0170 0.9134 -0.4066
vn 0.2900 -0.7592 0.5826
vn 0.3206 -0.8468 0.4245
vn 0.3411 -0.6515 0.6776
vn 0.3374 -0.6779 0.6532
vn -0.2086 0.1708 -0.9630
vn -0.1708 0.0588 -0.9835
vn 0.0082 0.0613 -0.9981
vn -0.0168 0.2324 -0.9725
vn -0.2569 0.2411 -0.9359
vn -0.1371 0.4218 -0.8963
vn -0.3538 0.6087 -0.7101
vn -0.2455 0.7456 -0.6196
vn -0.3339 0.7565 -0.5624
vn -0.3083 0.7599 -0.5723
vn 0.4500 -0.7179 0.5311
vn 0.3527 -0.9134 0.2031
vn 0.5026 -0.8292 0.2445
vn 0.5412 -0.6682 0.5105
vn 0.5425 -0.6473 0.5355
vn 0.4836 -0.6800 0.5511
vn 0.4558 0.2620 0.8506
vn 0.4960 -0.0264 0.8679
vn 0.4204 0.3809 0.8235
vn 0.2964 0.3672 0.8817
vn 0.3788 0.2448 0.8925
vn 0.4906 -0.0904 0.8667
vn -0.4976 0.6189 -0.6078
vn -0.3693 0.4149 -0.8316
vn -0.4374 0.3704 -0.8195
vn -0.5790 0.4886 -0.6527
vn -0.8410 0.2106 0.4983
vn -0.6522 -0.0059 0.7580
vn -0.5413 0.2389 0.8062
vn -0.7663 0.4468 0.4617
vn -0.2189 -0.0274 0.9754
vn -0.3274 -0.2294 0.9166
vn 0.3740 -0.2709 0.8870
vn 0.2916 -0.4425 0.8480
vn 0.7824 -0.4283 0.4521
vn 0.8164 -0.2492 0.5210
vn 0.9177 -0.3188 0.2372
vn 0.9385 -0.3087 0.1546
vn 0.9611 -0.2104 0.1790
vn 0.9724 -0.2305 0.0358
vn 0.9251 -0.3409 0.1670
vn 0.8894 -0.3885 0.2408
vn 0.8072 -0.4497 0.3823
vn 0.8141 -0.4250 0.3958
vn 0.7933 -0.5981 0.1139
vn 0.7271 -0.5887 0.3532
vn 0.7186 -0.5792 0.3849
vn 0.7775 -0.5980 0.1948
vn 0.6825 -0.5502 0.4811
vn 0.6795 -0.5787 0.4509
vn 0.4191 0.1758 0.8907
vn 0.3470 0.1146 0.9308
vn 0.3839 -0.0564 0.9217
vn 0.4830 -0.0313 0.8751
vn 0.4277 -0.1410 0.8928
vn 0.5196 -0.1587 0.8396
vn 0.4232 -0.0074 0.9060
vn 0.4189 0.1103 0.9013
vn 0.6225 -0.4351 0.6505
vn 0.6340 -0.4194 0.6497
vn 0.5892 -0.4255 0.6869
vn 0.5940 -0.4068 0.6940
vn 0.5527 -0.4223 0.7184
vn 0.5464 -0.3725 0.7501
vn 0.5087 -0.4202 0.7514
vn 0.4307 -0.3531 0.8305
vn 0.6121 -0.3393 0.7143
vn 0.5858 -0.3594 0.7264
vn 0.6285 -0.4805 0.6117
vn 0.6272 -0.4832 0.6108
vn 0.5064 -0.2451 0.8267
vn 0.5809 -0.2409 0.7775
vn 0.4679 -0.4851 0.7387
vn 0.3633 -0.4962 0.7886
vn 0.5029 -0.4867 0.7143
vn 0.4137 -0.5362 0.7358
vn -0.3596 0.3948 -0.8455
vn -0.3977 0.3368 -0.8535
vn -0.3338 0.6592 -0.6738
vn -0.3454 0.6486 -0.6782
vn -0.4935 0.6030 -0.6267
vn -0.4274 0.6326 -0.6458
vn -0.5195 0.5200 -0.6780
vn -0.5654 0.5024 -0.6542
vn -0.4103 0.6389 -0.6507
vn -0.3697 0.6488 -0.6651
vn -0.3707 0.6532 -0.6602
vn -0.4606 0.5490 -0.6975
vn -0.4015 -0.1934 -0.8952
vn -0.2886 -0.1736 -0.9416
vn -0.4304 0.3194 -0.8442
vn -0.4458 0.3464 -0.8254
vn -0.4456 0.6024 -0.6622
vn -0.4309 0.3686 -0.8237
vn -0.4537 -0.1530 -0.8779
vn -0.3627 0.6728 -0.6448
vn -0.4327 0.5710 -0.6976
vn -0.5282 0.5793 -0.6208
vn -0.5761 0.4996 -0.6469
vn -0.5731 0.4222 -0.7023
vn -0.5728 0.3991 -0.7160
vn -0.5573 0.4073 -0.7236
vn -0.5722 0.4275 -0.6998
vn 0.5903 -0.4622 0.6618
vn 0.6615 -0.4351 0.6108
vn 0.6548 -0.4825 0.5818
vn 0.6457 -0.5042 0.5735
vn 0.6323 -0.5475 0.5481
vn 0.6157 -0.5309 0.5823
vn 0.4319 -0.5624 0.7051
vn 0.5062 -0.5156 0.6913
vn 0.6038 -0.5300 0.5954
vn 0.4725 -0.5370 0.6988
vn 0.5604 -0.5003 0.6600
vn 0.4502 -0.4786 0.7539
vn 0.3733 -0.4814 0.7931
vn 0.3547 -0.5122 0.7822
vn 0.4062 -0.5689 0.7151
vn 0.4787 -0.5483 0.6857
vn 0.4230 -0.5381 0.7290
vn 0.5256 -0.5913 0.6116
vn 0.3896 -0.6894 0.6107
vn 0.4134 -0.6212 0.6657
vn 0.4085 -0.6291 0.6613
vn 0.3323 -0.6716 0.6623
vn 0.3703 -0.5459 0.7516
vn 0.3236 -0.8495 0.4167
vn 0.1847 -0.8986 0.3981
vn 0.4348 -0.7629 0.4785
vn 0.1646 -0.8737 0.4577
vn -0.1309 -0.9667 0.2199
vn 0.0701 -0.9250 0.3734
vn 0.3800 -0.7121 0.5904
vn 0.5645 -0.6255 0.5386
vn -0.3249 0.7495 -0.5768
vn -0.3383 0.7453 -0.5745
vn -0.3211 0.7074 -0.6297
vn -0.3235 0.7017 -0.6348
vn 0.3641 -0.6839 0.6322
vn 0.2453 -0.7914 0.5599
vn -0.3462 0.6347 -0.6909
vn -0.3820 0.5335 -0.7546
vn -0.4159 0.5052 -0.7562
vn -0.3497 0.6177 -0.7044
vn -0.4467 0.5785 -0.6825
vn -0.4579 0.6534 -0.6027
vn -0.4544 0.4701 -0.7567
vn -0.4048 0.4922 -0.7706
vn -0.4456 0.5881 -0.6750
vn -0.4723 0.6530 -0.5921
vn 0.5507 -0.6206 0.5582
vn 0.5098 -0.6688 0.5411
vn 0.5700 -0.5625 0.5988
vn 0.5567 -0.6138 0.5597
vn -0.4417 0.6001 -0.6669
vn -0.4043 0.5044 -0.7630
vn -0.4630 0.6639 -0.5873
vn 0.5880 -0.5431 0.5995
vn 0.5865 -0.5610 0.5841
vn 0.6040 -0.4951 0.6246
vn 0.5854 -0.5109 0.6295
vn 0.5710 -0.5676 0.5931
vn 0.5578 -0.6385 0.5303
vn 0.5491 -0.5173 0.6564
vn 0.5133 -0.5167 0.6853
vn 0.5559 -0.5673 0.6076
vn 0.5501 -0.6442 0.5315
vn 0.5137 -0.5792 0.6329
vn 0.4872 -0.5083 0.7101
vn 0.4927 -0.6677 0.5580
vn -0.4165 0.4078 -0.8126
vn -0.4970 0.3932 -0.7735
vn -0.3696 0.3669 -0.8537
vn -0.4611 0.3711 -0.8060
vn -0.3580 0.4497 -0.8183
vn -0.4521 0.4173 -0.7883
vn -0.3607 0.4085 -0.8384
vn -0.3070 0.4319 -0.8481
vn -0.3740 0.4359 -0.8186
vn -0.3892 0.4464 -0.8058
vn 0.5895 -0.4733 0.6546
vn 0.5603 -0.5195 0.6451
vn 0.5448 -0.4912 0.6796
vn 0.5897 -0.4602 0.6637
vn 0.5146 -0.4432 0.7340
vn 0.4920 -0.4816 0.7253
vn 0.5391 -0.4693 0.6994
vn 0.5229 -0.4566 0.7197
vn -0.2753 0.4633 -0.8424
vn -0.2935 0.7513 -0.5911
vn -0.0769 0.5820 -0.8095
vn -0.0960 0.8396 -0.5347
vn 0.4607 -0.4816 0.7456
vn 0.4592 -0.4599 0.7600
vn -0.3044 0.7318 -0.6097
vn -0.3619 0.4635 -0.8089
vn -0.2028 0.8403 -0.5027
vn -0.4182 0.6415 -0.6431
vn -0.6140 0.7345 -0.2890
vn -0.6014 0.7883 -0.1300
vn -0.4337 0.8778 -0.2034
vn -0.3556 0.8311 -0.4276
vn -0.5622 0.7362 -0.3768
vn -0.5665 0.7139 -0.4115
vn 0.4803 0.0395 0.8762
vn 0.4787 -0.4068 0.7780
vn 0.3958 -0.4859 0.7793
vn 0.3825 0.0256 0.9236
vn -0.6055 0.7720 -0.1935
vn -0.6113 0.7537 -0.2414
vn -0.5731 0.6010 -0.5570
vn -0.4687 -0.2562 -0.8454
vn -0.3300 -0.2408 -0.9127
vn -0.5414 -0.2009 -0.8164
vn -0.5066 0.2451 -0.8266
vn -0.6008 0.2972 -0.7421
vn -0.2418 0.3056 -0.9210
vn 0.3714 -0.8300 0.4162
vn 0.2826 -0.8225 0.4936
vn 0.0506 0.4153 -0.9083
vn -0.1519 -0.1619 -0.9750
vn -0.3146 0.9146 -0.2540
vn -0.4745 0.5450 -0.6913
vn -0.4441 0.8560 -0.2647
vn -0.2584 0.8947 -0.3642
vn 0.0077 0.9998 -0.0193
vn 0.1491 0.8895 -0.4320
vn 0.3366 0.9392 -0.0682
vn -0.4919 -0.0370 -0.8699
vn -0.1901 0.5786 -0.7932
vn -0.3068 0.3913 -0.8676
vn -0.3009 0.3758 -0.8765
vn -0.2186 0.5119 -0.8307
vn -0.3513 0.3516 -0.8677
vn -0.3518 0.4514 -0.8201
vn 0.4091 0.8866 -0.2159
vn 0.4156 0.8414 -0.3455
vn -0.3431 0.3904 -0.8543
vn -0.2829 0.5954 -0.7520
vn -0.2855 0.5698 -0.7706
vn -0.3925 0.4160 -0.8203
vn -0.0986 0.6826 -0.7241
vn 0.1008 0.7986 -0.5934
vn 0.1317 0.8948 -0.4267
vn -0.2859 0.3522 -0.8912
vn -0.0845 0.9313 -0.3543
vn 0.5077 -0.1446 0.8493
vn 0.4806 -0.1309 0.8671
vn 0.4972 -0.2779 0.8219
vn 0.5206 -0.3469 0.7801
vn 0.5410 -0.4564 0.7065
vn 0.5169 -0.4280 0.7414
vn -0.5955 0.6002 -0.5340
vn -0.7467 0.6175 -0.2475
vn -0.5666 0.7851 -0.2501
vn -0.4309 0.7570 -0.4911
vn -0.5961 0.7061 -0.3822
vn -0.7840 0.5684 -0.2494
vn -0.5733 0.7375 -0.3570
vn -0.5013 0.6964 -0.5135
vn 0.0286 0.1092 -0.9936
vn -0.0678 0.0766 -0.9948
vn -0.3884 0.1800 -0.9037
vn -0.2489 0.3786 -0.8915
vn -0.7505 0.3670 -0.5497
vn -0.3474 0.2839 -0.8937
vn -0.5974 0.5167 -0.6132
vn -0.1139 0.0673 -0.9912
vn -0.0883 0.2136 -0.9729
vn -0.3007 0.4681 -0.8309
vn 0.0399 0.2447 -0.9688
vn -0.1538 0.5419 -0.8263
vn -0.6668 0.5853 -0.4613
vn -0.8728 0.4163 -0.2549
vn -0.8433 0.4634 -0.2723
vn 0.2372 -0.2350 0.9426
vn 0.6312 -0.4765 0.6119
vn 0.0564 -0.1202 0.9911
vn 0.1693 -0.0228 0.9853
vn 0.3021 -0.0231 0.9530
vn 0.6772 -0.3188 0.6631
vn 0.7960 -0.5682 0.2085
vn 0.8408 -0.5098 0.1820
vn 0.4549 -0.3782 0.8063
vn 0.5053 -0.4063 0.7613
vn 0.4887 -0.4752 0.7316
vn 0.4699 -0.3837 0.7950
vn 0.5248 -0.5102 0.6814
vn 0.5667 -0.3806 0.7308
vn 0.4301 -0.2334 0.8721
vn 0.4643 -0.3274 0.8230
vn 0.4625 -0.4154 0.7833
vn 0.3909 -0.2804 0.8767
vn 0.1749 0.0212 0.9844
vn 0.3294 0.1619 0.9302
vn 0.3851 -0.0008 0.9229
vn 0.3692 -0.1470 0.9176
vn 0.5085 -0.2122 0.8345
vn 0.4764 -0.2659 0.8380
vn 0.5228 -0.2965 0.7992
vn 0.5513 -0.3082 0.7753
vn 0.4840 -0.2978 0.8228
vn 0.6012 -0.3214 0.7316
vn 0.5649 -0.3430 0.7505
vn 0.4364 -0.2894 0.8519
vn 0.2881 -0.1511 0.9456
vn 0.4322 -0.8109 0.3945
vn 0.3928 -0.7705 0.5021
vn 0.3714 -0.7303 0.5734
vn 0.4181 -0.7460 0.5183
vn 0.5537 -0.2697 0.7878
vn 0.5849 -0.3356 0.7384
vn 0.5414 -0.6835 0.4896
vn 0.4585 -0.7657 0.4511
vn 0.5430 -0.7057 0.4551
vn 0.4625 -0.8109 0.3586
vn 0.4596 -0.7740 0.4354
vn 0.4806 -0.8476 0.2251
vn 0.4448 -0.8869 0.1250
vn 0.4556 -0.8252 0.3338
vn 0.4376 -0.8967 -0.0663
vn 0.3068 -0.9509 -0.0413
vn 0.3782 -0.9080 0.1805
vn 0.4821 -0.7437 0.4632
vn -0.4388 0.7080 -0.5534
vn -0.4570 0.7027 -0.5453
vn -0.4604 0.6607 -0.5929
vn -0.4347 0.6837 -0.5862
vn 0.3708 -0.8479 0.3790
vn 0.2376 -0.9674 0.0877
vn -0.4561 0.6927 -0.5587
vn -0.4388 0.6656 -0.6037
vn -0.4860 0.6799 -0.5490
vn -0.5154 0.6090 -0.6029
vn -0.4328 0.6465 -0.6283
vn -0.4577 0.4252 -0.7809
vn -0.4136 0.2207 -0.8833
vn -0.4579 0.6127 -0.6442
vn -0.5268 0.1717 -0.8324
vn -0.5383 0.4807 -0.6922
vn -0.5148 0.4271 -0.7434
vn -0.4419 0.1413 -0.8859
vn -0.5080 0.6518 -0.5631
vn -0.4784 0.6961 -0.5354
vn -0.4738 0.4296 -0.7687
vn -0.5176 0.4290 -0.7403
vn -0.5867 0.3516 -0.7295
vn -0.5310 0.3333 -0.7791
vn -0.5752 0.4857 -0.6582
vn -0.6428 0.4072 -0.6488
vn -0.6434 0.4234 -0.6378
vn -0.6125 0.3129 -0.7259
vn -0.5584 0.2644 -0.7863
vn -0.1855 0.2879 -0.9395
vn -0.3572 0.5858 -0.7275
vn -0.5262 0.4221 -0.7382
vn -0.5233 0.4230 -0.7398
vn -0.5654 0.5025 -0.6541
vn -0.4300 0.2761 -0.8596
vn -0.4910 0.2491 -0.8348
vn -0.5246 0.3714 -0.7660
vn -0.5531 0.4737 -0.6853
vn -0.4909 0.5382 -0.6851
vn -0.5715 0.3173 -0.7568
vn -0.6430 0.4337 -0.6312
vn 0.3430 -0.0222 0.9391
vn 0.2767 -0.0736 0.9581
vn 0.4784 -0.3755 0.7938
vn 0.3443 -0.4432 0.8277
vn -0.5312 0.4844 -0.6951
vn 0.5265 -0.7858 0.3246
vn 0.4695 -0.3928 0.7907
vn 0.3721 -0.3955 0.8397
vn 0.4184 -0.8427 0.3388
vn 0.4848 -0.8557 0.1809
vn 0.3015 -0.9269 0.2237
vn 0.2914 -0.9139 0.2827
vn 0.3267 -0.3853 0.8630
vn 0.1913 -0.0813 0.9782
vn 0.1955 -0.1241 0.9728
vn -0.5333 0.4409 -0.7219
vn -0.5423 0.5952 -0.5930
vn -0.4107 -0.0020 -0.9118
vn -0.3977 0.0694 -0.9149
vn 0.3790 -0.0287 0.9250
vn -0.2978 0.5303 -0.7938
vn -0.1897 0.1594 -0.9688
vn -0.4768 0.0561 -0.8772
vn -0.5742 0.4200 -0.7027
vn -0.2844 -0.1476 -0.9473
vn -0.4273 0.0697 -0.9014
vn -0.4205 -0.0364 -0.9066
vn -0.4472 -0.0573 -0.8926
vn -0.4279 0.0543 -0.9022
vn -0.5656 0.5069 -0.6506
vn -0.2433 0.3272 -0.9131
vn -0.2170 0.4112 -0.8853
vn -0.2634 0.4022 -0.8768
vn -0.5280 0.6092 -0.5917
vn -0.5167 0.5840 -0.6260
vn -0.5544 0.4631 -0.6915
vn -0.1057 0.0074 -0.9944
vn -0.2604 0.2667 -0.9279
vn -0.5269 0.4210 -0.7384
vn -0.6132 0.6017 -0.5118
vn -0.6635 0.5368 -0.5211
vn -0.6130 0.5469 -0.5702
vn -0.6408 0.4643 -0.6114
vn -0.6284 0.4576 -0.6290
vn -0.3662 0.3708 -0.8535
vn 0.6863 -0.5295 0.4985
vn 0.7014 -0.5822 0.4111
vn 0.6701 -0.5966 0.4416
vn 0.6432 -0.5649 0.5169
vn 0.5808 -0.5191 0.6270
vn 0.6261 -0.4133 0.6612
vn -0.5919 0.5099 -0.6242
vn 0.6149 -0.4776 0.6275
vn 0.6640 -0.5955 0.4521
vn 0.6524 -0.6101 0.4496
vn 0.6073 -0.4630 0.6457
vn 0.6802 -0.6841 0.2633
vn 0.6911 -0.6571 0.3011
vn 0.6889 -0.5623 0.4575
vn 0.6693 -0.7424 0.0296
vn 0.6870 -0.7266 -0.0057
vn 0.6452 -0.4163 0.6407
vn 0.5477 -0.4179 0.7248
vn 0.5824 -0.3174 0.7484
vn 0.4688 -0.2338 0.8518
vn 0.4527 -0.3494 0.8203
vn 0.4704 -0.1482 0.8699
vn 0.5880 -0.2623 0.7651
vn 0.3362 -0.0339 0.9412
vn 0.3712 -0.1197 0.9208
vn 0.3718 -0.2361 0.8978
vn 0.7064 -0.6414 0.2993
vn 0.7453 -0.6657 0.0366
vn 0.5753 -0.2850 0.7667
vn 0.4296 -0.2141 0.8773
vn 0.3157 -0.1688 0.9337
vn 0.1482 -0.2584 0.9546
vn 0.2648 -0.1431 0.9536
vn 0.3003 -0.3804 0.8747
vn 0.5071 -0.5148 0.6913
vn 0.4306 -0.4656 0.7732
vn -0.6258 0.5192 -0.5821
vn -0.5843 0.4724 -0.6598
vn -0.5259 0.4458 -0.7244
vn -0.4511 0.4277 -0.7833
vn -0.5729 0.3970 -0.7171
vn -0.5782 0.4219 -0.6983
vn -0.4737 0.3562 -0.8054
vn -0.4773 0.3345 -0.8126
vn -0.4398 0.3275 -0.8363
vn -0.4645 0.3529 -0.8122
vn -0.6745 0.4843 -0.5572
vn -0.6833 0.4782 -0.5518
vn -0.4688 0.3862 -0.7944
vn -0.5372 0.4066 -0.7389
vn -0.4851 0.4009 -0.7771
vn -0.4592 0.4050 -0.7907
vn -0.5477 0.4123 -0.7280
vn -0.5703 0.3769 -0.7298
vn -0.4722 0.3514 -0.8084
vn -0.5365 0.5011 -0.6790
vn -0.3897 0.7708 -0.5039
vn -0.4360 0.6082 -0.6633
vn -0.5177 0.6133 -0.5965
vn -0.3313 0.7195 -0.6103
vn -0.6422 0.5713 -0.5111
vn -0.5427 0.5933 -0.5946
vn -0.4858 0.4698 -0.7371
vn -0.4439 0.7072 -0.5503
vn -0.2220 0.6097 -0.7609
vn -0.2160 0.4129 -0.8848
vn -0.4604 0.4888 -0.7411
vn -0.4621 0.4404 -0.7697
vn -0.6765 0.5358 -0.5052
vn -0.6669 0.4953 -0.5568
vn 0.7996 -0.4118 0.4370
vn 0.9179 -0.3358 0.2114
vn 0.9529 -0.2827 0.1094
vn 0.8634 -0.3578 0.3557
vn 0.9122 -0.3444 0.2222
vn 0.9408 -0.3200 0.1119
vn -0.5330 0.4655 -0.7065
vn -0.2626 0.3607 -0.8950
vn -0.4522 0.3420 -0.8237
vn 0.7950 -0.4215 0.4363
vn 0.8994 -0.3860 0.2051
vn 0.8805 -0.4022 0.2508
vn 0.7746 -0.4503 0.4441
vn 0.9239 -0.3717 0.0913
vn 0.9278 -0.3727 0.0164
vn 0.7111 -0.4071 0.5732
vn 0.6790 -0.4407 0.5872
vn 0.5335 -0.5829 0.6129
vn 0.0201 -0.6033 0.7972
vn -0.1020 -0.5569 0.8243
vn 0.2712 -0.5591 0.7835
vn 0.6558 -0.4801 0.5826
vn 0.8394 -0.4463 0.3101
vn 0.8079 -0.3966 0.4358
vn 0.9342 -0.3388 0.1114
vn 0.9542 -0.2889 -0.0775
vn -0.9198 0.3458 0.1857
vn -0.7752 0.5381 0.3308
vn -0.8214 0.5699 0.0249
vn -0.9013 0.4109 -0.1373
vn -0.8475 0.5067 0.1581
vn -0.8501 0.5250 -0.0411
vn -0.8374 0.5372 -0.1011
vn -0.8989 0.3773 -0.2229
vn -0.9209 0.2902 -0.2602
vn -0.9478 0.2408 -0.2092
vn -0.9936 0.0928 0.0640
vn -0.6444 0.5267 -0.5543
vn -0.6857 0.6569 -0.3136
vn -0.9120 0.3903 -0.1259
vn -0.7558 0.6060 -0.2482
vn -0.8367 0.4123 -0.3604
vn -0.9309 0.2910 0.2206
vn 0.7758 -0.4302 0.4617
vn 0.7863 -0.3794 0.4877
vn 0.7442 -0.3554 0.5656
vn 0.7059 -0.4466 0.5498
vn 0.7476 -0.3941 0.5346
vn 0.7416 -0.3374 0.5798
vn -0.8243 0.3262 -0.4627
vn 0.6969 -0.4452 0.5623
vn 0.6813 -0.4022 0.6116
vn 0.5869 -0.5329 0.6095
vn 0.6359 -0.4387 0.6350
vn 0.6558 -0.5322 0.5355
vn 0.6671 -0.3543 0.6553
vn 0.6891 -0.3109 0.6546
vn 0.7372 -0.4931 0.4620
vn -0.6824 0.4892 -0.5431
vn -0.6597 0.4423 -0.6076
vn -0.6615 0.5085 -0.5513
vn -0.6593 0.5155 -0.5473
vn -0.6653 0.4511 -0.5948
vn -0.6523 0.4276 -0.6259
vn 0.6628 -0.3434 0.6654
vn -0.6634 0.4596 -0.5905
vn -0.6928 0.4664 -0.5500
vn -0.5909 0.4133 -0.6928
vn -0.6141 0.4196 -0.6685
vn -0.6177 0.4179 -0.6662
vn -0.6318 0.4128 -0.6560
vn -0.6303 0.4681 -0.6194
vn -0.6248 0.4314 -0.6508
vn -0.6589 0.4585 -0.5963
vn 0.0422 -0.6137 0.7884
vn 0.0639 -0.6340 0.7707
vn 0.2030 -0.1402 0.9691
vn 0.1266 -0.1529 0.9801
vn 0.2851 0.3349 0.8981
vn 0.1724 0.2747 0.9459
vn 0.1417 0.3172 0.9377
vn 0.1894 -0.1130 0.9754
vn 0.1687 -0.5903 0.7893
vn -0.0724 -0.8878 0.4546
vn -0.0406 -0.8819 0.4697
vn 0.1131 -0.8210 0.5597
vn 0.1361 0.5418 0.8294
vn 0.1254 0.5751 0.8084
vn 0.2266 0.3963 0.8897
vn 0.3556 0.1531 0.9220
vn 0.3965 -0.3716 0.8395
vn 0.4729 -0.3841 0.7930
vn 0.4382 -0.4329 0.7878
vn 0.4416 -0.3208 0.8379
vn 0.4635 -0.0204 0.8859
vn 0.3551 0.4952 0.7929
vn 0.4602 -0.3465 0.8174
vn 0.4201 -0.0637 0.9053
vn 0.3036 0.5835 0.7532
vn 0.4774 -0.1474 0.8662
vn 0.4917 -0.3642 0.7909
vn 0.2900 -0.0250 0.9567
vn 0.2010 0.0867 0.9757
vn 0.1742 0.1343 0.9755
vn 0.1000 0.1960 0.9755
vn 0.7879 -0.6028 0.1262
vn 0.6810 -0.7250 0.1030
vn 0.6940 -0.3405 0.6344
vn 0.6510 -0.4954 0.5752
vn 0.2372 -0.3115 0.9202
vn -0.0567 -0.0070 0.9984
vn 0.5359 -0.6786 0.5023
vn 0.3627 -0.0467 0.9307
vn 0.0970 -0.0718 0.9927
vn 0.3641 0.0679 0.9289
vn 0.6017 -0.7908 0.1125
vn -0.5205 0.3209 0.7913
vn -0.6984 0.0686 0.7124
vn -0.1916 -0.2842 0.9394
vn -0.1210 0.0081 0.9926
vn -0.8204 -0.2270 0.5247
vn -0.3478 -0.5023 0.7917
vn 0.1498 -0.6109 0.7774
vn 0.6090 -0.6110 0.5057
vn 0.6740 -0.5673 0.4733
vn 0.2735 -0.4965 0.8238
vn 0.3771 -0.2644 0.8876
vn 0.7849 -0.3329 0.5226
vn 0.9338 -0.3331 0.1306
vn 0.8612 -0.4779 0.1731
vn 0.8552 -0.4599 0.2391
vn -0.4584 0.7885 -0.4101
vn -0.1779 0.9507 -0.2539
vn -0.4105 0.6825 -0.6047
vn -0.0291 0.8282 -0.5597
vn -0.3992 0.5682 -0.7196
vn -0.2060 0.5944 -0.7774
vn -0.2827 0.5905 -0.7559
vn -0.3841 0.5767 -0.7210
vn -0.9210 0.3809 -0.0814
vn -0.7277 0.5305 -0.4348
vn -0.7200 0.5416 -0.4340
vn -0.9018 0.4288 -0.0530
vn -0.9431 0.2026 0.2635
vn -0.9265 0.2344 0.2942
vn -0.7551 -0.0477 0.6538
vn -0.7685 -0.0539 0.6376
vn -0.4735 -0.2866 0.8329
vn -0.4529 -0.2611 0.8525
vn -0.1709 -0.4115 0.8952
vn -0.1013 -0.3405 0.9348
vn 0.7402 -0.4906 0.4598
vn 0.3125 -0.4419 0.8409
vn 0.2827 -0.5355 0.7958
vn 0.7108 -0.5658 0.4178
vn 0.8842 -0.4637 0.0566
vn 0.9135 -0.3979 0.0849
vn 0.8719 -0.4833 0.0794
vn 0.8891 -0.4397 0.1270
vn 0.6674 -0.5644 0.4858
vn 0.7097 -0.5765 0.4050
vn 0.8403 0.1477 0.5216
vn 0.9115 0.0108 0.4111
vn 0.7681 -0.5631 0.3049
vn 0.8587 -0.3824 0.3412
vn 0.2664 0.9603 0.0832
vn 0.5767 0.8156 -0.0476
vn -0.4028 0.6306 -0.6634
vn -0.0002 0.6157 -0.7880
vn -0.0707 0.6173 -0.7836
vn -0.4055 0.6049 -0.6853
vn 0.4147 0.5518 -0.7235
vn 0.2786 0.6873 -0.6709
vn -0.7357 0.5405 -0.4082
vn -0.7190 0.5673 -0.4014
vn -0.9136 0.4004 -0.0710
vn -0.8899 0.4512 -0.0669
vn -0.9240 0.2265 0.3082
vn -0.8975 0.2830 0.3383
vn -0.7358 0.0087 0.6771
vn -0.7038 0.0953 0.7040
vn -0.3864 -0.1884 0.9029
vn -0.3610 -0.0634 0.9304
vn -0.0254 -0.2673 0.9633
vn 0.0721 -0.1845 0.9802
vn 0.7730 -0.1903 0.6051
vn 0.4653 -0.2230 0.8566
vn 0.3425 -0.2820 0.8962
vn 0.7531 -0.3053 0.5827
vn -0.6060 0.6845 -0.4052
vn -0.2787 0.7293 -0.6248
vn -0.8109 0.5809 -0.0710
vn -0.6141 0.7889 -0.0224
vn -0.3841 0.8968 -0.2194
vn -0.0406 0.9236 -0.3812
vn -0.8253 0.4589 0.3292
vn -0.5746 0.7730 0.2687
vn -0.6362 0.3051 0.7086
vn -0.5042 0.6095 0.6118
vn 0.9891 -0.0094 -0.1469
vn 0.9738 -0.1198 0.1932
vn 0.9544 -0.2426 0.1739
vn 0.9850 -0.1435 0.0959
vn -0.2707 0.2333 0.9340
vn -0.1329 0.6715 0.7290
vn 0.1814 0.1549 0.9711
vn 0.2686 0.6444 0.7159
vn -0.2176 0.9509 0.2201
vn 0.2081 0.9650 0.1598
vn 0.6939 0.5541 -0.4598
vn 0.3560 0.8194 -0.4492
vn 0.5607 0.8263 0.0527
vn 0.7791 0.6222 -0.0767
vn 0.6197 0.5355 0.5738
vn 0.8716 0.3677 0.3242
vn 0.5877 0.0189 0.8088
vn 0.8457 -0.0449 0.5318
vn 0.9210 0.3044 -0.2431
vn 0.9429 0.3261 0.0678
vn 0.7066 0.6555 -0.2666
vn 0.7869 0.4054 -0.4652
vn 0.1510 0.6678 -0.7289
vn 0.5220 0.5170 -0.6784
vn 0.9690 0.1539 -0.1931
vn 0.9568 0.1574 -0.2445
vn 0.9804 0.0217 -0.1958
vn 0.9137 0.1268 -0.3862
vn 0.8805 0.3057 -0.3623
vn 0.8539 0.2512 -0.4558
vn 0.7613 0.4000 -0.5102
vn 0.9813 0.1918 0.0137
vn 0.8569 0.4566 -0.2393
vn 0.9854 -0.0412 0.1655
vn 0.0140 0.5253 -0.8508
vn -0.0834 0.5236 -0.8479
vn 0.1911 0.4814 -0.8554
vn 0.1978 0.4885 -0.8499
vn -0.6556 0.3780 -0.6537
vn -0.4601 0.5290 -0.7131
vn -0.2143 0.5286 -0.8214
vn -0.2578 0.5197 -0.8146
vn -0.3080 0.4491 -0.8387
vn -0.3068 0.4928 -0.8143
vn -0.3682 0.4615 -0.8071
vn -0.3719 0.4398 -0.8175
vn -0.4780 0.4324 -0.7646
vn -0.4769 0.4320 -0.7655
vn -0.3737 0.4176 -0.8282
vn -0.4495 0.4320 -0.7819
vn -0.2874 0.3901 -0.8748
vn -0.3246 0.3104 -0.8935
vn -0.3934 0.3301 -0.8581
vn -0.4512 0.3542 -0.8191
vn -0.1568 0.3540 -0.9220
vn -0.2346 0.2919 -0.9272
vn 0.0787 0.2930 -0.9529
vn -0.0814 0.2697 -0.9595
vn -0.4077 0.3674 -0.8359
vn -0.4308 0.3336 -0.8385
vn -0.3873 0.3195 -0.8648
vn -0.3677 0.3604 -0.8573
vn -0.3302 0.3081 -0.8922
vn -0.3199 0.3625 -0.8754
vn 0.3753 0.2006 -0.9049
vn 0.1956 0.2210 -0.9555
vn 0.4065 0.1800 -0.8957
vn 0.6031 0.0817 -0.7935
vn 0.5914 0.0403 -0.8053
vn 0.3728 0.2032 -0.9054
vn 0.8166 -0.1027 -0.5680
vn 0.7838 -0.1599 -0.6000
vn 0.8919 -0.3997 0.2117
vn 0.9034 -0.4245 0.0602
vn 0.3769 -0.3527 0.8565
vn 0.5312 -0.3951 0.7494
vn 0.1609 -0.2425 0.9567
vn 0.2234 -0.2860 0.9318
vn 0.2169 -0.2316 0.9483
vn 0.2112 -0.2850 0.9350
vn 0.3444 -0.2679 0.8998
vn 0.3308 -0.3552 0.8743
vn 0.5053 -0.3062 0.8068
vn 0.4901 -0.3980 0.7755
vn 0.6461 -0.3482 0.6792
vn 0.6299 -0.2880 0.7213
vn 0.6887 -0.3780 0.6187
vn 0.6625 -0.3343 0.6703
vn 0.6336 -0.3535 0.6881
vn 0.6020 -0.3757 0.7046
vn 0.6064 -0.3279 0.7244
vn 0.6369 -0.3549 0.6844
vn 0.6484 -0.4233 0.6327
vn 0.6135 -0.3835 0.6904
vn 0.5417 -0.4632 0.7014
vn 0.5230 -0.4091 0.7477
vn 0.6254 -0.2681 0.7328
vn 0.6482 -0.3383 0.6822
vn 0.6156 -0.3568 0.7027
vn 0.5687 -0.3298 0.7536
vn 0.6718 -0.4105 0.6166
vn 0.5600 -0.4815 0.6742
vn 0.4748 -0.5309 0.7019
vn 0.6759 -0.4235 0.6032
vn 0.1154 -0.5882 0.8004
vn 0.0228 -0.5911 0.8062
vn -0.0340 -0.6196 0.7842
vn 0.3532 -0.5742 0.7386
vn 0.4196 -0.5586 0.7155
vn -0.0162 -0.5642 0.8255
vn 0.6368 -0.4214 0.6457
vn 0.5682 -0.4224 0.7062
vn -0.4510 -0.5091 0.7331
vn -0.4469 -0.5085 0.7360
vn -0.4429 -0.5238 0.7276
vn -0.3772 -0.3532 0.8561
vn -0.3516 -0.4201 0.8366
vn -0.3658 -0.5036 0.7827
vn -0.3805 -0.5250 0.7613
vn -0.3700 -0.3174 0.8731
vn -0.7459 -0.3381 0.5739
vn -0.6677 -0.4195 0.6150
vn -0.9924 0.1068 -0.0619
vn -0.9910 0.1326 -0.0203
vn -0.1944 -0.5216 0.8307
vn -0.1581 -0.5777 0.8008
vn -0.6772 -0.2899 0.6763
vn -0.2942 -0.4793 0.8269
vn -0.2568 -0.4556 0.8523
vn -0.7248 -0.3043 0.6181
vn -0.9888 0.1022 0.1084
vn -0.9725 0.0410 0.2293
vn -0.8794 0.3879 -0.2761
vn -0.9277 0.3270 -0.1804
vn -0.5240 0.4295 -0.7355
vn -0.5262 0.3882 -0.7566
vn -0.5553 0.3947 -0.7320
vn -0.5515 0.4239 -0.7185
vn -0.5431 0.4125 -0.7313
vn -0.5280 0.4190 -0.7387
vn -0.5529 0.3988 -0.7317
vn -0.5351 0.4093 -0.7390
vn -0.4941 0.4336 -0.7536
vn -0.4896 0.3761 -0.7867
vn -0.4679 0.3540 -0.8098
vn -0.5034 0.3738 -0.7790
vn -0.4460 0.3793 -0.8107
vn -0.4812 0.3928 -0.7836
vn -0.5157 0.4024 -0.7564
vn -0.5345 0.3875 -0.7511
vn 0.3691 -0.4245 0.8268
vn 0.4147 -0.4120 0.8114
vn 0.4166 -0.4908 0.7652
vn 0.3737 -0.5220 0.7667
vn 0.4164 -0.1991 0.8871
vn 0.5405 -0.2197 0.8121
vn 0.4802 -0.2994 0.8245
vn 0.3932 -0.2842 0.8744
vn 0.4935 -0.4841 0.7226
vn 0.4202 -0.4626 0.7806
vn 0.4206 -0.5435 0.7264
vn 0.4602 -0.5387 0.7057
vn 0.4846 -0.3178 0.8150
vn 0.3220 -0.2377 0.9164
vn 0.3827 -0.3239 0.8652
vn 0.5065 -0.3872 0.7704
vn 0.5688 -0.4871 0.6628
vn 0.6225 -0.4433 0.6450
vn 0.6371 -0.3557 0.6838
vn 0.6266 -0.3037 0.7177
vn -0.2973 0.4986 -0.8142
vn 0.1819 0.4890 -0.8531
vn -0.3160 0.4655 -0.8267
vn 0.1582 0.5099 -0.8456
vn -0.2737 0.8186 -0.5050
vn -0.7038 0.6327 -0.3229
vn -0.3990 0.7606 -0.5122
vn -0.1514 0.7879 -0.5969
vn -0.6111 0.5890 -0.5288
vn -0.4320 0.6760 -0.5970
vn 0.3092 0.5411 -0.7821
vn -0.0186 0.7486 -0.6628
vn -0.2492 0.6415 -0.7255
vn 0.1524 0.5351 -0.8309
vn -0.6775 0.4748 -0.5617
vn -0.4708 0.6182 -0.6294
vn -0.1873 0.8137 -0.5503
vn -0.1428 0.8117 -0.5663
vn -0.0390 0.8151 -0.5781
vn 0.0019 0.8412 -0.5408
vn -0.2849 0.7504 -0.5965
vn -0.1738 0.8263 -0.5358
vn -0.3318 0.6974 -0.6353
vn -0.2114 0.8087 -0.5489
vn 0.0941 0.2669 -0.9591
vn -0.1420 0.2977 -0.9440
vn 0.0571 0.3378 -0.9395
vn -0.1605 0.3702 -0.9150
vn -0.2569 0.3677 -0.8937
vn -0.2583 0.3029 -0.9173
vn -0.8611 0.4086 -0.3027
vn -0.8564 0.4268 -0.2907
vn -0.9622 0.2559 -0.0937
vn -0.9466 0.3079 -0.0956
vn -0.9859 0.1669 -0.0121
vn -0.9905 0.0540 0.1264
vn -0.8581 0.4931 -0.1429
vn -0.7281 0.5642 -0.3894
vn -0.7056 0.5735 -0.4162
vn -0.9574 0.2546 -0.1361
vn -0.9943 0.1067 -0.0084
vn -0.9985 -0.0014 0.0540
vn -0.9897 0.0637 0.1279
vn -0.9892 0.0920 0.1145
vn -0.9898 0.1253 0.0673
vn -0.9831 0.1448 0.1122
vn -0.9884 0.1351 0.0694
vn -0.9792 0.1875 0.0780
vn 0.9974 0.0283 0.0657
# 3363 vertex normals

vt 0.0000 0.0000 0.0000
# 1 texture coords

o AletaI
g AletaI
usemtl _17174_Tiamat_v1default
s 1
f 1/1/1 2/1/2 3/1/3 4/1/4 
f 5/1/5 3/1/3 2/1/2 6/1/6 
f 7/1/7 8/1/8 3/1/3 5/1/5 
f 4/1/4 3/1/3 8/1/8 9/1/9 
f 10/1/10 11/1/11 12/1/12 13/1/13 
f 14/1/14 13/1/13 12/1/12 15/1/15 
f 9/1/9 8/1/8 13/1/13 14/1/14 
f 10/1/10 13/1/13 8/1/8 7/1/7 
f 16/1/16 17/1/17 18/1/18 19/1/19 
f 14/1/14 18/1/18 17/1/17 9/1/9 
f 15/1/15 20/1/20 18/1/18 14/1/14 
f 18/1/18 20/1/20 21/1/21 
f 22/1/22 23/1/23 24/1/24 25/1/25 
f 4/1/4 23/1/23 22/1/22 1/1/1 
f 9/1/9 17/1/17 23/1/23 4/1/4 
f 16/1/16 24/1/24 23/1/23 17/1/17 
f 26/1/26 27/1/27 28/1/28 29/1/29 
f 30/1/30 28/1/28 27/1/27 31/1/31 
f 32/1/32 33/1/33 28/1/28 30/1/30 
f 29/1/29 28/1/28 33/1/33 34/1/34 
f 35/1/35 36/1/36 37/1/37 38/1/38 
f 29/1/29 37/1/37 36/1/36 26/1/26 
f 34/1/34 39/1/39 37/1/37 29/1/29 
f 38/1/38 37/1/37 39/1/39 40/1/40 
f 25/1/25 24/1/24 41/1/41 42/1/42 
f 43/1/43 41/1/41 24/1/24 16/1/16 
f 40/1/40 39/1/39 41/1/41 43/1/43 
f 42/1/42 41/1/41 39/1/39 34/1/34 
f 44/1/44 45/1/45 46/1/46 47/1/47 
f 48/1/48 46/1/46 45/1/45 49/1/49 
f 46/1/46 48/1/48 50/1/50 
f 47/1/47 46/1/46 51/1/51 52/1/52 
f 53/1/53 54/1/54 55/1/55 56/1/56 
f 57/1/57 55/1/55 54/1/54 58/1/58 
f 59/1/59 60/1/60 55/1/55 57/1/57 
f 56/1/56 55/1/55 60/1/60 61/1/61 
f 62/1/62 63/1/63 64/1/64 65/1/65 
f 63/1/63 66/1/66 67/1/67 64/1/64 
f 67/1/67 58/1/58 68/1/68 64/1/64 
f 65/1/65 64/1/64 68/1/68 69/1/69 
f 70/1/70 71/1/71 72/1/72 73/1/73 
f 57/1/57 72/1/72 71/1/71 59/1/59 
f 58/1/58 67/1/67 72/1/72 57/1/57 
f 73/1/73 72/1/72 67/1/67 66/1/66 
f 74/1/74 75/1/75 76/1/76 77/1/77 
f 78/1/78 76/1/76 75/1/75 79/1/79 
f 61/1/61 60/1/60 76/1/76 78/1/78 
f 77/1/77 76/1/76 60/1/60 59/1/59 
f 80/1/80 81/1/81 82/1/82 83/1/83 
f 84/1/84 82/1/82 81/1/81 85/1/85 
f 86/1/86 87/1/87 82/1/82 84/1/84 
f 83/1/83 82/1/82 87/1/87 88/1/88 
f 21/1/21 20/1/20 89/1/89 90/1/90 
f 91/1/91 89/1/89 20/1/20 15/1/15 
f 92/1/92 93/1/93 89/1/89 91/1/91 
f 90/1/90 89/1/89 93/1/93 94/1/94 
f 95/1/95 96/1/96 97/1/97 98/1/98 
f 93/1/93 97/1/97 96/1/96 94/1/94 
f 92/1/92 99/1/99 97/1/97 93/1/93 
f 99/1/99 100/1/100 98/1/98 
f 92/1/92 91/1/91 101/1/101 102/1/102 
f 12/1/12 101/1/101 91/1/91 15/1/15 
f 11/1/11 103/1/103 101/1/101 12/1/12 
f 102/1/102 101/1/101 103/1/103 104/1/104 
f 105/1/105 106/1/106 100/1/100 
f 99/1/99 92/1/92 102/1/102 105/1/105 
f 104/1/104 107/1/107 105/1/105 102/1/102 
f 106/1/106 105/1/105 107/1/107 108/1/108 
f 16/1/16 19/1/19 109/1/109 43/1/43 
f 19/1/19 21/1/21 110/1/110 
f 111/1/111 112/1/112 109/1/109 110/1/110 
f 43/1/43 109/1/109 112/1/112 40/1/40 
f 21/1/21 90/1/90 113/1/113 110/1/110 
f 114/1/114 113/1/113 90/1/90 94/1/94 
f 115/1/115 116/1/116 113/1/113 114/1/114 
f 110/1/110 113/1/113 116/1/116 111/1/111 
f 117/1/117 114/1/114 94/1/94 
f 96/1/96 95/1/95 118/1/118 
f 119/1/119 120/1/120 117/1/117 118/1/118 
f 114/1/114 117/1/117 120/1/120 115/1/115 
f 40/1/40 112/1/112 121/1/121 38/1/38 
f 122/1/122 121/1/121 112/1/112 111/1/111 
f 123/1/123 124/1/124 121/1/121 122/1/122 
f 38/1/38 121/1/121 124/1/124 35/1/35 
f 125/1/125 126/1/126 127/1/127 128/1/128 
f 126/1/126 129/1/129 130/1/130 127/1/127 
f 131/1/131 132/1/132 127/1/127 130/1/130 
f 128/1/128 127/1/127 132/1/132 133/1/133 
f 134/1/134 135/1/135 136/1/136 
f 137/1/137 138/1/138 139/1/139 136/1/136 
f 138/1/138 133/1/133 132/1/132 139/1/139 
f 134/1/134 139/1/139 132/1/132 131/1/131 
f 140/1/140 141/1/141 142/1/142 
f 143/1/143 140/1/140 144/1/144 125/1/125 
f 145/1/145 146/1/146 140/1/140 143/1/143 
f 141/1/141 140/1/140 146/1/146 147/1/147 
f 73/1/73 148/1/148 149/1/149 70/1/70 
f 150/1/150 148/1/148 73/1/73 66/1/66 
f 148/1/148 150/1/150 151/1/151 
f 152/1/152 153/1/153 149/1/149 
f 154/1/154 155/1/155 156/1/156 157/1/157 
f 158/1/158 159/1/159 156/1/156 155/1/155 
f 160/1/160 156/1/156 159/1/159 161/1/161 
f 157/1/157 156/1/156 160/1/160 162/1/162 
f 162/1/162 160/1/160 163/1/163 164/1/164 
f 165/1/165 163/1/163 160/1/160 161/1/161 
f 166/1/166 167/1/167 163/1/163 165/1/165 
f 164/1/164 163/1/163 167/1/167 168/1/168 
f 169/1/169 170/1/170 171/1/171 172/1/172 
f 173/1/173 171/1/171 170/1/170 174/1/174 
f 175/1/175 176/1/176 171/1/171 173/1/173 
f 172/1/172 171/1/171 176/1/176 177/1/177 
f 178/1/178 179/1/179 180/1/180 181/1/181 
f 182/1/182 180/1/180 179/1/179 183/1/183 
f 174/1/174 170/1/170 180/1/180 182/1/182 
f 181/1/181 180/1/180 170/1/170 169/1/169 
f 184/1/184 185/1/185 186/1/186 187/1/187 
f 186/1/186 183/1/183 179/1/179 187/1/187 
f 188/1/188 187/1/187 179/1/179 178/1/178 
f 189/1/189 184/1/184 187/1/187 188/1/188 
f 153/1/153 152/1/152 190/1/190 191/1/191 
f 192/1/192 190/1/190 152/1/152 151/1/151 
f 193/1/193 194/1/194 190/1/190 192/1/192 
f 191/1/191 190/1/190 194/1/194 195/1/195 
f 196/1/196 197/1/197 198/1/198 199/1/199 
f 200/1/200 198/1/198 197/1/197 201/1/201 
f 195/1/195 194/1/194 198/1/198 200/1/200 
f 199/1/199 198/1/198 194/1/194 193/1/193 
f 202/1/202 203/1/203 204/1/204 205/1/205 
f 83/1/83 204/1/204 203/1/203 80/1/80 
f 88/1/88 206/1/206 204/1/204 83/1/83 
f 205/1/205 204/1/204 206/1/206 207/1/207 
f 207/1/207 206/1/206 208/1/208 209/1/209 
f 210/1/210 208/1/208 206/1/206 88/1/88 
f 211/1/211 212/1/212 208/1/208 210/1/210 
f 209/1/209 208/1/208 212/1/212 213/1/213 
f 213/1/213 212/1/212 214/1/214 215/1/215 
f 216/1/216 214/1/214 212/1/212 211/1/211 
f 217/1/217 218/1/218 214/1/214 216/1/216 
f 215/1/215 214/1/214 218/1/218 219/1/219 
f 219/1/219 218/1/218 220/1/220 221/1/221 
f 222/1/222 220/1/220 218/1/218 217/1/217 
f 223/1/223 224/1/224 220/1/220 222/1/222 
f 221/1/221 220/1/220 224/1/224 225/1/225 
f 226/1/226 227/1/227 228/1/228 
f 229/1/229 230/1/230 231/1/231 
f 232/1/232 226/1/226 231/1/231 233/1/233 
f 234/1/234 227/1/227 226/1/226 
f 235/1/235 236/1/236 237/1/237 238/1/238 
f 239/1/239 237/1/237 236/1/236 240/1/240 
f 241/1/241 242/1/242 237/1/237 239/1/239 
f 238/1/238 237/1/237 242/1/242 243/1/243 
f 244/1/244 245/1/245 246/1/246 247/1/247 
f 248/1/248 246/1/246 245/1/245 249/1/249 
f 250/1/250 251/1/251 246/1/246 248/1/248 
f 247/1/247 246/1/246 251/1/251 252/1/252 
f 253/1/253 254/1/254 255/1/255 256/1/256 
f 257/1/257 255/1/255 254/1/254 258/1/258 
f 259/1/259 260/1/260 255/1/255 257/1/257 
f 256/1/256 255/1/255 260/1/260 261/1/261 
f 262/1/262 263/1/263 264/1/264 265/1/265 
f 247/1/247 264/1/264 263/1/263 244/1/244 
f 252/1/252 266/1/266 264/1/264 247/1/247 
f 265/1/265 264/1/264 266/1/266 267/1/267 
f 268/1/268 269/1/269 270/1/270 271/1/271 
f 272/1/272 270/1/270 269/1/269 137/1/137 
f 273/1/273 270/1/270 272/1/272 274/1/274 
f 271/1/271 270/1/270 273/1/273 275/1/275 
f 168/1/168 167/1/167 276/1/276 277/1/277 
f 278/1/278 276/1/276 167/1/167 166/1/166 
f 279/1/279 276/1/276 278/1/278 280/1/280 
f 277/1/277 276/1/276 279/1/279 281/1/281 
f 282/1/282 283/1/283 284/1/284 285/1/285 
f 283/1/283 201/1/201 197/1/197 
f 284/1/284 197/1/197 196/1/196 
f 285/1/285 284/1/284 286/1/286 287/1/287 
f 288/1/288 289/1/289 290/1/290 291/1/291 
f 292/1/292 290/1/290 289/1/289 293/1/293 
f 249/1/249 245/1/245 290/1/290 292/1/292 
f 291/1/291 290/1/290 245/1/245 244/1/244 
f 294/1/294 295/1/295 296/1/296 297/1/297 
f 106/1/106 296/1/296 295/1/295 100/1/100 
f 108/1/108 298/1/298 296/1/296 106/1/106 
f 297/1/297 296/1/296 298/1/298 299/1/299 
f 207/1/207 300/1/300 301/1/301 205/1/205 
f 297/1/297 301/1/301 300/1/300 294/1/294 
f 299/1/299 302/1/302 301/1/301 297/1/297 
f 205/1/205 301/1/301 302/1/302 202/1/202 
f 303/1/303 304/1/304 305/1/305 306/1/306 
f 98/1/98 305/1/305 304/1/304 95/1/95 
f 100/1/100 295/1/295 305/1/305 98/1/98 
f 306/1/306 305/1/305 295/1/295 294/1/294 
f 213/1/213 307/1/307 308/1/308 209/1/209 
f 306/1/306 308/1/308 307/1/307 303/1/303 
f 294/1/294 300/1/300 308/1/308 306/1/306 
f 209/1/209 308/1/308 300/1/300 207/1/207 
f 309/1/309 310/1/310 311/1/311 
f 118/1/118 309/1/309 312/1/312 119/1/119 
f 95/1/95 304/1/304 309/1/309 118/1/118 
f 310/1/310 309/1/309 304/1/304 303/1/303 
f 219/1/219 313/1/313 314/1/314 215/1/215 
f 310/1/310 314/1/314 313/1/313 311/1/311 
f 303/1/303 307/1/307 314/1/314 310/1/310 
f 215/1/215 314/1/314 307/1/307 213/1/213 
f 315/1/315 316/1/316 317/1/317 318/1/318 
f 319/1/319 317/1/317 316/1/316 320/1/320 
f 119/1/119 312/1/312 317/1/317 319/1/319 
f 318/1/318 317/1/317 312/1/312 311/1/311 
f 225/1/225 321/1/321 322/1/322 221/1/221 
f 318/1/318 322/1/322 321/1/321 315/1/315 
f 311/1/311 313/1/313 322/1/322 318/1/318 
f 221/1/221 322/1/322 313/1/313 219/1/219 
f 323/1/323 324/1/324 325/1/325 326/1/326 
f 273/1/273 325/1/325 324/1/324 275/1/275 
f 274/1/274 327/1/327 325/1/325 273/1/273 
f 326/1/326 325/1/325 327/1/327 328/1/328 
f 233/1/233 329/1/329 330/1/330 232/1/232 
f 326/1/326 330/1/330 329/1/329 323/1/323 
f 328/1/328 331/1/331 330/1/330 326/1/326 
f 331/1/331 234/1/234 232/1/232 
f 185/1/185 184/1/184 332/1/332 333/1/333 
f 334/1/334 332/1/332 184/1/184 189/1/189 
f 335/1/335 336/1/336 332/1/332 334/1/334 
f 333/1/333 332/1/332 336/1/336 337/1/337 
f 238/1/238 338/1/338 339/1/339 235/1/235 
f 340/1/340 338/1/338 238/1/238 243/1/243 
f 337/1/337 336/1/336 338/1/338 340/1/340 
f 339/1/339 338/1/338 336/1/336 335/1/335 
f 341/1/341 342/1/342 282/1/282 
f 343/1/343 341/1/341 285/1/285 287/1/287 
f 293/1/293 289/1/289 341/1/341 343/1/343 
f 342/1/342 341/1/341 289/1/289 288/1/288 
f 244/1/244 263/1/263 344/1/344 291/1/291 
f 345/1/345 344/1/344 263/1/263 262/1/262 
f 346/1/346 347/1/347 344/1/344 345/1/345 
f 291/1/291 344/1/344 347/1/347 288/1/288 
f 348/1/348 349/1/349 350/1/350 351/1/351 
f 352/1/352 350/1/350 349/1/349 353/1/353 
f 354/1/354 355/1/355 350/1/350 352/1/352 
f 351/1/351 350/1/350 355/1/355 356/1/356 
f 357/1/357 358/1/358 359/1/359 360/1/360 
f 361/1/361 359/1/359 358/1/358 362/1/362 
f 363/1/363 364/1/364 359/1/359 361/1/361 
f 360/1/360 359/1/359 364/1/364 365/1/365 
f 366/1/366 367/1/367 368/1/368 369/1/369 
f 360/1/360 368/1/368 367/1/367 357/1/357 
f 365/1/365 370/1/370 368/1/368 360/1/360 
f 369/1/369 368/1/368 370/1/370 371/1/371 
f 353/1/353 349/1/349 372/1/372 373/1/373 
f 374/1/374 372/1/372 349/1/349 348/1/348 
f 375/1/375 376/1/376 372/1/372 374/1/374 
f 373/1/373 372/1/372 376/1/376 377/1/377 
f 353/1/353 378/1/378 379/1/379 352/1/352 
f 380/1/380 379/1/379 378/1/378 381/1/381 
f 382/1/382 383/1/383 379/1/379 380/1/380 
f 352/1/352 379/1/379 383/1/383 354/1/354 
f 384/1/384 385/1/385 363/1/363 
f 383/1/383 384/1/384 386/1/386 354/1/354 
f 382/1/382 387/1/387 384/1/384 383/1/383 
f 385/1/385 384/1/384 387/1/387 388/1/388 
f 365/1/365 364/1/364 389/1/389 390/1/390 
f 385/1/385 389/1/389 364/1/364 363/1/363 
f 389/1/389 385/1/385 388/1/388 
f 390/1/390 389/1/389 391/1/391 392/1/392 
f 371/1/371 370/1/370 393/1/393 394/1/394 
f 390/1/390 393/1/393 370/1/370 365/1/365 
f 392/1/392 395/1/395 393/1/393 390/1/390 
f 394/1/394 393/1/393 395/1/395 396/1/396 
f 371/1/371 394/1/394 397/1/397 398/1/398 
f 399/1/399 397/1/397 394/1/394 396/1/396 
f 400/1/400 401/1/401 397/1/397 399/1/399 
f 398/1/398 397/1/397 401/1/401 377/1/377 
f 381/1/381 378/1/378 402/1/402 403/1/403 
f 373/1/373 402/1/402 378/1/378 353/1/353 
f 377/1/377 401/1/401 402/1/402 373/1/373 
f 401/1/401 400/1/400 403/1/403 
f 381/1/381 404/1/404 405/1/405 380/1/380 
f 406/1/406 405/1/405 404/1/404 407/1/407 
f 408/1/408 409/1/409 405/1/405 406/1/406 
f 380/1/380 405/1/405 409/1/409 382/1/382 
f 382/1/382 409/1/409 410/1/410 387/1/387 
f 411/1/411 410/1/410 409/1/409 408/1/408 
f 412/1/412 413/1/413 410/1/410 411/1/411 
f 413/1/413 388/1/388 387/1/387 410/1/410 
f 392/1/392 391/1/391 414/1/414 415/1/415 
f 413/1/413 414/1/414 391/1/391 388/1/388 
f 412/1/412 416/1/416 414/1/414 413/1/413 
f 415/1/415 414/1/414 416/1/416 417/1/417 
f 396/1/396 395/1/395 418/1/418 419/1/419 
f 415/1/415 418/1/418 395/1/395 392/1/392 
f 417/1/417 420/1/420 418/1/418 415/1/415 
f 419/1/419 418/1/418 420/1/420 421/1/421 
f 399/1/399 422/1/422 423/1/423 400/1/400 
f 419/1/419 422/1/422 399/1/399 396/1/396 
f 421/1/421 424/1/424 422/1/422 419/1/419 
f 424/1/424 425/1/425 423/1/423 422/1/422 
f 407/1/407 404/1/404 426/1/426 427/1/427 
f 403/1/403 426/1/426 404/1/404 381/1/381 
f 426/1/426 403/1/403 400/1/400 
f 427/1/427 426/1/426 423/1/423 425/1/425 
f 428/1/428 429/1/429 430/1/430 431/1/431 
f 432/1/432 430/1/430 429/1/429 433/1/433 
f 434/1/434 435/1/435 430/1/430 432/1/432 
f 431/1/431 430/1/430 435/1/435 436/1/436 
f 437/1/437 438/1/438 439/1/439 
f 440/1/440 437/1/437 441/1/441 442/1/442 
f 428/1/428 443/1/443 437/1/437 440/1/440 
f 438/1/438 437/1/437 443/1/443 444/1/444 
f 445/1/445 446/1/446 447/1/447 448/1/448 
f 438/1/438 447/1/447 446/1/446 439/1/439 
f 444/1/444 449/1/449 447/1/447 438/1/438 
f 450/1/450 448/1/448 447/1/447 
f 445/1/445 448/1/448 451/1/451 452/1/452 
f 453/1/453 451/1/451 448/1/448 450/1/450 
f 454/1/454 455/1/455 451/1/451 453/1/453 
f 452/1/452 451/1/451 455/1/455 456/1/456 
f 456/1/456 455/1/455 457/1/457 458/1/458 
f 459/1/459 457/1/457 455/1/455 454/1/454 
f 460/1/460 461/1/461 457/1/457 459/1/459 
f 458/1/458 457/1/457 461/1/461 462/1/462 
f 463/1/463 464/1/464 465/1/465 
f 466/1/466 462/1/462 461/1/461 463/1/463 
f 467/1/467 463/1/463 461/1/461 460/1/460 
f 464/1/464 463/1/463 467/1/467 433/1/433 
f 433/1/433 429/1/429 468/1/468 464/1/464 
f 440/1/440 468/1/468 429/1/429 428/1/428 
f 442/1/442 469/1/469 468/1/468 
f 465/1/465 464/1/464 468/1/468 469/1/469 
f 408/1/408 470/1/470 471/1/471 411/1/411 
f 472/1/472 471/1/471 470/1/470 473/1/473 
f 474/1/474 471/1/471 472/1/472 475/1/475 
f 411/1/411 471/1/471 474/1/474 412/1/412 
f 475/1/475 476/1/476 477/1/477 474/1/474 
f 478/1/478 477/1/477 476/1/476 479/1/479 
f 417/1/417 416/1/416 477/1/477 478/1/478 
f 474/1/474 477/1/477 416/1/416 412/1/412 
f 421/1/421 420/1/420 480/1/480 481/1/481 
f 478/1/478 480/1/480 420/1/420 417/1/417 
f 479/1/479 482/1/482 480/1/480 478/1/478 
f 481/1/481 480/1/480 482/1/482 483/1/483 
f 425/1/425 424/1/424 484/1/484 485/1/485 
f 481/1/481 484/1/484 424/1/424 421/1/421 
f 483/1/483 486/1/486 484/1/484 481/1/481 
f 485/1/485 484/1/484 486/1/486 487/1/487 
f 425/1/425 485/1/485 488/1/488 427/1/427 
f 485/1/485 487/1/487 489/1/489 488/1/488 
f 490/1/490 491/1/491 488/1/488 489/1/489 
f 427/1/427 488/1/488 491/1/491 407/1/407 
f 473/1/473 470/1/470 492/1/492 493/1/493 
f 406/1/406 492/1/492 470/1/470 408/1/408 
f 407/1/407 491/1/491 492/1/492 406/1/406 
f 493/1/493 492/1/492 491/1/491 490/1/490 
f 475/1/475 472/1/472 494/1/494 495/1/495 
f 496/1/496 494/1/494 472/1/472 473/1/473 
f 494/1/494 496/1/496 497/1/497 
f 495/1/495 494/1/494 498/1/498 499/1/499 
f 439/1/439 446/1/446 500/1/500 501/1/501 
f 502/1/502 500/1/500 446/1/446 445/1/445 
f 503/1/503 504/1/504 500/1/500 502/1/502 
f 501/1/501 500/1/500 504/1/504 505/1/505 
f 506/1/506 507/1/507 508/1/508 509/1/509 
f 507/1/507 499/1/499 510/1/510 
f 508/1/508 510/1/510 503/1/503 
f 511/1/511 512/1/512 509/1/509 
f 479/1/479 476/1/476 513/1/513 514/1/514 
f 495/1/495 513/1/513 476/1/476 475/1/475 
f 499/1/499 507/1/507 513/1/513 495/1/495 
f 514/1/514 513/1/513 507/1/507 506/1/506 
f 502/1/502 515/1/515 511/1/511 503/1/503 
f 445/1/445 452/1/452 515/1/515 502/1/502 
f 516/1/516 515/1/515 452/1/452 456/1/456 
f 511/1/511 515/1/515 516/1/516 512/1/512 
f 483/1/483 482/1/482 517/1/517 518/1/518 
f 514/1/514 517/1/517 482/1/482 479/1/479 
f 506/1/506 519/1/519 517/1/517 514/1/514 
f 518/1/518 517/1/517 519/1/519 520/1/520 
f 487/1/487 486/1/486 521/1/521 522/1/522 
f 518/1/518 521/1/521 486/1/486 483/1/483 
f 520/1/520 523/1/523 521/1/521 518/1/518 
f 522/1/522 521/1/521 523/1/523 524/1/524 
f 525/1/525 505/1/505 504/1/504 
f 503/1/503 510/1/510 526/1/526 504/1/504 
f 526/1/526 510/1/510 499/1/499 
f 498/1/498 497/1/497 525/1/525 
f 527/1/527 528/1/528 529/1/529 530/1/530 
f 516/1/516 529/1/529 528/1/528 512/1/512 
f 456/1/456 458/1/458 529/1/529 516/1/516 
f 530/1/530 529/1/529 458/1/458 462/1/462 
f 531/1/531 532/1/532 533/1/533 
f 534/1/534 531/1/531 535/1/535 536/1/536 
f 527/1/527 537/1/537 531/1/531 534/1/534 
f 537/1/537 538/1/538 532/1/532 
f 539/1/539 540/1/540 538/1/538 
f 530/1/530 539/1/539 537/1/537 527/1/527 
f 530/1/530 462/1/462 466/1/466 539/1/539 
f 466/1/466 465/1/465 540/1/540 
f 540/1/540 541/1/541 542/1/542 538/1/538 
f 540/1/540 465/1/465 469/1/469 
f 442/1/442 543/1/543 541/1/541 469/1/469 
f 543/1/543 544/1/544 542/1/542 
f 442/1/442 441/1/441 545/1/545 543/1/543 
f 441/1/441 439/1/439 501/1/501 
f 505/1/505 546/1/546 545/1/545 501/1/501 
f 543/1/543 545/1/545 546/1/546 544/1/544 
f 547/1/547 548/1/548 544/1/544 
f 549/1/549 547/1/547 546/1/546 505/1/505 
f 550/1/550 551/1/551 547/1/547 549/1/549 
f 548/1/548 547/1/547 551/1/551 552/1/552 
f 552/1/552 551/1/551 553/1/553 554/1/554 
f 555/1/555 553/1/553 551/1/551 550/1/550 
f 556/1/556 557/1/557 553/1/553 555/1/555 
f 554/1/554 553/1/553 557/1/557 558/1/558 
f 559/1/559 560/1/560 561/1/561 
f 559/1/559 562/1/562 563/1/563 
f 564/1/564 560/1/560 559/1/559 565/1/565 
f 564/1/564 566/1/566 567/1/567 560/1/560 
f 554/1/554 567/1/567 566/1/566 552/1/552 
f 558/1/558 568/1/568 567/1/567 554/1/554 
f 560/1/560 567/1/567 568/1/568 561/1/561 
f 569/1/569 570/1/570 571/1/571 572/1/572 
f 570/1/570 573/1/573 574/1/574 
f 571/1/571 574/1/574 575/1/575 
f 572/1/572 571/1/571 576/1/576 577/1/577 
f 578/1/578 579/1/579 580/1/580 581/1/581 
f 578/1/578 563/1/563 582/1/582 
f 572/1/572 579/1/579 582/1/582 569/1/569 
f 577/1/577 580/1/580 579/1/579 572/1/572 
f 581/1/581 580/1/580 583/1/583 584/1/584 
f 585/1/585 583/1/583 580/1/580 577/1/577 
f 586/1/586 587/1/587 583/1/583 585/1/585 
f 584/1/584 583/1/583 587/1/587 588/1/588 
f 589/1/589 590/1/590 591/1/591 592/1/592 
f 593/1/593 591/1/591 590/1/590 594/1/594 
f 593/1/593 533/1/533 532/1/532 591/1/591 
f 532/1/532 538/1/538 592/1/592 
f 595/1/595 596/1/596 597/1/597 
f 592/1/592 595/1/595 598/1/598 589/1/589 
f 538/1/538 542/1/542 595/1/595 592/1/592 
f 596/1/596 595/1/595 542/1/542 544/1/544 
f 599/1/599 600/1/600 598/1/598 597/1/597 
f 599/1/599 601/1/601 602/1/602 600/1/600 
f 589/1/589 598/1/598 600/1/600 602/1/602 
f 603/1/603 604/1/604 597/1/597 
f 548/1/548 603/1/603 596/1/596 544/1/544 
f 552/1/552 566/1/566 603/1/603 548/1/548 
f 604/1/604 603/1/603 566/1/566 564/1/564 
f 605/1/605 604/1/604 564/1/564 
f 565/1/565 563/1/563 606/1/606 
f 606/1/606 607/1/607 608/1/608 
f 604/1/604 605/1/605 608/1/608 597/1/597 
f 609/1/609 610/1/610 608/1/608 607/1/607 
f 611/1/611 610/1/610 609/1/609 612/1/612 
f 601/1/601 599/1/599 610/1/610 611/1/611 
f 608/1/608 610/1/610 599/1/599 597/1/597 
f 607/1/607 606/1/606 613/1/613 614/1/614 
f 578/1/578 613/1/613 606/1/606 563/1/563 
f 581/1/581 615/1/615 613/1/613 578/1/578 
f 614/1/614 613/1/613 615/1/615 616/1/616 
f 617/1/617 618/1/618 619/1/619 620/1/620 
f 614/1/614 619/1/619 618/1/618 607/1/607 
f 616/1/616 621/1/621 619/1/619 614/1/614 
f 620/1/620 619/1/619 621/1/621 622/1/622 
f 623/1/623 624/1/624 625/1/625 626/1/626 
f 624/1/624 588/1/588 627/1/627 
f 628/1/628 625/1/625 627/1/627 629/1/629 
f 630/1/630 626/1/626 625/1/625 628/1/628 
f 631/1/631 632/1/632 616/1/616 
f 584/1/584 631/1/631 615/1/615 581/1/581 
f 631/1/631 584/1/584 588/1/588 
f 623/1/623 632/1/632 631/1/631 624/1/624 
f 630/1/630 628/1/628 633/1/633 634/1/634 
f 629/1/629 635/1/635 633/1/633 628/1/628 
f 636/1/636 633/1/633 635/1/635 612/1/612 
f 637/1/637 634/1/634 633/1/633 636/1/636 
f 638/1/638 639/1/639 640/1/640 641/1/641 
f 622/1/622 621/1/621 640/1/640 639/1/639 
f 621/1/621 616/1/616 632/1/632 
f 641/1/641 640/1/640 632/1/632 623/1/623 
f 612/1/612 609/1/609 642/1/642 636/1/636 
f 618/1/618 642/1/642 609/1/609 607/1/607 
f 617/1/617 643/1/643 642/1/642 618/1/618 
f 636/1/636 642/1/642 643/1/643 637/1/637 
f 644/1/644 645/1/645 637/1/637 
f 643/1/643 617/1/617 620/1/620 
f 622/1/622 639/1/639 644/1/644 620/1/620 
f 645/1/645 644/1/644 639/1/639 638/1/638 
f 646/1/646 645/1/645 638/1/638 
f 641/1/641 623/1/623 626/1/626 
f 646/1/646 626/1/626 630/1/630 
f 634/1/634 637/1/637 645/1/645 
f 647/1/647 648/1/648 649/1/649 650/1/650 
f 77/1/77 649/1/649 648/1/648 74/1/74 
f 59/1/59 71/1/71 649/1/649 77/1/77 
f 650/1/650 649/1/649 71/1/71 70/1/70 
f 70/1/70 149/1/149 651/1/651 650/1/650 
f 652/1/652 651/1/651 149/1/149 153/1/153 
f 653/1/653 654/1/654 651/1/651 652/1/652 
f 650/1/650 651/1/651 654/1/654 647/1/647 
f 647/1/647 654/1/654 655/1/655 656/1/656 
f 657/1/657 655/1/655 654/1/654 653/1/653 
f 658/1/658 659/1/659 655/1/655 657/1/657 
f 656/1/656 655/1/655 659/1/659 660/1/660 
f 652/1/652 661/1/661 662/1/662 653/1/653 
f 191/1/191 661/1/661 652/1/652 153/1/153 
f 195/1/195 663/1/663 661/1/661 191/1/191 
f 664/1/664 662/1/662 661/1/661 663/1/663 
f 658/1/658 657/1/657 665/1/665 666/1/666 
f 653/1/653 662/1/662 665/1/665 657/1/657 
f 664/1/664 667/1/667 665/1/665 662/1/662 
f 666/1/666 665/1/665 667/1/667 668/1/668 
f 663/1/663 669/1/669 670/1/670 664/1/664 
f 200/1/200 669/1/669 663/1/663 195/1/195 
f 200/1/200 201/1/201 671/1/671 
f 669/1/669 671/1/671 672/1/672 
f 667/1/667 664/1/664 670/1/670 673/1/673 
f 674/1/674 673/1/673 670/1/670 672/1/672 
f 675/1/675 673/1/673 674/1/674 676/1/676 
f 668/1/668 667/1/667 673/1/673 675/1/675 
f 677/1/677 678/1/678 679/1/679 680/1/680 
f 679/1/679 678/1/678 282/1/282 
f 288/1/288 347/1/347 679/1/679 342/1/342 
f 680/1/680 679/1/679 347/1/347 346/1/346 
f 681/1/681 678/1/678 677/1/677 
f 682/1/682 672/1/672 671/1/671 
f 681/1/681 671/1/671 201/1/201 
f 283/1/283 282/1/282 678/1/678 
f 672/1/672 682/1/682 683/1/683 674/1/674 
f 677/1/677 684/1/684 683/1/683 682/1/682 
f 685/1/685 683/1/683 684/1/684 686/1/686 
f 676/1/676 674/1/674 683/1/683 685/1/685 
f 74/1/74 648/1/648 687/1/687 688/1/688 
f 656/1/656 687/1/687 648/1/648 647/1/647 
f 660/1/660 689/1/689 687/1/687 656/1/656 
f 688/1/688 687/1/687 689/1/689 690/1/690 
f 688/1/688 690/1/690 691/1/691 692/1/692 
f 693/1/693 692/1/692 691/1/691 694/1/694 
f 79/1/79 75/1/75 692/1/692 693/1/693 
f 688/1/688 692/1/692 75/1/75 74/1/74 
f 695/1/695 696/1/696 697/1/697 698/1/698 
f 699/1/699 696/1/696 695/1/695 700/1/700 
f 694/1/694 691/1/691 696/1/696 699/1/699 
f 697/1/697 696/1/696 691/1/691 690/1/690 
f 701/1/701 702/1/702 689/1/689 660/1/660 
f 703/1/703 704/1/704 702/1/702 701/1/701 
f 689/1/689 702/1/702 704/1/704 690/1/690 
f 698/1/698 697/1/697 705/1/705 706/1/706 
f 705/1/705 697/1/697 690/1/690 
f 707/1/707 705/1/705 704/1/704 703/1/703 
f 706/1/706 705/1/705 707/1/707 708/1/708 
f 709/1/709 710/1/710 711/1/711 712/1/712 
f 701/1/701 710/1/710 709/1/709 703/1/703 
f 660/1/660 659/1/659 710/1/710 701/1/701 
f 711/1/711 710/1/710 659/1/659 658/1/658 
f 713/1/713 714/1/714 715/1/715 716/1/716 
f 706/1/706 715/1/715 714/1/714 698/1/698 
f 708/1/708 717/1/717 715/1/715 706/1/706 
f 716/1/716 715/1/715 717/1/717 718/1/718 
f 718/1/718 719/1/719 720/1/720 716/1/716 
f 10/1/10 720/1/720 719/1/719 11/1/11 
f 7/1/7 721/1/721 720/1/720 10/1/10 
f 716/1/716 720/1/720 721/1/721 713/1/713 
f 722/1/722 723/1/723 724/1/724 725/1/725 
f 708/1/708 707/1/707 725/1/725 724/1/724 
f 703/1/703 709/1/709 725/1/725 707/1/707 
f 709/1/709 712/1/712 722/1/722 725/1/725 
f 724/1/724 726/1/726 717/1/717 708/1/708 
f 723/1/723 727/1/727 726/1/726 724/1/724 
f 718/1/718 717/1/717 726/1/726 727/1/727 
f 11/1/11 719/1/719 728/1/728 103/1/103 
f 729/1/729 728/1/728 719/1/719 718/1/718 
f 730/1/730 731/1/731 728/1/728 729/1/729 
f 104/1/104 103/1/103 728/1/728 731/1/731 
f 712/1/712 711/1/711 732/1/732 733/1/733 
f 666/1/666 732/1/732 711/1/711 658/1/658 
f 668/1/668 734/1/734 732/1/732 666/1/666 
f 733/1/733 732/1/732 734/1/734 735/1/735 
f 736/1/736 730/1/730 729/1/729 737/1/737 
f 727/1/727 737/1/737 729/1/729 718/1/718 
f 723/1/723 738/1/738 737/1/737 727/1/727 
f 736/1/736 737/1/737 738/1/738 739/1/739 
f 739/1/739 738/1/738 740/1/740 741/1/741 
f 722/1/722 740/1/740 738/1/738 723/1/723 
f 733/1/733 740/1/740 722/1/722 712/1/712 
f 741/1/741 740/1/740 733/1/733 735/1/735 
f 735/1/735 734/1/734 742/1/742 743/1/743 
f 675/1/675 742/1/742 734/1/734 668/1/668 
f 676/1/676 744/1/744 742/1/742 675/1/675 
f 743/1/743 742/1/742 744/1/744 745/1/745 
f 735/1/735 743/1/743 746/1/746 741/1/741 
f 747/1/747 746/1/746 743/1/743 745/1/745 
f 748/1/748 749/1/749 746/1/746 747/1/747 
f 741/1/741 746/1/746 749/1/749 739/1/739 
f 730/1/730 736/1/736 750/1/750 751/1/751 
f 749/1/749 750/1/750 736/1/736 739/1/739 
f 752/1/752 750/1/750 749/1/749 748/1/748 
f 752/1/752 753/1/753 751/1/751 750/1/750 
f 108/1/108 107/1/107 754/1/754 755/1/755 
f 731/1/731 754/1/754 107/1/107 104/1/104 
f 730/1/730 751/1/751 754/1/754 731/1/731 
f 755/1/755 754/1/754 751/1/751 753/1/753 
f 756/1/756 757/1/757 758/1/758 759/1/759 
f 747/1/747 758/1/758 757/1/757 748/1/748 
f 745/1/745 760/1/760 758/1/758 747/1/747 
f 759/1/759 758/1/758 760/1/760 761/1/761 
f 745/1/745 744/1/744 762/1/762 760/1/760 
f 685/1/685 762/1/762 744/1/744 676/1/676 
f 686/1/686 763/1/763 762/1/762 685/1/685 
f 760/1/760 762/1/762 763/1/763 761/1/761 
f 748/1/748 757/1/757 764/1/764 752/1/752 
f 765/1/765 764/1/764 757/1/757 756/1/756 
f 752/1/752 764/1/764 765/1/765 753/1/753 
f 686/1/686 684/1/684 766/1/766 767/1/767 
f 680/1/680 766/1/766 684/1/684 677/1/677 
f 346/1/346 768/1/768 766/1/766 680/1/680 
f 767/1/767 766/1/766 768/1/768 769/1/769 
f 299/1/299 298/1/298 770/1/770 771/1/771 
f 755/1/755 770/1/770 298/1/298 108/1/108 
f 753/1/753 772/1/772 770/1/770 755/1/755 
f 771/1/771 770/1/770 772/1/772 773/1/773 
f 767/1/767 774/1/774 763/1/763 686/1/686 
f 774/1/774 767/1/767 769/1/769 
f 761/1/761 763/1/763 774/1/774 775/1/775 
f 773/1/773 772/1/772 776/1/776 777/1/777 
f 765/1/765 776/1/776 772/1/772 753/1/753 
f 756/1/756 778/1/778 776/1/776 765/1/765 
f 777/1/777 776/1/776 778/1/778 779/1/779 
f 779/1/779 778/1/778 780/1/780 781/1/781 
f 759/1/759 780/1/780 778/1/778 756/1/756 
f 761/1/761 775/1/775 780/1/780 759/1/759 
f 781/1/781 780/1/780 775/1/775 769/1/769 
f 769/1/769 768/1/768 782/1/782 783/1/783 
f 345/1/345 782/1/782 768/1/768 346/1/346 
f 262/1/262 784/1/784 782/1/782 345/1/345 
f 783/1/783 782/1/782 784/1/784 785/1/785 
f 202/1/202 302/1/302 786/1/786 787/1/787 
f 771/1/771 786/1/786 302/1/302 299/1/299 
f 773/1/773 788/1/788 786/1/786 771/1/771 
f 787/1/787 786/1/786 788/1/788 789/1/789 
f 789/1/789 788/1/788 790/1/790 791/1/791 
f 777/1/777 790/1/790 788/1/788 773/1/773 
f 779/1/779 792/1/792 790/1/790 777/1/777 
f 791/1/791 790/1/790 792/1/792 793/1/793 
f 793/1/793 792/1/792 794/1/794 795/1/795 
f 781/1/781 794/1/794 792/1/792 779/1/779 
f 769/1/769 783/1/783 794/1/794 781/1/781 
f 795/1/795 794/1/794 783/1/783 785/1/785 
f 796/1/796 785/1/785 784/1/784 797/1/797 
f 265/1/265 797/1/797 784/1/784 262/1/262 
f 267/1/267 798/1/798 797/1/797 265/1/265 
f 799/1/799 796/1/796 797/1/797 798/1/798 
f 80/1/80 203/1/203 800/1/800 801/1/801 
f 787/1/787 800/1/800 203/1/203 202/1/202 
f 789/1/789 802/1/802 800/1/800 787/1/787 
f 801/1/801 800/1/800 802/1/802 803/1/803 
f 803/1/803 802/1/802 804/1/804 805/1/805 
f 791/1/791 804/1/804 802/1/802 789/1/789 
f 793/1/793 806/1/806 804/1/804 791/1/791 
f 805/1/805 804/1/804 806/1/806 807/1/807 
f 807/1/807 806/1/806 808/1/808 809/1/809 
f 795/1/795 808/1/808 806/1/806 793/1/793 
f 785/1/785 796/1/796 808/1/808 795/1/795 
f 809/1/809 808/1/808 796/1/796 799/1/799 
f 81/1/81 810/1/810 811/1/811 85/1/85 
f 801/1/801 810/1/810 81/1/81 80/1/80 
f 803/1/803 812/1/812 810/1/810 801/1/801 
f 811/1/811 810/1/810 812/1/812 813/1/813 
f 496/1/496 814/1/814 815/1/815 497/1/497 
f 496/1/496 473/1/473 493/1/493 
f 814/1/814 493/1/493 490/1/490 
f 815/1/815 814/1/814 816/1/816 817/1/817 
f 818/1/818 819/1/819 820/1/820 821/1/821 
f 555/1/555 820/1/820 819/1/819 556/1/556 
f 550/1/550 822/1/822 820/1/820 555/1/555 
f 821/1/821 820/1/820 822/1/822 817/1/817 
f 823/1/823 816/1/816 490/1/490 
f 522/1/522 823/1/823 489/1/489 487/1/487 
f 524/1/524 824/1/824 823/1/823 522/1/522 
f 816/1/816 823/1/823 824/1/824 817/1/817 
f 549/1/549 825/1/825 822/1/822 550/1/550 
f 525/1/525 825/1/825 549/1/549 505/1/505 
f 497/1/497 815/1/815 825/1/825 525/1/525 
f 822/1/822 825/1/825 815/1/815 817/1/817 
f 826/1/826 827/1/827 828/1/828 
f 829/1/829 817/1/817 830/1/830 
f 826/1/826 830/1/830 831/1/831 
f 832/1/832 833/1/833 827/1/827 
f 833/1/833 832/1/832 834/1/834 835/1/835 
f 836/1/836 834/1/834 832/1/832 831/1/831 
f 837/1/837 838/1/838 834/1/834 836/1/836 
f 838/1/838 839/1/839 835/1/835 
f 840/1/840 841/1/841 842/1/842 843/1/843 
f 844/1/844 842/1/842 841/1/841 845/1/845 
f 846/1/846 847/1/847 842/1/842 844/1/844 
f 848/1/848 843/1/843 842/1/842 847/1/847 
f 849/1/849 850/1/850 851/1/851 852/1/852 
f 853/1/853 851/1/851 850/1/850 854/1/854 
f 855/1/855 856/1/856 851/1/851 853/1/853 
f 852/1/852 851/1/851 856/1/856 857/1/857 
f 857/1/857 856/1/856 858/1/858 859/1/859 
f 860/1/860 858/1/858 856/1/856 855/1/855 
f 861/1/861 862/1/862 858/1/858 860/1/860 
f 859/1/859 858/1/858 862/1/862 863/1/863 
f 864/1/864 865/1/865 866/1/866 867/1/867 
f 852/1/852 866/1/866 865/1/865 849/1/849 
f 857/1/857 868/1/868 866/1/866 852/1/852 
f 867/1/867 866/1/866 868/1/868 869/1/869 
f 870/1/870 871/1/871 872/1/872 
f 867/1/867 870/1/870 873/1/873 864/1/864 
f 870/1/870 867/1/867 869/1/869 
f 871/1/871 870/1/870 874/1/874 875/1/875 
f 869/1/869 868/1/868 876/1/876 877/1/877 
f 859/1/859 876/1/876 868/1/868 857/1/857 
f 863/1/863 878/1/878 876/1/876 859/1/859 
f 877/1/877 876/1/876 878/1/878 879/1/879 
f 879/1/879 878/1/878 880/1/880 881/1/881 
f 882/1/882 880/1/880 878/1/878 863/1/863 
f 85/1/85 811/1/811 880/1/880 882/1/882 
f 881/1/881 880/1/880 811/1/811 813/1/813 
f 883/1/883 884/1/884 885/1/885 886/1/886 
f 887/1/887 885/1/885 884/1/884 888/1/888 
f 872/1/872 889/1/889 885/1/885 887/1/887 
f 886/1/886 885/1/885 889/1/889 890/1/890 
f 813/1/813 812/1/812 891/1/891 892/1/892 
f 805/1/805 891/1/891 812/1/812 803/1/803 
f 807/1/807 893/1/893 891/1/891 805/1/805 
f 892/1/892 891/1/891 893/1/893 894/1/894 
f 895/1/895 896/1/896 897/1/897 898/1/898 
f 895/1/895 799/1/799 798/1/798 
f 899/1/899 896/1/896 798/1/798 267/1/267 
f 897/1/897 896/1/896 899/1/899 900/1/900 
f 894/1/894 893/1/893 901/1/901 902/1/902 
f 809/1/809 901/1/901 893/1/893 807/1/807 
f 799/1/799 895/1/895 901/1/901 809/1/809 
f 902/1/902 901/1/901 895/1/895 898/1/898 
f 903/1/903 897/1/897 900/1/900 
f 574/1/574 903/1/903 904/1/904 575/1/575 
f 905/1/905 903/1/903 574/1/574 573/1/573 
f 903/1/903 905/1/905 898/1/898 
f 906/1/906 907/1/907 879/1/879 
f 892/1/892 906/1/906 881/1/881 813/1/813 
f 894/1/894 908/1/908 906/1/906 892/1/892 
f 908/1/908 909/1/909 907/1/907 
f 910/1/910 911/1/911 875/1/875 
f 874/1/874 869/1/869 877/1/877 
f 879/1/879 907/1/907 910/1/910 877/1/877 
f 907/1/907 909/1/909 911/1/911 
f 890/1/890 889/1/889 912/1/912 913/1/913 
f 871/1/871 912/1/912 889/1/889 872/1/872 
f 875/1/875 911/1/911 912/1/912 871/1/871 
f 911/1/911 909/1/909 913/1/913 
f 914/1/914 915/1/915 916/1/916 
f 916/1/916 917/1/917 918/1/918 
f 913/1/913 919/1/919 918/1/918 890/1/890 
f 919/1/919 913/1/913 909/1/909 
f 915/1/915 914/1/914 920/1/920 921/1/921 
f 922/1/922 920/1/920 914/1/914 909/1/909 
f 920/1/920 922/1/922 923/1/923 
f 921/1/921 920/1/920 924/1/924 925/1/925 
f 923/1/923 926/1/926 927/1/927 924/1/924 
f 905/1/905 927/1/927 926/1/926 898/1/898 
f 573/1/573 928/1/928 927/1/927 905/1/905 
f 924/1/924 927/1/927 928/1/928 925/1/925 
f 902/1/902 929/1/929 908/1/908 894/1/894 
f 898/1/898 926/1/926 929/1/929 902/1/902 
f 923/1/923 922/1/922 929/1/929 926/1/926 
f 922/1/922 909/1/909 908/1/908 
f 436/1/436 930/1/930 931/1/931 431/1/431 
f 932/1/932 933/1/933 931/1/931 930/1/930 
f 444/1/444 443/1/443 931/1/931 933/1/933 
f 431/1/431 931/1/931 443/1/443 428/1/428 
f 934/1/934 935/1/935 936/1/936 937/1/937 
f 434/1/434 432/1/432 936/1/936 935/1/935 
f 433/1/433 467/1/467 936/1/936 432/1/432 
f 460/1/460 937/1/937 936/1/936 467/1/467 
f 938/1/938 939/1/939 940/1/940 941/1/941 
f 453/1/453 940/1/940 939/1/939 454/1/454 
f 450/1/450 942/1/942 940/1/940 453/1/453 
f 941/1/941 940/1/940 942/1/942 943/1/943 
f 449/1/449 944/1/944 942/1/942 450/1/450 
f 933/1/933 944/1/944 449/1/449 444/1/444 
f 932/1/932 945/1/945 944/1/944 933/1/933 
f 942/1/942 944/1/944 945/1/945 943/1/943 
f 934/1/934 937/1/937 946/1/946 947/1/947 
f 459/1/459 946/1/946 937/1/937 460/1/460 
f 454/1/454 939/1/939 946/1/946 459/1/459 
f 947/1/947 946/1/946 939/1/939 938/1/938 
f 948/1/948 949/1/949 950/1/950 951/1/951 
f 947/1/947 950/1/950 949/1/949 934/1/934 
f 938/1/938 941/1/941 950/1/950 947/1/947 
f 950/1/950 941/1/941 943/1/943 
f 932/1/932 930/1/930 952/1/952 945/1/945 
f 952/1/952 930/1/930 436/1/436 
f 952/1/952 953/1/953 948/1/948 
f 945/1/945 952/1/952 951/1/951 943/1/943 
f 948/1/948 953/1/953 954/1/954 949/1/949 
f 436/1/436 435/1/435 954/1/954 
f 434/1/434 935/1/935 954/1/954 435/1/435 
f 949/1/949 954/1/954 935/1/935 934/1/934 
f 374/1/374 955/1/955 956/1/956 375/1/375 
f 351/1/351 955/1/955 374/1/374 348/1/348 
f 356/1/356 957/1/957 955/1/955 351/1/351 
f 956/1/956 955/1/955 957/1/957 362/1/362 
f 362/1/362 957/1/957 958/1/958 361/1/361 
f 356/1/356 355/1/355 958/1/958 957/1/957 
f 354/1/354 386/1/386 958/1/958 355/1/355 
f 361/1/361 958/1/958 386/1/386 363/1/363 
f 357/1/357 367/1/367 959/1/959 358/1/358 
f 960/1/960 959/1/959 367/1/367 366/1/366 
f 959/1/959 960/1/960 375/1/375 
f 362/1/362 358/1/358 959/1/959 956/1/956 
f 366/1/366 369/1/369 961/1/961 960/1/960 
f 398/1/398 961/1/961 369/1/369 371/1/371 
f 377/1/377 376/1/376 961/1/961 398/1/398 
f 960/1/960 961/1/961 376/1/376 375/1/375 
f 890/1/890 918/1/918 962/1/962 886/1/886 
f 963/1/963 962/1/962 918/1/918 917/1/917 
f 964/1/964 965/1/965 962/1/962 963/1/963 
f 886/1/886 962/1/962 965/1/965 883/1/883 
f 556/1/556 819/1/819 966/1/966 967/1/967 
f 968/1/968 966/1/966 819/1/819 818/1/818 
f 969/1/969 970/1/970 966/1/966 968/1/968 
f 967/1/967 966/1/966 970/1/970 971/1/971 
f 972/1/972 973/1/973 974/1/974 975/1/975 
f 963/1/963 974/1/974 973/1/973 964/1/964 
f 917/1/917 916/1/916 974/1/974 963/1/963 
f 916/1/916 915/1/915 975/1/975 
f 971/1/971 970/1/970 976/1/976 977/1/977 
f 978/1/978 976/1/976 970/1/970 969/1/969 
f 964/1/964 973/1/973 976/1/976 978/1/978 
f 977/1/977 976/1/976 973/1/973 972/1/972 
f 569/1/569 582/1/582 979/1/979 980/1/980 
f 562/1/562 979/1/979 582/1/582 563/1/563 
f 561/1/561 981/1/981 979/1/979 562/1/562 
f 980/1/980 979/1/979 981/1/981 982/1/982 
f 983/1/983 982/1/982 984/1/984 
f 975/1/975 985/1/985 984/1/984 972/1/972 
f 985/1/985 975/1/975 915/1/915 
f 983/1/983 985/1/985 921/1/921 925/1/925 
f 986/1/986 987/1/987 988/1/988 989/1/989 
f 977/1/977 988/1/988 987/1/987 971/1/971 
f 972/1/972 984/1/984 988/1/988 977/1/977 
f 982/1/982 989/1/989 988/1/988 984/1/984 
f 925/1/925 928/1/928 990/1/990 983/1/983 
f 570/1/570 990/1/990 928/1/928 573/1/573 
f 570/1/570 569/1/569 980/1/980 
f 983/1/983 990/1/990 980/1/980 982/1/982 
f 991/1/991 981/1/981 561/1/561 
f 992/1/992 991/1/991 568/1/568 558/1/558 
f 986/1/986 989/1/989 991/1/991 992/1/992 
f 989/1/989 982/1/982 981/1/981 
f 558/1/558 557/1/557 993/1/993 992/1/992 
f 967/1/967 993/1/993 557/1/557 556/1/556 
f 971/1/971 987/1/987 993/1/993 967/1/967 
f 992/1/992 993/1/993 987/1/987 986/1/986 
f 848/1/848 994/1/994 995/1/995 996/1/996 
f 997/1/997 995/1/995 994/1/994 998/1/998 
f 999/1/999 1000/1/1000 995/1/995 997/1/997 
f 996/1/996 995/1/995 1000/1/1000 1001/1/1001 
f 818/1/818 821/1/821 1002/1/1002 1003/1/1003 
f 829/1/829 1002/1/1002 821/1/821 817/1/817 
f 828/1/828 1004/1/1004 1002/1/1002 829/1/829 
f 1003/1/1003 1002/1/1002 1004/1/1004 1005/1/1005 
f 969/1/969 968/1/968 1006/1/1006 1007/1/1007 
f 1003/1/1003 1006/1/1006 968/1/968 818/1/818 
f 1005/1/1005 1008/1/1008 1006/1/1006 1003/1/1003 
f 1008/1/1008 1009/1/1009 1007/1/1007 
f 1010/1/1010 1007/1/1007 1009/1/1009 
f 1011/1/1011 883/1/883 965/1/965 
f 1010/1/1010 965/1/965 964/1/964 
f 978/1/978 969/1/969 1007/1/1007 
f 1009/1/1009 1008/1/1008 1012/1/1012 1013/1/1013 
f 1008/1/1008 1005/1/1005 1014/1/1014 
f 1015/1/1015 1016/1/1016 1012/1/1012 1014/1/1014 
f 1013/1/1013 1012/1/1012 1016/1/1016 1017/1/1017 
f 1018/1/1018 1019/1/1019 1013/1/1013 1017/1/1017 
f 888/1/888 884/1/884 1019/1/1019 1018/1/1018 
f 1011/1/1011 1019/1/1019 884/1/884 883/1/883 
f 1013/1/1013 1019/1/1019 1011/1/1011 1009/1/1009 
f 1020/1/1020 1021/1/1021 1022/1/1022 1023/1/1023 
f 1024/1/1024 1022/1/1022 1021/1/1021 1001/1/1001 
f 1025/1/1025 1022/1/1022 1024/1/1024 1026/1/1026 
f 1023/1/1023 1022/1/1022 1025/1/1025 1027/1/1027 
f 1028/1/1028 1029/1/1029 1030/1/1030 1031/1/1031 
f 1018/1/1018 1030/1/1030 1029/1/1029 888/1/888 
f 1017/1/1017 1032/1/1032 1030/1/1030 1018/1/1018 
f 1031/1/1031 1030/1/1030 1032/1/1032 1033/1/1033 
f 843/1/843 1034/1/1034 1035/1/1035 840/1/840 
f 996/1/996 1034/1/1034 843/1/843 848/1/848 
f 1001/1/1001 1021/1/1021 1034/1/1034 996/1/996 
f 1021/1/1021 1020/1/1020 1035/1/1035 1034/1/1034 
f 1015/1/1015 1036/1/1036 1037/1/1037 1016/1/1016 
f 1038/1/1038 1039/1/1039 1037/1/1037 1036/1/1036 
f 1033/1/1033 1032/1/1032 1037/1/1037 1039/1/1039 
f 1016/1/1016 1037/1/1037 1032/1/1032 1017/1/1017 
f 1028/1/1028 1040/1/1040 1041/1/1041 1042/1/1042 
f 1043/1/1043 1041/1/1041 1040/1/1040 1027/1/1027 
f 849/1/849 865/1/865 1041/1/1041 1043/1/1043 
f 1042/1/1042 1041/1/1041 865/1/865 864/1/864 
f 1044/1/1044 1020/1/1020 1023/1/1023 1045/1/1045 
f 1027/1/1027 1040/1/1040 1045/1/1045 1023/1/1023 
f 1031/1/1031 1045/1/1045 1040/1/1040 1028/1/1028 
f 1033/1/1033 1044/1/1044 1045/1/1045 1031/1/1031 
f 864/1/864 873/1/873 1046/1/1046 1042/1/1042 
f 887/1/887 1046/1/1046 873/1/873 872/1/872 
f 888/1/888 1029/1/1029 1046/1/1046 887/1/887 
f 1042/1/1042 1046/1/1046 1029/1/1029 1028/1/1028 
f 1044/1/1044 1033/1/1033 1039/1/1039 1047/1/1047 
f 1048/1/1048 1047/1/1047 1039/1/1039 1038/1/1038 
f 840/1/840 1035/1/1035 1047/1/1047 1048/1/1048 
f 1044/1/1044 1047/1/1047 1035/1/1035 1020/1/1020 
f 1049/1/1049 1050/1/1050 1051/1/1051 1052/1/1052 
f 899/1/899 1051/1/1051 1050/1/1050 900/1/900 
f 267/1/267 266/1/266 1051/1/1051 899/1/899 
f 1052/1/1052 1051/1/1051 266/1/266 252/1/252 
f 252/1/252 251/1/251 1053/1/1053 1052/1/1052 
f 1054/1/1054 1053/1/1053 251/1/251 250/1/250 
f 1055/1/1055 1056/1/1056 1053/1/1053 1054/1/1054 
f 1052/1/1052 1053/1/1053 1056/1/1056 1049/1/1049 
f 1049/1/1049 1056/1/1056 1057/1/1057 1058/1/1058 
f 1059/1/1059 1057/1/1057 1056/1/1056 1055/1/1055 
f 1060/1/1060 1061/1/1061 1057/1/1057 1059/1/1059 
f 1058/1/1058 1057/1/1057 1061/1/1061 1062/1/1062 
f 239/1/239 1063/1/1063 1064/1/1064 241/1/241 
f 240/1/240 1065/1/1065 1063/1/1063 239/1/239 
f 1066/1/1066 1063/1/1063 1065/1/1065 1067/1/1067 
f 1068/1/1068 1064/1/1064 1063/1/1063 1066/1/1066 
f 1069/1/1069 1070/1/1070 230/1/230 
f 229/1/229 228/1/228 1071/1/1071 
f 1072/1/1072 1073/1/1073 1069/1/1069 1071/1/1071 
f 1073/1/1073 1074/1/1074 1070/1/1070 
f 1075/1/1075 1076/1/1076 1077/1/1077 1078/1/1078 
f 1079/1/1079 1077/1/1077 1076/1/1076 1080/1/1080 
f 258/1/258 254/1/254 1077/1/1077 1079/1/1079 
f 1078/1/1078 1077/1/1077 254/1/254 253/1/253 
f 1081/1/1081 1082/1/1082 1083/1/1083 1084/1/1084 
f 222/1/222 1083/1/1083 1082/1/1082 223/1/223 
f 217/1/217 1085/1/1085 1083/1/1083 222/1/222 
f 1084/1/1084 1083/1/1083 1085/1/1085 1086/1/1086 
f 1087/1/1087 1088/1/1088 1089/1/1089 1090/1/1090 
f 210/1/210 1089/1/1089 1088/1/1088 211/1/211 
f 88/1/88 87/1/87 1089/1/1089 210/1/210 
f 1090/1/1090 1089/1/1089 87/1/87 86/1/86 
f 1086/1/1086 1085/1/1085 1091/1/1091 1092/1/1092 
f 216/1/216 1091/1/1091 1085/1/1085 217/1/217 
f 211/1/211 1088/1/1088 1091/1/1091 216/1/216 
f 1092/1/1092 1091/1/1091 1088/1/1088 1087/1/1087 
f 1093/1/1093 1094/1/1094 1095/1/1095 1096/1/1096 
f 1092/1/1092 1095/1/1095 1094/1/1094 1086/1/1086 
f 1087/1/1087 1097/1/1097 1095/1/1095 1092/1/1092 
f 1096/1/1096 1095/1/1095 1097/1/1097 1098/1/1098 
f 84/1/84 1099/1/1099 1100/1/1100 86/1/86 
f 882/1/882 1099/1/1099 84/1/84 85/1/85 
f 1101/1/1101 1099/1/1099 882/1/882 863/1/863 
f 1101/1/1101 1102/1/1102 1100/1/1100 
f 1098/1/1098 1097/1/1097 1103/1/1103 1104/1/1104 
f 1090/1/1090 1103/1/1103 1097/1/1097 1087/1/1087 
f 86/1/86 1100/1/1100 1103/1/1103 1090/1/1090 
f 1104/1/1104 1103/1/1103 1100/1/1100 1102/1/1102 
f 1105/1/1105 1106/1/1106 1107/1/1107 1108/1/1108 
f 1106/1/1106 1109/1/1109 1110/1/1110 
f 1107/1/1107 1110/1/1110 1111/1/1111 
f 1112/1/1112 1113/1/1113 1108/1/1108 
f 1114/1/1114 1115/1/1115 1116/1/1116 1117/1/1117 
f 1118/1/1118 1116/1/1116 1115/1/1115 1119/1/1119 
f 1109/1/1109 1106/1/1106 1116/1/1116 1118/1/1118 
f 1117/1/1117 1116/1/1116 1106/1/1106 1105/1/1105 
f 1120/1/1120 1121/1/1121 1122/1/1122 1123/1/1123 
f 1124/1/1124 1125/1/1125 1121/1/1121 1120/1/1120 
f 1126/1/1126 1121/1/1121 1125/1/1125 1127/1/1127 
f 1128/1/1128 1122/1/1122 1121/1/1121 1126/1/1126 
f 1129/1/1129 1130/1/1130 1131/1/1131 1132/1/1132 
f 1133/1/1133 1131/1/1131 1130/1/1130 1134/1/1134 
f 1135/1/1135 1136/1/1136 1131/1/1131 1133/1/1133 
f 1132/1/1132 1131/1/1131 1136/1/1136 1137/1/1137 
f 1062/1/1062 1061/1/1061 1138/1/1138 1139/1/1139 
f 1140/1/1140 1138/1/1138 1061/1/1061 1060/1/1060 
f 1138/1/1138 1140/1/1140 1141/1/1141 
f 1139/1/1139 1138/1/1138 1142/1/1142 1143/1/1143 
f 1144/1/1144 1145/1/1145 1146/1/1146 
f 1147/1/1147 1148/1/1148 1146/1/1146 1149/1/1149 
f 1148/1/1148 1147/1/1147 1150/1/1150 
f 1144/1/1144 1148/1/1148 1151/1/1151 1152/1/1152 
f 1153/1/1153 1154/1/1154 1143/1/1143 
f 1142/1/1142 1141/1/1141 1155/1/1155 1153/1/1153 
f 1153/1/1153 1155/1/1155 1156/1/1156 
f 1157/1/1157 1154/1/1154 1153/1/1153 1158/1/1158 
f 1159/1/1159 1160/1/1160 1157/1/1157 
f 1158/1/1158 1156/1/1156 1161/1/1161 
f 1145/1/1145 1144/1/1144 1159/1/1159 1161/1/1161 
f 1159/1/1159 1144/1/1144 1152/1/1152 
f 900/1/900 1050/1/1050 1162/1/1162 1163/1/1163 
f 1058/1/1058 1162/1/1162 1050/1/1050 1049/1/1049 
f 1062/1/1062 1164/1/1164 1162/1/1162 1058/1/1058 
f 1163/1/1163 1162/1/1162 1164/1/1164 1165/1/1165 
f 1166/1/1166 1165/1/1165 1164/1/1164 
f 1062/1/1062 1139/1/1139 1167/1/1167 1164/1/1164 
f 1143/1/1143 1166/1/1166 1167/1/1167 1139/1/1139 
f 1168/1/1168 1169/1/1169 1170/1/1170 1171/1/1171 
f 1170/1/1170 1169/1/1169 1165/1/1165 
f 1166/1/1166 1143/1/1143 1154/1/1154 
f 1154/1/1154 1157/1/1157 1171/1/1171 
f 1172/1/1172 1171/1/1171 1157/1/1157 
f 1160/1/1160 1152/1/1152 1173/1/1173 
f 1174/1/1174 1175/1/1175 1172/1/1172 1173/1/1173 
f 1175/1/1175 1168/1/1168 1171/1/1171 
f 577/1/577 576/1/576 1176/1/1176 585/1/585 
f 1177/1/1177 1176/1/1176 576/1/576 575/1/575 
f 1178/1/1178 1179/1/1179 1176/1/1176 1177/1/1177 
f 585/1/585 1176/1/1176 1179/1/1179 586/1/586 
f 575/1/575 904/1/904 1180/1/1180 1177/1/1177 
f 1163/1/1163 1180/1/1180 904/1/904 900/1/900 
f 1165/1/1165 1181/1/1181 1180/1/1180 1163/1/1163 
f 1177/1/1177 1180/1/1180 1181/1/1181 1178/1/1178 
f 594/1/594 590/1/590 1182/1/1182 1183/1/1183 
f 590/1/590 589/1/589 602/1/602 
f 601/1/601 1184/1/1184 1182/1/1182 602/1/602 
f 1183/1/1183 1182/1/1182 1184/1/1184 1185/1/1185 
f 1169/1/1169 1186/1/1186 1181/1/1181 1165/1/1165 
f 1187/1/1187 1186/1/1186 1169/1/1169 1168/1/1168 
f 1188/1/1188 1186/1/1186 1187/1/1187 1189/1/1189 
f 1178/1/1178 1181/1/1181 1186/1/1186 1188/1/1188 
f 1190/1/1190 1191/1/1191 1192/1/1192 1185/1/1185 
f 1193/1/1193 1191/1/1191 1190/1/1190 1189/1/1189 
f 1194/1/1194 1192/1/1192 1191/1/1191 1193/1/1193 
f 586/1/586 1179/1/1179 1195/1/1195 1196/1/1196 
f 1188/1/1188 1195/1/1195 1179/1/1179 1178/1/1178 
f 1189/1/1189 1190/1/1190 1195/1/1195 1188/1/1188 
f 1196/1/1196 1195/1/1195 1190/1/1190 1185/1/1185 
f 629/1/629 627/1/627 1197/1/1197 1198/1/1198 
f 587/1/587 1197/1/1197 627/1/627 588/1/588 
f 1196/1/1196 1197/1/1197 587/1/587 586/1/586 
f 1196/1/1196 1185/1/1185 1198/1/1198 
f 611/1/611 1199/1/1199 1184/1/1184 601/1/601 
f 612/1/612 635/1/635 1199/1/1199 611/1/611 
f 635/1/635 629/1/629 1198/1/1198 
f 1198/1/1198 1185/1/1185 1184/1/1184 
f 1200/1/1200 1187/1/1187 1168/1/1168 
f 1201/1/1201 1200/1/1200 1175/1/1175 1174/1/1174 
f 1194/1/1194 1193/1/1193 1200/1/1200 1201/1/1201 
f 1189/1/1189 1187/1/1187 1200/1/1200 1193/1/1193 
f 1202/1/1202 1203/1/1203 1204/1/1204 1205/1/1205 
f 1206/1/1206 1204/1/1204 1203/1/1203 1207/1/1207 
f 1208/1/1208 1209/1/1209 1204/1/1204 1206/1/1206 
f 1205/1/1205 1204/1/1204 1209/1/1209 1210/1/1210 
f 1208/1/1208 1206/1/1206 1211/1/1211 1212/1/1212 
f 1206/1/1206 1207/1/1207 1213/1/1213 
f 1214/1/1214 1215/1/1215 1211/1/1211 1213/1/1213 
f 1212/1/1212 1211/1/1211 1215/1/1215 1216/1/1216 
f 1212/1/1212 1217/1/1217 1209/1/1209 1208/1/1208 
f 1218/1/1218 1217/1/1217 1212/1/1212 1216/1/1216 
f 1219/1/1219 1220/1/1220 1217/1/1217 1218/1/1218 
f 1209/1/1209 1217/1/1217 1220/1/1220 1210/1/1210 
f 1221/1/1221 1222/1/1222 1223/1/1223 1224/1/1224 
f 1210/1/1210 1220/1/1220 1222/1/1222 1221/1/1221 
f 1225/1/1225 1222/1/1222 1220/1/1220 1219/1/1219 
f 1226/1/1226 1223/1/1223 1222/1/1222 1225/1/1225 
f 1216/1/1216 1227/1/1227 1228/1/1228 1218/1/1218 
f 1229/1/1229 1228/1/1228 1227/1/1227 1230/1/1230 
f 1231/1/1231 1232/1/1232 1228/1/1228 1229/1/1229 
f 1218/1/1218 1228/1/1228 1232/1/1232 1219/1/1219 
f 1226/1/1226 1225/1/1225 1233/1/1233 1234/1/1234 
f 1219/1/1219 1232/1/1232 1233/1/1233 1225/1/1225 
f 1232/1/1232 1231/1/1231 1235/1/1235 1233/1/1233 
f 1234/1/1234 1233/1/1233 1235/1/1235 1236/1/1236 
f 1235/1/1235 1237/1/1237 1238/1/1238 1236/1/1236 
f 1231/1/1231 1239/1/1239 1237/1/1237 1235/1/1235 
f 1240/1/1240 1237/1/1237 1239/1/1239 1241/1/1241 
f 1242/1/1242 1238/1/1238 1237/1/1237 1240/1/1240 
f 1243/1/1243 1244/1/1244 1245/1/1245 1246/1/1246 
f 1118/1/1118 1245/1/1245 1244/1/1244 1109/1/1109 
f 1247/1/1247 1245/1/1245 1118/1/1118 1119/1/1119 
f 1248/1/1248 1246/1/1246 1245/1/1245 1247/1/1247 
f 1249/1/1249 1250/1/1250 1251/1/1251 1252/1/1252 
f 1096/1/1096 1251/1/1251 1250/1/1250 1093/1/1093 
f 1098/1/1098 1253/1/1253 1251/1/1251 1096/1/1096 
f 1252/1/1252 1251/1/1251 1253/1/1253 1254/1/1254 
f 1255/1/1255 1256/1/1256 1254/1/1254 
f 1104/1/1104 1255/1/1255 1253/1/1253 1098/1/1098 
f 1256/1/1256 1255/1/1255 1104/1/1104 1102/1/1102 
f 1111/1/1111 1110/1/1110 1257/1/1257 1258/1/1258 
f 1109/1/1109 1244/1/1244 1257/1/1257 1110/1/1110 
f 1243/1/1243 1259/1/1259 1257/1/1257 
f 1259/1/1259 1260/1/1260 1258/1/1258 
f 1261/1/1261 1262/1/1262 1263/1/1263 
f 1264/1/1264 1111/1/1111 1258/1/1258 
f 1261/1/1261 1258/1/1258 1260/1/1260 
f 1262/1/1262 1261/1/1261 1265/1/1265 1266/1/1266 
f 1260/1/1260 1259/1/1259 1267/1/1267 1268/1/1268 
f 1269/1/1269 1267/1/1267 1259/1/1259 1243/1/1243 
f 1270/1/1270 1271/1/1271 1267/1/1267 1269/1/1269 
f 1268/1/1268 1267/1/1267 1271/1/1271 1272/1/1272 
f 1272/1/1272 1273/1/1273 1274/1/1274 
f 1273/1/1273 1254/1/1254 1256/1/1256 
f 1256/1/1256 1102/1/1102 1275/1/1275 
f 1275/1/1275 1266/1/1266 1276/1/1276 
f 1102/1/1102 1101/1/1101 1277/1/1277 1275/1/1275 
f 1101/1/1101 863/1/863 862/1/862 
f 861/1/861 1278/1/1278 1277/1/1277 862/1/862 
f 1278/1/1278 1266/1/1266 1275/1/1275 
f 1272/1/1272 1276/1/1276 1279/1/1279 1268/1/1268 
f 1265/1/1265 1279/1/1279 1276/1/1276 1266/1/1266 
f 1260/1/1260 1268/1/1268 1279/1/1279 1265/1/1265 
f 855/1/855 1280/1/1280 1281/1/1281 860/1/860 
f 1262/1/1262 1281/1/1281 1280/1/1280 1263/1/1263 
f 1266/1/1266 1278/1/1278 1281/1/1281 1262/1/1262 
f 860/1/860 1281/1/1281 1278/1/1278 861/1/861 
f 1282/1/1282 1271/1/1271 1270/1/1270 
f 1283/1/1283 1249/1/1249 1252/1/1252 
f 1254/1/1254 1273/1/1273 1282/1/1282 1252/1/1252 
f 1273/1/1273 1272/1/1272 1271/1/1271 1282/1/1282 
f 854/1/854 850/1/850 1284/1/1284 1285/1/1285 
f 1043/1/1043 1284/1/1284 850/1/850 849/1/849 
f 1027/1/1027 1025/1/1025 1284/1/1284 1043/1/1043 
f 1285/1/1285 1284/1/1284 1025/1/1025 1026/1/1026 
f 1001/1/1001 1000/1/1000 1286/1/1286 1024/1/1024 
f 1287/1/1287 1286/1/1286 1000/1/1000 999/1/999 
f 1288/1/1288 1286/1/1286 1287/1/1287 1289/1/1289 
f 1026/1/1026 1024/1/1024 1286/1/1286 1288/1/1288 
f 1290/1/1290 1291/1/1291 1263/1/1263 
f 853/1/853 1290/1/1290 1280/1/1280 855/1/855 
f 854/1/854 1292/1/1292 1290/1/1290 853/1/853 
f 1291/1/1291 1290/1/1290 1292/1/1292 1293/1/1293 
f 1111/1/1111 1264/1/1264 1294/1/1294 1112/1/1112 
f 1264/1/1264 1263/1/1263 1291/1/1291 
f 1293/1/1293 1295/1/1295 1294/1/1294 1291/1/1291 
f 1112/1/1112 1294/1/1294 1295/1/1295 1113/1/1113 
f 1296/1/1296 1297/1/1297 1298/1/1298 1299/1/1299 
f 1293/1/1293 1292/1/1292 1297/1/1297 
f 1285/1/1285 1297/1/1297 1292/1/1292 854/1/854 
f 1026/1/1026 1298/1/1298 1297/1/1297 1285/1/1285 
f 1289/1/1289 1300/1/1300 1301/1/1301 1288/1/1288 
f 1299/1/1299 1298/1/1298 1301/1/1301 1300/1/1300 
f 1288/1/1288 1301/1/1301 1298/1/1298 1026/1/1026 
f 1302/1/1302 1303/1/1303 1295/1/1295 1293/1/1293 
f 1304/1/1304 1305/1/1305 1303/1/1303 1302/1/1302 
f 1113/1/1113 1295/1/1295 1303/1/1303 1305/1/1305 
f 1289/1/1289 1287/1/1287 1306/1/1306 1307/1/1307 
f 999/1/999 1308/1/1308 1306/1/1306 1287/1/1287 
f 1309/1/1309 1306/1/1306 1308/1/1308 1310/1/1310 
f 1311/1/1311 1307/1/1307 1306/1/1306 1309/1/1309 
f 1300/1/1300 1312/1/1312 1313/1/1313 1299/1/1299 
f 1307/1/1307 1312/1/1312 1300/1/1300 1289/1/1289 
f 1314/1/1314 1312/1/1312 1307/1/1307 1311/1/1311 
f 1312/1/1312 1314/1/1314 1315/1/1315 
f 1304/1/1304 1302/1/1302 1316/1/1316 1317/1/1317 
f 1296/1/1296 1316/1/1316 1302/1/1302 1293/1/1293 
f 1299/1/1299 1313/1/1313 1316/1/1316 1296/1/1296 
f 1317/1/1317 1316/1/1316 1313/1/1313 1315/1/1315 
f 1318/1/1318 1311/1/1311 1309/1/1309 
f 1310/1/1310 1319/1/1319 1320/1/1320 1309/1/1309 
f 1321/1/1321 1320/1/1320 1319/1/1319 1322/1/1322 
f 1323/1/1323 1318/1/1318 1320/1/1320 1321/1/1321 
f 1108/1/1108 1324/1/1324 1325/1/1325 1105/1/1105 
f 1305/1/1305 1324/1/1324 1108/1/1108 1113/1/1113 
f 1304/1/1304 1326/1/1326 1324/1/1324 1305/1/1305 
f 1326/1/1326 1327/1/1327 1325/1/1325 1324/1/1324 
f 1327/1/1327 1326/1/1326 1328/1/1328 1329/1/1329 
f 1317/1/1317 1328/1/1328 1326/1/1326 1304/1/1304 
f 1328/1/1328 1317/1/1317 1315/1/1315 
f 1329/1/1329 1328/1/1328 1330/1/1330 1331/1/1331 
f 1331/1/1331 1330/1/1330 1332/1/1332 1333/1/1333 
f 1330/1/1330 1315/1/1315 1314/1/1314 
f 1311/1/1311 1318/1/1318 1332/1/1332 1314/1/1314 
f 1333/1/1333 1332/1/1332 1318/1/1318 1323/1/1323 
f 1334/1/1334 1335/1/1335 1336/1/1336 1337/1/1337 
f 1321/1/1321 1336/1/1336 1335/1/1335 1323/1/1323 
f 1322/1/1322 1338/1/1338 1336/1/1336 1321/1/1321 
f 1337/1/1337 1336/1/1336 1338/1/1338 1339/1/1339 
f 1105/1/1105 1325/1/1325 1340/1/1340 1117/1/1117 
f 1341/1/1341 1340/1/1340 1325/1/1325 1327/1/1327 
f 1342/1/1342 1340/1/1340 1341/1/1341 1343/1/1343 
f 1117/1/1117 1340/1/1340 1342/1/1342 1114/1/1114 
f 1343/1/1343 1341/1/1341 1344/1/1344 1345/1/1345 
f 1329/1/1329 1344/1/1344 1341/1/1341 1327/1/1327 
f 1331/1/1331 1346/1/1346 1344/1/1344 1329/1/1329 
f 1345/1/1345 1344/1/1344 1346/1/1346 1347/1/1347 
f 1347/1/1347 1346/1/1346 1348/1/1348 1349/1/1349 
f 1333/1/1333 1348/1/1348 1346/1/1346 1331/1/1331 
f 1323/1/1323 1335/1/1335 1348/1/1348 1333/1/1333 
f 1349/1/1349 1348/1/1348 1335/1/1335 1334/1/1334 
f 1350/1/1350 1351/1/1351 1352/1/1352 1353/1/1353 
f 1354/1/1354 1352/1/1352 1351/1/1351 1355/1/1355 
f 1356/1/1356 1357/1/1357 1352/1/1352 1354/1/1354 
f 1353/1/1353 1352/1/1352 1357/1/1357 1358/1/1358 
f 1359/1/1359 1360/1/1360 1350/1/1350 
f 1361/1/1361 1359/1/1359 1353/1/1353 1358/1/1358 
f 1362/1/1362 1363/1/1363 1359/1/1359 1361/1/1361 
f 1360/1/1360 1359/1/1359 1363/1/1363 1364/1/1364 
f 1365/1/1365 1366/1/1366 1367/1/1367 1368/1/1368 
f 1367/1/1367 1369/1/1369 1370/1/1370 1368/1/1368 
f 1371/1/1371 1372/1/1372 1368/1/1368 1370/1/1370 
f 1372/1/1372 1373/1/1373 1365/1/1365 
f 1373/1/1373 1372/1/1372 1374/1/1374 1375/1/1375 
f 1376/1/1376 1374/1/1374 1372/1/1372 1371/1/1371 
f 1377/1/1377 1378/1/1378 1374/1/1374 1376/1/1376 
f 1375/1/1375 1374/1/1374 1378/1/1378 1379/1/1379 
f 1149/1/1149 1380/1/1380 1381/1/1381 1147/1/1147 
f 1382/1/1382 1381/1/1381 1380/1/1380 1383/1/1383 
f 1384/1/1384 1385/1/1385 1381/1/1381 1382/1/1382 
f 1147/1/1147 1381/1/1381 1385/1/1385 1150/1/1150 
f 1386/1/1386 1387/1/1387 1388/1/1388 1389/1/1389 
f 1387/1/1387 1373/1/1373 1375/1/1375 
f 1379/1/1379 1390/1/1390 1388/1/1388 1375/1/1375 
f 1390/1/1390 1391/1/1391 1389/1/1389 
f 1391/1/1391 1392/1/1392 1393/1/1393 1389/1/1389 
f 1382/1/1382 1393/1/1393 1392/1/1392 1384/1/1384 
f 1383/1/1383 1394/1/1394 1393/1/1393 1382/1/1382 
f 1389/1/1389 1393/1/1393 1394/1/1394 1386/1/1386 
f 1395/1/1395 1396/1/1396 1397/1/1397 1398/1/1398 
f 1399/1/1399 1397/1/1397 1396/1/1396 1400/1/1400 
f 1401/1/1401 1402/1/1402 1397/1/1397 1399/1/1399 
f 1398/1/1398 1397/1/1397 1402/1/1402 1403/1/1403 
f 1404/1/1404 1405/1/1405 1406/1/1406 1407/1/1407 
f 1173/1/1173 1406/1/1406 1405/1/1405 1174/1/1174 
f 1406/1/1406 1173/1/1173 1152/1/1152 
f 1407/1/1407 1406/1/1406 1151/1/1151 1150/1/1150 
f 1407/1/1407 1408/1/1408 1409/1/1409 1404/1/1404 
f 1408/1/1408 1407/1/1407 1150/1/1150 
f 1409/1/1409 1408/1/1408 1385/1/1385 1384/1/1384 
f 1379/1/1379 1378/1/1378 1410/1/1410 1411/1/1411 
f 1412/1/1412 1410/1/1410 1378/1/1378 1377/1/1377 
f 1400/1/1400 1396/1/1396 1410/1/1410 1412/1/1412 
f 1411/1/1411 1410/1/1410 1396/1/1396 1395/1/1395 
f 1413/1/1413 1201/1/1201 1174/1/1174 
f 1414/1/1414 1413/1/1413 1405/1/1405 1404/1/1404 
f 1413/1/1413 1414/1/1414 1415/1/1415 
f 1201/1/1201 1413/1/1413 1416/1/1416 1194/1/1194 
f 1417/1/1417 1418/1/1418 1419/1/1419 
f 1414/1/1414 1417/1/1417 1420/1/1420 1415/1/1415 
f 1404/1/1404 1418/1/1418 1417/1/1417 1414/1/1414 
f 1421/1/1421 1422/1/1422 1423/1/1423 1403/1/1403 
f 1421/1/1421 533/1/533 593/1/593 
f 593/1/593 594/1/594 1424/1/1424 
f 1422/1/1422 1424/1/1424 1415/1/1415 
f 1420/1/1420 1419/1/1419 1425/1/1425 
f 1398/1/1398 1426/1/1426 1425/1/1425 1395/1/1395 
f 1426/1/1426 1398/1/1398 1403/1/1403 
f 1420/1/1420 1426/1/1426 1423/1/1423 1415/1/1415 
f 1427/1/1427 1424/1/1424 594/1/594 
f 1192/1/1192 1427/1/1427 1183/1/1183 1185/1/1185 
f 1427/1/1427 1192/1/1192 1194/1/1194 
f 1424/1/1424 1427/1/1427 1416/1/1416 1415/1/1415 
f 1391/1/1391 1390/1/1390 1428/1/1428 1429/1/1429 
f 1411/1/1411 1428/1/1428 1390/1/1390 1379/1/1379 
f 1428/1/1428 1411/1/1411 1395/1/1395 
f 1429/1/1429 1428/1/1428 1425/1/1425 1419/1/1419 
f 1418/1/1418 1404/1/1404 1409/1/1409 
f 1430/1/1430 1409/1/1409 1384/1/1384 
f 1392/1/1392 1391/1/1391 1429/1/1429 
f 1418/1/1418 1430/1/1430 1429/1/1429 1419/1/1419 
f 1431/1/1431 1432/1/1432 1433/1/1433 1434/1/1434 
f 1432/1/1432 1401/1/1401 1399/1/1399 
f 1400/1/1400 1412/1/1412 1433/1/1433 1399/1/1399 
f 1434/1/1434 1433/1/1433 1412/1/1412 1377/1/1377 
f 1434/1/1434 1435/1/1435 1436/1/1436 1431/1/1431 
f 1376/1/1376 1435/1/1435 1434/1/1434 1377/1/1377 
f 1435/1/1435 1376/1/1376 1371/1/1371 
f 1436/1/1436 1435/1/1435 1437/1/1437 1438/1/1438 
f 1439/1/1439 1440/1/1440 1441/1/1441 1442/1/1442 
f 1436/1/1436 1441/1/1441 1440/1/1440 1431/1/1431 
f 1441/1/1441 1436/1/1436 1438/1/1438 
f 1442/1/1442 1441/1/1441 1443/1/1443 1444/1/1444 
f 1370/1/1370 1445/1/1445 1437/1/1437 1371/1/1371 
f 1369/1/1369 1446/1/1446 1445/1/1445 
f 1447/1/1447 1448/1/1448 1445/1/1445 1446/1/1446 
f 1438/1/1438 1437/1/1437 1445/1/1445 1448/1/1448 
f 1448/1/1448 1449/1/1449 1443/1/1443 1438/1/1438 
f 1450/1/1450 1449/1/1449 1448/1/1448 1447/1/1447 
f 1451/1/1451 1452/1/1452 1449/1/1449 1450/1/1450 
f 1452/1/1452 1444/1/1444 1443/1/1443 1449/1/1449 
f 1453/1/1453 1454/1/1454 1455/1/1455 1456/1/1456 
f 1457/1/1457 1455/1/1455 1454/1/1454 1458/1/1458 
f 1459/1/1459 1460/1/1460 1455/1/1455 1457/1/1457 
f 1456/1/1456 1455/1/1455 1460/1/1460 1461/1/1461 
f 1462/1/1462 1463/1/1463 1464/1/1464 1465/1/1465 
f 1354/1/1354 1464/1/1464 1463/1/1463 1356/1/1356 
f 1355/1/1355 1466/1/1466 1464/1/1464 1354/1/1354 
f 1465/1/1465 1464/1/1464 1466/1/1466 1467/1/1467 
f 1468/1/1468 1469/1/1469 1470/1/1470 1471/1/1471 
f 1472/1/1472 1470/1/1470 1469/1/1469 1473/1/1473 
f 1339/1/1339 1338/1/1338 1470/1/1470 1472/1/1472 
f 1471/1/1471 1470/1/1470 1338/1/1338 1322/1/1322 
f 1310/1/1310 1308/1/1308 1474/1/1474 1475/1/1475 
f 997/1/997 1474/1/1474 1308/1/1308 999/1/999 
f 998/1/998 1476/1/1476 1474/1/1474 997/1/997 
f 1475/1/1475 1474/1/1474 1476/1/1476 1477/1/1477 
f 1477/1/1477 1478/1/1478 1479/1/1479 1475/1/1475 
f 1471/1/1471 1479/1/1479 1478/1/1478 1468/1/1468 
f 1322/1/1322 1319/1/1319 1479/1/1479 1471/1/1471 
f 1475/1/1475 1479/1/1479 1319/1/1319 1310/1/1310 
f 1477/1/1477 1476/1/1476 1480/1/1480 1481/1/1481 
f 1482/1/1482 1480/1/1480 1476/1/1476 998/1/998 
f 1480/1/1480 1482/1/1482 1483/1/1483 
f 1484/1/1484 1485/1/1485 1481/1/1481 
f 998/1/998 994/1/994 1486/1/1486 1482/1/1482 
f 847/1/847 1486/1/1486 994/1/994 848/1/848 
f 846/1/846 1487/1/1487 1486/1/1486 847/1/847 
f 1482/1/1482 1486/1/1486 1487/1/1487 1483/1/1483 
f 1488/1/1488 1481/1/1481 1485/1/1485 
f 1489/1/1489 1490/1/1490 1491/1/1491 
f 1468/1/1468 1478/1/1478 1488/1/1488 1491/1/1491 
f 1481/1/1481 1488/1/1488 1478/1/1478 1477/1/1477 
f 1492/1/1492 1493/1/1493 1484/1/1484 1483/1/1483 
f 1494/1/1494 1495/1/1495 1493/1/1493 1492/1/1492 
f 1485/1/1485 1484/1/1484 1493/1/1493 1495/1/1495 
f 1431/1/1431 1440/1/1440 1496/1/1496 1497/1/1497 
f 1498/1/1498 1496/1/1496 1440/1/1440 1439/1/1439 
f 1499/1/1499 1500/1/1500 1496/1/1496 1498/1/1498 
f 1497/1/1497 1496/1/1496 1500/1/1500 1501/1/1501 
f 1502/1/1502 1503/1/1503 1504/1/1504 1505/1/1505 
f 1506/1/1506 1504/1/1504 1503/1/1503 1507/1/1507 
f 1506/1/1506 1501/1/1501 1505/1/1505 
f 1508/1/1508 1509/1/1509 1401/1/1401 
f 1432/1/1432 1431/1/1431 1497/1/1497 
f 1501/1/1501 1506/1/1506 1508/1/1508 1497/1/1497 
f 1509/1/1509 1508/1/1508 1506/1/1506 1507/1/1507 
f 1510/1/1510 1511/1/1511 1512/1/1512 1513/1/1513 
f 1514/1/1514 1511/1/1511 1510/1/1510 1515/1/1515 
f 1516/1/1516 1517/1/1517 1511/1/1511 1514/1/1514 
f 1518/1/1518 1512/1/1512 1511/1/1511 1517/1/1517 
f 1519/1/1519 1520/1/1520 1521/1/1521 
f 1522/1/1522 1519/1/1519 1523/1/1523 1524/1/1524 
f 1525/1/1525 1519/1/1519 1522/1/1522 1526/1/1526 
f 1527/1/1527 1520/1/1520 1519/1/1519 1525/1/1525 
f 1528/1/1528 1529/1/1529 1530/1/1530 1531/1/1531 
f 1524/1/1524 1523/1/1523 1530/1/1530 1529/1/1529 
f 1521/1/1521 1532/1/1532 1530/1/1530 1523/1/1523 
f 1533/1/1533 1531/1/1531 1530/1/1530 1532/1/1532 
f 1532/1/1532 1534/1/1534 1535/1/1535 1533/1/1533 
f 1532/1/1532 1521/1/1521 1520/1/1520 1534/1/1534 
f 1527/1/1527 1536/1/1536 1534/1/1534 1520/1/1520 
f 1535/1/1535 1534/1/1534 1536/1/1536 1537/1/1537 
f 1514/1/1514 1538/1/1538 1539/1/1539 1516/1/1516 
f 1515/1/1515 1540/1/1540 1538/1/1538 1514/1/1514 
f 1531/1/1531 1538/1/1538 1540/1/1540 1528/1/1528 
f 1531/1/1531 1533/1/1533 1539/1/1539 1538/1/1538 
f 1541/1/1541 1542/1/1542 1518/1/1518 
f 1539/1/1539 1541/1/1541 1517/1/1517 1516/1/1516 
f 1533/1/1533 1535/1/1535 1541/1/1541 1539/1/1539 
f 1535/1/1535 1537/1/1537 1542/1/1542 
f 1513/1/1513 1512/1/1512 1543/1/1543 1544/1/1544 
f 1542/1/1542 1543/1/1543 1512/1/1512 1518/1/1518 
f 1537/1/1537 1545/1/1545 1543/1/1543 1542/1/1542 
f 1544/1/1544 1543/1/1543 1545/1/1545 1546/1/1546 
f 1526/1/1526 1547/1/1547 1548/1/1548 1525/1/1525 
f 1545/1/1545 1548/1/1548 1547/1/1547 1546/1/1546 
f 1537/1/1537 1536/1/1536 1548/1/1548 1545/1/1545 
f 1525/1/1525 1548/1/1548 1536/1/1536 1527/1/1527 
f 1549/1/1549 1550/1/1550 1551/1/1551 1552/1/1552 
f 1553/1/1553 1551/1/1551 1550/1/1550 1554/1/1554 
f 1555/1/1555 1556/1/1556 1551/1/1551 1553/1/1553 
f 1552/1/1552 1551/1/1551 1556/1/1556 1557/1/1557 
f 1549/1/1549 1552/1/1552 1558/1/1558 1559/1/1559 
f 1560/1/1560 1558/1/1558 1552/1/1552 1557/1/1557 
f 1561/1/1561 1562/1/1562 1558/1/1558 1560/1/1560 
f 1559/1/1559 1558/1/1558 1562/1/1562 1563/1/1563 
f 1564/1/1564 1565/1/1565 1566/1/1566 1567/1/1567 
f 1568/1/1568 1566/1/1566 1565/1/1565 1569/1/1569 
f 1554/1/1554 1550/1/1550 1566/1/1566 1568/1/1568 
f 1567/1/1567 1566/1/1566 1550/1/1550 1549/1/1549 
f 1564/1/1564 1567/1/1567 1570/1/1570 1571/1/1571 
f 1559/1/1559 1570/1/1570 1567/1/1567 1549/1/1549 
f 1563/1/1563 1572/1/1572 1570/1/1570 1559/1/1559 
f 1571/1/1571 1570/1/1570 1572/1/1572 1573/1/1573 
f 1507/1/1507 1503/1/1503 1574/1/1574 1575/1/1575 
f 1576/1/1576 1574/1/1574 1503/1/1503 1502/1/1502 
f 1569/1/1569 1577/1/1577 1574/1/1574 1576/1/1576 
f 1575/1/1575 1574/1/1574 1577/1/1577 1578/1/1578 
f 1579/1/1579 1573/1/1573 1580/1/1580 
f 836/1/836 1581/1/1581 1580/1/1580 837/1/837 
f 1581/1/1581 836/1/836 831/1/831 
f 1579/1/1579 1581/1/1581 1582/1/1582 1583/1/1583 
f 1584/1/1584 1582/1/1582 831/1/831 
f 824/1/824 1584/1/1584 830/1/830 817/1/817 
f 524/1/524 1585/1/1585 1584/1/1584 824/1/824 
f 1585/1/1585 1583/1/1583 1582/1/1582 
f 1586/1/1586 1587/1/1587 1578/1/1578 
f 1588/1/1588 536/1/536 535/1/535 
f 1586/1/1586 535/1/535 533/1/533 
f 1421/1/1421 1403/1/1403 1587/1/1587 
f 1587/1/1587 1589/1/1589 1575/1/1575 1578/1/1578 
f 1587/1/1587 1403/1/1403 1402/1/1402 
f 1509/1/1509 1589/1/1589 1402/1/1402 1401/1/1401 
f 1575/1/1575 1589/1/1589 1509/1/1509 1507/1/1507 
f 524/1/524 523/1/523 1590/1/1590 1585/1/1585 
f 523/1/523 520/1/520 1591/1/1591 
f 1591/1/1591 1592/1/1592 1593/1/1593 
f 1585/1/1585 1590/1/1590 1593/1/1593 1583/1/1583 
f 1594/1/1594 1577/1/1577 1569/1/1569 
f 1565/1/1565 1564/1/1564 1595/1/1595 
f 1596/1/1596 1597/1/1597 1594/1/1594 1595/1/1595 
f 1597/1/1597 1578/1/1578 1577/1/1577 
f 512/1/512 528/1/528 1598/1/1598 1599/1/1599 
f 534/1/534 1598/1/1598 528/1/528 527/1/527 
f 1600/1/1600 1598/1/1598 534/1/534 536/1/536 
f 1599/1/1599 1598/1/1598 1600/1/1600 1592/1/1592 
f 1601/1/1601 519/1/519 506/1/506 
f 1599/1/1599 1601/1/1601 509/1/509 512/1/512 
f 1599/1/1599 1592/1/1592 1591/1/1591 1601/1/1601 
f 519/1/519 1601/1/1601 1591/1/1591 520/1/520 
f 1602/1/1602 1603/1/1603 1593/1/1593 1592/1/1592 
f 1596/1/1596 1604/1/1604 1603/1/1603 1602/1/1602 
f 1603/1/1603 1604/1/1604 1583/1/1583 
f 536/1/536 1588/1/1588 1605/1/1605 1600/1/1600 
f 1597/1/1597 1605/1/1605 1588/1/1588 1578/1/1578 
f 1597/1/1597 1596/1/1596 1602/1/1602 
f 1600/1/1600 1605/1/1605 1602/1/1602 1592/1/1592 
f 1564/1/1564 1571/1/1571 1606/1/1606 1595/1/1595 
f 1579/1/1579 1606/1/1606 1571/1/1571 1573/1/1573 
f 1583/1/1583 1604/1/1604 1606/1/1606 1579/1/1579 
f 1595/1/1595 1606/1/1606 1604/1/1604 1596/1/1596 
f 837/1/837 1580/1/1580 1607/1/1607 838/1/838 
f 1580/1/1580 1573/1/1573 1608/1/1608 
f 1609/1/1609 1607/1/1607 1608/1/1608 1610/1/1610 
f 1607/1/1607 1609/1/1609 839/1/839 
f 1611/1/1611 1612/1/1612 1613/1/1613 1614/1/1614 
f 1487/1/1487 1612/1/1612 1611/1/1611 1483/1/1483 
f 1612/1/1612 1487/1/1487 846/1/846 
f 1615/1/1615 1616/1/1616 1613/1/1613 
f 1617/1/1617 1618/1/1618 1613/1/1613 1616/1/1616 
f 1618/1/1618 1617/1/1617 1619/1/1619 
f 1614/1/1614 1613/1/1613 1618/1/1618 1620/1/1620 
f 1621/1/1621 1617/1/1617 1616/1/1616 
f 1609/1/1609 1621/1/1621 1622/1/1622 839/1/839 
f 1621/1/1621 1609/1/1609 1610/1/1610 
f 1617/1/1617 1621/1/1621 1623/1/1623 1619/1/1619 
f 1624/1/1624 1625/1/1625 1626/1/1626 
f 1492/1/1492 1627/1/1627 1626/1/1626 1494/1/1494 
f 1627/1/1627 1492/1/1492 1483/1/1483 
f 1611/1/1611 1614/1/1614 1624/1/1624 
f 1610/1/1610 1608/1/1608 1628/1/1628 1629/1/1629 
f 1572/1/1572 1628/1/1628 1608/1/1608 1573/1/1573 
f 1563/1/1563 1630/1/1630 1628/1/1628 1572/1/1572 
f 1629/1/1629 1628/1/1628 1630/1/1630 1631/1/1631 
f 1619/1/1619 1623/1/1623 1632/1/1632 1633/1/1633 
f 1629/1/1629 1632/1/1632 1623/1/1623 1610/1/1610 
f 1631/1/1631 1634/1/1634 1632/1/1632 1629/1/1629 
f 1633/1/1633 1632/1/1632 1634/1/1634 1635/1/1635 
f 1625/1/1625 1624/1/1624 1636/1/1636 1637/1/1637 
f 1624/1/1624 1614/1/1614 1620/1/1620 1636/1/1636 
f 1633/1/1633 1636/1/1636 1620/1/1620 1619/1/1619 
f 1637/1/1637 1636/1/1636 1633/1/1633 1635/1/1635 
f 1631/1/1631 1630/1/1630 1638/1/1638 1639/1/1639 
f 1562/1/1562 1638/1/1638 1630/1/1630 1563/1/1563 
f 1561/1/1561 1640/1/1640 1638/1/1638 1562/1/1562 
f 1639/1/1639 1638/1/1638 1640/1/1640 1641/1/1641 
f 1642/1/1642 1643/1/1643 1644/1/1644 1645/1/1645 
f 1637/1/1637 1644/1/1644 1643/1/1643 1625/1/1625 
f 1635/1/1635 1646/1/1646 1644/1/1644 1637/1/1637 
f 1645/1/1645 1644/1/1644 1646/1/1646 1647/1/1647 
f 1634/1/1634 1648/1/1648 1646/1/1646 1635/1/1635 
f 1639/1/1639 1648/1/1648 1634/1/1634 1631/1/1631 
f 1641/1/1641 1649/1/1649 1648/1/1648 1639/1/1639 
f 1647/1/1647 1646/1/1646 1648/1/1648 1649/1/1649 
f 1641/1/1641 1640/1/1640 1650/1/1650 1651/1/1651 
f 1652/1/1652 1650/1/1650 1640/1/1640 1561/1/1561 
f 1653/1/1653 1654/1/1654 1650/1/1650 1652/1/1652 
f 1655/1/1655 1651/1/1651 1650/1/1650 1654/1/1654 
f 1656/1/1656 1657/1/1657 1658/1/1658 1659/1/1659 
f 1645/1/1645 1658/1/1658 1657/1/1657 1642/1/1642 
f 1647/1/1647 1660/1/1660 1658/1/1658 1645/1/1645 
f 1659/1/1659 1658/1/1658 1660/1/1660 1661/1/1661 
f 1661/1/1661 1660/1/1660 1662/1/1662 1663/1/1663 
f 1649/1/1649 1662/1/1662 1660/1/1660 1647/1/1647 
f 1641/1/1641 1651/1/1651 1662/1/1662 1649/1/1649 
f 1663/1/1663 1662/1/1662 1651/1/1651 1655/1/1655 
f 1664/1/1664 1665/1/1665 1666/1/1666 1667/1/1667 
f 1668/1/1668 1666/1/1666 1665/1/1665 1669/1/1669 
f 1670/1/1670 1671/1/1671 1666/1/1666 1668/1/1668 
f 1667/1/1667 1666/1/1666 1671/1/1671 1672/1/1672 
f 1673/1/1673 1674/1/1674 1675/1/1675 1676/1/1676 
f 1669/1/1669 1665/1/1665 1674/1/1674 1673/1/1673 
f 1677/1/1677 1674/1/1674 1665/1/1665 1664/1/1664 
f 1678/1/1678 1675/1/1675 1674/1/1674 1677/1/1677 
f 1679/1/1679 1680/1/1680 1681/1/1681 1682/1/1682 
f 1683/1/1683 1681/1/1681 1680/1/1680 1684/1/1684 
f 1676/1/1676 1675/1/1675 1681/1/1681 1683/1/1683 
f 1682/1/1682 1681/1/1681 1675/1/1675 1678/1/1678 
f 1685/1/1685 1686/1/1686 1687/1/1687 1688/1/1688 
f 1689/1/1689 1687/1/1687 1686/1/1686 1690/1/1690 
f 169/1/169 172/1/172 1687/1/1687 1689/1/1689 
f 1688/1/1688 1687/1/1687 172/1/172 177/1/177 
f 181/1/181 1691/1/1691 1692/1/1692 178/1/178 
f 1689/1/1689 1691/1/1691 181/1/181 169/1/169 
f 1691/1/1691 1689/1/1689 1690/1/1690 
f 1693/1/1693 1692/1/1692 1691/1/1691 1694/1/1694 
f 178/1/178 1692/1/1692 1695/1/1695 188/1/188 
f 1696/1/1696 1695/1/1695 1692/1/1692 1693/1/1693 
f 1695/1/1695 1696/1/1696 1697/1/1697 
f 188/1/188 1695/1/1695 1698/1/1698 189/1/189 
f 1699/1/1699 1700/1/1700 1701/1/1701 1702/1/1702 
f 1129/1/1129 1703/1/1703 1700/1/1700 1699/1/1699 
f 1704/1/1704 1700/1/1700 1703/1/1703 1705/1/1705 
f 1706/1/1706 1701/1/1701 1700/1/1700 1704/1/1704 
f 274/1/274 272/1/272 1707/1/1707 1708/1/1708 
f 136/1/136 1707/1/1707 272/1/272 137/1/137 
f 135/1/135 1709/1/1709 1707/1/1707 136/1/136 
f 1708/1/1708 1707/1/1707 1709/1/1709 1710/1/1710 
f 129/1/129 126/1/126 1711/1/1711 1712/1/1712 
f 144/1/144 1711/1/1711 126/1/126 125/1/125 
f 1713/1/1713 1711/1/1711 144/1/144 142/1/142 
f 1714/1/1714 1712/1/1712 1711/1/1711 1713/1/1713 
f 1715/1/1715 1716/1/1716 1717/1/1717 1718/1/1718 
f 327/1/327 1717/1/1717 1716/1/1716 328/1/328 
f 274/1/274 1708/1/1708 1717/1/1717 327/1/327 
f 1718/1/1718 1717/1/1717 1708/1/1708 1710/1/1710 
f 1230/1/1230 1227/1/1227 1719/1/1719 1720/1/1720 
f 1216/1/1216 1215/1/1215 1719/1/1719 1227/1/1227 
f 1214/1/1214 1721/1/1721 1719/1/1719 1215/1/1215 
f 1721/1/1721 1722/1/1722 1720/1/1720 
f 1723/1/1723 1724/1/1724 1725/1/1725 1726/1/1726 
f 1727/1/1727 1725/1/1725 1724/1/1724 1728/1/1728 
f 1725/1/1725 1727/1/1727 1722/1/1722 
f 1726/1/1726 1725/1/1725 1721/1/1721 1214/1/1214 
f 1241/1/1241 1239/1/1239 1729/1/1729 1730/1/1730 
f 1229/1/1229 1729/1/1729 1239/1/1239 1231/1/1231 
f 1230/1/1230 1720/1/1720 1729/1/1729 1229/1/1229 
f 1730/1/1730 1729/1/1729 1720/1/1720 1722/1/1722 
f 1236/1/1236 1238/1/1238 1731/1/1731 1234/1/1234 
f 1238/1/1238 1242/1/1242 1732/1/1732 
f 1732/1/1732 1733/1/1733 1734/1/1734 
f 1234/1/1234 1731/1/1731 1734/1/1734 1226/1/1226 
f 1735/1/1735 1736/1/1736 1737/1/1737 1738/1/1738 
f 1739/1/1739 1736/1/1736 1735/1/1735 1740/1/1740 
f 1526/1/1526 1522/1/1522 1736/1/1736 1739/1/1739 
f 1524/1/1524 1737/1/1737 1736/1/1736 1522/1/1522 
f 1741/1/1741 1529/1/1529 1528/1/1528 
f 1742/1/1742 1741/1/1741 1743/1/1743 1744/1/1744 
f 1741/1/1741 1742/1/1742 1738/1/1738 
f 1529/1/1529 1741/1/1741 1737/1/1737 1524/1/1524 
f 1745/1/1745 1746/1/1746 1747/1/1747 
f 1544/1/1544 1745/1/1745 1748/1/1748 1513/1/1513 
f 1546/1/1546 1749/1/1749 1745/1/1745 1544/1/1544 
f 1746/1/1746 1745/1/1745 1749/1/1749 1750/1/1750 
f 1546/1/1546 1547/1/1547 1751/1/1751 1749/1/1749 
f 1739/1/1739 1751/1/1751 1547/1/1547 1526/1/1526 
f 1752/1/1752 1751/1/1751 1739/1/1739 1740/1/1740 
f 1749/1/1749 1751/1/1751 1752/1/1752 1750/1/1750 
f 1205/1/1205 1753/1/1753 1754/1/1754 1202/1/1202 
f 1221/1/1221 1753/1/1753 1205/1/1205 1210/1/1210 
f 1224/1/1224 1755/1/1755 1753/1/1753 1221/1/1221 
f 1754/1/1754 1753/1/1753 1755/1/1755 1756/1/1756 
f 1224/1/1224 1223/1/1223 1757/1/1757 1755/1/1755 
f 1734/1/1734 1757/1/1757 1223/1/1223 1226/1/1226 
f 1757/1/1757 1734/1/1734 1733/1/1733 
f 1755/1/1755 1757/1/1757 1758/1/1758 1756/1/1756 
f 1127/1/1127 1759/1/1759 1760/1/1760 1126/1/1126 
f 1761/1/1761 1760/1/1760 1759/1/1759 1762/1/1762 
f 1763/1/1763 1764/1/1764 1760/1/1760 1761/1/1761 
f 1126/1/1126 1760/1/1760 1764/1/1764 1128/1/1128 
f 1762/1/1762 1765/1/1765 1766/1/1766 1761/1/1761 
f 1765/1/1765 1364/1/1364 1363/1/1363 1766/1/1766 
f 1363/1/1363 1362/1/1362 1767/1/1767 1766/1/1766 
f 1761/1/1761 1766/1/1766 1767/1/1767 1763/1/1763 
f 1768/1/1768 1769/1/1769 1770/1/1770 1771/1/1771 
f 1772/1/1772 1770/1/1770 1769/1/1769 1773/1/1773 
f 1774/1/1774 1775/1/1775 1770/1/1770 1772/1/1772 
f 1771/1/1771 1770/1/1770 1775/1/1775 1776/1/1776 
f 1777/1/1777 1778/1/1778 1779/1/1779 1780/1/1780 
f 155/1/155 1780/1/1780 1779/1/1779 158/1/158 
f 154/1/154 1781/1/1781 1780/1/1780 155/1/155 
f 1781/1/1781 1782/1/1782 1777/1/1777 1780/1/1780 
f 1783/1/1783 1784/1/1784 1785/1/1785 1786/1/1786 
f 1787/1/1787 1785/1/1785 1784/1/1784 1788/1/1788 
f 49/1/49 45/1/45 1785/1/1785 1787/1/1787 
f 1786/1/1786 1785/1/1785 45/1/45 44/1/44 
f 1787/1/1787 1789/1/1789 1790/1/1790 49/1/49 
f 1788/1/1788 1791/1/1791 1789/1/1789 1787/1/1787 
f 1792/1/1792 1793/1/1793 1789/1/1789 1791/1/1791 
f 1794/1/1794 1790/1/1790 1789/1/1789 1793/1/1793 
f 1792/1/1792 1795/1/1795 1796/1/1796 1793/1/1793 
f 1713/1/1713 1796/1/1796 1795/1/1795 1714/1/1714 
f 142/1/142 1797/1/1797 1796/1/1796 1713/1/1713 
f 1793/1/1793 1796/1/1796 1797/1/1797 1794/1/1794 
f 1798/1/1798 1799/1/1799 1794/1/1794 
f 141/1/141 1798/1/1798 1797/1/1797 142/1/142 
f 1798/1/1798 141/1/141 147/1/147 
f 1799/1/1799 1798/1/1798 1800/1/1800 1801/1/1801 
f 1802/1/1802 48/1/48 49/1/49 
f 1799/1/1799 1802/1/1802 1790/1/1790 1794/1/1794 
f 1801/1/1801 1803/1/1803 1802/1/1802 1799/1/1799 
f 1803/1/1803 50/1/50 48/1/48 
f 1804/1/1804 1805/1/1805 1806/1/1806 1807/1/1807 
f 1688/1/1688 1806/1/1806 1805/1/1805 1685/1/1685 
f 177/1/177 1808/1/1808 1806/1/1806 1688/1/1688 
f 1807/1/1807 1806/1/1806 1808/1/1808 1809/1/1809 
f 1809/1/1809 1810/1/1810 1811/1/1811 1807/1/1807 
f 1771/1/1771 1811/1/1811 1810/1/1810 1768/1/1768 
f 1776/1/1776 1812/1/1812 1811/1/1811 1771/1/1771 
f 1807/1/1807 1811/1/1811 1812/1/1812 1804/1/1804 
f 1728/1/1728 1724/1/1724 1813/1/1813 1814/1/1814 
f 1815/1/1815 1813/1/1813 1724/1/1724 1723/1/1723 
f 1072/1/1072 1816/1/1816 1813/1/1813 1815/1/1815 
f 1816/1/1816 1817/1/1817 1814/1/1814 
f 1067/1/1067 1065/1/1065 1818/1/1818 1819/1/1819 
f 1820/1/1820 1818/1/1818 1065/1/1065 240/1/240 
f 1821/1/1821 1822/1/1822 1818/1/1818 1820/1/1820 
f 1819/1/1819 1818/1/1818 1822/1/1822 1823/1/1823 
f 1705/1/1705 1824/1/1824 1825/1/1825 1704/1/1704 
f 1819/1/1819 1825/1/1825 1824/1/1824 1067/1/1067 
f 1823/1/1823 1826/1/1826 1825/1/1825 1819/1/1819 
f 1704/1/1704 1825/1/1825 1826/1/1826 1706/1/1706 
f 1827/1/1827 1828/1/1828 1817/1/1817 
f 1816/1/1816 1072/1/1072 1071/1/1071 
f 228/1/228 1829/1/1829 1827/1/1827 1071/1/1071 
f 1828/1/1828 1827/1/1827 1829/1/1829 1830/1/1830 
f 1831/1/1831 1832/1/1832 1833/1/1833 
f 331/1/331 1831/1/1831 1834/1/1834 234/1/234 
f 328/1/328 1716/1/1716 1831/1/1831 331/1/331 
f 1832/1/1832 1831/1/1831 1716/1/1716 1715/1/1715 
f 1835/1/1835 1836/1/1836 1830/1/1830 
f 227/1/227 1835/1/1835 1829/1/1829 228/1/228 
f 234/1/234 1834/1/1834 1835/1/1835 227/1/227 
f 1836/1/1836 1835/1/1835 1834/1/1834 1833/1/1833 
f 1837/1/1837 1838/1/1838 1839/1/1839 1840/1/1840 
f 1820/1/1820 1839/1/1839 1838/1/1838 1821/1/1821 
f 240/1/240 236/1/236 1839/1/1839 1820/1/1820 
f 1840/1/1840 1839/1/1839 236/1/236 235/1/235 
f 1841/1/1841 1842/1/1842 1843/1/1843 1844/1/1844 
f 1842/1/1842 1124/1/1124 1120/1/1120 
f 1123/1/1123 1845/1/1845 1843/1/1843 1120/1/1120 
f 1844/1/1844 1843/1/1843 1845/1/1845 1846/1/1846 
f 133/1/133 138/1/138 1847/1/1847 1848/1/1848 
f 137/1/137 269/1/269 1847/1/1847 138/1/138 
f 1849/1/1849 1847/1/1847 269/1/269 268/1/268 
f 1848/1/1848 1847/1/1847 1849/1/1849 1850/1/1850 
f 125/1/125 128/1/128 1851/1/1851 143/1/143 
f 1848/1/1848 1851/1/1851 128/1/128 133/1/133 
f 1848/1/1848 1850/1/1850 1852/1/1852 1851/1/1851 
f 143/1/143 1851/1/1851 1852/1/1852 145/1/145 
f 1710/1/1710 1709/1/1709 1853/1/1853 1854/1/1854 
f 134/1/134 1853/1/1853 1709/1/1709 135/1/135 
f 131/1/131 1855/1/1855 1853/1/1853 134/1/134 
f 1854/1/1854 1853/1/1853 1855/1/1855 1856/1/1856 
f 1856/1/1856 1855/1/1855 1857/1/1857 1858/1/1858 
f 130/1/130 1857/1/1857 1855/1/1855 131/1/131 
f 1712/1/1712 1857/1/1857 130/1/130 129/1/129 
f 1858/1/1858 1857/1/1857 1712/1/1712 1714/1/1714 
f 1859/1/1859 1860/1/1860 1861/1/1861 1862/1/1862 
f 1840/1/1840 1861/1/1861 1860/1/1860 1837/1/1837 
f 235/1/235 339/1/339 1861/1/1861 1840/1/1840 
f 1862/1/1862 1861/1/1861 339/1/339 335/1/335 
f 335/1/335 334/1/334 1863/1/1863 1862/1/1862 
f 189/1/189 1698/1/1698 1863/1/1863 334/1/334 
f 1698/1/1698 1697/1/1697 1864/1/1864 1863/1/1863 
f 1862/1/1862 1863/1/1863 1864/1/1864 1859/1/1859 
f 261/1/261 260/1/260 1865/1/1865 1866/1/1866 
f 1867/1/1867 1865/1/1865 260/1/260 259/1/259 
f 1868/1/1868 1869/1/1869 1865/1/1865 1867/1/1867 
f 1870/1/1870 1866/1/1866 1865/1/1865 1869/1/1869 
f 280/1/280 1871/1/1871 1872/1/1872 279/1/279 
f 1869/1/1869 1872/1/1872 1871/1/1871 1870/1/1870 
f 1868/1/1868 1873/1/1873 1872/1/1872 1869/1/1869 
f 1873/1/1873 281/1/281 279/1/279 1872/1/1872 
f 1515/1/1515 1510/1/1510 1874/1/1874 1875/1/1875 
f 1513/1/1513 1748/1/1748 1874/1/1874 1510/1/1510 
f 1876/1/1876 1874/1/1874 1748/1/1748 1747/1/1747 
f 1875/1/1875 1874/1/1874 1876/1/1876 1877/1/1877 
f 1878/1/1878 1875/1/1875 1877/1/1877 
f 1879/1/1879 1744/1/1744 1743/1/1743 
f 1528/1/1528 1540/1/1540 1878/1/1878 1743/1/1743 
f 1875/1/1875 1878/1/1878 1540/1/1540 1515/1/1515 
f 1880/1/1880 1881/1/1881 1882/1/1882 1883/1/1883 
f 1884/1/1884 1882/1/1882 1881/1/1881 1885/1/1885 
f 1886/1/1886 1887/1/1887 1882/1/1882 1884/1/1884 
f 1883/1/1883 1882/1/1882 1887/1/1887 1888/1/1888 
f 1453/1/1453 1889/1/1889 1890/1/1890 1454/1/1454 
f 1883/1/1883 1890/1/1890 1889/1/1889 1880/1/1880 
f 1888/1/1888 1891/1/1891 1890/1/1890 1883/1/1883 
f 1454/1/1454 1890/1/1890 1891/1/1891 1458/1/1458 
f 1892/1/1892 1893/1/1893 1894/1/1894 1895/1/1895 
f 1896/1/1896 1894/1/1894 1893/1/1893 1897/1/1897 
f 1898/1/1898 1899/1/1899 1894/1/1894 1896/1/1896 
f 1895/1/1895 1894/1/1894 1899/1/1899 1900/1/1900 
f 1901/1/1901 1902/1/1902 1903/1/1903 1904/1/1904 
f 1905/1/1905 1903/1/1903 1902/1/1902 1906/1/1906 
f 1900/1/1900 1899/1/1899 1903/1/1903 1905/1/1905 
f 1904/1/1904 1903/1/1903 1899/1/1899 1898/1/1898 
f 1723/1/1723 1726/1/1726 1907/1/1907 1908/1/1908 
f 1213/1/1213 1907/1/1907 1726/1/1726 1214/1/1214 
f 1207/1/1207 1909/1/1909 1907/1/1907 1213/1/1213 
f 1908/1/1908 1907/1/1907 1909/1/1909 1910/1/1910 
f 1074/1/1074 1073/1/1073 1911/1/1911 1912/1/1912 
f 1815/1/1815 1911/1/1911 1073/1/1073 1072/1/1072 
f 1815/1/1815 1723/1/1723 1908/1/1908 1911/1/1911 
f 1910/1/1910 1912/1/1912 1911/1/1911 1908/1/1908 
f 1080/1/1080 1076/1/1076 1913/1/1913 1914/1/1914 
f 1915/1/1915 1913/1/1913 1076/1/1076 1075/1/1075 
f 1916/1/1916 1917/1/1917 1913/1/1913 1915/1/1915 
f 1914/1/1914 1913/1/1913 1917/1/1917 1918/1/1918 
f 1919/1/1919 1920/1/1920 1921/1/1921 1922/1/1922 
f 1923/1/1923 1924/1/1924 1921/1/1921 1920/1/1920 
f 1918/1/1918 1917/1/1917 1921/1/1921 1924/1/1924 
f 1922/1/1922 1921/1/1921 1917/1/1917 1916/1/1916 
f 1925/1/1925 1926/1/1926 1927/1/1927 
f 1928/1/1928 1929/1/1929 1930/1/1930 
f 1931/1/1931 1932/1/1932 1925/1/1925 1930/1/1930 
f 1926/1/1926 1925/1/1925 1932/1/1932 1933/1/1933 
f 1933/1/1933 1934/1/1934 1935/1/1935 1926/1/1926 
f 1934/1/1934 1756/1/1756 1758/1/1758 
f 1936/1/1936 1935/1/1935 1758/1/1758 1733/1/1733 
f 1936/1/1936 1927/1/1927 1926/1/1926 
f 1897/1/1897 1893/1/1893 1937/1/1937 1938/1/1938 
f 1939/1/1939 1937/1/1937 1893/1/1893 1892/1/1892 
f 1134/1/1134 1940/1/1940 1937/1/1937 1939/1/1939 
f 1938/1/1938 1937/1/1937 1940/1/1940 1941/1/1941 
f 1134/1/1134 1130/1/1130 1942/1/1942 
f 1699/1/1699 1942/1/1942 1130/1/1130 1129/1/1129 
f 1942/1/1942 1699/1/1699 1702/1/1702 
f 1940/1/1940 1942/1/1942 1943/1/1943 1941/1/1941 
f 1944/1/1944 1945/1/1945 1946/1/1946 1947/1/1947 
f 1844/1/1844 1946/1/1946 1945/1/1945 1841/1/1841 
f 1846/1/1846 1948/1/1948 1946/1/1946 1844/1/1844 
f 1947/1/1947 1946/1/1946 1948/1/1948 1949/1/1949 
f 1949/1/1949 1950/1/1950 1951/1/1951 1947/1/1947 
f 1920/1/1920 1951/1/1951 1950/1/1950 1923/1/1923 
f 1919/1/1919 1952/1/1952 1951/1/1951 1920/1/1920 
f 1952/1/1952 1944/1/1944 1947/1/1947 
f 1953/1/1953 1931/1/1931 1930/1/1930 
f 1929/1/1929 1954/1/1954 1955/1/1955 
f 1954/1/1954 1956/1/1956 1957/1/1957 1955/1/1955 
f 1953/1/1953 1955/1/1955 1957/1/1957 1958/1/1958 
f 1957/1/1957 1956/1/1956 1959/1/1959 
f 1746/1/1746 1960/1/1960 1959/1/1959 1747/1/1747 
f 1961/1/1961 1960/1/1960 1746/1/1746 1750/1/1750 
f 1961/1/1961 1958/1/1958 1957/1/1957 1960/1/1960 
f 1906/1/1906 1902/1/1902 1962/1/1962 1963/1/1963 
f 1964/1/1964 1962/1/1962 1902/1/1902 1901/1/1901 
f 1965/1/1965 1962/1/1962 1964/1/1964 1966/1/1966 
f 1967/1/1967 1963/1/1963 1962/1/1962 1965/1/1965 
f 1966/1/1966 1968/1/1968 1969/1/1969 1965/1/1965 
f 1968/1/1968 1886/1/1886 1884/1/1884 
f 1885/1/1885 1970/1/1970 1969/1/1969 1884/1/1884 
f 1965/1/1965 1969/1/1969 1970/1/1970 1967/1/1967 
f 1971/1/1971 1972/1/1972 1973/1/1973 
f 1742/1/1742 1971/1/1971 1974/1/1974 1738/1/1738 
f 1744/1/1744 1975/1/1975 1971/1/1971 1742/1/1742 
f 1975/1/1975 1976/1/1976 1972/1/1972 
f 1977/1/1977 1978/1/1978 1979/1/1979 1980/1/1980 
f 1465/1/1465 1979/1/1979 1978/1/1978 1462/1/1462 
f 1467/1/1467 1981/1/1981 1979/1/1979 1465/1/1465 
f 1980/1/1980 1979/1/1979 1981/1/1981 1982/1/1982 
f 1983/1/1983 1984/1/1984 1985/1/1985 1986/1/1986 
f 1987/1/1987 1985/1/1985 1984/1/1984 1988/1/1988 
f 1989/1/1989 1990/1/1990 1985/1/1985 1987/1/1987 
f 1986/1/1986 1985/1/1985 1990/1/1990 1991/1/1991 
f 1991/1/1991 1992/1/1992 1993/1/1993 1986/1/1986 
f 1671/1/1671 1993/1/1993 1992/1/1992 1672/1/1672 
f 1670/1/1670 1994/1/1994 1993/1/1993 1671/1/1671 
f 1986/1/1986 1993/1/1993 1994/1/1994 1983/1/1983 
f 1995/1/1995 1996/1/1996 1997/1/1997 1998/1/1998 
f 1999/1/1999 1997/1/1997 1996/1/1996 2000/1/2000 
f 1690/1/1690 1686/1/1686 1997/1/1997 1999/1/1999 
f 1998/1/1998 1997/1/1997 1686/1/1686 1685/1/1685 
f 2001/1/2001 2002/1/2002 2003/1/2003 
f 1696/1/1696 2001/1/2001 2004/1/2004 1697/1/1697 
f 2001/1/2001 1696/1/1696 1693/1/1693 
f 2005/1/2005 2006/1/2006 2002/1/2002 
f 2007/1/2007 2008/1/2008 2009/1/2009 2010/1/2010 
f 2011/1/2011 2009/1/2009 2008/1/2008 2012/1/2012 
f 1823/1/1823 1822/1/1822 2009/1/2009 2011/1/2011 
f 2010/1/2010 2009/1/2009 1822/1/1822 1821/1/1821 
f 2013/1/2013 2014/1/2014 2015/1/2015 2016/1/2016 
f 2017/1/2017 2015/1/2015 2014/1/2014 2018/1/2018 
f 1941/1/1941 1943/1/1943 2015/1/2015 2017/1/2017 
f 2016/1/2016 2015/1/2015 1943/1/1943 1702/1/1702 
f 2019/1/2019 2020/1/2020 2021/1/2021 2022/1/2022 
f 1718/1/1718 2021/1/2021 2020/1/2020 1715/1/1715 
f 1710/1/1710 2023/1/2023 2021/1/2021 1718/1/1718 
f 2022/1/2022 2021/1/2021 2023/1/2023 2024/1/2024 
f 2025/1/2025 2026/1/2026 2027/1/2027 2028/1/2028 
f 1730/1/1730 2027/1/2027 2026/1/2026 1241/1/1241 
f 1722/1/1722 2029/1/2029 2027/1/2027 1730/1/1730 
f 2028/1/2028 2027/1/2027 2029/1/2029 2030/1/2030 
f 2031/1/2031 2032/1/2032 2033/1/2033 2034/1/2034 
f 1828/1/1828 2033/1/2033 2032/1/2032 1817/1/1817 
f 1830/1/1830 2035/1/2035 2033/1/2033 1828/1/1828 
f 2034/1/2034 2033/1/2033 2035/1/2035 2036/1/2036 
f 2037/1/2037 2038/1/2038 2039/1/2039 2040/1/2040 
f 2041/1/2041 2038/1/2038 2037/1/2037 2042/1/2042 
f 1740/1/1740 1735/1/1735 2038/1/2038 2041/1/2041 
f 2039/1/2039 2038/1/2038 1735/1/1735 1738/1/1738 
f 2043/1/2043 2044/1/2044 2045/1/2045 
f 2046/1/2046 2043/1/2043 2047/1/2047 2018/1/2018 
f 1202/1/1202 1754/1/1754 2043/1/2043 2046/1/2046 
f 2044/1/2044 2043/1/2043 1754/1/1754 1756/1/1756 
f 2048/1/2048 2049/1/2049 2050/1/2050 2051/1/2051 
f 2052/1/2052 2050/1/2050 2049/1/2049 2053/1/2053 
f 1966/1/1966 1964/1/1964 2050/1/2050 2052/1/2052 
f 1964/1/1964 1901/1/1901 2051/1/2051 
f 2054/1/2054 2055/1/2055 2056/1/2056 2057/1/2057 
f 2058/1/2058 2056/1/2056 2055/1/2055 2059/1/2059 
f 1776/1/1776 1775/1/1775 2056/1/2056 2058/1/2058 
f 2057/1/2057 2056/1/2056 1775/1/1775 1774/1/1774 
f 147/1/147 146/1/146 2060/1/2060 2061/1/2061 
f 2062/1/2062 2060/1/2060 146/1/146 145/1/145 
f 1995/1/1995 2063/1/2063 2060/1/2060 2062/1/2062 
f 2061/1/2061 2060/1/2060 2063/1/2063 2064/1/2064 
f 2062/1/2062 2065/1/2065 1996/1/1996 1995/1/1995 
f 145/1/145 1852/1/1852 2065/1/2065 2062/1/2062 
f 1850/1/1850 2066/1/2066 2065/1/2065 1852/1/1852 
f 2000/1/2000 1996/1/1996 2065/1/2065 2066/1/2066 
f 1685/1/1685 1805/1/1805 2067/1/2067 1998/1/1998 
f 2068/1/2068 2067/1/2067 1805/1/1805 1804/1/1804 
f 2064/1/2064 2063/1/2063 2067/1/2067 2068/1/2068 
f 1998/1/1998 2067/1/2067 2063/1/2063 1995/1/1995 
f 1850/1/1850 1849/1/1849 2069/1/2069 2066/1/2066 
f 268/1/268 2070/1/2070 2069/1/2069 1849/1/1849 
f 2071/1/2071 2069/1/2069 2070/1/2070 2006/1/2006 
f 2066/1/2066 2069/1/2069 2071/1/2071 2000/1/2000 
f 2006/1/2006 2070/1/2070 2072/1/2072 2002/1/2002 
f 271/1/271 2072/1/2072 2070/1/2070 268/1/268 
f 275/1/275 2073/1/2073 2072/1/2072 271/1/271 
f 2002/1/2002 2072/1/2072 2073/1/2073 2003/1/2003 
f 2005/1/2005 1693/1/1693 1694/1/1694 
f 1999/1/1999 2074/1/2074 1694/1/1694 1690/1/1690 
f 2074/1/2074 1999/1/1999 2000/1/2000 
f 2006/1/2006 2005/1/2005 2074/1/2074 2071/1/2071 
f 275/1/275 324/1/324 2075/1/2075 2073/1/2073 
f 2076/1/2076 2075/1/2075 324/1/324 323/1/323 
f 2077/1/2077 2078/1/2078 2075/1/2075 2076/1/2076 
f 2003/1/2003 2073/1/2073 2075/1/2075 2078/1/2078 
f 2078/1/2078 2079/1/2079 2004/1/2004 2003/1/2003 
f 2080/1/2080 2079/1/2079 2078/1/2078 2077/1/2077 
f 2079/1/2079 2080/1/2080 1859/1/1859 
f 1697/1/1697 2004/1/2004 2079/1/2079 1864/1/1864 
f 233/1/233 231/1/231 2081/1/2081 2082/1/2082 
f 2083/1/2083 2081/1/2081 231/1/231 230/1/230 
f 2007/1/2007 2084/1/2084 2081/1/2081 2083/1/2083 
f 2082/1/2082 2081/1/2081 2084/1/2084 2085/1/2085 
f 230/1/230 1070/1/1070 2086/1/2086 2083/1/2083 
f 2087/1/2087 2086/1/2086 1070/1/1070 1074/1/1074 
f 2012/1/2012 2008/1/2008 2086/1/2086 2087/1/2087 
f 2083/1/2083 2086/1/2086 2008/1/2008 2007/1/2007 
f 1821/1/1821 1838/1/1838 2088/1/2088 2010/1/2010 
f 2089/1/2089 2088/1/2088 1838/1/1838 1837/1/1837 
f 2085/1/2085 2084/1/2084 2088/1/2088 2089/1/2089 
f 2010/1/2010 2088/1/2088 2084/1/2084 2007/1/2007 
f 1910/1/1910 1909/1/1909 2090/1/2090 2091/1/2091 
f 2092/1/2092 2090/1/2090 1909/1/1909 1207/1/1207 
f 2013/1/2013 2093/1/2093 2090/1/2090 2092/1/2092 
f 2091/1/2091 2090/1/2090 2093/1/2093 2094/1/2094 
f 1207/1/1207 1203/1/1203 2095/1/2095 2092/1/2092 
f 2046/1/2046 2095/1/2095 1203/1/1203 1202/1/1202 
f 2018/1/2018 2014/1/2014 2095/1/2095 2046/1/2046 
f 2092/1/2092 2095/1/2095 2014/1/2014 2013/1/2013 
f 1702/1/1702 1701/1/1701 2096/1/2096 2016/1/2016 
f 2097/1/2097 2096/1/2096 1701/1/1701 1706/1/1706 
f 2094/1/2094 2093/1/2093 2096/1/2096 2097/1/2097 
f 2016/1/2016 2096/1/2096 2093/1/2093 2013/1/2013 
f 2098/1/2098 2099/1/2099 2100/1/2100 2101/1/2101 
f 157/1/157 2100/1/2100 2099/1/2099 154/1/154 
f 162/1/162 2102/1/2102 2100/1/2100 157/1/157 
f 2101/1/2101 2100/1/2100 2102/1/2102 2103/1/2103 
f 2103/1/2103 2102/1/2102 2104/1/2104 2105/1/2105 
f 164/1/164 2104/1/2104 2102/1/2102 162/1/162 
f 168/1/168 2106/1/2106 2104/1/2104 164/1/164 
f 2105/1/2105 2104/1/2104 2106/1/2106 2107/1/2107 
f 2103/1/2103 2105/1/2105 2108/1/2108 2109/1/2109 
f 2107/1/2107 2110/1/2110 2108/1/2108 2105/1/2105 
f 2110/1/2110 1856/1/1856 1858/1/1858 2108/1/2108 
f 2109/1/2109 2108/1/2108 1858/1/1858 1714/1/1714 
f 1792/1/1792 2111/1/2111 2112/1/2112 1795/1/1795 
f 2101/1/2101 2112/1/2112 2111/1/2111 2098/1/2098 
f 2103/1/2103 2109/1/2109 2112/1/2112 2101/1/2101 
f 1795/1/1795 2112/1/2112 2109/1/2109 1714/1/1714 
f 2107/1/2107 2106/1/2106 2113/1/2113 2114/1/2114 
f 277/1/277 2113/1/2113 2106/1/2106 168/1/168 
f 281/1/281 2115/1/2115 2113/1/2113 277/1/277 
f 2114/1/2114 2113/1/2113 2115/1/2115 2024/1/2024 
f 2024/1/2024 2115/1/2115 2116/1/2116 2022/1/2022 
f 1873/1/1873 2116/1/2116 2115/1/2115 281/1/281 
f 1868/1/1868 2117/1/2117 2116/1/2116 1873/1/1873 
f 2022/1/2022 2116/1/2116 2117/1/2117 2019/1/2019 
f 1856/1/1856 2110/1/2110 2118/1/2118 1854/1/1854 
f 2114/1/2114 2118/1/2118 2110/1/2110 2107/1/2107 
f 2024/1/2024 2023/1/2023 2118/1/2118 2114/1/2114 
f 1854/1/1854 2118/1/2118 2023/1/2023 1710/1/1710 
f 2119/1/2119 2120/1/2120 2121/1/2121 2122/1/2122 
f 1924/1/1924 2121/1/2121 2120/1/2120 1918/1/1918 
f 1923/1/1923 2123/1/2123 2121/1/2121 1924/1/1924 
f 2122/1/2122 2121/1/2121 2123/1/2123 2030/1/2030 
f 2124/1/2124 2123/1/2123 1923/1/1923 
f 2125/1/2125 2124/1/2124 1950/1/1950 1949/1/1949 
f 2125/1/2125 2025/1/2025 2028/1/2028 
f 2030/1/2030 2123/1/2123 2124/1/2124 2028/1/2028 
f 1728/1/1728 2126/1/2126 2127/1/2127 1727/1/1727 
f 2126/1/2126 2119/1/2119 2122/1/2122 
f 2030/1/2030 2029/1/2029 2127/1/2127 2122/1/2122 
f 1727/1/1727 2127/1/2127 2029/1/2029 1722/1/1722 
f 2128/1/2128 2129/1/2129 2130/1/2130 2131/1/2131 
f 257/1/257 2130/1/2130 2129/1/2129 259/1/259 
f 258/1/258 2132/1/2132 2130/1/2130 257/1/257 
f 2131/1/2131 2130/1/2130 2132/1/2132 2036/1/2036 
f 2036/1/2036 2132/1/2132 2133/1/2133 2034/1/2034 
f 1079/1/1079 2133/1/2133 2132/1/2132 258/1/258 
f 1080/1/1080 2134/1/2134 2133/1/2133 1079/1/1079 
f 2034/1/2034 2133/1/2133 2134/1/2134 2031/1/2031 
f 1833/1/1833 2135/1/2135 2136/1/2136 1836/1/1836 
f 2131/1/2131 2136/1/2136 2135/1/2135 2128/1/2128 
f 2036/1/2036 2035/1/2035 2136/1/2136 2131/1/2131 
f 1836/1/1836 2136/1/2136 2035/1/2035 1830/1/1830 
f 2137/1/2137 2138/1/2138 2139/1/2139 2140/1/2140 
f 1845/1/1845 2139/1/2139 2138/1/2138 1846/1/1846 
f 2139/1/2139 1845/1/1845 1123/1/1123 
f 2141/1/2141 2142/1/2142 2140/1/2140 
f 1122/1/1122 2143/1/2143 2141/1/2141 1123/1/1123 
f 2144/1/2144 2143/1/2143 1122/1/1122 1128/1/1128 
f 2145/1/2145 2146/1/2146 2143/1/2143 2144/1/2144 
f 2143/1/2143 2146/1/2146 2142/1/2142 
f 2146/1/2146 2147/1/2147 2148/1/2148 2142/1/2142 
f 2149/1/2149 2147/1/2147 2146/1/2146 2145/1/2145 
f 1927/1/1927 1936/1/1936 2147/1/2147 2149/1/2149 
f 1733/1/1733 2148/1/2148 2147/1/2147 1936/1/1936 
f 1242/1/1242 2150/1/2150 2151/1/2151 1732/1/1732 
f 2150/1/2150 2137/1/2137 2140/1/2140 
f 2142/1/2142 2148/1/2148 2151/1/2151 2140/1/2140 
f 1732/1/1732 2151/1/2151 2148/1/2148 1733/1/1733 
f 2152/1/2152 2153/1/2153 2154/1/2154 2155/1/2155 
f 1361/1/1361 2154/1/2154 2153/1/2153 1362/1/1362 
f 2154/1/2154 1361/1/1361 1358/1/1358 
f 2156/1/2156 2157/1/2157 2155/1/2155 
f 1358/1/1358 1357/1/1357 2158/1/2158 2156/1/2156 
f 2159/1/2159 2158/1/2158 1357/1/1357 1356/1/1356 
f 2160/1/2160 2161/1/2161 2158/1/2158 2159/1/2159 
f 2161/1/2161 2157/1/2157 2156/1/2156 
f 2157/1/2157 2161/1/2161 2162/1/2162 2163/1/2163 
f 2164/1/2164 2162/1/2162 2161/1/2161 2160/1/2160 
f 1877/1/1877 1876/1/1876 2162/1/2162 2164/1/2164 
f 2163/1/2163 2162/1/2162 1876/1/1876 1747/1/1747 
f 1956/1/1956 2165/1/2165 2166/1/2166 1959/1/1959 
f 2155/1/2155 2166/1/2166 2165/1/2165 2152/1/2152 
f 2157/1/2157 2163/1/2163 2166/1/2166 2155/1/2155 
f 1959/1/1959 2166/1/2166 2163/1/2163 1747/1/1747 
f 1356/1/1356 1463/1/1463 2167/1/2167 2159/1/2159 
f 1463/1/1463 1462/1/1462 2168/1/2168 
f 2169/1/2169 2170/1/2170 2167/1/2167 2168/1/2168 
f 2159/1/2159 2167/1/2167 2170/1/2170 2160/1/2160 
f 1462/1/1462 1978/1/1978 2171/1/2171 2168/1/2168 
f 2172/1/2172 2171/1/2171 1978/1/1978 1977/1/1977 
f 2173/1/2173 2174/1/2174 2171/1/2171 2172/1/2172 
f 2168/1/2168 2171/1/2171 2174/1/2174 2169/1/2169 
f 2169/1/2169 2174/1/2174 2175/1/2175 2176/1/2176 
f 2177/1/2177 2175/1/2175 2174/1/2174 2173/1/2173 
f 2175/1/2175 2177/1/2177 1976/1/1976 
f 2176/1/2176 2175/1/2175 1975/1/1975 1744/1/1744 
f 1744/1/1744 1879/1/1879 2178/1/2178 2176/1/2176 
f 2164/1/2164 2178/1/2178 1879/1/1879 1877/1/1877 
f 2160/1/2160 2170/1/2170 2178/1/2178 2164/1/2164 
f 2176/1/2176 2178/1/2178 2170/1/2170 2169/1/2169 
f 1679/1/1679 1682/1/1682 2179/1/2179 2180/1/2180 
f 2181/1/2181 2179/1/2179 1682/1/1682 1678/1/1678 
f 2182/1/2182 2183/1/2183 2179/1/2179 2181/1/2181 
f 2180/1/2180 2179/1/2179 2183/1/2183 2184/1/2184 
f 2185/1/2185 2182/1/2182 2181/1/2181 2186/1/2186 
f 1677/1/1677 2186/1/2186 2181/1/2181 1678/1/1678 
f 1664/1/1664 2187/1/2187 2186/1/2186 1677/1/1677 
f 2185/1/2185 2186/1/2186 2187/1/2187 2188/1/2188 
f 2188/1/2188 2187/1/2187 2189/1/2189 2190/1/2190 
f 1667/1/1667 2189/1/2189 2187/1/2187 1664/1/1664 
f 1672/1/1672 2191/1/2191 2189/1/2189 1667/1/1667 
f 2190/1/2190 2189/1/2189 2191/1/2191 2192/1/2192 
f 1672/1/1672 1992/1/1992 2193/1/2193 2191/1/2191 
f 2194/1/2194 2193/1/2193 1992/1/1992 1991/1/1991 
f 2195/1/2195 2196/1/2196 2193/1/2193 2194/1/2194 
f 2191/1/2191 2193/1/2193 2196/1/2196 2192/1/2192 
f 1991/1/1991 1990/1/1990 2197/1/2197 2194/1/2194 
f 1990/1/1990 1989/1/1989 2198/1/2198 
f 2199/1/2199 2200/1/2200 2197/1/2197 2198/1/2198 
f 2194/1/2194 2197/1/2197 2200/1/2200 2195/1/2195 
f 2201/1/2201 2202/1/2202 2203/1/2203 2204/1/2204 
f 1457/1/1457 2203/1/2203 2202/1/2202 1459/1/1459 
f 1458/1/1458 2205/1/2205 2203/1/2203 1457/1/1457 
f 2204/1/2204 2203/1/2203 2205/1/2205 2040/1/2040 
f 1458/1/1458 1891/1/1891 2206/1/2206 2205/1/2205 
f 1891/1/1891 1888/1/1888 2207/1/2207 
f 2042/1/2042 2037/1/2037 2206/1/2206 2207/1/2207 
f 2205/1/2205 2206/1/2206 2037/1/2037 2040/1/2040 
f 1973/1/1973 2208/1/2208 2209/1/2209 1974/1/1974 
f 2204/1/2204 2209/1/2209 2208/1/2208 2201/1/2201 
f 2040/1/2040 2039/1/2039 2209/1/2209 2204/1/2204 
f 1974/1/1974 2209/1/2209 2039/1/2039 1738/1/1738 
f 1888/1/1888 1887/1/1887 2210/1/2210 2207/1/2207 
f 2211/1/2211 2210/1/2210 1887/1/1887 1886/1/1886 
f 2212/1/2212 2213/1/2213 2210/1/2210 2211/1/2211 
f 2207/1/2207 2210/1/2210 2213/1/2213 2042/1/2042 
f 1886/1/1886 1968/1/1968 2214/1/2214 2211/1/2211 
f 1968/1/1968 1966/1/1966 2052/1/2052 
f 2053/1/2053 2215/1/2215 2214/1/2214 2052/1/2052 
f 2215/1/2215 2212/1/2212 2211/1/2211 
f 2216/1/2216 2217/1/2217 2215/1/2215 2053/1/2053 
f 1958/1/1958 1961/1/1961 2217/1/2217 2216/1/2216 
f 1750/1/1750 2218/1/2218 2217/1/2217 1961/1/1961 
f 2212/1/2212 2215/1/2215 2217/1/2217 2218/1/2218 
f 1740/1/1740 2041/1/2041 2219/1/2219 1752/1/1752 
f 2042/1/2042 2213/1/2213 2219/1/2219 2041/1/2041 
f 2212/1/2212 2218/1/2218 2219/1/2219 2213/1/2213 
f 1752/1/1752 2219/1/2219 2218/1/2218 1750/1/1750 
f 2220/1/2220 2221/1/2221 2222/1/2222 2223/1/2223 
f 2221/1/2221 1898/1/1898 1896/1/1896 
f 1897/1/1897 2224/1/2224 2222/1/2222 1896/1/1896 
f 2223/1/2223 2222/1/2222 2224/1/2224 2045/1/2045 
f 2224/1/2224 1897/1/1897 1938/1/1938 
f 1938/1/1938 1941/1/1941 2017/1/2017 
f 2018/1/2018 2047/1/2047 2225/1/2225 2017/1/2017 
f 2224/1/2224 2225/1/2225 2047/1/2047 2045/1/2045 
f 1933/1/1933 2226/1/2226 2227/1/2227 1934/1/1934 
f 2226/1/2226 2220/1/2220 2223/1/2223 
f 2045/1/2045 2044/1/2044 2227/1/2227 2223/1/2223 
f 1934/1/1934 2227/1/2227 2044/1/2044 1756/1/1756 
f 1933/1/1933 1932/1/1932 2228/1/2228 2226/1/2226 
f 2229/1/2229 2228/1/2228 1932/1/1932 1931/1/1931 
f 2048/1/2048 2230/1/2230 2228/1/2228 2229/1/2229 
f 2226/1/2226 2228/1/2228 2230/1/2230 2220/1/2220 
f 1931/1/1931 1953/1/1953 2231/1/2231 2229/1/2229 
f 1953/1/1953 1958/1/1958 2216/1/2216 2231/1/2231 
f 2231/1/2231 2216/1/2216 2053/1/2053 
f 2229/1/2229 2231/1/2231 2049/1/2049 2048/1/2048 
f 1901/1/1901 1904/1/1904 2232/1/2232 2051/1/2051 
f 2232/1/2232 1904/1/1904 1898/1/1898 
f 2220/1/2220 2230/1/2230 2232/1/2232 2221/1/2221 
f 2051/1/2051 2232/1/2232 2230/1/2230 2048/1/2048 
f 1956/1/1956 1954/1/1954 2233/1/2233 2165/1/2165 
f 2234/1/2234 2233/1/2233 1954/1/1954 1929/1/1929 
f 2235/1/2235 2236/1/2236 2233/1/2233 2234/1/2234 
f 2236/1/2236 2152/1/2152 2165/1/2165 2233/1/2233 
f 2237/1/2237 2234/1/2234 1929/1/1929 
f 2149/1/2149 2237/1/2237 1928/1/1928 1927/1/1927 
f 2145/1/2145 2238/1/2238 2237/1/2237 2149/1/2149 
f 2238/1/2238 2235/1/2235 2234/1/2234 
f 2235/1/2235 2238/1/2238 2239/1/2239 2240/1/2240 
f 2238/1/2238 2145/1/2145 2144/1/2144 
f 1128/1/1128 1764/1/1764 2239/1/2239 2144/1/2144 
f 2240/1/2240 2239/1/2239 1764/1/1764 1763/1/1763 
f 1763/1/1763 1767/1/1767 2241/1/2241 2240/1/2240 
f 2153/1/2153 2241/1/2241 1767/1/1767 1362/1/1362 
f 2152/1/2152 2236/1/2236 2241/1/2241 2153/1/2153 
f 2240/1/2240 2241/1/2241 2236/1/2236 2235/1/2235 
f 52/1/52 51/1/51 2242/1/2242 2243/1/2243 
f 2244/1/2244 2242/1/2242 51/1/51 50/1/50 
f 2054/1/2054 2245/1/2245 2242/1/2242 2244/1/2244 
f 2243/1/2243 2242/1/2242 2245/1/2245 2246/1/2246 
f 2247/1/2247 2244/1/2244 50/1/50 
f 2248/1/2248 2247/1/2247 1803/1/1803 1801/1/1801 
f 2247/1/2247 2248/1/2248 2059/1/2059 
f 2244/1/2244 2247/1/2247 2055/1/2055 2054/1/2054 
f 1774/1/1774 2249/1/2249 2250/1/2250 2057/1/2057 
f 2251/1/2251 2250/1/2250 2249/1/2249 2252/1/2252 
f 2246/1/2246 2245/1/2245 2250/1/2250 2251/1/2251 
f 2057/1/2057 2250/1/2250 2245/1/2245 2054/1/2054 
f 2098/1/2098 2111/1/2111 2253/1/2253 2254/1/2254 
f 1791/1/1791 2253/1/2253 2111/1/2111 1792/1/1792 
f 1788/1/1788 2255/1/2255 2253/1/2253 1791/1/1791 
f 2254/1/2254 2253/1/2253 2255/1/2255 2256/1/2256 
f 1781/1/1781 2257/1/2257 2258/1/2258 1782/1/1782 
f 1781/1/1781 154/1/154 2099/1/2099 2257/1/2257 
f 2254/1/2254 2257/1/2257 2099/1/2099 2098/1/2098 
f 2256/1/2256 2258/1/2258 2257/1/2257 2254/1/2254 
f 1804/1/1804 1812/1/1812 2259/1/2259 2068/1/2068 
f 2058/1/2058 2259/1/2259 1812/1/1812 1776/1/1776 
f 2059/1/2059 2260/1/2260 2259/1/2259 2058/1/2058 
f 2068/1/2068 2259/1/2259 2260/1/2260 2064/1/2064 
f 1801/1/1801 1800/1/1800 2261/1/2261 2248/1/2248 
f 2061/1/2061 2261/1/2261 1800/1/1800 147/1/147 
f 2064/1/2064 2260/1/2260 2261/1/2261 2061/1/2061 
f 2248/1/2248 2261/1/2261 2260/1/2260 2059/1/2059 
f 1074/1/1074 1912/1/1912 2262/1/2262 2087/1/2087 
f 2091/1/2091 2262/1/2262 1912/1/1912 1910/1/1910 
f 2094/1/2094 2263/1/2263 2262/1/2262 2091/1/2091 
f 2087/1/2087 2262/1/2262 2263/1/2263 2012/1/2012 
f 2012/1/2012 2263/1/2263 2264/1/2264 2011/1/2011 
f 2097/1/2097 2264/1/2264 2263/1/2263 2094/1/2094 
f 1706/1/1706 1826/1/1826 2264/1/2264 2097/1/2097 
f 2011/1/2011 2264/1/2264 1826/1/1826 1823/1/1823 
f 2031/1/2031 2134/1/2134 2265/1/2265 2266/1/2266 
f 1914/1/1914 2265/1/2265 2134/1/2134 1080/1/1080 
f 1918/1/1918 2120/1/2120 2265/1/2265 1914/1/1914 
f 2266/1/2266 2265/1/2265 2120/1/2120 2119/1/2119 
f 2119/1/2119 2126/1/2126 2267/1/2267 2266/1/2266 
f 2126/1/2126 1728/1/1728 1814/1/1814 
f 1817/1/1817 2032/1/2032 2267/1/2267 1814/1/1814 
f 2266/1/2266 2267/1/2267 2032/1/2032 2031/1/2031 
f 2019/1/2019 2117/1/2117 2268/1/2268 2269/1/2269 
f 1867/1/1867 2268/1/2268 2117/1/2117 1868/1/1868 
f 259/1/259 2129/1/2129 2268/1/2268 1867/1/1867 
f 2269/1/2269 2268/1/2268 2129/1/2129 2128/1/2128 
f 2270/1/2270 1832/1/1832 1715/1/1715 
f 2269/1/2269 2270/1/2270 2020/1/2020 2019/1/2019 
f 2128/1/2128 2135/1/2135 2270/1/2270 2269/1/2269 
f 1832/1/1832 2270/1/2270 2135/1/2135 1833/1/1833 
f 2271/1/2271 2076/1/2076 323/1/323 
f 329/1/329 233/1/233 2082/1/2082 
f 2271/1/2271 2082/1/2082 2085/1/2085 
f 2076/1/2076 2271/1/2271 2272/1/2272 2077/1/2077 
f 1837/1/1837 1860/1/1860 2273/1/2273 2089/1/2089 
f 1860/1/1860 1859/1/1859 2080/1/2080 
f 2077/1/2077 2272/1/2272 2273/1/2273 2080/1/2080 
f 2089/1/2089 2273/1/2273 2272/1/2272 2085/1/2085 
f 1240/1/1240 2274/1/2274 2150/1/2150 1242/1/1242 
f 1241/1/1241 2026/1/2026 2274/1/2274 1240/1/1240 
f 2275/1/2275 2274/1/2274 2026/1/2026 2025/1/2025 
f 2274/1/2274 2275/1/2275 2137/1/2137 
f 2275/1/2275 2276/1/2276 2138/1/2138 2137/1/2137 
f 2125/1/2125 2276/1/2276 2275/1/2275 2025/1/2025 
f 1949/1/1949 1948/1/1948 2276/1/2276 2125/1/2125 
f 1948/1/1948 1846/1/1846 2138/1/2138 2276/1/2276 
f 1616/1/1616 1615/1/1615 2277/1/2277 2278/1/2278 
f 844/1/844 2277/1/2277 1615/1/1615 846/1/846 
f 2277/1/2277 844/1/844 845/1/845 
f 2279/1/2279 2280/1/2280 2278/1/2278 
f 1015/1/1015 1014/1/1014 2281/1/2281 2282/1/2282 
f 1005/1/1005 1004/1/1004 2281/1/2281 1014/1/1014 
f 828/1/828 2283/1/2283 2281/1/2281 1004/1/1004 
f 2282/1/2282 2281/1/2281 2283/1/2283 2284/1/2284 
f 2285/1/2285 2286/1/2286 2287/1/2287 2288/1/2288 
f 1036/1/1036 2287/1/2287 2286/1/2286 1038/1/1038 
f 1015/1/1015 2282/1/2282 2287/1/2287 1036/1/1036 
f 2288/1/2288 2287/1/2287 2282/1/2282 2284/1/2284 
f 2283/1/2283 2289/1/2289 2290/1/2290 2284/1/2284 
f 827/1/827 2289/1/2289 2283/1/2283 828/1/828 
f 833/1/833 2291/1/2291 2289/1/2289 827/1/827 
f 2292/1/2292 2290/1/2290 2289/1/2289 2291/1/2291 
f 2284/1/2284 2290/1/2290 2293/1/2293 2288/1/2288 
f 2294/1/2294 2293/1/2293 2290/1/2290 2292/1/2292 
f 2295/1/2295 2296/1/2296 2293/1/2293 2294/1/2294 
f 2288/1/2288 2293/1/2293 2296/1/2296 2285/1/2285 
f 2297/1/2297 2295/1/2295 2294/1/2294 
f 2292/1/2292 2291/1/2291 2298/1/2298 2294/1/2294 
f 835/1/835 2298/1/2298 2291/1/2291 833/1/833 
f 835/1/835 839/1/839 2297/1/2297 
f 2297/1/2297 839/1/839 1622/1/1622 
f 1622/1/1622 1616/1/1616 2278/1/2278 
f 2280/1/2280 2299/1/2299 2300/1/2300 2278/1/2278 
f 2295/1/2295 2297/1/2297 2300/1/2300 2299/1/2299 
f 2279/1/2279 2301/1/2301 2299/1/2299 2280/1/2280 
f 2302/1/2302 2301/1/2301 2279/1/2279 845/1/845 
f 2285/1/2285 2296/1/2296 2301/1/2301 2302/1/2302 
f 2299/1/2299 2301/1/2301 2296/1/2296 2295/1/2295 
f 845/1/845 841/1/841 2303/1/2303 2302/1/2302 
f 1048/1/1048 2303/1/2303 841/1/841 840/1/840 
f 1038/1/1038 2286/1/2286 2303/1/2303 1048/1/1048 
f 2302/1/2302 2303/1/2303 2286/1/2286 2285/1/2285 
f 1501/1/1501 1500/1/1500 2304/1/2304 1505/1/1505 
f 2305/1/2305 2304/1/2304 1500/1/1500 1499/1/1499 
f 2305/1/2305 2306/1/2306 2307/1/2307 2304/1/2304 
f 1505/1/1505 2304/1/2304 2307/1/2307 1502/1/1502 
f 1568/1/1568 2308/1/2308 2309/1/2309 1554/1/1554 
f 1568/1/1568 1569/1/1569 1576/1/1576 
f 1502/1/1502 2307/1/2307 2308/1/2308 1576/1/1576 
f 2309/1/2309 2308/1/2308 2307/1/2307 2306/1/2306 
f 2310/1/2310 1555/1/1555 1553/1/1553 
f 1554/1/1554 2309/1/2309 2311/1/2311 1553/1/1553 
f 2306/1/2306 2312/1/2312 2311/1/2311 2309/1/2309 
f 2312/1/2312 2313/1/2313 2310/1/2310 
f 1499/1/1499 1498/1/1498 2314/1/2314 2315/1/2315 
f 1439/1/1439 1442/1/1442 2314/1/2314 1498/1/1498 
f 1444/1/1444 2316/1/2316 2314/1/2314 1442/1/1442 
f 2315/1/2315 2314/1/2314 2316/1/2316 2317/1/2317 
f 1499/1/1499 2315/1/2315 2318/1/2318 2305/1/2305 
f 2319/1/2319 2318/1/2318 2315/1/2315 2317/1/2317 
f 2320/1/2320 2321/1/2321 2318/1/2318 2319/1/2319 
f 2306/1/2306 2305/1/2305 2318/1/2318 2321/1/2321 
f 2320/1/2320 2322/1/2322 2323/1/2323 2321/1/2321 
f 2313/1/2313 2312/1/2312 2323/1/2323 2322/1/2322 
f 2321/1/2321 2323/1/2323 2312/1/2312 2306/1/2306 
f 2324/1/2324 2325/1/2325 2326/1/2326 2327/1/2327 
f 2328/1/2328 2326/1/2326 2325/1/2325 2329/1/2329 
f 1461/1/1461 1460/1/1460 2326/1/2326 2328/1/2328 
f 2327/1/2327 2326/1/2326 1460/1/1460 1459/1/1459 
f 2330/1/2330 2331/1/2331 2332/1/2332 2333/1/2333 
f 1987/1/1987 2332/1/2332 2331/1/2331 1989/1/1989 
f 1988/1/1988 2334/1/2334 2332/1/2332 1987/1/1987 
f 2333/1/2333 2332/1/2332 2334/1/2334 2335/1/2335 
f 2329/1/2329 2325/1/2325 2336/1/2336 2337/1/2337 
f 2338/1/2338 2336/1/2336 2325/1/2325 2324/1/2324 
f 2339/1/2339 2340/1/2340 2336/1/2336 2338/1/2338 
f 2337/1/2337 2336/1/2336 2340/1/2340 2341/1/2341 
f 2333/1/2333 2342/1/2342 2343/1/2343 2330/1/2330 
f 2333/1/2333 2335/1/2335 2344/1/2344 2342/1/2342 
f 2341/1/2341 2340/1/2340 2342/1/2342 2344/1/2344 
f 2339/1/2339 2343/1/2343 2342/1/2342 2340/1/2340 
f 1459/1/1459 2202/1/2202 2345/1/2345 2327/1/2327 
f 2346/1/2346 2345/1/2345 2202/1/2202 2201/1/2201 
f 2347/1/2347 2348/1/2348 2345/1/2345 2346/1/2346 
f 2327/1/2327 2345/1/2345 2348/1/2348 2324/1/2324 
f 2349/1/2349 2350/1/2350 2351/1/2351 2352/1/2352 
f 2198/1/2198 2351/1/2351 2350/1/2350 2199/1/2199 
f 1989/1/1989 2331/1/2331 2351/1/2351 2198/1/2198 
f 2352/1/2352 2351/1/2351 2331/1/2331 2330/1/2330 
f 2353/1/2353 2354/1/2354 2355/1/2355 2356/1/2356 
f 2352/1/2352 2355/1/2355 2354/1/2354 2349/1/2349 
f 2330/1/2330 2343/1/2343 2355/1/2355 2352/1/2352 
f 2356/1/2356 2355/1/2355 2343/1/2343 2339/1/2339 
f 2339/1/2339 2338/1/2338 2357/1/2357 2356/1/2356 
f 2324/1/2324 2348/1/2348 2357/1/2357 2338/1/2338 
f 2358/1/2358 2357/1/2357 2348/1/2348 2347/1/2347 
f 2356/1/2356 2357/1/2357 2358/1/2358 2353/1/2353 
f 2359/1/2359 2360/1/2360 2361/1/2361 2362/1/2362 
f 2346/1/2346 2360/1/2360 2359/1/2359 2347/1/2347 
f 2201/1/2201 2208/1/2208 2360/1/2360 2346/1/2346 
f 2361/1/2361 2360/1/2360 2208/1/2208 1973/1/1973 
f 2353/1/2353 2358/1/2358 2363/1/2363 2364/1/2364 
f 2359/1/2359 2363/1/2363 2358/1/2358 2347/1/2347 
f 2362/1/2362 2365/1/2365 2363/1/2363 2359/1/2359 
f 2364/1/2364 2363/1/2363 2365/1/2365 2366/1/2366 
f 2362/1/2362 2361/1/2361 2367/1/2367 2368/1/2368 
f 1972/1/1972 2367/1/2367 2361/1/2361 1973/1/1973 
f 1976/1/1976 2369/1/2369 2367/1/2367 1972/1/1972 
f 2368/1/2368 2367/1/2367 2369/1/2369 2370/1/2370 
f 2366/1/2366 2365/1/2365 2371/1/2371 2372/1/2372 
f 2365/1/2365 2362/1/2362 2368/1/2368 
f 2370/1/2370 2373/1/2373 2371/1/2371 2368/1/2368 
f 2372/1/2372 2371/1/2371 2373/1/2373 2374/1/2374 
f 2375/1/2375 2376/1/2376 2370/1/2370 
f 2177/1/2177 2375/1/2375 2369/1/2369 1976/1/1976 
f 2173/1/2173 2377/1/2377 2375/1/2375 2177/1/2177 
f 2376/1/2376 2375/1/2375 2377/1/2377 2378/1/2378 
f 2379/1/2379 2380/1/2380 2381/1/2381 2382/1/2382 
f 2380/1/2380 2374/1/2374 2373/1/2373 
f 2376/1/2376 2381/1/2381 2373/1/2373 2370/1/2370 
f 2378/1/2378 2382/1/2382 2381/1/2381 2376/1/2376 
f 2383/1/2383 2384/1/2384 2385/1/2385 2386/1/2386 
f 2180/1/2180 2384/1/2384 2383/1/2383 1679/1/1679 
f 2184/1/2184 2387/1/2387 2384/1/2384 2180/1/2180 
f 2388/1/2388 2385/1/2385 2384/1/2384 2387/1/2387 
f 2378/1/2378 2377/1/2377 2389/1/2389 2390/1/2390 
f 2172/1/2172 2389/1/2389 2377/1/2377 2173/1/2173 
f 1977/1/1977 2391/1/2391 2389/1/2389 2172/1/2172 
f 2390/1/2390 2389/1/2389 2391/1/2391 2392/1/2392 
f 2390/1/2390 2393/1/2393 2382/1/2382 2378/1/2378 
f 2392/1/2392 2394/1/2394 2393/1/2393 2390/1/2390 
f 2395/1/2395 2396/1/2396 2393/1/2393 2394/1/2394 
f 2382/1/2382 2393/1/2393 2396/1/2396 2379/1/2379 
f 2386/1/2386 2385/1/2385 2397/1/2397 2398/1/2398 
f 2399/1/2399 2397/1/2397 2385/1/2385 2388/1/2388 
f 2379/1/2379 2396/1/2396 2397/1/2397 2399/1/2399 
f 2398/1/2398 2397/1/2397 2396/1/2396 2395/1/2395 
f 1684/1/1684 1680/1/1680 2400/1/2400 2401/1/2401 
f 2383/1/2383 2400/1/2400 1680/1/1680 1679/1/1679 
f 2386/1/2386 2402/1/2402 2400/1/2400 2383/1/2383 
f 2401/1/2401 2400/1/2400 2402/1/2402 2403/1/2403 
f 2392/1/2392 2391/1/2391 2404/1/2404 2405/1/2405 
f 1980/1/1980 2404/1/2404 2391/1/2391 1977/1/1977 
f 1982/1/1982 2406/1/2406 2404/1/2404 1980/1/1980 
f 2405/1/2405 2404/1/2404 2406/1/2406 2407/1/2407 
f 2405/1/2405 2408/1/2408 2394/1/2394 2392/1/2392 
f 2407/1/2407 2409/1/2409 2408/1/2408 2405/1/2405 
f 2410/1/2410 2411/1/2411 2408/1/2408 2409/1/2409 
f 2394/1/2394 2408/1/2408 2411/1/2411 2395/1/2395 
f 2403/1/2403 2402/1/2402 2412/1/2412 2413/1/2413 
f 2398/1/2398 2412/1/2412 2402/1/2402 2386/1/2386 
f 2395/1/2395 2411/1/2411 2412/1/2412 2398/1/2398 
f 2413/1/2413 2412/1/2412 2411/1/2411 2410/1/2410 
f 2414/1/2414 2415/1/2415 2416/1/2416 2417/1/2417 
f 2415/1/2415 2407/1/2407 2406/1/2406 2416/1/2416 
f 2418/1/2418 2416/1/2416 2406/1/2406 1982/1/1982 
f 2419/1/2419 2417/1/2417 2416/1/2416 2418/1/2418 
f 2407/1/2407 2415/1/2415 2420/1/2420 2409/1/2409 
f 2421/1/2421 2420/1/2420 2415/1/2415 2414/1/2414 
f 2422/1/2422 2423/1/2423 2420/1/2420 2421/1/2421 
f 2409/1/2409 2420/1/2420 2423/1/2423 2410/1/2410 
f 1642/1/1642 1657/1/1657 2424/1/2424 2425/1/2425 
f 2426/1/2426 2424/1/2424 1657/1/1657 1656/1/1656 
f 2427/1/2427 2428/1/2428 2424/1/2424 2426/1/2426 
f 2428/1/2428 2429/1/2429 2425/1/2425 2424/1/2424 
f 2429/1/2429 2430/1/2430 2431/1/2431 2432/1/2432 
f 2433/1/2433 2431/1/2431 2430/1/2430 2434/1/2434 
f 2435/1/2435 2436/1/2436 2431/1/2431 2433/1/2433 
f 2432/1/2432 2431/1/2431 2436/1/2436 1494/1/1494 
f 1489/1/1489 1485/1/1485 1495/1/1495 
f 1494/1/1494 2436/1/2436 2437/1/2437 1495/1/1495 
f 2438/1/2438 2437/1/2437 2436/1/2436 2435/1/2435 
f 2438/1/2438 1490/1/1490 1489/1/1489 2437/1/2437 
f 2432/1/2432 2439/1/2439 2425/1/2425 2429/1/2429 
f 2439/1/2439 2432/1/2432 1494/1/1494 
f 2439/1/2439 1626/1/1626 1625/1/1625 
f 2425/1/2425 2439/1/2439 1643/1/1643 1642/1/1642 
f 698/1/698 714/1/714 2440/1/2440 695/1/695 
f 2441/1/2441 2440/1/2440 714/1/714 713/1/713 
f 2440/1/2440 2441/1/2441 2442/1/2442 
f 695/1/695 2440/1/2440 2443/1/2443 700/1/700 
f 713/1/713 721/1/721 2444/1/2444 2441/1/2441 
f 5/1/5 2444/1/2444 721/1/721 7/1/7 
f 6/1/6 2445/1/2445 2444/1/2444 5/1/5 
f 2441/1/2441 2444/1/2444 2445/1/2445 2442/1/2442 
f 700/1/700 2443/1/2443 2446/1/2446 2447/1/2447 
f 2442/1/2442 2448/1/2448 2446/1/2446 2443/1/2443 
f 2448/1/2448 2449/1/2449 2450/1/2450 2446/1/2446 
f 2447/1/2447 2446/1/2446 2450/1/2450 2451/1/2451 
f 2452/1/2452 2453/1/2453 2454/1/2454 
f 165/1/165 2452/1/2452 2455/1/2455 166/1/166 
f 161/1/161 2456/1/2456 2452/1/2452 165/1/165 
f 2453/1/2453 2452/1/2452 2456/1/2456 2457/1/2457 
f 166/1/166 2455/1/2455 2458/1/2458 278/1/278 
f 2459/1/2459 2458/1/2458 2455/1/2455 2454/1/2454 
f 2460/1/2460 2461/1/2461 2458/1/2458 2459/1/2459 
f 278/1/278 2458/1/2458 2461/1/2461 280/1/280 
f 2462/1/2462 2463/1/2463 2464/1/2464 2465/1/2465 
f 2463/1/2463 151/1/151 150/1/150 
f 66/1/66 63/1/63 2464/1/2464 150/1/150 
f 2465/1/2465 2464/1/2464 63/1/63 62/1/62 
f 2466/1/2466 2467/1/2467 2468/1/2468 2469/1/2469 
f 1944/1/1944 1952/1/1952 2467/1/2467 2466/1/2466 
f 1919/1/1919 2470/1/2470 2467/1/2467 1952/1/1952 
f 2468/1/2468 2467/1/2467 2470/1/2470 2471/1/2471 
f 2472/1/2472 2473/1/2473 2471/1/2471 
f 1922/1/1922 2472/1/2472 2470/1/2470 1919/1/1919 
f 1916/1/1916 2474/1/2474 2472/1/2472 1922/1/1922 
f 2473/1/2473 2472/1/2472 2474/1/2474 2475/1/2475 
f 2476/1/2476 2477/1/2477 2478/1/2478 2479/1/2479 
f 1140/1/1140 2479/1/2479 2478/1/2478 1141/1/1141 
f 1060/1/1060 2480/1/2480 2479/1/2479 1140/1/1140 
f 2476/1/2476 2479/1/2479 2480/1/2480 2481/1/2481 
f 287/1/287 286/1/286 2482/1/2482 2483/1/2483 
f 2484/1/2484 2482/1/2482 286/1/286 196/1/196 
f 2485/1/2485 2486/1/2486 2482/1/2482 2484/1/2484 
f 2483/1/2483 2482/1/2482 2486/1/2486 2487/1/2487 
f 2488/1/2488 2489/1/2489 2490/1/2490 2491/1/2491 
f 2418/1/2418 2490/1/2490 2489/1/2489 2419/1/2419 
f 1982/1/1982 1981/1/1981 2490/1/2490 2418/1/2418 
f 2491/1/2491 2490/1/2490 1981/1/1981 1467/1/1467 
f 1669/1/1669 2492/1/2492 2493/1/2493 1668/1/1668 
f 2494/1/2494 2493/1/2493 2492/1/2492 2495/1/2495 
f 2496/1/2496 2497/1/2497 2493/1/2493 2494/1/2494 
f 1668/1/1668 2493/1/2493 2497/1/2497 1670/1/1670 
f 2496/1/2496 2498/1/2498 2499/1/2499 2497/1/2497 
f 2500/1/2500 2499/1/2499 2498/1/2498 2501/1/2501 
f 1983/1/1983 1994/1/1994 2499/1/2499 2500/1/2500 
f 2497/1/2497 2499/1/2499 1994/1/1994 1670/1/1670 
f 1988/1/1988 1984/1/1984 2502/1/2502 2503/1/2503 
f 2500/1/2500 2502/1/2502 1984/1/1984 1983/1/1983 
f 2501/1/2501 2504/1/2504 2502/1/2502 2500/1/2500 
f 2503/1/2503 2502/1/2502 2504/1/2504 2505/1/2505 
f 2505/1/2505 2506/1/2506 2507/1/2507 2503/1/2503 
f 2508/1/2508 2507/1/2507 2506/1/2506 2509/1/2509 
f 2335/1/2335 2334/1/2334 2507/1/2507 2508/1/2508 
f 2503/1/2503 2507/1/2507 2334/1/2334 1988/1/1988 
f 2510/1/2510 2511/1/2511 2512/1/2512 2513/1/2513 
f 2514/1/2514 2512/1/2512 2511/1/2511 2515/1/2515 
f 1967/1/1967 1970/1/1970 2512/1/2512 2514/1/2514 
f 2513/1/2513 2512/1/2512 1970/1/1970 1885/1/1885 
f 2516/1/2516 2517/1/2517 2518/1/2518 2519/1/2519 
f 1895/1/1895 2518/1/2518 2517/1/2517 1892/1/1892 
f 1900/1/1900 2520/1/2520 2518/1/2518 1895/1/1895 
f 2519/1/2519 2518/1/2518 2520/1/2520 2521/1/2521 
f 1135/1/1135 1133/1/1133 2522/1/2522 2523/1/2523 
f 1939/1/1939 2522/1/2522 1133/1/1133 1134/1/1134 
f 1892/1/1892 2517/1/2517 2522/1/2522 1939/1/1939 
f 2523/1/2523 2522/1/2522 2517/1/2517 2516/1/2516 
f 2524/1/2524 2525/1/2525 2526/1/2526 2527/1/2527 
f 2319/1/2319 2526/1/2526 2525/1/2525 2320/1/2320 
f 2317/1/2317 2528/1/2528 2526/1/2526 2319/1/2319 
f 2527/1/2527 2526/1/2526 2528/1/2528 2529/1/2529 
f 2529/1/2529 2528/1/2528 2530/1/2530 2531/1/2531 
f 2316/1/2316 2530/1/2530 2528/1/2528 2317/1/2317 
f 1444/1/1444 1452/1/1452 2530/1/2530 2316/1/2316 
f 2531/1/2531 2530/1/2530 1452/1/1452 1451/1/1451 
f 2532/1/2532 2533/1/2533 2534/1/2534 2535/1/2535 
f 1963/1/1963 2534/1/2534 2533/1/2533 1906/1/1906 
f 2514/1/2514 2534/1/2534 1963/1/1963 1967/1/1967 
f 2515/1/2515 2535/1/2535 2534/1/2534 2514/1/2514 
f 2521/1/2521 2520/1/2520 2536/1/2536 2537/1/2537 
f 1905/1/1905 2536/1/2536 2520/1/2520 1900/1/1900 
f 1906/1/1906 2533/1/2533 2536/1/2536 1905/1/1905 
f 2537/1/2537 2536/1/2536 2533/1/2533 2532/1/2532 
f 69/1/69 68/1/68 2538/1/2538 2539/1/2539 
f 54/1/54 2538/1/2538 68/1/68 58/1/58 
f 53/1/53 2540/1/2540 2538/1/2538 54/1/54 
f 2539/1/2539 2538/1/2538 2540/1/2540 2541/1/2541 
f 2457/1/2457 2456/1/2456 2542/1/2542 2543/1/2543 
f 2456/1/2456 161/1/161 159/1/159 2542/1/2542 
f 2544/1/2544 2542/1/2542 159/1/159 158/1/158 
f 2543/1/2543 2542/1/2542 2544/1/2544 2545/1/2545 
f 2546/1/2546 2547/1/2547 2548/1/2548 2549/1/2549 
f 2550/1/2550 2551/1/2551 2547/1/2547 2546/1/2546 
f 2552/1/2552 2547/1/2547 2551/1/2551 2545/1/2545 
f 2552/1/2552 2553/1/2553 2548/1/2548 2547/1/2547 
f 2554/1/2554 2555/1/2555 2556/1/2556 2557/1/2557 
f 2543/1/2543 2556/1/2556 2555/1/2555 2457/1/2457 
f 2545/1/2545 2551/1/2551 2556/1/2556 2543/1/2543 
f 2557/1/2557 2556/1/2556 2551/1/2551 2550/1/2550 
f 2550/1/2550 2558/1/2558 2559/1/2559 2557/1/2557 
f 124/1/124 2559/1/2559 2558/1/2558 35/1/35 
f 123/1/123 2560/1/2560 2559/1/2559 124/1/124 
f 2557/1/2557 2559/1/2559 2560/1/2560 2554/1/2554 
f 2553/1/2553 2552/1/2552 2561/1/2561 2562/1/2562 
f 2545/1/2545 2544/1/2544 2561/1/2561 2552/1/2552 
f 158/1/158 1779/1/1779 2561/1/2561 2544/1/2544 
f 1779/1/1779 1778/1/1778 2562/1/2562 2561/1/2561 
f 26/1/26 36/1/36 2563/1/2563 2564/1/2564 
f 2558/1/2558 2563/1/2563 36/1/36 35/1/35 
f 2546/1/2546 2563/1/2563 2558/1/2558 2550/1/2550 
f 2549/1/2549 2564/1/2564 2563/1/2563 2546/1/2546 
f 2565/1/2565 2566/1/2566 2567/1/2567 2568/1/2568 
f 31/1/31 27/1/27 2568/1/2568 2567/1/2567 
f 2564/1/2564 2568/1/2568 27/1/27 26/1/26 
f 2565/1/2565 2568/1/2568 2564/1/2564 2549/1/2549 
f 2569/1/2569 2570/1/2570 2571/1/2571 2572/1/2572 
f 1769/1/1769 2571/1/2571 2570/1/2570 1773/1/1773 
f 1769/1/1769 1768/1/1768 2573/1/2573 2571/1/2571 
f 2572/1/2572 2571/1/2571 2573/1/2573 2574/1/2574 
f 2575/1/2575 2576/1/2576 2577/1/2577 2578/1/2578 
f 2572/1/2572 2577/1/2577 2576/1/2576 2569/1/2569 
f 2574/1/2574 2579/1/2579 2577/1/2577 2572/1/2572 
f 2578/1/2578 2577/1/2577 2579/1/2579 2580/1/2580 
f 2580/1/2580 2581/1/2581 2582/1/2582 2578/1/2578 
f 2539/1/2539 2582/1/2582 2581/1/2581 69/1/69 
f 2541/1/2541 2583/1/2583 2582/1/2582 2539/1/2539 
f 2578/1/2578 2582/1/2582 2583/1/2583 2575/1/2575 
f 2580/1/2580 2579/1/2579 2584/1/2584 2585/1/2585 
f 2586/1/2586 2584/1/2584 2579/1/2579 2574/1/2574 
f 2587/1/2587 2588/1/2588 2584/1/2584 2586/1/2586 
f 2585/1/2585 2584/1/2584 2588/1/2588 2589/1/2589 
f 2589/1/2589 2590/1/2590 2591/1/2591 2585/1/2585 
f 65/1/65 2591/1/2591 2590/1/2590 62/1/62 
f 69/1/69 2581/1/2581 2591/1/2591 65/1/65 
f 2585/1/2585 2591/1/2591 2581/1/2581 2580/1/2580 
f 176/1/176 2592/1/2592 1808/1/1808 177/1/177 
f 176/1/176 175/1/175 2593/1/2593 
f 2587/1/2587 2594/1/2594 2592/1/2592 2593/1/2593 
f 1809/1/1809 1808/1/1808 2592/1/2592 2594/1/2594 
f 2587/1/2587 2593/1/2593 2595/1/2595 2588/1/2588 
f 2593/1/2593 175/1/175 2596/1/2596 2595/1/2595 
f 2595/1/2595 2596/1/2596 2597/1/2597 
f 2588/1/2588 2595/1/2595 2598/1/2598 2589/1/2589 
f 2574/1/2574 2573/1/2573 2599/1/2599 2586/1/2586 
f 1768/1/1768 1810/1/1810 2599/1/2599 2573/1/2573 
f 2594/1/2594 2599/1/2599 1810/1/1810 1809/1/1809 
f 2586/1/2586 2599/1/2599 2594/1/2594 2587/1/2587 
f 2475/1/2475 2474/1/2474 2600/1/2600 2601/1/2601 
f 1915/1/1915 2600/1/2600 2474/1/2474 1916/1/1916 
f 1075/1/1075 2602/1/2602 2600/1/2600 1915/1/1915 
f 2601/1/2601 2600/1/2600 2602/1/2602 2603/1/2603 
f 2465/1/2465 2604/1/2604 2605/1/2605 2462/1/2462 
f 62/1/62 2590/1/2590 2604/1/2604 2465/1/2465 
f 2590/1/2590 2589/1/2589 2598/1/2598 2604/1/2604 
f 2605/1/2605 2604/1/2604 2598/1/2598 2597/1/2597 
f 1078/1/1078 2606/1/2606 2602/1/2602 1075/1/1075 
f 253/1/253 2607/1/2607 2606/1/2606 1078/1/1078 
f 2608/1/2608 2609/1/2609 2606/1/2606 2607/1/2607 
f 2602/1/2602 2606/1/2606 2609/1/2609 2603/1/2603 
f 2603/1/2603 2609/1/2609 2610/1/2610 2611/1/2611 
f 2612/1/2612 2610/1/2610 2609/1/2609 2608/1/2608 
f 2613/1/2613 2614/1/2614 2610/1/2610 2612/1/2612 
f 2611/1/2611 2610/1/2610 2614/1/2614 2615/1/2615 
f 2480/1/2480 2616/1/2616 2617/1/2617 2481/1/2481 
f 1059/1/1059 2616/1/2616 2480/1/2480 1060/1/1060 
f 1055/1/1055 2618/1/2618 2616/1/2616 1059/1/1059 
f 2618/1/2618 2619/1/2619 2617/1/2617 2616/1/2616 
f 223/1/223 1082/1/1082 2620/1/2620 2621/1/2621 
f 2622/1/2622 2620/1/2620 1082/1/1082 1081/1/1081 
f 2615/1/2615 2614/1/2614 2620/1/2620 2622/1/2622 
f 2621/1/2621 2620/1/2620 2614/1/2614 2613/1/2613 
f 2619/1/2619 2618/1/2618 2623/1/2623 2624/1/2624 
f 1054/1/1054 2623/1/2623 2618/1/2618 1055/1/1055 
f 250/1/250 2625/1/2625 2623/1/2623 1054/1/1054 
f 2624/1/2624 2623/1/2623 2625/1/2625 2626/1/2626 
f 2619/1/2619 2624/1/2624 2627/1/2627 2628/1/2628 
f 2629/1/2629 2627/1/2627 2624/1/2624 2626/1/2626 
f 2630/1/2630 2631/1/2631 2627/1/2627 2629/1/2629 
f 2628/1/2628 2627/1/2627 2631/1/2631 2632/1/2632 
f 241/1/241 1064/1/1064 2633/1/2633 2634/1/2634 
f 2635/1/2635 2633/1/2633 1064/1/1064 1068/1/1068 
f 2632/1/2632 2631/1/2631 2633/1/2633 2635/1/2635 
f 2634/1/2634 2633/1/2633 2631/1/2631 2630/1/2630 
f 2608/1/2608 2607/1/2607 2636/1/2636 2637/1/2637 
f 256/1/256 2636/1/2636 2607/1/2607 253/1/253 
f 261/1/261 2638/1/2638 2636/1/2636 256/1/256 
f 2638/1/2638 2639/1/2639 2637/1/2637 2636/1/2636 
f 2640/1/2640 2613/1/2613 2612/1/2612 2641/1/2641 
f 2612/1/2612 2608/1/2608 2637/1/2637 2641/1/2641 
f 2642/1/2642 2641/1/2641 2637/1/2637 2639/1/2639 
f 2643/1/2643 2640/1/2640 2641/1/2641 2642/1/2642 
f 2644/1/2644 2645/1/2645 2640/1/2640 2643/1/2643 
f 2644/1/2644 225/1/225 224/1/224 2645/1/2645 
f 2621/1/2621 2645/1/2645 224/1/224 223/1/223 
f 2613/1/2613 2640/1/2640 2645/1/2645 2621/1/2621 
f 248/1/248 2646/1/2646 2625/1/2625 250/1/250 
f 2647/1/2647 2646/1/2646 248/1/248 249/1/249 
f 2648/1/2648 2649/1/2649 2646/1/2646 2647/1/2647 
f 2625/1/2625 2646/1/2646 2649/1/2649 2626/1/2626 
f 2650/1/2650 2651/1/2651 2652/1/2652 2653/1/2653 
f 2629/1/2629 2652/1/2652 2651/1/2651 2630/1/2630 
f 2626/1/2626 2649/1/2649 2652/1/2652 2629/1/2629 
f 2653/1/2653 2652/1/2652 2649/1/2649 2648/1/2648 
f 1841/1/1841 1945/1/1945 2654/1/2654 2655/1/2655 
f 2466/1/2466 2654/1/2654 1945/1/1945 1944/1/1944 
f 2469/1/2469 2656/1/2656 2654/1/2654 2466/1/2466 
f 2655/1/2655 2654/1/2654 2656/1/2656 2657/1/2657 
f 243/1/243 242/1/242 2658/1/2658 2659/1/2659 
f 2634/1/2634 2658/1/2658 242/1/242 241/1/241 
f 2630/1/2630 2651/1/2651 2658/1/2658 2634/1/2634 
f 2659/1/2659 2658/1/2658 2651/1/2651 2650/1/2650 
f 1124/1/1124 1842/1/1842 2660/1/2660 2661/1/2661 
f 2655/1/2655 2660/1/2660 1842/1/1842 1841/1/1841 
f 2657/1/2657 2662/1/2662 2660/1/2660 2655/1/2655 
f 2662/1/2662 2663/1/2663 2661/1/2661 
f 2664/1/2664 2665/1/2665 2666/1/2666 2667/1/2667 
f 2668/1/2668 2666/1/2666 2665/1/2665 2669/1/2669 
f 2666/1/2666 2668/1/2668 2663/1/2663 
f 2667/1/2667 2666/1/2666 2662/1/2662 2657/1/2657 
f 196/1/196 199/1/199 2670/1/2670 2484/1/2484 
f 193/1/193 2671/1/2671 2670/1/2670 199/1/199 
f 2672/1/2672 2673/1/2673 2670/1/2670 2671/1/2671 
f 2484/1/2484 2670/1/2670 2673/1/2673 2485/1/2485 
f 2674/1/2674 2675/1/2675 2665/1/2665 2664/1/2664 
f 1247/1/1247 2675/1/2675 2674/1/2674 1248/1/1248 
f 1119/1/1119 2676/1/2676 2675/1/2675 1247/1/1247 
f 2675/1/2675 2676/1/2676 2669/1/2669 
f 2554/1/2554 2560/1/2560 2677/1/2677 2678/1/2678 
f 2560/1/2560 123/1/123 2679/1/2679 2677/1/2677 
f 2680/1/2680 2677/1/2677 2679/1/2679 2681/1/2681 
f 2678/1/2678 2677/1/2677 2680/1/2680 2682/1/2682 
f 2672/1/2672 2671/1/2671 2683/1/2683 2684/1/2684 
f 192/1/192 2683/1/2683 2671/1/2671 193/1/193 
f 2683/1/2683 192/1/192 151/1/151 
f 2684/1/2684 2683/1/2683 2463/1/2463 2462/1/2462 
f 2682/1/2682 2685/1/2685 2686/1/2686 2678/1/2678 
f 2685/1/2685 2454/1/2454 2453/1/2453 
f 2457/1/2457 2555/1/2555 2686/1/2686 2453/1/2453 
f 2678/1/2678 2686/1/2686 2555/1/2555 2554/1/2554 
f 115/1/115 120/1/120 2687/1/2687 2688/1/2688 
f 319/1/319 2687/1/2687 120/1/120 119/1/119 
f 320/1/320 2689/1/2689 2687/1/2687 319/1/319 
f 2688/1/2688 2687/1/2687 2689/1/2689 2681/1/2681 
f 2681/1/2681 2689/1/2689 2690/1/2690 2680/1/2680 
f 2691/1/2691 2690/1/2690 2689/1/2689 320/1/320 
f 2692/1/2692 2690/1/2690 2691/1/2691 2693/1/2693 
f 2682/1/2682 2680/1/2680 2690/1/2690 2692/1/2692 
f 111/1/111 116/1/116 2694/1/2694 122/1/122 
f 2688/1/2688 2694/1/2694 116/1/116 115/1/115 
f 2694/1/2694 2688/1/2688 2681/1/2681 
f 122/1/122 2694/1/2694 2679/1/2679 123/1/123 
f 2695/1/2695 2696/1/2696 2697/1/2697 2698/1/2698 
f 2642/1/2642 2697/1/2697 2696/1/2696 2643/1/2643 
f 2639/1/2639 2699/1/2699 2697/1/2697 2642/1/2642 
f 2698/1/2698 2697/1/2697 2699/1/2699 2700/1/2700 
f 2693/1/2693 2701/1/2701 2702/1/2702 2692/1/2692 
f 2459/1/2459 2702/1/2702 2701/1/2701 2460/1/2460 
f 2702/1/2702 2459/1/2459 2454/1/2454 
f 2685/1/2685 2682/1/2682 2692/1/2692 
f 315/1/315 321/1/321 2703/1/2703 2704/1/2704 
f 2644/1/2644 2703/1/2703 321/1/321 225/1/225 
f 2643/1/2643 2696/1/2696 2703/1/2703 2644/1/2644 
f 2704/1/2704 2703/1/2703 2696/1/2696 2695/1/2695 
f 1870/1/1870 1871/1/1871 2705/1/2705 2706/1/2706 
f 2461/1/2461 2705/1/2705 1871/1/1871 280/1/280 
f 2460/1/2460 2707/1/2707 2705/1/2705 2461/1/2461 
f 2706/1/2706 2705/1/2705 2707/1/2707 2700/1/2700 
f 2700/1/2700 2707/1/2707 2708/1/2708 2698/1/2698 
f 2707/1/2707 2460/1/2460 2701/1/2701 
f 2708/1/2708 2701/1/2701 2693/1/2693 
f 2698/1/2698 2708/1/2708 2709/1/2709 2695/1/2695 
f 261/1/261 1866/1/1866 2710/1/2710 2638/1/2638 
f 1866/1/1866 1870/1/1870 2706/1/2706 
f 2700/1/2700 2699/1/2699 2710/1/2710 2706/1/2706 
f 2638/1/2638 2710/1/2710 2699/1/2699 2639/1/2639 
f 320/1/320 316/1/316 2711/1/2711 2691/1/2691 
f 2704/1/2704 2711/1/2711 316/1/316 315/1/315 
f 2695/1/2695 2709/1/2709 2711/1/2711 2704/1/2704 
f 2691/1/2691 2711/1/2711 2709/1/2709 2693/1/2693 
f 287/1/287 2483/1/2483 2712/1/2712 343/1/343 
f 2487/1/2487 2713/1/2713 2712/1/2712 2483/1/2483 
f 2713/1/2713 2714/1/2714 2715/1/2715 2712/1/2712 
f 343/1/343 2712/1/2712 2715/1/2715 293/1/293 
f 2647/1/2647 2716/1/2716 2717/1/2717 2648/1/2648 
f 292/1/292 2716/1/2716 2647/1/2647 249/1/249 
f 293/1/293 2715/1/2715 2716/1/2716 292/1/292 
f 2714/1/2714 2717/1/2717 2716/1/2716 2715/1/2715 
f 2718/1/2718 2719/1/2719 2720/1/2720 2721/1/2721 
f 2722/1/2722 2720/1/2720 2719/1/2719 2723/1/2723 
f 2488/1/2488 2724/1/2724 2720/1/2720 2722/1/2722 
f 2721/1/2721 2720/1/2720 2724/1/2724 2725/1/2725 
f 2726/1/2726 2727/1/2727 2728/1/2728 2729/1/2729 
f 2727/1/2727 1334/1/1334 1337/1/1337 
f 1339/1/1339 2730/1/2730 2728/1/2728 1337/1/1337 
f 2729/1/2729 2728/1/2728 2730/1/2730 2718/1/2718 
f 1355/1/1355 1351/1/1351 2731/1/2731 2732/1/2732 
f 2733/1/2733 2731/1/2731 1351/1/1351 1350/1/1350 
f 2734/1/2734 2735/1/2735 2731/1/2731 2733/1/2733 
f 2732/1/2732 2731/1/2731 2735/1/2735 2725/1/2725 
f 2736/1/2736 2737/1/2737 2735/1/2735 2734/1/2734 
f 2729/1/2729 2737/1/2737 2736/1/2736 2726/1/2726 
f 2718/1/2718 2721/1/2721 2737/1/2737 2729/1/2729 
f 2725/1/2725 2735/1/2735 2737/1/2737 2721/1/2721 
f 1467/1/1467 1466/1/1466 2738/1/2738 2491/1/2491 
f 2732/1/2732 2738/1/2738 1466/1/1466 1355/1/1355 
f 2725/1/2725 2724/1/2724 2738/1/2738 2732/1/2732 
f 2491/1/2491 2738/1/2738 2724/1/2724 2488/1/2488 
f 1472/1/1472 2739/1/2739 2730/1/2730 1339/1/1339 
f 1472/1/1472 1473/1/1473 2740/1/2740 
f 2723/1/2723 2719/1/2719 2739/1/2739 2740/1/2740 
f 2730/1/2730 2739/1/2739 2719/1/2719 2718/1/2718 
f 2741/1/2741 2742/1/2742 1880/1/1880 
f 1453/1/1453 2743/1/2743 2741/1/2741 1889/1/1889 
f 2744/1/2744 2745/1/2745 2741/1/2741 2743/1/2743 
f 2742/1/2742 2741/1/2741 2745/1/2745 2746/1/2746 
f 1885/1/1885 1881/1/1881 2747/1/2747 2513/1/2513 
f 2742/1/2742 2747/1/2747 1881/1/1881 1880/1/1880 
f 2746/1/2746 2748/1/2748 2747/1/2747 2742/1/2742 
f 2513/1/2513 2747/1/2747 2748/1/2748 2510/1/2510 
f 2749/1/2749 2750/1/2750 2751/1/2751 2752/1/2752 
f 2753/1/2753 2751/1/2751 2750/1/2750 2754/1/2754 
f 1383/1/1383 1380/1/1380 2751/1/2751 2753/1/2753 
f 2752/1/2752 2751/1/2751 1380/1/1380 1149/1/1149 
f 1145/1/1145 2755/1/2755 2756/1/2756 1146/1/1146 
f 2757/1/2757 2756/1/2756 2755/1/2755 2758/1/2758 
f 2749/1/2749 2752/1/2752 2756/1/2756 2757/1/2757 
f 1146/1/1146 2756/1/2756 2752/1/2752 1149/1/1149 
f 2759/1/2759 2760/1/2760 2761/1/2761 2762/1/2762 
f 2760/1/2760 2516/1/2516 2519/1/2519 
f 2521/1/2521 2763/1/2763 2761/1/2761 2519/1/2519 
f 2762/1/2762 2761/1/2761 2763/1/2763 2764/1/2764 
f 2764/1/2764 2765/1/2765 2766/1/2766 2767/1/2767 
f 2768/1/2768 2766/1/2766 2765/1/2765 2769/1/2769 
f 2754/1/2754 2750/1/2750 2766/1/2766 2768/1/2768 
f 2767/1/2767 2766/1/2766 2750/1/2750 2749/1/2749 
f 2770/1/2770 2757/1/2757 2758/1/2758 
f 2771/1/2771 2759/1/2759 2762/1/2762 
f 2764/1/2764 2767/1/2767 2770/1/2770 2762/1/2762 
f 2757/1/2757 2770/1/2770 2767/1/2767 2749/1/2749 
f 2772/1/2772 2773/1/2773 2774/1/2774 2775/1/2775 
f 1066/1/1066 2774/1/2774 2773/1/2773 1068/1/1068 
f 1067/1/1067 1824/1/1824 2774/1/2774 1066/1/1066 
f 2775/1/2775 2774/1/2774 1824/1/1824 1705/1/1705 
f 2537/1/2537 2776/1/2776 2763/1/2763 2521/1/2521 
f 2537/1/2537 2532/1/2532 2777/1/2777 2776/1/2776 
f 2769/1/2769 2765/1/2765 2776/1/2776 2777/1/2777 
f 2763/1/2763 2776/1/2776 2765/1/2765 2764/1/2764 
f 2481/1/2481 2617/1/2617 2778/1/2778 2779/1/2779 
f 2628/1/2628 2778/1/2778 2617/1/2617 2619/1/2619 
f 2632/1/2632 2780/1/2780 2778/1/2778 2628/1/2628 
f 2779/1/2779 2778/1/2778 2780/1/2780 2781/1/2781 
f 1705/1/1705 1703/1/1703 2782/1/2782 2775/1/2775 
f 1132/1/1132 2782/1/2782 1703/1/1703 1129/1/1129 
f 2782/1/2782 1132/1/1132 1137/1/1137 
f 2775/1/2775 2782/1/2782 2783/1/2783 2772/1/2772 
f 2772/1/2772 2783/1/2783 2784/1/2784 2785/1/2785 
f 2786/1/2786 2784/1/2784 2783/1/2783 1137/1/1137 
f 2787/1/2787 2788/1/2788 2784/1/2784 2786/1/2786 
f 2785/1/2785 2784/1/2784 2788/1/2788 2781/1/2781 
f 2781/1/2781 2780/1/2780 2789/1/2789 2785/1/2785 
f 2635/1/2635 2789/1/2789 2780/1/2780 2632/1/2632 
f 1068/1/1068 2773/1/2773 2789/1/2789 2635/1/2635 
f 2785/1/2785 2789/1/2789 2773/1/2773 2772/1/2772 
f 2790/1/2790 2791/1/2791 2792/1/2792 2793/1/2793 
f 1084/1/1084 2792/1/2792 2791/1/2791 1081/1/1081 
f 1086/1/1086 1094/1/1094 2792/1/2792 1084/1/1084 
f 2793/1/2793 2792/1/2792 1094/1/1094 1093/1/1093 
f 2477/1/2477 2476/1/2476 2794/1/2794 2795/1/2795 
f 2779/1/2779 2794/1/2794 2476/1/2476 2481/1/2481 
f 2781/1/2781 2788/1/2788 2794/1/2794 2779/1/2779 
f 2788/1/2788 2787/1/2787 2795/1/2795 
f 2475/1/2475 2601/1/2601 2796/1/2796 2797/1/2797 
f 2611/1/2611 2796/1/2796 2601/1/2601 2603/1/2603 
f 2615/1/2615 2798/1/2798 2796/1/2796 2611/1/2611 
f 2797/1/2797 2796/1/2796 2798/1/2798 2799/1/2799 
f 1093/1/1093 1250/1/1250 2800/1/2800 2793/1/2793 
f 2801/1/2801 2800/1/2800 1250/1/1250 1249/1/1249 
f 2802/1/2802 2803/1/2803 2800/1/2800 2801/1/2801 
f 2793/1/2793 2800/1/2800 2803/1/2803 2790/1/2790 
f 2804/1/2804 2805/1/2805 2803/1/2803 2802/1/2802 
f 2806/1/2806 2805/1/2805 2804/1/2804 2807/1/2807 
f 2808/1/2808 2805/1/2805 2806/1/2806 2799/1/2799 
f 2790/1/2790 2803/1/2803 2805/1/2805 2808/1/2808 
f 2799/1/2799 2798/1/2798 2809/1/2809 2808/1/2808 
f 2622/1/2622 2809/1/2809 2798/1/2798 2615/1/2615 
f 1081/1/1081 2791/1/2791 2809/1/2809 2622/1/2622 
f 2808/1/2808 2809/1/2809 2791/1/2791 2790/1/2790 
f 2810/1/2810 2811/1/2811 2812/1/2812 2813/1/2813 
f 2814/1/2814 2815/1/2815 2812/1/2812 2811/1/2811 
f 2816/1/2816 2817/1/2817 2812/1/2812 2815/1/2815 
f 2813/1/2813 2812/1/2812 2817/1/2817 2818/1/2818 
f 2807/1/2807 2819/1/2819 2820/1/2820 2806/1/2806 
f 2819/1/2819 2471/1/2471 2473/1/2473 
f 2475/1/2475 2797/1/2797 2820/1/2820 2473/1/2473 
f 2806/1/2806 2820/1/2820 2797/1/2797 2799/1/2799 
f 1114/1/1114 1342/1/1342 2821/1/2821 2822/1/2822 
f 1343/1/1343 2823/1/2823 2821/1/2821 1342/1/1342 
f 2811/1/2811 2821/1/2821 2823/1/2823 2814/1/2814 
f 2822/1/2822 2821/1/2821 2811/1/2811 2810/1/2810 
f 1127/1/1127 1125/1/1125 2824/1/2824 2825/1/2825 
f 2661/1/2661 2824/1/2824 1125/1/1125 1124/1/1124 
f 2663/1/2663 2826/1/2826 2824/1/2824 2661/1/2661 
f 2825/1/2825 2824/1/2824 2826/1/2826 2818/1/2818 
f 2818/1/2818 2826/1/2826 2827/1/2827 2813/1/2813 
f 2668/1/2668 2827/1/2827 2826/1/2826 2663/1/2663 
f 2669/1/2669 2828/1/2828 2827/1/2827 2668/1/2668 
f 2813/1/2813 2827/1/2827 2828/1/2828 2810/1/2810 
f 2818/1/2818 2817/1/2817 2829/1/2829 2825/1/2825 
f 2830/1/2830 2829/1/2829 2817/1/2817 2816/1/2816 
f 1762/1/1762 1759/1/1759 2829/1/2829 2830/1/2830 
f 2825/1/2825 2829/1/2829 1759/1/1759 1127/1/1127 
f 2758/1/2758 2755/1/2755 2831/1/2831 2832/1/2832 
f 1161/1/1161 2831/1/2831 2755/1/2755 1145/1/1145 
f 1156/1/1156 2833/1/2833 2831/1/2831 1161/1/1161 
f 2832/1/2832 2831/1/2831 2833/1/2833 2834/1/2834 
f 1115/1/1115 2835/1/2835 2676/1/2676 1119/1/1119 
f 2822/1/2822 2835/1/2835 1115/1/1115 1114/1/1114 
f 2810/1/2810 2828/1/2828 2835/1/2835 2822/1/2822 
f 2676/1/2676 2835/1/2835 2828/1/2828 2669/1/2669 
f 1137/1/1137 1136/1/1136 2836/1/2836 2786/1/2786 
f 2837/1/2837 2836/1/2836 1136/1/1136 1135/1/1135 
f 2838/1/2838 2839/1/2839 2836/1/2836 2837/1/2837 
f 2786/1/2786 2836/1/2836 2839/1/2839 2787/1/2787 
f 1155/1/1155 2840/1/2840 2833/1/2833 1156/1/1156 
f 1141/1/1141 2478/1/2478 2840/1/2840 1155/1/1155 
f 2477/1/2477 2841/1/2841 2840/1/2840 2478/1/2478 
f 2841/1/2841 2834/1/2834 2833/1/2833 2840/1/2840 
f 2834/1/2834 2841/1/2841 2842/1/2842 2843/1/2843 
f 2795/1/2795 2842/1/2842 2841/1/2841 2477/1/2477 
f 2787/1/2787 2839/1/2839 2842/1/2842 2795/1/2795 
f 2843/1/2843 2842/1/2842 2839/1/2839 2838/1/2838 
f 2759/1/2759 2771/1/2771 2844/1/2844 2845/1/2845 
f 2832/1/2832 2844/1/2844 2771/1/2771 2758/1/2758 
f 2834/1/2834 2843/1/2843 2844/1/2844 2832/1/2832 
f 2844/1/2844 2843/1/2843 2838/1/2838 
f 2846/1/2846 1269/1/1269 1243/1/1243 
f 2847/1/2847 2846/1/2846 1246/1/1246 1248/1/1248 
f 2848/1/2848 2846/1/2846 2847/1/2847 2849/1/2849 
f 2848/1/2848 1270/1/1270 1269/1/1269 
f 2837/1/2837 2850/1/2850 2845/1/2845 2838/1/2838 
f 1135/1/1135 2523/1/2523 2850/1/2850 2837/1/2837 
f 2850/1/2850 2523/1/2523 2516/1/2516 
f 2845/1/2845 2850/1/2850 2760/1/2760 2759/1/2759 
f 2657/1/2657 2656/1/2656 2851/1/2851 2667/1/2667 
f 2852/1/2852 2851/1/2851 2656/1/2656 2469/1/2469 
f 2853/1/2853 2854/1/2854 2851/1/2851 2852/1/2852 
f 2667/1/2667 2851/1/2851 2854/1/2854 2664/1/2664 
f 2849/1/2849 2855/1/2855 2856/1/2856 2848/1/2848 
f 2855/1/2855 2802/1/2802 2801/1/2801 
f 2856/1/2856 2801/1/2801 1249/1/1249 
f 2848/1/2848 2856/1/2856 1283/1/1283 1270/1/1270 
f 2853/1/2853 2857/1/2857 2858/1/2858 2859/1/2859 
f 2804/1/2804 2858/1/2858 2857/1/2857 2807/1/2807 
f 2858/1/2858 2804/1/2804 2802/1/2802 
f 2859/1/2859 2858/1/2858 2855/1/2855 2849/1/2849 
f 2849/1/2849 2847/1/2847 2860/1/2860 2859/1/2859 
f 2674/1/2674 2860/1/2860 2847/1/2847 1248/1/1248 
f 2664/1/2664 2854/1/2854 2860/1/2860 2674/1/2674 
f 2859/1/2859 2860/1/2860 2854/1/2854 2853/1/2853 
f 2861/1/2861 2726/1/2726 2736/1/2736 2862/1/2862 
f 2734/1/2734 2863/1/2863 2862/1/2862 2736/1/2736 
f 2864/1/2864 2865/1/2865 2862/1/2862 2863/1/2863 
f 2861/1/2861 2862/1/2862 2865/1/2865 2866/1/2866 
f 2469/1/2469 2468/1/2468 2867/1/2867 2852/1/2852 
f 2819/1/2819 2867/1/2867 2468/1/2468 2471/1/2471 
f 2807/1/2807 2857/1/2857 2867/1/2867 2819/1/2819 
f 2852/1/2852 2867/1/2867 2857/1/2857 2853/1/2853 
f 1349/1/1349 2868/1/2868 2869/1/2869 1347/1/1347 
f 1349/1/1349 1334/1/1334 2727/1/2727 2868/1/2868 
f 2861/1/2861 2868/1/2868 2727/1/2727 2726/1/2726 
f 2866/1/2866 2869/1/2869 2868/1/2868 2861/1/2861 
f 2870/1/2870 1364/1/1364 1765/1/1765 2871/1/2871 
f 2830/1/2830 2871/1/2871 1765/1/1765 1762/1/1762 
f 2816/1/2816 2872/1/2872 2871/1/2871 2830/1/2830 
f 2864/1/2864 2870/1/2870 2871/1/2871 2872/1/2872 
f 2816/1/2816 2815/1/2815 2873/1/2873 2872/1/2872 
f 2874/1/2874 2873/1/2873 2815/1/2815 2814/1/2814 
f 2866/1/2866 2865/1/2865 2873/1/2873 2874/1/2874 
f 2872/1/2872 2873/1/2873 2865/1/2865 2864/1/2864 
f 2733/1/2733 2875/1/2875 2863/1/2863 2734/1/2734 
f 1360/1/1360 2875/1/2875 2733/1/2733 1350/1/1350 
f 1364/1/1364 2870/1/2870 2875/1/2875 1360/1/1360 
f 2863/1/2863 2875/1/2875 2870/1/2870 2864/1/2864 
f 2876/1/2876 2877/1/2877 2878/1/2878 2879/1/2879 
f 1365/1/1365 2878/1/2878 2877/1/2877 1366/1/1366 
f 1373/1/1373 1387/1/1387 2878/1/2878 1365/1/1365 
f 2879/1/2879 2878/1/2878 1387/1/1387 1386/1/1386 
f 1386/1/1386 1394/1/1394 2880/1/2880 2879/1/2879 
f 2753/1/2753 2880/1/2880 1394/1/1394 1383/1/1383 
f 2754/1/2754 2881/1/2881 2880/1/2880 2753/1/2753 
f 2879/1/2879 2880/1/2880 2881/1/2881 2876/1/2876 
f 2814/1/2814 2823/1/2823 2882/1/2882 2874/1/2874 
f 1345/1/1345 2882/1/2882 2823/1/2823 1343/1/1343 
f 1347/1/1347 2869/1/2869 2882/1/2882 1345/1/1345 
f 2874/1/2874 2882/1/2882 2869/1/2869 2866/1/2866 
f 2532/1/2532 2535/1/2535 2883/1/2883 2777/1/2777 
f 2884/1/2884 2883/1/2883 2535/1/2535 2515/1/2515 
f 2885/1/2885 2886/1/2886 2883/1/2883 2884/1/2884 
f 2777/1/2777 2883/1/2883 2886/1/2886 2769/1/2769 
f 2885/1/2885 2887/1/2887 2888/1/2888 2889/1/2889 
f 2890/1/2890 2888/1/2888 2887/1/2887 2891/1/2891 
f 1366/1/1366 2877/1/2877 2888/1/2888 2890/1/2890 
f 2889/1/2889 2888/1/2888 2877/1/2877 2876/1/2876 
f 2876/1/2876 2881/1/2881 2892/1/2892 2889/1/2889 
f 2768/1/2768 2892/1/2892 2881/1/2881 2754/1/2754 
f 2769/1/2769 2886/1/2886 2892/1/2892 2768/1/2768 
f 2889/1/2889 2892/1/2892 2886/1/2886 2885/1/2885 
f 2893/1/2893 2894/1/2894 2895/1/2895 2896/1/2896 
f 2897/1/2897 2895/1/2895 2894/1/2894 2898/1/2898 
f 2899/1/2899 2900/1/2900 2895/1/2895 2897/1/2897 
f 2896/1/2896 2895/1/2895 2900/1/2900 2901/1/2901 
f 2515/1/2515 2511/1/2511 2902/1/2902 2884/1/2884 
f 2903/1/2903 2902/1/2902 2511/1/2511 2510/1/2510 
f 2891/1/2891 2887/1/2887 2902/1/2902 2903/1/2903 
f 2884/1/2884 2902/1/2902 2887/1/2887 2885/1/2885 
f 2898/1/2898 2904/1/2904 2905/1/2905 2897/1/2897 
f 2531/1/2531 2905/1/2905 2904/1/2904 2529/1/2529 
f 1451/1/1451 2906/1/2906 2905/1/2905 2531/1/2531 
f 2897/1/2897 2905/1/2905 2906/1/2906 2899/1/2899 
f 2744/1/2744 2743/1/2743 2907/1/2907 2908/1/2908 
f 1456/1/1456 2907/1/2907 2743/1/2743 1453/1/1453 
f 1461/1/1461 2909/1/2909 2907/1/2907 1456/1/1456 
f 2908/1/2908 2907/1/2907 2909/1/2909 2901/1/2901 
f 2329/1/2329 2910/1/2910 2911/1/2911 2328/1/2328 
f 2896/1/2896 2911/1/2911 2910/1/2910 2893/1/2893 
f 2901/1/2901 2909/1/2909 2911/1/2911 2896/1/2896 
f 2328/1/2328 2911/1/2911 2909/1/2909 1461/1/1461 
f 1473/1/1473 1469/1/1469 2912/1/2912 2913/1/2913 
f 1469/1/1469 1468/1/1468 1491/1/1491 
f 1490/1/1490 2914/1/2914 2912/1/2912 1491/1/1491 
f 2913/1/2913 2912/1/2912 2914/1/2914 2915/1/2915 
f 2916/1/2916 2917/1/2917 2918/1/2918 2919/1/2919 
f 2417/1/2417 2918/1/2918 2917/1/2917 2414/1/2414 
f 2419/1/2419 2920/1/2920 2918/1/2918 2417/1/2417 
f 2919/1/2919 2918/1/2918 2920/1/2920 2921/1/2921 
f 2922/1/2922 2723/1/2723 2740/1/2740 2923/1/2923 
f 2740/1/2740 1473/1/1473 2913/1/2913 
f 2915/1/2915 2924/1/2924 2923/1/2923 2913/1/2913 
f 2922/1/2922 2923/1/2923 2924/1/2924 2921/1/2921 
f 2435/1/2435 2925/1/2925 2926/1/2926 2438/1/2438 
f 2927/1/2927 2926/1/2926 2925/1/2925 2928/1/2928 
f 2915/1/2915 2914/1/2914 2926/1/2926 2927/1/2927 
f 2438/1/2438 2926/1/2926 2914/1/2914 1490/1/1490 
f 2928/1/2928 2929/1/2929 2930/1/2930 2927/1/2927 
f 2919/1/2919 2930/1/2930 2929/1/2929 2916/1/2916 
f 2921/1/2921 2924/1/2924 2930/1/2930 2919/1/2919 
f 2927/1/2927 2930/1/2930 2924/1/2924 2915/1/2915 
f 2419/1/2419 2489/1/2489 2931/1/2931 2920/1/2920 
f 2489/1/2489 2488/1/2488 2722/1/2722 
f 2931/1/2931 2722/1/2722 2723/1/2723 
f 2921/1/2921 2920/1/2920 2931/1/2931 2922/1/2922 
f 2932/1/2932 2933/1/2933 2934/1/2934 2935/1/2935 
f 2401/1/2401 2934/1/2934 2933/1/2933 1684/1/1684 
f 2403/1/2403 2936/1/2936 2934/1/2934 2401/1/2401 
f 2935/1/2935 2934/1/2934 2936/1/2936 2937/1/2937 
f 2938/1/2938 2939/1/2939 2940/1/2940 2941/1/2941 
f 2935/1/2935 2940/1/2940 2939/1/2939 2932/1/2932 
f 2940/1/2940 2935/1/2935 2937/1/2937 
f 2941/1/2941 2940/1/2940 2942/1/2942 2943/1/2943 
f 2937/1/2937 2936/1/2936 2944/1/2944 2945/1/2945 
f 2413/1/2413 2944/1/2944 2936/1/2936 2403/1/2403 
f 2410/1/2410 2423/1/2423 2944/1/2944 2413/1/2413 
f 2945/1/2945 2944/1/2944 2423/1/2423 2422/1/2422 
f 2946/1/2946 2947/1/2947 2948/1/2948 2949/1/2949 
f 2950/1/2950 2948/1/2948 2947/1/2947 2951/1/2951 
f 2948/1/2948 2950/1/2950 1555/1/1555 
f 2313/1/2313 2949/1/2949 2948/1/2948 2310/1/2310 
f 2943/1/2943 2952/1/2952 2953/1/2953 2941/1/2941 
f 2952/1/2952 2427/1/2427 2426/1/2426 
f 1656/1/1656 2954/1/2954 2953/1/2953 2426/1/2426 
f 2941/1/2941 2953/1/2953 2954/1/2954 2938/1/2938 
f 2955/1/2955 2956/1/2956 2957/1/2957 2958/1/2958 
f 2959/1/2959 2957/1/2957 2956/1/2956 2960/1/2960 
f 2951/1/2951 2947/1/2947 2957/1/2957 2959/1/2959 
f 2958/1/2958 2957/1/2957 2947/1/2947 2946/1/2946 
f 2949/1/2949 2961/1/2961 2962/1/2962 2946/1/2946 
f 2322/1/2322 2961/1/2961 2949/1/2949 2313/1/2313 
f 2525/1/2525 2961/1/2961 2322/1/2322 2320/1/2320 
f 2962/1/2962 2961/1/2961 2525/1/2525 2524/1/2524 
f 2963/1/2963 2964/1/2964 2965/1/2965 2966/1/2966 
f 1652/1/1652 2965/1/2965 2964/1/2964 1653/1/1653 
f 1560/1/1560 2965/1/2965 1652/1/1652 1561/1/1561 
f 2966/1/2966 2965/1/2965 1560/1/1560 1557/1/1557 
f 1557/1/1557 1556/1/1556 2967/1/2967 2966/1/2966 
f 1556/1/1556 1555/1/1555 2950/1/2950 
f 2967/1/2967 2950/1/2950 2951/1/2951 
f 2968/1/2968 2963/1/2963 2966/1/2966 
f 2969/1/2969 2970/1/2970 2956/1/2956 2955/1/2955 
f 2509/1/2509 2506/1/2506 2970/1/2970 2969/1/2969 
f 2506/1/2506 2505/1/2505 2971/1/2971 
f 2960/1/2960 2956/1/2956 2970/1/2970 2971/1/2971 
f 2972/1/2972 2973/1/2973 2974/1/2974 2975/1/2975 
f 2976/1/2976 2974/1/2974 2973/1/2973 2495/1/2495 
f 2977/1/2977 2978/1/2978 2974/1/2974 2976/1/2976 
f 2975/1/2975 2974/1/2974 2978/1/2978 2979/1/2979 
f 2979/1/2979 2980/1/2980 2981/1/2981 2975/1/2975 
f 1663/1/1663 2981/1/2981 2980/1/2980 1661/1/1661 
f 1655/1/1655 2982/1/2982 2981/1/2981 1663/1/1663 
f 2975/1/2975 2981/1/2981 2982/1/2982 2972/1/2972 
f 1684/1/1684 2933/1/2933 2983/1/2983 1683/1/1683 
f 2933/1/2933 2932/1/2932 2984/1/2984 
f 2977/1/2977 2985/1/2985 2983/1/2983 2984/1/2984 
f 1683/1/1683 2983/1/2983 2985/1/2985 1676/1/1676 
f 2932/1/2932 2939/1/2939 2986/1/2986 2984/1/2984 
f 2987/1/2987 2986/1/2986 2939/1/2939 2938/1/2938 
f 2979/1/2979 2978/1/2978 2986/1/2986 2987/1/2987 
f 2984/1/2984 2986/1/2986 2978/1/2978 2977/1/2977 
f 2985/1/2985 2977/1/2977 2976/1/2976 2988/1/2988 
f 2495/1/2495 2492/1/2492 2988/1/2988 2976/1/2976 
f 1669/1/1669 1673/1/1673 2988/1/2988 2492/1/2492 
f 2985/1/2985 2988/1/2988 1673/1/1673 1676/1/1676 
f 2989/1/2989 2990/1/2990 2991/1/2991 2992/1/2992 
f 2969/1/2969 2990/1/2990 2989/1/2989 2509/1/2509 
f 2955/1/2955 2993/1/2993 2990/1/2990 2969/1/2969 
f 2994/1/2994 2991/1/2991 2990/1/2990 2993/1/2993 
f 2938/1/2938 2954/1/2954 2995/1/2995 2987/1/2987 
f 1659/1/1659 2995/1/2995 2954/1/2954 1656/1/1656 
f 1661/1/1661 2980/1/2980 2995/1/2995 1659/1/1659 
f 2987/1/2987 2995/1/2995 2980/1/2980 2979/1/2979 
f 2958/1/2958 2996/1/2996 2993/1/2993 2955/1/2955 
f 2946/1/2946 2962/1/2962 2996/1/2996 2958/1/2958 
f 2524/1/2524 2997/1/2997 2996/1/2996 2962/1/2962 
f 2993/1/2993 2996/1/2996 2997/1/2997 2994/1/2994 
f 2893/1/2893 2910/1/2910 2998/1/2998 2999/1/2999 
f 2337/1/2337 2998/1/2998 2910/1/2910 2329/1/2329 
f 2341/1/2341 3000/1/3000 2998/1/2998 2337/1/2337 
f 2999/1/2999 2998/1/2998 3000/1/3000 2992/1/2992 
f 2898/1/2898 2894/1/2894 3001/1/3001 3002/1/3002 
f 2999/1/2999 3001/1/3001 2894/1/2894 2893/1/2893 
f 2992/1/2992 2991/1/2991 3001/1/3001 2999/1/2999 
f 3002/1/3002 3001/1/3001 2991/1/2991 2994/1/2994 
f 2335/1/2335 2508/1/2508 3003/1/3003 2344/1/2344 
f 2508/1/2508 2509/1/2509 2989/1/2989 3003/1/3003 
f 2992/1/2992 3000/1/3000 3003/1/3003 2989/1/2989 
f 2344/1/2344 3003/1/3003 3000/1/3000 2341/1/2341 
f 2427/1/2427 2952/1/2952 3004/1/3004 3005/1/3005 
f 3006/1/3006 3004/1/3004 2952/1/2952 2943/1/2943 
f 3007/1/3007 3008/1/3008 3004/1/3004 3006/1/3006 
f 3005/1/3005 3004/1/3004 3008/1/3008 3009/1/3009 
f 2994/1/2994 2997/1/2997 3010/1/3010 3002/1/3002 
f 2527/1/2527 3010/1/3010 2997/1/2997 2524/1/2524 
f 2529/1/2529 2904/1/2904 3010/1/3010 2527/1/2527 
f 3002/1/3002 3010/1/3010 2904/1/2904 2898/1/2898 
f 2943/1/2943 2942/1/2942 3011/1/3011 3006/1/3006 
f 2945/1/2945 3011/1/3011 2942/1/2942 2937/1/2937 
f 2422/1/2422 3012/1/3012 3011/1/3011 2945/1/2945 
f 3006/1/3006 3011/1/3011 3012/1/3012 3007/1/3007 
f 2928/1/2928 2925/1/2925 3013/1/3013 3014/1/3014 
f 2433/1/2433 3013/1/3013 2925/1/2925 2435/1/2435 
f 2434/1/2434 3015/1/3015 3013/1/3013 2433/1/2433 
f 3014/1/3014 3013/1/3013 3015/1/3015 3009/1/3009 
f 2916/1/2916 2929/1/2929 3016/1/3016 3017/1/3017 
f 3014/1/3014 3016/1/3016 2929/1/2929 2928/1/2928 
f 3009/1/3009 3008/1/3008 3016/1/3016 3014/1/3014 
f 3017/1/3017 3016/1/3016 3008/1/3008 3007/1/3007 
f 2434/1/2434 2430/1/2430 3018/1/3018 3015/1/3015 
f 2428/1/2428 3018/1/3018 2430/1/2430 2429/1/2429 
f 3005/1/3005 3018/1/3018 2428/1/2428 2427/1/2427 
f 3009/1/3009 3015/1/3015 3018/1/3018 3005/1/3005 
f 3007/1/3007 3012/1/3012 3019/1/3019 3017/1/3017 
f 2421/1/2421 3019/1/3019 3012/1/3012 2422/1/2422 
f 2414/1/2414 2917/1/2917 3019/1/3019 2421/1/2421 
f 3017/1/3017 3019/1/3019 2917/1/2917 2916/1/2916 
f 3020/1/3020 3021/1/3021 3022/1/3022 3023/1/3023 
f 182/1/182 3022/1/3022 3021/1/3021 174/1/174 
f 183/1/183 3024/1/3024 3022/1/3022 182/1/182 
f 3023/1/3023 3022/1/3022 3024/1/3024 3025/1/3025 
f 3025/1/3025 3026/1/3026 3027/1/3027 3023/1/3023 
f 3026/1/3026 2485/1/2485 2673/1/2673 3027/1/3027 
f 3028/1/3028 3027/1/3027 2673/1/2673 2672/1/2672 
f 3023/1/3023 3027/1/3027 3028/1/3028 3020/1/3020 
f 2597/1/2597 2596/1/2596 3029/1/3029 3030/1/3030 
f 173/1/173 3029/1/3029 2596/1/2596 175/1/175 
f 174/1/174 3021/1/3021 3029/1/3029 173/1/173 
f 3030/1/3030 3029/1/3029 3021/1/3021 3020/1/3020 
f 3028/1/3028 2672/1/2672 2684/1/2684 3031/1/3031 
f 2462/1/2462 2605/1/2605 3031/1/3031 2684/1/2684 
f 2605/1/2605 2597/1/2597 3030/1/3030 
f 3020/1/3020 3028/1/3028 3031/1/3031 3030/1/3030 
f 2485/1/2485 3026/1/3026 3032/1/3032 2486/1/2486 
f 3033/1/3033 3032/1/3032 3026/1/3026 3025/1/3025 
f 3034/1/3034 3035/1/3035 3032/1/3032 3033/1/3033 
f 3035/1/3035 2487/1/2487 2486/1/2486 
f 3036/1/3036 3037/1/3037 3038/1/3038 3039/1/3039 
f 2653/1/2653 3038/1/3038 3037/1/3037 2650/1/2650 
f 2648/1/2648 2717/1/2717 3038/1/3038 2653/1/2653 
f 3039/1/3039 3038/1/3038 2717/1/2717 2714/1/2714 
f 333/1/333 3040/1/3040 3041/1/3041 185/1/185 
f 337/1/337 3042/1/3042 3040/1/3040 333/1/333 
f 3036/1/3036 3043/1/3043 3040/1/3040 3042/1/3042 
f 3041/1/3041 3040/1/3040 3043/1/3043 3034/1/3034 
f 3025/1/3025 3024/1/3024 3044/1/3044 3033/1/3033 
f 186/1/186 3044/1/3044 3024/1/3024 183/1/183 
f 185/1/185 3041/1/3041 3044/1/3044 186/1/186 
f 3033/1/3033 3044/1/3044 3041/1/3041 3034/1/3034 
f 2714/1/2714 2713/1/2713 3045/1/3045 3039/1/3039 
f 3035/1/3035 3045/1/3045 2713/1/2713 2487/1/2487 
f 3045/1/3045 3035/1/3035 3034/1/3034 
f 3039/1/3039 3045/1/3045 3043/1/3043 3036/1/3036 
f 340/1/340 3046/1/3046 3042/1/3042 337/1/337 
f 340/1/340 243/1/243 2659/1/2659 3046/1/3046 
f 2650/1/2650 3037/1/3037 3046/1/3046 2659/1/2659 
f 3042/1/3042 3046/1/3046 3037/1/3037 3036/1/3036 
f 2901/1/2901 2900/1/2900 3047/1/3047 2908/1/2908 
f 3048/1/3048 3047/1/3047 2900/1/2900 2899/1/2899 
f 3049/1/3049 3047/1/3047 3048/1/3048 3050/1/3050 
f 2744/1/2744 2908/1/2908 3047/1/3047 3049/1/3049 
f 2891/1/2891 2903/1/2903 3051/1/3051 3052/1/3052 
f 2510/1/2510 2748/1/2748 3051/1/3051 2903/1/2903 
f 3053/1/3053 3051/1/3051 2748/1/2748 2746/1/2746 
f 3054/1/3054 3052/1/3052 3051/1/3051 3053/1/3053 
f 1446/1/1446 3055/1/3055 3056/1/3056 1447/1/1447 
f 3057/1/3057 3055/1/3055 1446/1/1446 1369/1/1369 
f 3054/1/3054 3058/1/3058 3055/1/3055 3057/1/3057 
f 3056/1/3056 3055/1/3055 3058/1/3058 3050/1/3050 
f 2899/1/2899 2906/1/2906 3059/1/3059 3048/1/3048 
f 2906/1/2906 1451/1/1451 1450/1/1450 
f 3059/1/3059 1450/1/1450 1447/1/1447 
f 3050/1/3050 3048/1/3048 3059/1/3059 3056/1/3056 
f 2746/1/2746 2745/1/2745 3060/1/3060 3053/1/3053 
f 3049/1/3049 3060/1/3060 2745/1/2745 2744/1/2744 
f 3050/1/3050 3058/1/3058 3060/1/3060 3049/1/3049 
f 3053/1/3053 3060/1/3060 3058/1/3058 3054/1/3054 
f 3054/1/3054 3057/1/3057 3061/1/3061 3052/1/3052 
f 3057/1/3057 1369/1/1369 1367/1/1367 3061/1/3061 
f 3061/1/3061 1367/1/1367 1366/1/1366 
f 3052/1/3052 3061/1/3061 2890/1/2890 2891/1/2891 
f 2495/1/2495 2973/1/2973 3062/1/3062 2494/1/2494 
f 3063/1/3063 3062/1/3062 2973/1/2973 2972/1/2972 
f 3064/1/3064 3065/1/3065 3062/1/3062 3063/1/3063 
f 2494/1/2494 3062/1/3062 3065/1/3065 2496/1/2496 
f 2972/1/2972 2982/1/2982 3066/1/3066 3063/1/3063 
f 1654/1/1654 3066/1/3066 2982/1/2982 1655/1/1655 
f 3067/1/3067 3066/1/3066 1654/1/1654 1653/1/1653 
f 3063/1/3063 3066/1/3066 3067/1/3067 3064/1/3064 
f 1653/1/1653 2964/1/2964 3068/1/3068 3067/1/3067 
f 3069/1/3069 3068/1/3068 2964/1/2964 2963/1/2963 
f 3070/1/3070 3071/1/3071 3068/1/3068 3069/1/3069 
f 3067/1/3067 3068/1/3068 3071/1/3071 3064/1/3064 
f 2501/1/2501 2498/1/2498 3072/1/3072 3073/1/3073 
f 3065/1/3065 3072/1/3072 2498/1/2498 2496/1/2496 
f 3064/1/3064 3071/1/3071 3072/1/3072 3065/1/3065 
f 3073/1/3073 3072/1/3072 3071/1/3071 3070/1/3070 
f 2505/1/2505 2504/1/2504 3074/1/3074 2971/1/2971 
f 3073/1/3073 3074/1/3074 2504/1/2504 2501/1/2501 
f 3070/1/3070 3075/1/3075 3074/1/3074 3073/1/3073 
f 2971/1/2971 3074/1/3074 3075/1/3075 2960/1/2960 
f 2963/1/2963 2968/1/2968 3076/1/3076 3069/1/3069 
f 2959/1/2959 3076/1/3076 2968/1/2968 2951/1/2951 
f 2960/1/2960 3075/1/3075 3076/1/3076 2959/1/2959 
f 3069/1/3069 3076/1/3076 3075/1/3075 3070/1/3070 
f 2374/1/2374 2380/1/2380 3077/1/3077 3078/1/3078 
f 2399/1/2399 3077/1/3077 2380/1/2380 2379/1/2379 
f 2388/1/2388 3079/1/3079 3077/1/3077 2399/1/2399 
f 3079/1/3079 3080/1/3080 3078/1/3078 
f 3081/1/3081 3082/1/3082 3083/1/3083 3084/1/3084 
f 3080/1/3080 3079/1/3079 3083/1/3083 3082/1/3082 
f 2387/1/2387 3083/1/3083 3079/1/3079 2388/1/2388 
f 3084/1/3084 3083/1/3083 2387/1/2387 2184/1/2184 
f 3085/1/3085 3086/1/3086 3087/1/3087 3088/1/3088 
f 3084/1/3084 3087/1/3087 3086/1/3086 3081/1/3081 
f 2184/1/2184 2183/1/2183 3087/1/3087 3084/1/3084 
f 3088/1/3088 3087/1/3087 2183/1/2183 2182/1/2182 
f 3089/1/3089 3085/1/3085 3088/1/3088 3090/1/3090 
f 3088/1/3088 2182/1/2182 2185/1/2185 3090/1/3090 
f 2188/1/2188 3091/1/3091 3090/1/3090 2185/1/2185 
f 3089/1/3089 3090/1/3090 3091/1/3091 3092/1/3092 
f 3092/1/3092 3091/1/3091 3093/1/3093 3094/1/3094 
f 2190/1/2190 3093/1/3093 3091/1/3091 2188/1/2188 
f 2192/1/2192 3095/1/3095 3093/1/3093 2190/1/2190 
f 3094/1/3094 3093/1/3093 3095/1/3095 3096/1/3096 
f 3097/1/3097 3098/1/3098 3099/1/3099 3100/1/3100 
f 3095/1/3095 3099/1/3099 3098/1/3098 3096/1/3096 
f 2192/1/2192 2196/1/2196 3099/1/3099 3095/1/3095 
f 3100/1/3100 3099/1/3099 2196/1/2196 2195/1/2195 
f 3100/1/3100 3101/1/3101 3102/1/3102 3097/1/3097 
f 2195/1/2195 2200/1/2200 3101/1/3101 3100/1/3100 
f 2200/1/2200 2199/1/2199 3103/1/3103 3101/1/3101 
f 3102/1/3102 3101/1/3101 3103/1/3103 3104/1/3104 
f 2349/1/2349 2354/1/2354 3105/1/3105 3106/1/3106 
f 2364/1/2364 3105/1/3105 2354/1/2354 2353/1/2353 
f 2366/1/2366 3107/1/3107 3105/1/3105 2364/1/2364 
f 3106/1/3106 3105/1/3105 3107/1/3107 3108/1/3108 
f 3104/1/3104 3103/1/3103 3109/1/3109 3110/1/3110 
f 2350/1/2350 3109/1/3109 3103/1/3103 2199/1/2199 
f 3106/1/3106 3109/1/3109 2350/1/2350 2349/1/2349 
f 3110/1/3110 3109/1/3109 3106/1/3106 3108/1/3108 
f 2374/1/2374 3078/1/3078 3111/1/3111 2372/1/2372 
f 3078/1/3078 3080/1/3080 3112/1/3112 
f 3111/1/3111 3112/1/3112 3108/1/3108 
f 3107/1/3107 2366/1/2366 2372/1/2372 
f 3113/1/3113 3114/1/3114 3115/1/3115 3116/1/3116 
f 3117/1/3117 3118/1/3118 3115/1/3115 3114/1/3114 
f 3118/1/3118 3080/1/3080 3082/1/3082 
f 3116/1/3116 3115/1/3115 3082/1/3082 3081/1/3081 
f 3113/1/3113 3116/1/3116 3119/1/3119 3120/1/3120 
f 3081/1/3081 3086/1/3086 3119/1/3119 3116/1/3116 
f 3085/1/3085 3121/1/3121 3119/1/3119 3086/1/3086 
f 3120/1/3120 3119/1/3119 3121/1/3121 3122/1/3122 
f 3122/1/3122 3121/1/3121 3123/1/3123 3124/1/3124 
f 3089/1/3089 3123/1/3123 3121/1/3121 3085/1/3085 
f 3092/1/3092 3125/1/3125 3123/1/3123 3089/1/3089 
f 3124/1/3124 3123/1/3123 3125/1/3125 3126/1/3126 
f 3126/1/3126 3125/1/3125 3127/1/3127 3128/1/3128 
f 3094/1/3094 3127/1/3127 3125/1/3125 3092/1/3092 
f 3129/1/3129 3127/1/3127 3094/1/3094 3096/1/3096 
f 3129/1/3129 3130/1/3130 3128/1/3128 3127/1/3127 
f 3131/1/3131 3132/1/3132 3133/1/3133 3134/1/3134 
f 3129/1/3129 3133/1/3133 3132/1/3132 3130/1/3130 
f 3096/1/3096 3098/1/3098 3133/1/3133 3129/1/3129 
f 3134/1/3134 3133/1/3133 3098/1/3098 3097/1/3097 
f 3113/1/3113 3120/1/3120 3135/1/3135 3136/1/3136 
f 3120/1/3120 3122/1/3122 3137/1/3137 3135/1/3135 
f 3138/1/3138 3139/1/3139 3135/1/3135 3137/1/3137 
f 3136/1/3136 3135/1/3135 3139/1/3139 3140/1/3140 
f 3138/1/3138 3137/1/3137 3141/1/3141 3142/1/3142 
f 3124/1/3124 3141/1/3141 3137/1/3137 3122/1/3122 
f 3126/1/3126 3143/1/3143 3141/1/3141 3124/1/3124 
f 3144/1/3144 3142/1/3142 3141/1/3141 3143/1/3143 
f 3145/1/3145 3146/1/3146 3147/1/3147 3148/1/3148 
f 3134/1/3134 3147/1/3147 3146/1/3146 3131/1/3131 
f 3097/1/3097 3102/1/3102 3147/1/3147 3134/1/3134 
f 3148/1/3148 3147/1/3147 3102/1/3102 3104/1/3104 
f 3144/1/3144 3143/1/3143 3149/1/3149 3150/1/3150 
f 3128/1/3128 3149/1/3149 3143/1/3143 3126/1/3126 
f 3130/1/3130 3151/1/3151 3149/1/3149 3128/1/3128 
f 3152/1/3152 3150/1/3150 3149/1/3149 3151/1/3151 
f 3140/1/3140 3139/1/3139 3153/1/3153 3154/1/3154 
f 3142/1/3142 3153/1/3153 3139/1/3139 3138/1/3138 
f 3144/1/3144 3150/1/3150 3153/1/3153 3142/1/3142 
f 3154/1/3154 3153/1/3153 3150/1/3150 3152/1/3152 
f 3155/1/3155 3156/1/3156 3157/1/3157 3158/1/3158 
f 3154/1/3154 3157/1/3157 3156/1/3156 3140/1/3140 
f 3152/1/3152 3159/1/3159 3157/1/3157 3154/1/3154 
f 3158/1/3158 3157/1/3157 3159/1/3159 3160/1/3160 
f 3130/1/3130 3132/1/3132 3161/1/3161 3151/1/3151 
f 3162/1/3162 3161/1/3161 3132/1/3132 3131/1/3131 
f 3160/1/3160 3159/1/3159 3161/1/3161 3162/1/3162 
f 3151/1/3151 3161/1/3161 3159/1/3159 3152/1/3152 
f 3163/1/3163 3164/1/3164 3165/1/3165 3166/1/3166 
f 3112/1/3112 3165/1/3165 3164/1/3164 3108/1/3108 
f 3165/1/3165 3112/1/3112 3080/1/3080 
f 3118/1/3118 3117/1/3117 3166/1/3166 
f 3114/1/3114 3167/1/3167 3168/1/3168 3117/1/3117 
f 3136/1/3136 3167/1/3167 3114/1/3114 3113/1/3113 
f 3140/1/3140 3156/1/3156 3167/1/3167 3136/1/3136 
f 3168/1/3168 3167/1/3167 3156/1/3156 3155/1/3155 
f 3164/1/3164 3163/1/3163 3169/1/3169 
f 3169/1/3169 3145/1/3145 3148/1/3148 
f 3148/1/3148 3104/1/3104 3110/1/3110 
f 3110/1/3110 3108/1/3108 3164/1/3164 
f 3170/1/3170 3171/1/3171 3172/1/3172 3173/1/3173 
f 3169/1/3169 3172/1/3172 3171/1/3171 3145/1/3145 
f 3163/1/3163 3174/1/3174 3172/1/3172 3169/1/3169 
f 3173/1/3173 3172/1/3172 3174/1/3174 3155/1/3155 
f 3168/1/3168 3155/1/3155 3174/1/3174 
f 3166/1/3166 3175/1/3175 3174/1/3174 3163/1/3163 
f 3117/1/3117 3168/1/3168 3175/1/3175 3166/1/3166 
f 3160/1/3160 3176/1/3176 3177/1/3177 3158/1/3158 
f 3173/1/3173 3177/1/3177 3176/1/3176 3170/1/3170 
f 3158/1/3158 3177/1/3177 3173/1/3173 3155/1/3155 
f 3131/1/3131 3146/1/3146 3178/1/3178 3162/1/3162 
f 3171/1/3171 3178/1/3178 3146/1/3146 3145/1/3145 
f 3170/1/3170 3176/1/3176 3178/1/3178 3171/1/3171 
f 3162/1/3162 3178/1/3178 3176/1/3176 3160/1/3160 
f 3179/1/3179 3180/1/3180 3181/1/3181 3182/1/3182 
f 3183/1/3183 3180/1/3180 3179/1/3179 3184/1/3184 
f 1/1/1 22/1/22 3180/1/3180 3183/1/3183 
f 3180/1/3180 22/1/22 25/1/25 
f 3182/1/3182 3181/1/3181 3185/1/3185 3186/1/3186 
f 42/1/42 3185/1/3185 3181/1/3181 25/1/25 
f 34/1/34 33/1/33 3185/1/3185 42/1/42 
f 3186/1/3186 3185/1/3185 33/1/33 32/1/32 
f 3187/1/3187 3188/1/3188 3189/1/3189 3190/1/3190 
f 30/1/30 3189/1/3189 3188/1/3188 32/1/32 
f 31/1/31 3191/1/3191 3189/1/3189 30/1/30 
f 3190/1/3190 3189/1/3189 3191/1/3191 3192/1/3192 
f 1778/1/1778 1777/1/1777 3193/1/3193 3194/1/3194 
f 3195/1/3195 3193/1/3193 1777/1/1777 1782/1/1782 
f 3196/1/3196 3197/1/3197 3193/1/3193 3195/1/3195 
f 3198/1/3198 3194/1/3194 3193/1/3193 3197/1/3197 
f 3195/1/3195 3199/1/3199 3200/1/3200 3196/1/3196 
f 1782/1/1782 2258/1/2258 3199/1/3199 3195/1/3195 
f 3201/1/3201 3199/1/3199 2258/1/2258 2256/1/2256 
f 3202/1/3202 3200/1/3200 3199/1/3199 3201/1/3201 
f 3203/1/3203 3204/1/3204 3205/1/3205 3206/1/3206 
f 3197/1/3197 3205/1/3205 3204/1/3204 3198/1/3198 
f 3196/1/3196 3207/1/3207 3205/1/3205 3197/1/3197 
f 3206/1/3206 3205/1/3205 3207/1/3207 3208/1/3208 
f 2256/1/2256 2255/1/2255 3209/1/3209 3201/1/3201 
f 1788/1/1788 1784/1/1784 3209/1/3209 2255/1/2255 
f 1783/1/1783 3210/1/3210 3209/1/3209 1784/1/1784 
f 3201/1/3201 3209/1/3209 3210/1/3210 3202/1/3202 
f 3211/1/3211 3212/1/3212 3213/1/3213 3214/1/3214 
f 1786/1/1786 3212/1/3212 3211/1/3211 1783/1/1783 
f 44/1/44 3215/1/3215 3212/1/3212 1786/1/1786 
f 3213/1/3213 3212/1/3212 3215/1/3215 3216/1/3216 
f 3216/1/3216 3215/1/3215 3217/1/3217 3218/1/3218 
f 47/1/47 3217/1/3217 3215/1/3215 44/1/44 
f 52/1/52 3219/1/3219 3217/1/3217 47/1/47 
f 3219/1/3219 3220/1/3220 3218/1/3218 
f 3220/1/3220 3219/1/3219 3221/1/3221 3222/1/3222 
f 2243/1/2243 3221/1/3221 3219/1/3219 52/1/52 
f 2246/1/2246 3223/1/3223 3221/1/3221 2243/1/2243 
f 3222/1/3222 3221/1/3221 3223/1/3223 3224/1/3224 
f 3224/1/3224 3223/1/3223 3225/1/3225 3226/1/3226 
f 2251/1/2251 3225/1/3225 3223/1/3223 2246/1/2246 
f 2252/1/2252 3227/1/3227 3225/1/3225 2251/1/2251 
f 3226/1/3226 3225/1/3225 3227/1/3227 3228/1/3228 
f 2252/1/2252 2249/1/2249 3229/1/3229 3230/1/3230 
f 1772/1/1772 3229/1/3229 2249/1/2249 1774/1/1774 
f 1773/1/1773 3231/1/3231 3229/1/3229 1772/1/1772 
f 3232/1/3232 3230/1/3230 3229/1/3229 3231/1/3231 
f 3233/1/3233 3234/1/3234 3235/1/3235 3236/1/3236 
f 3228/1/3228 3227/1/3227 3235/1/3235 3234/1/3234 
f 3230/1/3230 3235/1/3235 3227/1/3227 2252/1/2252 
f 3236/1/3236 3235/1/3235 3230/1/3230 3232/1/3232 
f 3231/1/3231 3237/1/3237 3238/1/3238 3232/1/3232 
f 1773/1/1773 2570/1/2570 3237/1/3237 3231/1/3231 
f 3239/1/3239 3237/1/3237 2570/1/2570 2569/1/2569 
f 3240/1/3240 3238/1/3238 3237/1/3237 3239/1/3239 
f 3241/1/3241 3242/1/3242 3243/1/3243 3244/1/3244 
f 3236/1/3236 3243/1/3243 3242/1/3242 3233/1/3233 
f 3232/1/3232 3238/1/3238 3243/1/3243 3236/1/3236 
f 3244/1/3244 3243/1/3243 3238/1/3238 3240/1/3240 
f 3245/1/3245 3246/1/3246 3247/1/3247 3248/1/3248 
f 53/1/53 56/1/56 3246/1/3246 3245/1/3245 
f 61/1/61 3249/1/3249 3246/1/3246 56/1/56 
f 3247/1/3247 3246/1/3246 3249/1/3249 3250/1/3250 
f 3251/1/3251 3252/1/3252 3253/1/3253 3254/1/3254 
f 3255/1/3255 3253/1/3253 3252/1/3252 3256/1/3256 
f 3248/1/3248 3247/1/3247 3253/1/3253 3255/1/3255 
f 3254/1/3254 3253/1/3253 3247/1/3247 3250/1/3250 
f 3250/1/3250 3249/1/3249 3257/1/3257 3258/1/3258 
f 78/1/78 3257/1/3257 3249/1/3249 61/1/61 
f 79/1/79 3259/1/3259 3257/1/3257 78/1/78 
f 3258/1/3258 3257/1/3257 3259/1/3259 3260/1/3260 
f 3261/1/3261 3262/1/3262 3263/1/3263 3264/1/3264 
f 3254/1/3254 3263/1/3263 3262/1/3262 3251/1/3251 
f 3250/1/3250 3258/1/3258 3263/1/3263 3254/1/3254 
f 3258/1/3258 3260/1/3260 3264/1/3264 
f 3265/1/3265 3266/1/3266 3267/1/3267 3268/1/3268 
f 3266/1/3266 694/1/694 699/1/699 
f 700/1/700 2447/1/2447 3267/1/3267 699/1/699 
f 2451/1/2451 3268/1/3268 3267/1/3267 2447/1/2447 
f 3265/1/3265 3269/1/3269 3270/1/3270 3266/1/3266 
f 3269/1/3269 3260/1/3260 3259/1/3259 3270/1/3270 
f 693/1/693 3270/1/3270 3259/1/3259 79/1/79 
f 694/1/694 3266/1/3266 3270/1/3270 693/1/693 
f 3271/1/3271 3272/1/3272 3273/1/3273 3274/1/3274 
f 3264/1/3264 3273/1/3273 3272/1/3272 3261/1/3261 
f 3273/1/3273 3264/1/3264 3260/1/3260 
f 3274/1/3274 3273/1/3273 3269/1/3269 3265/1/3265 
f 3274/1/3274 3275/1/3275 3276/1/3276 3271/1/3271 
f 3265/1/3265 3268/1/3268 3275/1/3275 3274/1/3274 
f 3277/1/3277 3275/1/3275 3268/1/3268 2451/1/2451 
f 3277/1/3277 3278/1/3278 3276/1/3276 3275/1/3275 
f 3279/1/3279 3280/1/3280 3281/1/3281 3282/1/3282 
f 2565/1/2565 3282/1/3282 3281/1/3281 2566/1/2566 
f 2549/1/2549 2548/1/2548 3282/1/3282 2565/1/2565 
f 3279/1/3279 3282/1/3282 2548/1/2548 2553/1/2553 
f 3192/1/3192 3191/1/3191 3283/1/3283 3284/1/3284 
f 2567/1/2567 3283/1/3283 3191/1/3191 31/1/31 
f 2566/1/2566 3285/1/3285 3283/1/3283 2567/1/2567 
f 3284/1/3284 3283/1/3283 3285/1/3285 3286/1/3286 
f 3279/1/3279 2553/1/2553 2562/1/2562 3287/1/3287 
f 3194/1/3194 3287/1/3287 2562/1/2562 1778/1/1778 
f 3194/1/3194 3198/1/3198 3288/1/3288 3287/1/3287 
f 3280/1/3280 3279/1/3279 3287/1/3287 3288/1/3288 
f 3288/1/3288 3289/1/3289 3290/1/3290 3280/1/3280 
f 3198/1/3198 3204/1/3204 3289/1/3289 3288/1/3288 
f 3291/1/3291 3289/1/3289 3204/1/3204 3203/1/3203 
f 3292/1/3292 3290/1/3290 3289/1/3289 3291/1/3291 
f 3293/1/3293 3294/1/3294 3290/1/3290 3292/1/3292 
f 3286/1/3286 3285/1/3285 3294/1/3294 3293/1/3293 
f 3281/1/3281 3294/1/3294 3285/1/3285 2566/1/2566 
f 3280/1/3280 3290/1/3290 3294/1/3294 3281/1/3281 
f 3295/1/3295 3296/1/3296 3297/1/3297 3298/1/3298 
f 3239/1/3239 3297/1/3297 3296/1/3296 3240/1/3240 
f 2569/1/2569 2576/1/2576 3297/1/3297 3239/1/3239 
f 3298/1/3298 3297/1/3297 2576/1/2576 2575/1/2575 
f 3299/1/3299 3300/1/3300 3301/1/3301 3302/1/3302 
f 3244/1/3244 3301/1/3301 3300/1/3300 3241/1/3241 
f 3240/1/3240 3296/1/3296 3301/1/3301 3244/1/3244 
f 3302/1/3302 3301/1/3301 3296/1/3296 3295/1/3295 
f 3303/1/3303 3304/1/3304 3305/1/3305 3306/1/3306 
f 3298/1/3298 3305/1/3305 3304/1/3304 3295/1/3295 
f 2575/1/2575 2583/1/2583 3305/1/3305 3298/1/3298 
f 3306/1/3306 3305/1/3305 2583/1/2583 2541/1/2541 
f 3307/1/3307 3308/1/3308 3309/1/3309 3310/1/3310 
f 3302/1/3302 3309/1/3309 3308/1/3308 3299/1/3299 
f 3295/1/3295 3304/1/3304 3309/1/3309 3302/1/3302 
f 3310/1/3310 3309/1/3309 3304/1/3304 3303/1/3303 
f 2541/1/2541 2540/1/2540 3311/1/3311 3306/1/3306 
f 3245/1/3245 3311/1/3311 2540/1/2540 53/1/53 
f 3248/1/3248 3312/1/3312 3311/1/3311 3245/1/3245 
f 3306/1/3306 3311/1/3311 3312/1/3312 3303/1/3303 
f 3303/1/3303 3312/1/3312 3313/1/3313 3310/1/3310 
f 3255/1/3255 3313/1/3313 3312/1/3312 3248/1/3248 
f 3256/1/3256 3314/1/3314 3313/1/3313 3255/1/3255 
f 3310/1/3310 3313/1/3313 3314/1/3314 3307/1/3307 
f 3186/1/3186 3315/1/3315 3316/1/3316 3182/1/3182 
f 32/1/32 3188/1/3188 3315/1/3315 3186/1/3186 
f 3317/1/3317 3315/1/3315 3188/1/3188 3187/1/3187 
f 3318/1/3318 3316/1/3316 3315/1/3315 3317/1/3317 
f 3319/1/3319 3320/1/3320 3321/1/3321 3322/1/3322 
f 3321/1/3321 3320/1/3320 2442/1/2442 
f 3323/1/3323 3321/1/3321 2445/1/2445 6/1/6 
f 3322/1/3322 3321/1/3321 3323/1/3323 3324/1/3324 
f 3325/1/3325 3326/1/3326 3327/1/3327 
f 3328/1/3328 3327/1/3327 3184/1/3184 
f 3182/1/3182 3316/1/3316 3328/1/3328 3179/1/3179 
f 3325/1/3325 3328/1/3328 3316/1/3316 3318/1/3318 
f 6/1/6 2/1/2 3329/1/3329 3323/1/3323 
f 2/1/2 1/1/1 3183/1/3183 
f 3329/1/3329 3183/1/3183 3184/1/3184 
f 3324/1/3324 3323/1/3323 3329/1/3329 3330/1/3330 
f 3331/1/3331 3332/1/3332 3333/1/3333 3334/1/3334 
f 3322/1/3322 3333/1/3333 3332/1/3332 3319/1/3319 
f 3324/1/3324 3335/1/3335 3333/1/3333 3322/1/3322 
f 3334/1/3334 3333/1/3333 3335/1/3335 3336/1/3336 
f 3330/1/3330 3337/1/3337 3335/1/3335 3324/1/3324 
f 3184/1/3184 3327/1/3327 3337/1/3337 3330/1/3330 
f 3338/1/3338 3337/1/3337 3327/1/3327 3326/1/3326 
f 3336/1/3336 3335/1/3335 3337/1/3337 3338/1/3338 
f 3202/1/3202 3210/1/3210 3339/1/3339 3340/1/3340 
f 3211/1/3211 3339/1/3339 3210/1/3210 1783/1/1783 
f 3214/1/3214 3341/1/3341 3339/1/3339 3211/1/3211 
f 3340/1/3340 3339/1/3339 3341/1/3341 3342/1/3342 
f 3342/1/3342 3343/1/3343 3344/1/3344 3340/1/3340 
f 3208/1/3208 3207/1/3207 3344/1/3344 3343/1/3343 
f 3196/1/3196 3200/1/3200 3344/1/3344 3207/1/3207 
f 3340/1/3340 3344/1/3344 3200/1/3200 3202/1/3202 
f 3277/1/3277 3345/1/3345 3346/1/3346 3278/1/3278 
f 2451/1/2451 2450/1/2450 3345/1/3345 3277/1/3277 
f 2449/1/2449 3347/1/3347 3345/1/3345 2450/1/2450 
f 3346/1/3346 3345/1/3345 3347/1/3347 3348/1/3348 
f 3349/1/3349 3350/1/3350 3351/1/3351 
f 3319/1/3319 3332/1/3332 3352/1/3352 3351/1/3351 
f 3353/1/3353 3352/1/3352 3332/1/3332 3331/1/3331 
f 3354/1/3354 3349/1/3349 3352/1/3352 3353/1/3353 
f 2449/1/2449 2448/1/2448 3355/1/3355 3356/1/3356 
f 2448/1/2448 2442/1/2442 3320/1/3320 
f 3355/1/3355 3320/1/3320 3319/1/3319 
f 3356/1/3356 3355/1/3355 3351/1/3351 3350/1/3350 
f 3349/1/3349 3357/1/3357 3358/1/3358 3350/1/3350 
f 3359/1/3359 3357/1/3357 3349/1/3349 3354/1/3354 
f 3360/1/3360 3358/1/3358 3357/1/3357 3359/1/3359 
f 3348/1/3348 3347/1/3347 3361/1/3361 3362/1/3362 
f 3356/1/3356 3361/1/3361 3347/1/3347 2449/1/2449 
f 3350/1/3350 3358/1/3358 3361/1/3361 3356/1/3356 
f 3362/1/3362 3361/1/3361 3358/1/3358 3360/1/3360 
f 21/1/21 19/1/19 18/1/18 
f 50/1/50 51/1/51 46/1/46 
f 98/1/98 97/1/97 99/1/99 
f 100/1/100 99/1/99 105/1/105 
f 110/1/110 109/1/109 19/1/19 
f 94/1/94 96/1/96 117/1/117 
f 118/1/118 117/1/117 96/1/96 
f 136/1/136 139/1/139 134/1/134 
f 142/1/142 144/1/144 140/1/140 
f 151/1/151 152/1/152 148/1/148 
f 149/1/149 148/1/148 152/1/152 
f 228/1/228 229/1/229 226/1/226 
f 231/1/231 226/1/226 229/1/229 
f 226/1/226 232/1/232 234/1/234 
f 197/1/197 284/1/284 283/1/283 
f 196/1/196 286/1/286 284/1/284 
f 311/1/311 312/1/312 309/1/309 
f 232/1/232 330/1/330 331/1/331 
f 282/1/282 285/1/285 341/1/341 
f 363/1/363 386/1/386 384/1/384 
f 388/1/388 391/1/391 389/1/389 
f 403/1/403 402/1/402 401/1/401 
f 400/1/400 423/1/423 426/1/426 
f 439/1/439 441/1/441 437/1/437 
f 447/1/447 449/1/449 450/1/450 
f 465/1/465 466/1/466 463/1/463 
f 468/1/468 440/1/440 442/1/442 
f 497/1/497 498/1/498 494/1/494 
f 510/1/510 508/1/508 507/1/507 
f 503/1/503 511/1/511 508/1/508 
f 509/1/509 508/1/508 511/1/511 
f 504/1/504 526/1/526 525/1/525 
f 499/1/499 498/1/498 526/1/526 
f 525/1/525 526/1/526 498/1/498 
f 533/1/533 535/1/535 531/1/531 
f 532/1/532 531/1/531 537/1/537 
f 538/1/538 537/1/537 539/1/539 
f 540/1/540 539/1/539 466/1/466 
f 469/1/469 541/1/541 540/1/540 
f 542/1/542 541/1/541 543/1/543 
f 501/1/501 545/1/545 441/1/441 
f 544/1/544 546/1/546 547/1/547 
f 561/1/561 562/1/562 559/1/559 
f 563/1/563 565/1/565 559/1/559 
f 574/1/574 571/1/571 570/1/570 
f 575/1/575 576/1/576 571/1/571 
f 582/1/582 579/1/579 578/1/578 
f 592/1/592 591/1/591 532/1/532 
f 597/1/597 598/1/598 595/1/595 
f 597/1/597 596/1/596 603/1/603 
f 564/1/564 565/1/565 605/1/605 
f 606/1/606 605/1/605 565/1/565 
f 608/1/608 605/1/605 606/1/606 
f 627/1/627 625/1/625 624/1/624 
f 616/1/616 615/1/615 631/1/631 
f 588/1/588 624/1/624 631/1/631 
f 632/1/632 640/1/640 621/1/621 
f 637/1/637 643/1/643 644/1/644 
f 620/1/620 644/1/644 643/1/643 
f 638/1/638 641/1/641 646/1/646 
f 626/1/626 646/1/646 641/1/641 
f 630/1/630 634/1/634 646/1/646 
f 645/1/645 646/1/646 634/1/634 
f 671/1/671 669/1/669 200/1/200 
f 672/1/672 670/1/670 669/1/669 
f 282/1/282 342/1/342 679/1/679 
f 677/1/677 682/1/682 681/1/681 
f 671/1/671 681/1/681 682/1/682 
f 201/1/201 283/1/283 681/1/681 
f 678/1/678 681/1/681 283/1/283 
f 690/1/690 704/1/704 705/1/705 
f 769/1/769 775/1/775 774/1/774 
f 493/1/493 814/1/814 496/1/496 
f 490/1/490 816/1/816 814/1/814 
f 490/1/490 489/1/489 823/1/823 
f 828/1/828 829/1/829 826/1/826 
f 830/1/830 826/1/826 829/1/829 
f 831/1/831 832/1/832 826/1/826 
f 827/1/827 826/1/826 832/1/832 
f 835/1/835 834/1/834 838/1/838 
f 872/1/872 873/1/873 870/1/870 
f 869/1/869 874/1/874 870/1/870 
f 798/1/798 896/1/896 895/1/895 
f 900/1/900 904/1/904 903/1/903 
f 898/1/898 897/1/897 903/1/903 
f 879/1/879 881/1/881 906/1/906 
f 907/1/907 906/1/906 908/1/908 
f 875/1/875 874/1/874 910/1/910 
f 877/1/877 910/1/910 874/1/874 
f 911/1/911 910/1/910 907/1/907 
f 913/1/913 912/1/912 911/1/911 
f 916/1/916 919/1/919 914/1/914 
f 918/1/918 919/1/919 916/1/916 
f 909/1/909 914/1/914 919/1/919 
f 923/1/923 924/1/924 920/1/920 
f 908/1/908 929/1/929 922/1/922 
f 943/1/943 951/1/951 950/1/950 
f 436/1/436 953/1/953 952/1/952 
f 948/1/948 951/1/951 952/1/952 
f 954/1/954 953/1/953 436/1/436 
f 375/1/375 956/1/956 959/1/959 
f 975/1/975 974/1/974 916/1/916 
f 984/1/984 985/1/985 983/1/983 
f 915/1/915 921/1/921 985/1/985 
f 980/1/980 990/1/990 570/1/570 
f 561/1/561 568/1/568 991/1/991 
f 981/1/981 991/1/991 989/1/989 
f 1007/1/1007 1006/1/1006 1008/1/1008 
f 1009/1/1009 1011/1/1011 1010/1/1010 
f 965/1/965 1010/1/1010 1011/1/1011 
f 964/1/964 978/1/978 1010/1/1010 
f 1007/1/1007 1010/1/1010 978/1/978 
f 1014/1/1014 1012/1/1012 1008/1/1008 
f 230/1/230 229/1/229 1069/1/1069 
f 1071/1/1071 1069/1/1069 229/1/229 
f 1070/1/1070 1069/1/1069 1073/1/1073 
f 1100/1/1100 1099/1/1099 1101/1/1101 
f 1110/1/1110 1107/1/1107 1106/1/1106 
f 1111/1/1111 1112/1/1112 1107/1/1107 
f 1108/1/1108 1107/1/1107 1112/1/1112 
f 1141/1/1141 1142/1/1142 1138/1/1138 
f 1146/1/1146 1148/1/1148 1144/1/1144 
f 1150/1/1150 1151/1/1151 1148/1/1148 
f 1143/1/1143 1142/1/1142 1153/1/1153 
f 1156/1/1156 1158/1/1158 1153/1/1153 
f 1157/1/1157 1158/1/1158 1159/1/1159 
f 1161/1/1161 1159/1/1159 1158/1/1158 
f 1152/1/1152 1160/1/1160 1159/1/1159 
f 1164/1/1164 1167/1/1167 1166/1/1166 
f 1165/1/1165 1166/1/1166 1170/1/1170 
f 1154/1/1154 1170/1/1170 1166/1/1166 
f 1171/1/1171 1170/1/1170 1154/1/1154 
f 1157/1/1157 1160/1/1160 1172/1/1172 
f 1173/1/1173 1172/1/1172 1160/1/1160 
f 1171/1/1171 1172/1/1172 1175/1/1175 
f 602/1/602 1182/1/1182 590/1/590 
f 1198/1/1198 1197/1/1197 1196/1/1196 
f 1198/1/1198 1199/1/1199 635/1/635 
f 1184/1/1184 1199/1/1199 1198/1/1198 
f 1168/1/1168 1175/1/1175 1200/1/1200 
f 1213/1/1213 1211/1/1211 1206/1/1206 
f 1254/1/1254 1253/1/1253 1255/1/1255 
f 1257/1/1257 1244/1/1244 1243/1/1243 
f 1258/1/1258 1257/1/1257 1259/1/1259 
f 1263/1/1263 1264/1/1264 1261/1/1261 
f 1258/1/1258 1261/1/1261 1264/1/1264 
f 1260/1/1260 1265/1/1265 1261/1/1261 
f 1274/1/1274 1276/1/1276 1272/1/1272 
f 1256/1/1256 1274/1/1274 1273/1/1273 
f 1275/1/1275 1274/1/1274 1256/1/1256 
f 1276/1/1276 1274/1/1274 1275/1/1275 
f 862/1/862 1277/1/1277 1101/1/1101 
f 1275/1/1275 1277/1/1277 1278/1/1278 
f 1270/1/1270 1283/1/1283 1282/1/1282 
f 1252/1/1252 1282/1/1282 1283/1/1283 
f 1263/1/1263 1280/1/1280 1290/1/1290 
f 1291/1/1291 1294/1/1294 1264/1/1264 
f 1297/1/1297 1296/1/1296 1293/1/1293 
f 1315/1/1315 1313/1/1313 1312/1/1312 
f 1309/1/1309 1320/1/1320 1318/1/1318 
f 1315/1/1315 1330/1/1330 1328/1/1328 
f 1314/1/1314 1332/1/1332 1330/1/1330 
f 1350/1/1350 1353/1/1353 1359/1/1359 
f 1365/1/1365 1368/1/1368 1372/1/1372 
f 1375/1/1375 1388/1/1388 1387/1/1387 
f 1389/1/1389 1388/1/1388 1390/1/1390 
f 1152/1/1152 1151/1/1151 1406/1/1406 
f 1150/1/1150 1385/1/1385 1408/1/1408 
f 1174/1/1174 1405/1/1405 1413/1/1413 
f 1415/1/1415 1416/1/1416 1413/1/1413 
f 1419/1/1419 1420/1/1420 1417/1/1417 
f 593/1/593 1422/1/1422 1421/1/1421 
f 1424/1/1424 1422/1/1422 593/1/593 
f 1415/1/1415 1423/1/1423 1422/1/1422 
f 1425/1/1425 1426/1/1426 1420/1/1420 
f 1403/1/1403 1423/1/1423 1426/1/1426 
f 594/1/594 1183/1/1183 1427/1/1427 
f 1194/1/1194 1416/1/1416 1427/1/1427 
f 1395/1/1395 1425/1/1425 1428/1/1428 
f 1409/1/1409 1430/1/1430 1418/1/1418 
f 1384/1/1384 1392/1/1392 1430/1/1430 
f 1429/1/1429 1430/1/1430 1392/1/1392 
f 1399/1/1399 1433/1/1433 1432/1/1432 
f 1371/1/1371 1437/1/1437 1435/1/1435 
f 1438/1/1438 1443/1/1443 1441/1/1441 
f 1445/1/1445 1370/1/1370 1369/1/1369 
f 1483/1/1483 1484/1/1484 1480/1/1480 
f 1481/1/1481 1480/1/1480 1484/1/1484 
f 1485/1/1485 1489/1/1489 1488/1/1488 
f 1491/1/1491 1488/1/1488 1489/1/1489 
f 1505/1/1505 1504/1/1504 1506/1/1506 
f 1401/1/1401 1432/1/1432 1508/1/1508 
f 1497/1/1497 1508/1/1508 1432/1/1432 
f 1521/1/1521 1523/1/1523 1519/1/1519 
f 1518/1/1518 1517/1/1517 1541/1/1541 
f 1542/1/1542 1541/1/1541 1535/1/1535 
f 1580/1/1580 1581/1/1581 1579/1/1579 
f 831/1/831 1582/1/1582 1581/1/1581 
f 831/1/831 830/1/830 1584/1/1584 
f 1582/1/1582 1584/1/1584 1585/1/1585 
f 1578/1/1578 1588/1/1588 1586/1/1586 
f 535/1/535 1586/1/1586 1588/1/1588 
f 533/1/533 1421/1/1421 1586/1/1586 
f 1587/1/1587 1586/1/1586 1421/1/1421 
f 1402/1/1402 1589/1/1589 1587/1/1587 
f 1591/1/1591 1590/1/1590 523/1/523 
f 1593/1/1593 1590/1/1590 1591/1/1591 
f 1569/1/1569 1565/1/1565 1594/1/1594 
f 1595/1/1595 1594/1/1594 1565/1/1565 
f 1577/1/1577 1594/1/1594 1597/1/1597 
f 506/1/506 509/1/509 1601/1/1601 
f 1583/1/1583 1593/1/1593 1603/1/1603 
f 1602/1/1602 1605/1/1605 1597/1/1597 
f 1608/1/1608 1607/1/1607 1580/1/1580 
f 839/1/839 838/1/838 1607/1/1607 
f 846/1/846 1615/1/1615 1612/1/1612 
f 1613/1/1613 1612/1/1612 1615/1/1615 
f 1619/1/1619 1620/1/1620 1618/1/1618 
f 1616/1/1616 1622/1/1622 1621/1/1621 
f 1610/1/1610 1623/1/1623 1621/1/1621 
f 1626/1/1626 1627/1/1627 1624/1/1624 
f 1483/1/1483 1611/1/1611 1627/1/1627 
f 1624/1/1624 1627/1/1627 1611/1/1611 
f 1690/1/1690 1694/1/1694 1691/1/1691 
f 1697/1/1697 1698/1/1698 1695/1/1695 
f 1720/1/1720 1719/1/1719 1721/1/1721 
f 1722/1/1722 1721/1/1721 1725/1/1725 
f 1732/1/1732 1731/1/1731 1238/1/1238 
f 1734/1/1734 1731/1/1731 1732/1/1732 
f 1528/1/1528 1743/1/1743 1741/1/1741 
f 1738/1/1738 1737/1/1737 1741/1/1741 
f 1747/1/1747 1748/1/1748 1745/1/1745 
f 1733/1/1733 1758/1/1758 1757/1/1757 
f 1794/1/1794 1797/1/1797 1798/1/1798 
f 147/1/147 1800/1/1800 1798/1/1798 
f 49/1/49 1790/1/1790 1802/1/1802 
f 48/1/48 1802/1/1802 1803/1/1803 
f 1814/1/1814 1813/1/1813 1816/1/1816 
f 1817/1/1817 1816/1/1816 1827/1/1827 
f 1071/1/1071 1827/1/1827 1816/1/1816 
f 1833/1/1833 1834/1/1834 1831/1/1831 
f 1830/1/1830 1829/1/1829 1835/1/1835 
f 1120/1/1120 1843/1/1843 1842/1/1842 
f 1877/1/1877 1879/1/1879 1878/1/1878 
f 1743/1/1743 1878/1/1878 1879/1/1879 
f 1927/1/1927 1928/1/1928 1925/1/1925 
f 1930/1/1930 1925/1/1925 1928/1/1928 
f 1758/1/1758 1935/1/1935 1934/1/1934 
f 1926/1/1926 1935/1/1935 1936/1/1936 
f 1942/1/1942 1940/1/1940 1134/1/1134 
f 1702/1/1702 1943/1/1943 1942/1/1942 
f 1947/1/1947 1951/1/1951 1952/1/1952 
f 1930/1/1930 1955/1/1955 1953/1/1953 
f 1955/1/1955 1930/1/1930 1929/1/1929 
f 1959/1/1959 1960/1/1960 1957/1/1957 
f 1884/1/1884 1969/1/1969 1968/1/1968 
f 1973/1/1973 1974/1/1974 1971/1/1971 
f 1972/1/1972 1971/1/1971 1975/1/1975 
f 2003/1/2003 2004/1/2004 2001/1/2001 
f 1693/1/1693 2005/1/2005 2001/1/2001 
f 2002/1/2002 2001/1/2001 2005/1/2005 
f 2045/1/2045 2047/1/2047 2043/1/2043 
f 2051/1/2051 2050/1/2050 1964/1/1964 
f 1694/1/1694 2074/1/2074 2005/1/2005 
f 2000/1/2000 2071/1/2071 2074/1/2074 
f 1859/1/1859 1864/1/1864 2079/1/2079 
f 1923/1/1923 1950/1/1950 2124/1/2124 
f 2028/1/2028 2124/1/2124 2125/1/2125 
f 2122/1/2122 2127/1/2127 2126/1/2126 
f 1123/1/1123 2141/1/2141 2139/1/2139 
f 2140/1/2140 2139/1/2139 2141/1/2141 
f 2142/1/2142 2141/1/2141 2143/1/2143 
f 2140/1/2140 2151/1/2151 2150/1/2150 
f 1358/1/1358 2156/1/2156 2154/1/2154 
f 2155/1/2155 2154/1/2154 2156/1/2156 
f 2156/1/2156 2158/1/2158 2161/1/2161 
f 2168/1/2168 2167/1/2167 1463/1/1463 
f 1976/1/1976 1975/1/1975 2175/1/2175 
f 2198/1/2198 2197/1/2197 1990/1/1990 
f 2207/1/2207 2206/1/2206 1891/1/1891 
f 2052/1/2052 2214/1/2214 1968/1/1968 
f 2211/1/2211 2214/1/2214 2215/1/2215 
f 1896/1/1896 2222/1/2222 2221/1/2221 
f 1938/1/1938 2225/1/2225 2224/1/2224 
f 2017/1/2017 2225/1/2225 1938/1/1938 
f 2223/1/2223 2227/1/2227 2226/1/2226 
f 2053/1/2053 2049/1/2049 2231/1/2231 
f 1898/1/1898 2221/1/2221 2232/1/2232 
f 1929/1/1929 1928/1/1928 2237/1/2237 
f 2234/1/2234 2237/1/2237 2238/1/2238 
f 2144/1/2144 2239/1/2239 2238/1/2238 
f 50/1/50 1803/1/1803 2247/1/2247 
f 2059/1/2059 2055/1/2055 2247/1/2247 
f 1814/1/1814 2267/1/2267 2126/1/2126 
f 1715/1/1715 2020/1/2020 2270/1/2270 
f 323/1/323 329/1/329 2271/1/2271 
f 2082/1/2082 2271/1/2271 329/1/329 
f 2085/1/2085 2272/1/2272 2271/1/2271 
f 2080/1/2080 2273/1/2273 1860/1/1860 
f 2137/1/2137 2150/1/2150 2274/1/2274 
f 845/1/845 2279/1/2279 2277/1/2277 
f 2278/1/2278 2277/1/2277 2279/1/2279 
f 2294/1/2294 2298/1/2298 2297/1/2297 
f 2297/1/2297 2298/1/2298 835/1/835 
f 1622/1/1622 2300/1/2300 2297/1/2297 
f 2278/1/2278 2300/1/2300 1622/1/1622 
f 1576/1/1576 2308/1/2308 1568/1/1568 
f 1553/1/1553 2311/1/2311 2310/1/2310 
f 2310/1/2310 2311/1/2311 2312/1/2312 
f 2368/1/2368 2371/1/2371 2365/1/2365 
f 2370/1/2370 2369/1/2369 2375/1/2375 
f 2373/1/2373 2381/1/2381 2380/1/2380 
f 1495/1/1495 2437/1/2437 1489/1/1489 
f 1494/1/1494 1626/1/1626 2439/1/2439 
f 1625/1/1625 1643/1/1643 2439/1/2439 
f 2442/1/2442 2443/1/2443 2440/1/2440 
f 2454/1/2454 2455/1/2455 2452/1/2452 
f 150/1/150 2464/1/2464 2463/1/2463 
f 2471/1/2471 2470/1/2470 2472/1/2472 
f 2593/1/2593 2592/1/2592 176/1/176 
f 2597/1/2597 2598/1/2598 2595/1/2595 
f 2661/1/2661 2660/1/2660 2662/1/2662 
f 2663/1/2663 2662/1/2662 2666/1/2666 
f 2669/1/2669 2665/1/2665 2675/1/2675 
f 151/1/151 2463/1/2463 2683/1/2683 
f 2453/1/2453 2686/1/2686 2685/1/2685 
f 2681/1/2681 2679/1/2679 2694/1/2694 
f 2454/1/2454 2685/1/2685 2702/1/2702 
f 2692/1/2692 2702/1/2702 2685/1/2685 
f 2701/1/2701 2708/1/2708 2707/1/2707 
f 2693/1/2693 2709/1/2709 2708/1/2708 
f 2706/1/2706 2710/1/2710 1866/1/1866 
f 1337/1/1337 2728/1/2728 2727/1/2727 
f 2740/1/2740 2739/1/2739 1472/1/1472 
f 1880/1/1880 1889/1/1889 2741/1/2741 
f 2519/1/2519 2761/1/2761 2760/1/2760 
f 2758/1/2758 2771/1/2771 2770/1/2770 
f 2762/1/2762 2770/1/2770 2771/1/2771 
f 1137/1/1137 2783/1/2783 2782/1/2782 
f 2795/1/2795 2794/1/2794 2788/1/2788 
f 2473/1/2473 2820/1/2820 2819/1/2819 
f 2838/1/2838 2845/1/2845 2844/1/2844 
f 1243/1/1243 1246/1/1246 2846/1/2846 
f 1269/1/1269 2846/1/2846 2848/1/2848 
f 2516/1/2516 2760/1/2760 2850/1/2850 
f 2801/1/2801 2856/1/2856 2855/1/2855 
f 1249/1/1249 1283/1/1283 2856/1/2856 
f 2802/1/2802 2855/1/2855 2858/1/2858 
f 1491/1/1491 2912/1/2912 1469/1/1469 
f 2913/1/2913 2923/1/2923 2740/1/2740 
f 2722/1/2722 2931/1/2931 2489/1/2489 
f 2723/1/2723 2922/1/2922 2931/1/2931 
f 2937/1/2937 2942/1/2942 2940/1/2940 
f 1555/1/1555 2310/1/2310 2948/1/2948 
f 2426/1/2426 2953/1/2953 2952/1/2952 
f 2950/1/2950 2967/1/2967 1556/1/1556 
f 2951/1/2951 2968/1/2968 2967/1/2967 
f 2966/1/2966 2967/1/2967 2968/1/2968 
f 2971/1/2971 2970/1/2970 2506/1/2506 
f 2984/1/2984 2983/1/2983 2933/1/2933 
f 3030/1/3030 3031/1/3031 2605/1/2605 
f 2486/1/2486 3032/1/3032 3035/1/3035 
f 3034/1/3034 3043/1/3043 3045/1/3045 
f 1450/1/1450 3059/1/3059 2906/1/2906 
f 1447/1/1447 3056/1/3056 3059/1/3059 
f 1366/1/1366 2890/1/2890 3061/1/3061 
f 3078/1/3078 3077/1/3077 3079/1/3079 
f 3112/1/3112 3111/1/3111 3078/1/3078 
f 3108/1/3108 3107/1/3107 3111/1/3111 
f 2372/1/2372 3111/1/3111 3107/1/3107 
f 3082/1/3082 3115/1/3115 3118/1/3118 
f 3080/1/3080 3118/1/3118 3165/1/3165 
f 3166/1/3166 3165/1/3165 3118/1/3118 
f 3169/1/3169 3363/1/3363 3164/1/3164 
f 3148/1/3148 3363/1/3363 3169/1/3169 
f 3110/1/3110 3363/1/3363 3148/1/3148 
f 3164/1/3164 3363/1/3363 3110/1/3110 
f 3174/1/3174 3175/1/3175 3168/1/3168 
f 25/1/25 3181/1/3181 3180/1/3180 
f 3218/1/3218 3217/1/3217 3219/1/3219 
f 3264/1/3264 3263/1/3263 3258/1/3258 
f 699/1/699 3267/1/3267 3266/1/3266 
f 3260/1/3260 3269/1/3269 3273/1/3273 
f 2442/1/2442 2445/1/2445 3321/1/3321 
f 3327/1/3327 3328/1/3328 3325/1/3325 
f 3184/1/3184 3179/1/3179 3328/1/3328 
f 3183/1/3183 3329/1/3329 2/1/2 
f 3184/1/3184 3330/1/3330 3329/1/3329 
f 3351/1/3351 3352/1/3352 3349/1/3349 
f 3320/1/3320 3355/1/3355 2448/1/2448 
f 3319/1/3319 3351/1/3351 3355/1/3355 
# 2943 polygons - 782 triangles

