# 3ds Max Wavefront OBJ Exporter v0.99 - (c)2007 guruware
# File Created: 11.04.2025 01:52:44

mtllib microondas.mtl

#
# object Circle
#

v  -1.0231 -1.0762 -0.5712
v  -1.0993 -1.0762 -0.4845
v  -1.0921 -1.0890 -0.4790
v  -1.0168 -1.0890 -0.5648
v  -1.0893 -1.1035 -0.4768
v  -1.0142 -1.1035 -0.5623
v  -1.1635 -1.0762 -0.3887
v  -1.1557 -1.0890 -0.3842
v  -1.1526 -1.1035 -0.3824
v  -0.9309 -1.0890 -0.6402
v  -0.9364 -1.0762 -0.6474
v  -0.8361 -1.0890 -0.7038
v  -0.8406 -1.0762 -0.7116
v  -0.9287 -1.1035 -0.6374
v  -0.8343 -1.1035 -0.7007
v  -1.0321 -1.0671 -0.5802
v  -0.9441 -1.0671 -0.6574
v  -0.9529 -1.0635 -0.6689
v  -1.0423 -1.0635 -0.5904
v  -0.8469 -1.0671 -0.7226
v  -0.8541 -1.0635 -0.7351
v  -1.1093 -1.0671 -0.4922
v  -1.1745 -1.0671 -0.3950
v  -1.1208 -1.0635 -0.5010
v  -1.1870 -1.0635 -0.4022
v  -1.0231 -1.1308 -0.5712
v  -0.9364 -1.1308 -0.6474
v  -0.9309 -1.1181 -0.6402
v  -1.0168 -1.1181 -0.5648
v  -0.8406 -1.1308 -0.7116
v  -0.8361 -1.1181 -0.7038
v  -1.0921 -1.1181 -0.4790
v  -1.0993 -1.1308 -0.4845
v  -1.1557 -1.1181 -0.3842
v  -1.1635 -1.1308 -0.3887
v  -1.1093 -1.1399 -0.4922
v  -1.0321 -1.1399 -0.5802
v  -1.1208 -1.1435 -0.5010
v  -1.0423 -1.1435 -0.5904
v  -1.1745 -1.1399 -0.3950
v  -1.1870 -1.1435 -0.4022
v  -0.9441 -1.1399 -0.6574
v  -0.8469 -1.1399 -0.7226
v  -0.9529 -1.1435 -0.6689
v  -0.8541 -1.1435 -0.7351
v  -0.9694 -1.0762 -0.6903
v  -0.9749 -1.0890 -0.6975
v  -1.0678 -1.0890 -0.6159
v  -1.0614 -1.0762 -0.6095
v  -0.9771 -1.1035 -0.7004
v  -1.0703 -1.1035 -0.6184
v  -0.8722 -1.0890 -0.7663
v  -0.8677 -1.0762 -0.7585
v  -0.8740 -1.1035 -0.7694
v  -1.1494 -1.0890 -0.5230
v  -1.1422 -1.0762 -0.5175
v  -1.2104 -1.0762 -0.4158
v  -1.2182 -1.0890 -0.4203
v  -1.1523 -1.1035 -0.5251
v  -1.2213 -1.1035 -0.4221
v  -1.1322 -1.0671 -0.5098
v  -1.0525 -1.0671 -0.6006
v  -1.1995 -1.0671 -0.4094
v  -0.9617 -1.0671 -0.6803
v  -0.8613 -1.0671 -0.7476
v  -1.0678 -1.1181 -0.6159
v  -1.0614 -1.1308 -0.6095
v  -1.1422 -1.1308 -0.5175
v  -1.1494 -1.1181 -0.5230
v  -1.2104 -1.1308 -0.4158
v  -1.2182 -1.1181 -0.4203
v  -0.9749 -1.1181 -0.6975
v  -0.9694 -1.1308 -0.6903
v  -0.8722 -1.1181 -0.7663
v  -0.8677 -1.1308 -0.7585
v  -0.9617 -1.1399 -0.6803
v  -1.0525 -1.1399 -0.6006
v  -0.8613 -1.1399 -0.7476
v  -1.1322 -1.1399 -0.5098
v  -1.1995 -1.1399 -0.4094
v  -0.6277 -1.0762 -0.7995
v  -0.7371 -1.0762 -0.7625
v  -0.7336 -1.0890 -0.7542
v  -0.6254 -1.0890 -0.7908
v  -0.7322 -1.1035 -0.7508
v  -0.6245 -1.1035 -0.7873
v  -0.5146 -1.0762 -0.8221
v  -0.5134 -1.0890 -0.8132
v  -0.3995 -1.0762 -0.8298
v  -0.3995 -1.0890 -0.8208
v  -0.5129 -1.1035 -0.8096
v  -0.3995 -1.1035 -0.8172
v  -0.5162 -1.0671 -0.8346
v  -0.6310 -1.0671 -0.8117
v  -0.5181 -1.0635 -0.8489
v  -0.6347 -1.0635 -0.8256
v  -0.3995 -1.0671 -0.8425
v  -0.3995 -1.0635 -0.8569
v  -0.7419 -1.0671 -0.7742
v  -0.7474 -1.0635 -0.7875
v  -0.6254 -1.1181 -0.7908
v  -0.6277 -1.1308 -0.7995
v  -0.5146 -1.1308 -0.8221
v  -0.5134 -1.1181 -0.8132
v  -0.3995 -1.1308 -0.8298
v  -0.3995 -1.1181 -0.8208
v  -0.7336 -1.1181 -0.7542
v  -0.7371 -1.1308 -0.7625
v  -0.7419 -1.1399 -0.7742
v  -0.6310 -1.1399 -0.8117
v  -0.7474 -1.1435 -0.7875
v  -0.6347 -1.1435 -0.8256
v  -0.5162 -1.1399 -0.8346
v  -0.3995 -1.1399 -0.8425
v  -0.5181 -1.1435 -0.8489
v  -0.3995 -1.1435 -0.8569
v  -0.6417 -1.0762 -0.8518
v  -0.5216 -1.0762 -0.8758
v  -0.5228 -1.0890 -0.8847
v  -0.6441 -1.0890 -0.8605
v  -0.6450 -1.1035 -0.8640
v  -0.5233 -1.1035 -0.8883
v  -0.3995 -1.0762 -0.8840
v  -0.3995 -1.0890 -0.8930
v  -0.3995 -1.1035 -0.8966
v  -0.7612 -1.0890 -0.8208
v  -0.7578 -1.0762 -0.8125
v  -0.7626 -1.1035 -0.8242
v  -0.6385 -1.0671 -0.8396
v  -0.7529 -1.0671 -0.8008
v  -0.5200 -1.0671 -0.8633
v  -0.3995 -1.0671 -0.8713
v  -0.6417 -1.1308 -0.8518
v  -0.7578 -1.1308 -0.8125
v  -0.7612 -1.1181 -0.8208
v  -0.6441 -1.1181 -0.8605
v  -0.5228 -1.1181 -0.8847
v  -0.5216 -1.1308 -0.8758
v  -0.3995 -1.1181 -0.8930
v  -0.3995 -1.1308 -0.8840
v  -0.5200 -1.1399 -0.8633
v  -0.6385 -1.1399 -0.8396
v  -0.3995 -1.1399 -0.8713
v  -0.7529 -1.1399 -0.8008
v  -0.1712 -1.0762 -0.7995
v  -0.2844 -1.0762 -0.8221
v  -0.2855 -1.0890 -0.8132
v  -0.1735 -1.0890 -0.7908
v  -0.1744 -1.1035 -0.7873
v  -0.2860 -1.1035 -0.8096
v  -0.0619 -1.0762 -0.7625
v  -0.0653 -1.0890 -0.7542
v  0.0372 -1.0890 -0.7038
v  0.0417 -1.0762 -0.7116
v  -0.0667 -1.1035 -0.7508
v  0.0354 -1.1035 -0.7007
v  -0.1679 -1.0671 -0.8117
v  -0.0570 -1.0671 -0.7742
v  -0.0515 -1.0635 -0.7875
v  -0.1642 -1.0635 -0.8256
v  0.0480 -1.0671 -0.7226
v  0.0552 -1.0635 -0.7351
v  -0.2827 -1.0671 -0.8346
v  -0.2808 -1.0635 -0.8489
v  -0.0653 -1.1181 -0.7542
v  -0.1735 -1.1181 -0.7908
v  -0.1712 -1.1308 -0.7995
v  -0.0619 -1.1308 -0.7625
v  0.0372 -1.1181 -0.7038
v  0.0417 -1.1308 -0.7116
v  -0.2855 -1.1181 -0.8132
v  -0.2844 -1.1308 -0.8221
v  -0.2827 -1.1399 -0.8346
v  -0.1679 -1.1399 -0.8117
v  -0.2808 -1.1435 -0.8489
v  -0.1642 -1.1435 -0.8256
v  -0.0570 -1.1399 -0.7742
v  0.0480 -1.1399 -0.7226
v  -0.0515 -1.1435 -0.7875
v  0.0552 -1.1435 -0.7351
v  -0.1572 -1.0762 -0.8518
v  -0.0411 -1.0762 -0.8125
v  -0.0377 -1.0890 -0.8208
v  -0.1548 -1.0890 -0.8605
v  -0.0363 -1.1035 -0.8242
v  -0.1539 -1.1035 -0.8640
v  0.0687 -1.0762 -0.7585
v  0.0733 -1.0890 -0.7663
v  0.0751 -1.1035 -0.7694
v  -0.2761 -1.0890 -0.8847
v  -0.2773 -1.0762 -0.8758
v  -0.2756 -1.1035 -0.8883
v  -0.2789 -1.0671 -0.8633
v  -0.1604 -1.0671 -0.8396
v  -0.0460 -1.0671 -0.8008
v  0.0624 -1.0671 -0.7476
v  -0.1572 -1.1308 -0.8518
v  -0.2773 -1.1308 -0.8758
v  -0.2761 -1.1181 -0.8847
v  -0.1548 -1.1181 -0.8605
v  -0.0411 -1.1308 -0.8125
v  -0.0377 -1.1181 -0.8208
v  0.0687 -1.1308 -0.7585
v  0.0733 -1.1181 -0.7663
v  -0.0460 -1.1399 -0.8008
v  -0.1604 -1.1399 -0.8396
v  0.0624 -1.1399 -0.7476
v  -0.2789 -1.1399 -0.8633
v  0.2178 -1.0890 -0.5648
v  0.2242 -1.0762 -0.5712
v  0.1375 -1.0762 -0.6474
v  0.1320 -1.0890 -0.6402
v  0.1298 -1.1035 -0.6374
v  0.2153 -1.1035 -0.5623
v  0.2932 -1.0890 -0.4790
v  0.3004 -1.0762 -0.4845
v  0.3646 -1.0762 -0.3887
v  0.3568 -1.0890 -0.3842
v  0.2904 -1.1035 -0.4768
v  0.3537 -1.1035 -0.3824
v  0.3104 -1.0671 -0.4922
v  0.2331 -1.0671 -0.5802
v  0.2433 -1.0635 -0.5904
v  0.3219 -1.0635 -0.5010
v  0.3756 -1.0671 -0.3950
v  0.3881 -1.0635 -0.4022
v  0.1452 -1.0671 -0.6574
v  0.1540 -1.0635 -0.6689
v  0.2242 -1.1308 -0.5712
v  0.3004 -1.1308 -0.4845
v  0.2932 -1.1181 -0.4790
v  0.2178 -1.1181 -0.5648
v  0.3568 -1.1181 -0.3842
v  0.3646 -1.1308 -0.3887
v  0.1320 -1.1181 -0.6402
v  0.1375 -1.1308 -0.6474
v  0.2331 -1.1399 -0.5802
v  0.1452 -1.1399 -0.6574
v  0.1540 -1.1435 -0.6689
v  0.2433 -1.1435 -0.5904
v  0.3104 -1.1399 -0.4922
v  0.3756 -1.1399 -0.3950
v  0.3219 -1.1435 -0.5010
v  0.3881 -1.1435 -0.4022
v  0.3505 -1.0890 -0.5230
v  0.2689 -1.0890 -0.6159
v  0.2625 -1.0762 -0.6095
v  0.3433 -1.0762 -0.5175
v  0.2714 -1.1035 -0.6184
v  0.3533 -1.1035 -0.5251
v  0.4115 -1.0762 -0.4158
v  0.4193 -1.0890 -0.4203
v  0.4224 -1.1035 -0.4221
v  0.1759 -1.0890 -0.6975
v  0.1705 -1.0762 -0.6903
v  0.1781 -1.1035 -0.7004
v  0.1628 -1.0671 -0.6803
v  0.2536 -1.0671 -0.6006
v  0.3333 -1.0671 -0.5098
v  0.4006 -1.0671 -0.4094
v  0.2625 -1.1308 -0.6095
v  0.1705 -1.1308 -0.6903
v  0.1759 -1.1181 -0.6975
v  0.2689 -1.1181 -0.6159
v  0.3433 -1.1308 -0.5175
v  0.3505 -1.1181 -0.5230
v  0.4193 -1.1181 -0.4203
v  0.4115 -1.1308 -0.4158
v  0.2536 -1.1399 -0.6006
v  0.3333 -1.1399 -0.5098
v  0.4006 -1.1399 -0.4094
v  0.1628 -1.1399 -0.6803
v  0.4072 -1.0890 -0.2817
v  0.4438 -1.0890 -0.1735
v  0.4525 -1.0762 -0.1758
v  0.4155 -1.0762 -0.2852
v  0.4038 -1.1035 -0.2803
v  0.4403 -1.1035 -0.1726
v  0.4751 -1.0762 -0.0627
v  0.4662 -1.0890 -0.0615
v  0.4738 -1.0890 0.0524
v  0.4828 -1.0762 0.0524
v  0.4626 -1.1035 -0.0610
v  0.4702 -1.1035 0.0524
v  0.4876 -1.0671 -0.0643
v  0.4647 -1.0671 -0.1791
v  0.5019 -1.0635 -0.0662
v  0.4786 -1.0635 -0.1828
v  0.4955 -1.0671 0.0524
v  0.5099 -1.0635 0.0524
v  0.4272 -1.0671 -0.2900
v  0.4405 -1.0635 -0.2955
v  0.4525 -1.1308 -0.1758
v  0.4751 -1.1308 -0.0627
v  0.4662 -1.1181 -0.0615
v  0.4438 -1.1181 -0.1735
v  0.4828 -1.1308 0.0524
v  0.4738 -1.1181 0.0524
v  0.4072 -1.1181 -0.2817
v  0.4155 -1.1308 -0.2852
v  0.4272 -1.1399 -0.2900
v  0.4647 -1.1399 -0.1791
v  0.4786 -1.1435 -0.1828
v  0.4405 -1.1435 -0.2955
v  0.4876 -1.1399 -0.0643
v  0.4955 -1.1399 0.0524
v  0.5019 -1.1435 -0.0662
v  0.5099 -1.1435 0.0524
v  0.5377 -1.0890 -0.0709
v  0.5135 -1.0890 -0.1922
v  0.5048 -1.0762 -0.1898
v  0.5288 -1.0762 -0.0697
v  0.5413 -1.1035 -0.0714
v  0.5170 -1.1035 -0.1931
v  0.5460 -1.0890 0.0524
v  0.5369 -1.0762 0.0524
v  0.5496 -1.1035 0.0524
v  0.4738 -1.0890 -0.3093
v  0.4655 -1.0762 -0.3059
v  0.4772 -1.1035 -0.3107
v  0.4538 -1.0671 -0.3010
v  0.4926 -1.0671 -0.1866
v  0.5162 -1.0671 -0.0681
v  0.5243 -1.0671 0.0524
v  0.5048 -1.1308 -0.1898
v  0.4655 -1.1308 -0.3059
v  0.4738 -1.1181 -0.3093
v  0.5135 -1.1181 -0.1922
v  0.5377 -1.1181 -0.0709
v  0.5288 -1.1308 -0.0697
v  0.5460 -1.1181 0.0524
v  0.5369 -1.1308 0.0524
v  0.5162 -1.1399 -0.0681
v  0.4926 -1.1399 -0.1866
v  0.5243 -1.1399 0.0524
v  0.4538 -1.1399 -0.3010
v  0.4525 -1.0762 0.2807
v  0.4751 -1.0762 0.1676
v  0.4662 -1.0890 0.1664
v  0.4438 -1.0890 0.2784
v  0.4626 -1.1035 0.1659
v  0.4403 -1.1035 0.2775
v  0.4155 -1.0762 0.3901
v  0.4072 -1.0890 0.3866
v  0.3568 -1.0890 0.4891
v  0.3646 -1.0762 0.4936
v  0.4038 -1.1035 0.3852
v  0.3537 -1.1035 0.4873
v  0.4272 -1.0671 0.3949
v  0.4647 -1.0671 0.2840
v  0.4405 -1.0635 0.4004
v  0.4786 -1.0635 0.2877
v  0.3756 -1.0671 0.4999
v  0.3881 -1.0635 0.5071
v  0.4876 -1.0671 0.1692
v  0.5019 -1.0635 0.1711
v  0.4072 -1.1181 0.3866
v  0.4438 -1.1181 0.2784
v  0.4525 -1.1308 0.2807
v  0.4155 -1.1308 0.3901
v  0.3646 -1.1308 0.4936
v  0.3568 -1.1181 0.4891
v  0.4751 -1.1308 0.1676
v  0.4662 -1.1181 0.1664
v  0.4876 -1.1399 0.1692
v  0.4647 -1.1399 0.2840
v  0.5019 -1.1435 0.1711
v  0.4786 -1.1435 0.2877
v  0.4272 -1.1399 0.3949
v  0.3756 -1.1399 0.4999
v  0.4405 -1.1435 0.4004
v  0.3881 -1.1435 0.5071
v  0.5048 -1.0762 0.2947
v  0.4655 -1.0762 0.4108
v  0.4738 -1.0890 0.4142
v  0.5135 -1.0890 0.2971
v  0.4772 -1.1035 0.4156
v  0.5170 -1.1035 0.2980
v  0.4115 -1.0762 0.5207
v  0.4193 -1.0890 0.5252
v  0.4224 -1.1035 0.5270
v  0.5377 -1.0890 0.1758
v  0.5288 -1.0762 0.1746
v  0.5413 -1.1035 0.1763
v  0.4926 -1.0671 0.2915
v  0.5162 -1.0671 0.1730
v  0.4538 -1.0671 0.4059
v  0.4006 -1.0671 0.5143
v  0.5288 -1.1308 0.1746
v  0.5377 -1.1181 0.1758
v  0.5135 -1.1181 0.2971
v  0.5048 -1.1308 0.2947
v  0.4655 -1.1308 0.4108
v  0.4738 -1.1181 0.4142
v  0.4193 -1.1181 0.5252
v  0.4115 -1.1308 0.5207
v  0.4538 -1.1399 0.4059
v  0.4926 -1.1399 0.2915
v  0.4006 -1.1399 0.5143
v  0.5162 -1.1399 0.1730
v  0.2932 -1.0890 0.5839
v  0.2178 -1.0890 0.6697
v  0.2242 -1.0762 0.6761
v  0.3004 -1.0762 0.5894
v  0.2904 -1.1035 0.5817
v  0.2153 -1.1035 0.6672
v  0.1320 -1.0890 0.7451
v  0.1375 -1.0762 0.7523
v  0.0372 -1.0890 0.8087
v  0.0417 -1.0762 0.8165
v  0.1298 -1.1035 0.7423
v  0.0354 -1.1035 0.8056
v  0.1452 -1.0671 0.7623
v  0.2331 -1.0671 0.6851
v  0.1540 -1.0635 0.7738
v  0.2433 -1.0635 0.6953
v  0.0480 -1.0671 0.8275
v  0.0552 -1.0635 0.8400
v  0.3104 -1.0671 0.5971
v  0.3219 -1.0635 0.6059
v  0.2242 -1.1308 0.6761
v  0.1375 -1.1308 0.7523
v  0.1320 -1.1181 0.7451
v  0.2178 -1.1181 0.6697
v  0.0417 -1.1308 0.8165
v  0.0372 -1.1181 0.8087
v  0.3004 -1.1308 0.5894
v  0.2932 -1.1181 0.5839
v  0.3104 -1.1399 0.5971
v  0.2331 -1.1399 0.6851
v  0.3219 -1.1435 0.6059
v  0.2433 -1.1435 0.6953
v  0.1452 -1.1399 0.7623
v  0.0480 -1.1399 0.8275
v  0.1540 -1.1435 0.7738
v  0.0552 -1.1435 0.8400
v  0.1759 -1.0890 0.8024
v  0.2689 -1.0890 0.7208
v  0.2625 -1.0762 0.7144
v  0.1705 -1.0762 0.7952
v  0.2714 -1.1035 0.7233
v  0.1781 -1.1035 0.8052
v  0.0733 -1.0890 0.8712
v  0.0687 -1.0762 0.8634
v  0.0751 -1.1035 0.8743
v  0.3505 -1.0890 0.6278
v  0.3433 -1.0762 0.6224
v  0.3533 -1.1035 0.6300
v  0.3333 -1.0671 0.6147
v  0.2536 -1.0671 0.7055
v  0.1628 -1.0671 0.7852
v  0.0624 -1.0671 0.8525
v  0.2625 -1.1308 0.7144
v  0.3433 -1.1308 0.6224
v  0.3505 -1.1181 0.6278
v  0.2689 -1.1181 0.7208
v  0.1759 -1.1181 0.8024
v  0.1705 -1.1308 0.7952
v  0.0733 -1.1181 0.8712
v  0.0687 -1.1308 0.8634
v  0.1628 -1.1399 0.7852
v  0.2536 -1.1399 0.7055
v  0.0624 -1.1399 0.8525
v  0.3333 -1.1399 0.6147
v  -0.0619 -1.0762 0.8674
v  -0.0653 -1.0890 0.8591
v  -0.1735 -1.0890 0.8957
v  -0.1712 -1.0762 0.9044
v  -0.1744 -1.1035 0.8922
v  -0.0667 -1.1035 0.8557
v  -0.2855 -1.0890 0.9181
v  -0.2844 -1.0762 0.9270
v  -0.3995 -1.0890 0.9257
v  -0.3995 -1.0762 0.9347
v  -0.2860 -1.1035 0.9145
v  -0.3995 -1.1035 0.9221
v  -0.2827 -1.0671 0.9395
v  -0.1679 -1.0671 0.9166
v  -0.2808 -1.0635 0.9538
v  -0.1642 -1.0635 0.9305
v  -0.3995 -1.0671 0.9474
v  -0.3995 -1.0635 0.9618
v  -0.0570 -1.0671 0.8791
v  -0.0515 -1.0635 0.8924
v  -0.1712 -1.1308 0.9044
v  -0.2844 -1.1308 0.9270
v  -0.2855 -1.1181 0.9181
v  -0.1735 -1.1181 0.8957
v  -0.3995 -1.1181 0.9257
v  -0.3995 -1.1308 0.9347
v  -0.0653 -1.1181 0.8591
v  -0.0619 -1.1308 0.8674
v  -0.1679 -1.1399 0.9166
v  -0.0570 -1.1399 0.8791
v  -0.0515 -1.1435 0.8924
v  -0.1642 -1.1435 0.9305
v  -0.2827 -1.1399 0.9395
v  -0.3995 -1.1399 0.9474
v  -0.2808 -1.1435 0.9538
v  -0.3995 -1.1435 0.9618
v  -0.2773 -1.0762 0.9807
v  -0.2761 -1.0890 0.9896
v  -0.1548 -1.0890 0.9654
v  -0.1572 -1.0762 0.9567
v  -0.1539 -1.1035 0.9689
v  -0.2756 -1.1035 0.9932
v  -0.3995 -1.0762 0.9889
v  -0.3995 -1.0890 0.9979
v  -0.3995 -1.1035 1.0015
v  -0.0377 -1.0890 0.9257
v  -0.0411 -1.0762 0.9174
v  -0.0363 -1.1035 0.9291
v  -0.0460 -1.0671 0.9057
v  -0.1604 -1.0671 0.9445
v  -0.2789 -1.0671 0.9682
v  -0.3995 -1.0671 0.9762
v  -0.1572 -1.1308 0.9567
v  -0.0411 -1.1308 0.9174
v  -0.0377 -1.1181 0.9257
v  -0.1548 -1.1181 0.9654
v  -0.2761 -1.1181 0.9896
v  -0.2773 -1.1308 0.9807
v  -0.3995 -1.1181 0.9979
v  -0.3995 -1.1308 0.9889
v  -0.2789 -1.1399 0.9682
v  -0.1604 -1.1399 0.9445
v  -0.3995 -1.1399 0.9762
v  -0.0460 -1.1399 0.9057
v  -0.5146 -1.0762 0.9270
v  -0.5134 -1.0890 0.9181
v  -0.6254 -1.0890 0.8957
v  -0.6277 -1.0762 0.9044
v  -0.5129 -1.1035 0.9145
v  -0.6245 -1.1035 0.8922
v  -0.7336 -1.0890 0.8591
v  -0.7371 -1.0762 0.8674
v  -0.8361 -1.0890 0.8087
v  -0.8406 -1.0762 0.8165
v  -0.7322 -1.1035 0.8557
v  -0.8343 -1.1035 0.8056
v  -0.7419 -1.0671 0.8791
v  -0.6310 -1.0671 0.9166
v  -0.7474 -1.0635 0.8924
v  -0.6347 -1.0635 0.9305
v  -0.8469 -1.0671 0.8275
v  -0.8541 -1.0635 0.8400
v  -0.5162 -1.0671 0.9395
v  -0.5181 -1.0635 0.9538
v  -0.6254 -1.1181 0.8957
v  -0.6277 -1.1308 0.9044
v  -0.7371 -1.1308 0.8674
v  -0.7336 -1.1181 0.8591
v  -0.8406 -1.1308 0.8165
v  -0.8361 -1.1181 0.8087
v  -0.5134 -1.1181 0.9181
v  -0.5146 -1.1308 0.9270
v  -0.5162 -1.1399 0.9395
v  -0.6310 -1.1399 0.9166
v  -0.6347 -1.1435 0.9305
v  -0.5181 -1.1435 0.9538
v  -0.7419 -1.1399 0.8791
v  -0.8469 -1.1399 0.8275
v  -0.7474 -1.1435 0.8924
v  -0.8541 -1.1435 0.8400
v  -0.7578 -1.0762 0.9174
v  -0.7612 -1.0890 0.9257
v  -0.6441 -1.0890 0.9654
v  -0.6417 -1.0762 0.9567
v  -0.7626 -1.1035 0.9291
v  -0.6450 -1.1035 0.9689
v  -0.8677 -1.0762 0.8634
v  -0.8722 -1.0890 0.8712
v  -0.8740 -1.1035 0.8743
v  -0.5228 -1.0890 0.9896
v  -0.5216 -1.0762 0.9807
v  -0.5233 -1.1035 0.9932
v  -0.5200 -1.0671 0.9682
v  -0.6385 -1.0671 0.9445
v  -0.7529 -1.0671 0.9057
v  -0.8613 -1.0671 0.8525
v  -0.5216 -1.1308 0.9807
v  -0.5228 -1.1181 0.9896
v  -0.6441 -1.1181 0.9654
v  -0.6417 -1.1308 0.9567
v  -0.7612 -1.1181 0.9257
v  -0.7578 -1.1308 0.9174
v  -0.8722 -1.1181 0.8712
v  -0.8677 -1.1308 0.8634
v  -0.7529 -1.1399 0.9057
v  -0.6385 -1.1399 0.9445
v  -0.8613 -1.1399 0.8525
v  -0.5200 -1.1399 0.9682
v  -1.0231 -1.0762 0.6761
v  -0.9364 -1.0762 0.7523
v  -0.9309 -1.0890 0.7451
v  -1.0168 -1.0890 0.6697
v  -0.9287 -1.1035 0.7423
v  -1.0142 -1.1035 0.6672
v  -1.0921 -1.0890 0.5839
v  -1.0993 -1.0762 0.5894
v  -1.1557 -1.0890 0.4891
v  -1.1635 -1.0762 0.4936
v  -1.0893 -1.1035 0.5817
v  -1.1526 -1.1035 0.4873
v  -1.0321 -1.0671 0.6851
v  -1.1093 -1.0671 0.5971
v  -1.1208 -1.0635 0.6059
v  -1.0423 -1.0635 0.6953
v  -1.1745 -1.0671 0.4999
v  -1.1870 -1.0635 0.5071
v  -0.9441 -1.0671 0.7623
v  -0.9529 -1.0635 0.7738
v  -1.0993 -1.1308 0.5894
v  -1.0921 -1.1181 0.5839
v  -1.0168 -1.1181 0.6697
v  -1.0231 -1.1308 0.6761
v  -1.1635 -1.1308 0.4936
v  -1.1557 -1.1181 0.4891
v  -0.9309 -1.1181 0.7451
v  -0.9364 -1.1308 0.7523
v  -0.9441 -1.1399 0.7623
v  -1.0321 -1.1399 0.6851
v  -0.9529 -1.1435 0.7738
v  -1.0423 -1.1435 0.6953
v  -1.1093 -1.1399 0.5971
v  -1.1745 -1.1399 0.4999
v  -1.1208 -1.1435 0.6059
v  -1.1870 -1.1435 0.5071
v  -1.0614 -1.0762 0.7144
v  -1.1422 -1.0762 0.6224
v  -1.1494 -1.0890 0.6278
v  -1.0678 -1.0890 0.7208
v  -1.1523 -1.1035 0.6300
v  -1.0703 -1.1035 0.7233
v  -1.2182 -1.0890 0.5252
v  -1.2104 -1.0762 0.5207
v  -1.2213 -1.1035 0.5270
v  -0.9749 -1.0890 0.8024
v  -0.9694 -1.0762 0.7952
v  -0.9771 -1.1035 0.8052
v  -0.9617 -1.0671 0.7852
v  -1.0525 -1.0671 0.7055
v  -1.1322 -1.0671 0.6147
v  -1.1995 -1.0671 0.5143
v  -0.9749 -1.1181 0.8024
v  -1.0678 -1.1181 0.7208
v  -1.0614 -1.1308 0.7144
v  -0.9694 -1.1308 0.7952
v  -1.1422 -1.1308 0.6224
v  -1.1494 -1.1181 0.6278
v  -1.2182 -1.1181 0.5252
v  -1.2104 -1.1308 0.5207
v  -1.1322 -1.1399 0.6147
v  -1.0525 -1.1399 0.7055
v  -1.1995 -1.1399 0.5143
v  -0.9617 -1.1399 0.7852
v  -1.2514 -1.0762 0.2807
v  -1.2144 -1.0762 0.3901
v  -1.2061 -1.0890 0.3866
v  -1.2427 -1.0890 0.2784
v  -1.2392 -1.1035 0.2775
v  -1.2027 -1.1035 0.3852
v  -1.2651 -1.0890 0.1664
v  -1.2740 -1.0762 0.1676
v  -1.2727 -1.0890 0.0524
v  -1.2817 -1.0762 0.0524
v  -1.2615 -1.1035 0.1659
v  -1.2691 -1.1035 0.0524
v  -1.2865 -1.0671 0.1692
v  -1.2636 -1.0671 0.2840
v  -1.2775 -1.0635 0.2877
v  -1.3009 -1.0635 0.1711
v  -1.2944 -1.0671 0.0524
v  -1.3088 -1.0635 0.0524
v  -1.2261 -1.0671 0.3949
v  -1.2394 -1.0635 0.4004
v  -1.2514 -1.1308 0.2807
v  -1.2740 -1.1308 0.1676
v  -1.2651 -1.1181 0.1664
v  -1.2427 -1.1181 0.2784
v  -1.2817 -1.1308 0.0524
v  -1.2727 -1.1181 0.0524
v  -1.2061 -1.1181 0.3866
v  -1.2144 -1.1308 0.3901
v  -1.2261 -1.1399 0.3949
v  -1.2636 -1.1399 0.2840
v  -1.2394 -1.1435 0.4004
v  -1.2775 -1.1435 0.2877
v  -1.2865 -1.1399 0.1692
v  -1.2944 -1.1399 0.0524
v  -1.3009 -1.1435 0.1711
v  -1.3088 -1.1435 0.0524
v  -1.3277 -1.0762 0.1746
v  -1.3366 -1.0890 0.1758
v  -1.3124 -1.0890 0.2971
v  -1.3037 -1.0762 0.2947
v  -1.3159 -1.1035 0.2980
v  -1.3402 -1.1035 0.1763
v  -1.3359 -1.0762 0.0524
v  -1.3449 -1.0890 0.0524
v  -1.3485 -1.1035 0.0524
v  -1.2727 -1.0890 0.4142
v  -1.2644 -1.0762 0.4108
v  -1.2761 -1.1035 0.4156
v  -1.2915 -1.0671 0.2915
v  -1.2527 -1.0671 0.4059
v  -1.3152 -1.0671 0.1730
v  -1.3232 -1.0671 0.0524
v  -1.3037 -1.1308 0.2947
v  -1.2644 -1.1308 0.4108
v  -1.2727 -1.1181 0.4142
v  -1.3124 -1.1181 0.2971
v  -1.3366 -1.1181 0.1758
v  -1.3277 -1.1308 0.1746
v  -1.3449 -1.1181 0.0524
v  -1.3359 -1.1308 0.0524
v  -1.3152 -1.1399 0.1730
v  -1.2915 -1.1399 0.2915
v  -1.3232 -1.1399 0.0524
v  -1.2527 -1.1399 0.4059
v  -1.2514 -1.0762 -0.1758
v  -1.2740 -1.0762 -0.0627
v  -1.2651 -1.0890 -0.0615
v  -1.2427 -1.0890 -0.1735
v  -1.2615 -1.1035 -0.0610
v  -1.2392 -1.1035 -0.1726
v  -1.2061 -1.0890 -0.2817
v  -1.2144 -1.0762 -0.2852
v  -1.2027 -1.1035 -0.2803
v  -1.2636 -1.0671 -0.1791
v  -1.2261 -1.0671 -0.2900
v  -1.2394 -1.0635 -0.2955
v  -1.2775 -1.0635 -0.1828
v  -1.2865 -1.0671 -0.0643
v  -1.3009 -1.0635 -0.0662
v  -1.2061 -1.1181 -0.2817
v  -1.2427 -1.1181 -0.1735
v  -1.2514 -1.1308 -0.1758
v  -1.2144 -1.1308 -0.2852
v  -1.2740 -1.1308 -0.0627
v  -1.2651 -1.1181 -0.0615
v  -1.2865 -1.1399 -0.0643
v  -1.2636 -1.1399 -0.1791
v  -1.3009 -1.1435 -0.0662
v  -1.2775 -1.1435 -0.1828
v  -1.2261 -1.1399 -0.2900
v  -1.2394 -1.1435 -0.2955
v  -1.2727 -1.0890 -0.3093
v  -1.3124 -1.0890 -0.1922
v  -1.3037 -1.0762 -0.1898
v  -1.2644 -1.0762 -0.3059
v  -1.2761 -1.1035 -0.3107
v  -1.3159 -1.1035 -0.1931
v  -1.3366 -1.0890 -0.0709
v  -1.3277 -1.0762 -0.0697
v  -1.3402 -1.1035 -0.0714
v  -1.3152 -1.0671 -0.0681
v  -1.2915 -1.0671 -0.1866
v  -1.2527 -1.0671 -0.3010
v  -1.3037 -1.1308 -0.1898
v  -1.3277 -1.1308 -0.0697
v  -1.3366 -1.1181 -0.0709
v  -1.3124 -1.1181 -0.1922
v  -1.2727 -1.1181 -0.3093
v  -1.2644 -1.1308 -0.3059
v  -1.2527 -1.1399 -0.3010
v  -1.2915 -1.1399 -0.1866
v  -1.3152 -1.1399 -0.0681
v  0.2085 -1.0341 -0.7399
v  0.2630 -1.0162 -0.8110
v  0.3700 -1.0162 -0.7170
v  0.3067 -1.0341 -0.6537
v  0.1000 -1.0341 -0.8127
v  0.1448 -1.0162 -0.8903
v  0.2433 -1.0519 -0.5904
v  0.1540 -1.0519 -0.6689
v  0.0552 -1.0519 -0.7351
v  0.3176 -0.9983 -0.8821
v  0.4334 -0.9983 -0.7804
v  0.3721 -0.9805 -0.9532
v  0.4967 -0.9805 -0.8437
v  0.1896 -0.9983 -0.9679
v  0.2344 -0.9805 -1.0454
v  0.5351 -0.9983 -0.6646
v  0.4640 -1.0162 -0.6101
v  0.6208 -0.9983 -0.5366
v  0.5432 -1.0162 -0.4918
v  0.6061 -0.9805 -0.7191
v  0.6984 -0.9805 -0.5814
v  0.3929 -1.0341 -0.5555
v  0.3219 -1.0519 -0.5010
v  0.4657 -1.0341 -0.4470
v  0.3881 -1.0519 -0.4022
v  -1.0074 -1.0341 0.8448
v  -1.0620 -1.0162 0.9159
v  -1.1689 -1.0162 0.8219
v  -1.1056 -1.0341 0.7586
v  -0.8989 -1.0341 0.9176
v  -0.9437 -1.0162 0.9952
v  -1.0423 -1.0519 0.6953
v  -0.9529 -1.0519 0.7738
v  -0.8541 -1.0519 0.8400
v  -1.1165 -0.9983 0.9870
v  -1.2323 -0.9983 0.8853
v  -1.1710 -0.9805 1.0581
v  -1.2956 -0.9805 0.9486
v  -0.9885 -0.9983 1.0727
v  -1.0333 -0.9805 1.1503
v  -1.2629 -1.0162 0.7150
v  -1.3340 -0.9983 0.7695
v  -1.3422 -1.0162 0.5967
v  -1.4198 -0.9983 0.6415
v  -1.4051 -0.9805 0.8240
v  -1.4974 -0.9805 0.6863
v  -1.1918 -1.0341 0.6604
v  -1.1208 -1.0519 0.6059
v  -1.2646 -1.0341 0.5519
v  -1.1870 -1.0519 0.5071
v  -0.1410 -1.0341 -0.9122
v  -0.2691 -1.0341 -0.9378
v  -0.2574 -1.0162 -1.0266
v  -0.1178 -1.0162 -0.9987
v  -0.3995 -1.0341 -0.9465
v  -0.3995 -1.0162 -1.0361
v  -0.1642 -1.0519 -0.8256
v  -0.2808 -1.0519 -0.8489
v  -0.3995 -1.0519 -0.8569
v  -0.2458 -0.9983 -1.1154
v  -0.0946 -0.9983 -1.0852
v  -0.0714 -0.9805 -1.1717
v  -0.2341 -0.9805 -1.2042
v  -0.3995 -0.9983 -1.1257
v  -0.3995 -0.9805 -1.2153
v  0.0514 -0.9983 -1.0358
v  0.0171 -1.0162 -0.9530
v  0.0856 -0.9805 -1.1185
v  -0.0172 -1.0341 -0.8703
v  -0.0515 -1.0519 -0.7875
v  -0.6579 -1.0341 1.0171
v  -0.5298 -1.0341 1.0427
v  -0.5415 -1.0162 1.1315
v  -0.6811 -1.0162 1.1036
v  -0.3995 -1.0341 1.0514
v  -0.3995 -1.0162 1.1410
v  -0.6347 -1.0519 0.9305
v  -0.5181 -1.0519 0.9538
v  -0.3995 -1.0519 0.9618
v  -0.5532 -0.9983 1.2203
v  -0.7043 -0.9983 1.1901
v  -0.7275 -0.9805 1.2766
v  -0.5648 -0.9805 1.3091
v  -0.3995 -0.9983 1.2306
v  -0.3995 -0.9805 1.3202
v  -0.8503 -0.9983 1.1407
v  -0.8160 -1.0162 1.0579
v  -0.8846 -0.9805 1.2234
v  -0.7817 -1.0341 0.9752
v  -0.7474 -1.0519 0.8924
v  -0.1410 -1.0341 1.0171
v  -0.0172 -1.0341 0.9752
v  0.0171 -1.0162 1.0579
v  -0.1178 -1.0162 1.1036
v  0.1000 -1.0341 0.9176
v  0.1448 -1.0162 0.9952
v  -0.1642 -1.0519 0.9305
v  -0.0515 -1.0519 0.8924
v  0.0552 -1.0519 0.8400
v  0.0514 -0.9983 1.1407
v  -0.0946 -0.9983 1.1901
v  0.0856 -0.9805 1.2234
v  -0.0714 -0.9805 1.2766
v  0.1896 -0.9983 1.0727
v  0.2344 -0.9805 1.1503
v  -0.2458 -0.9983 1.2203
v  -0.2574 -1.0162 1.1315
v  -0.2341 -0.9805 1.3091
v  -0.2691 -1.0341 1.0427
v  -0.2808 -1.0519 0.9538
v  -0.6579 -1.0341 -0.9122
v  -0.7817 -1.0341 -0.8703
v  -0.8160 -1.0162 -0.9530
v  -0.6811 -1.0162 -0.9987
v  -0.8989 -1.0341 -0.8127
v  -0.9437 -1.0162 -0.8903
v  -0.6347 -1.0519 -0.8256
v  -0.7474 -1.0519 -0.7875
v  -0.8541 -1.0519 -0.7351
v  -0.8503 -0.9983 -1.0358
v  -0.7043 -0.9983 -1.0852
v  -0.8846 -0.9805 -1.1185
v  -0.7275 -0.9805 -1.1717
v  -0.9885 -0.9983 -0.9679
v  -1.0333 -0.9805 -1.0454
v  -0.5532 -0.9983 -1.1154
v  -0.5415 -1.0162 -1.0266
v  -0.5648 -0.9805 -1.2042
v  -0.5298 -1.0341 -0.9378
v  -0.5181 -1.0519 -0.8489
v  0.3929 -1.0341 0.6604
v  0.4640 -1.0162 0.7150
v  0.3700 -1.0162 0.8219
v  0.3067 -1.0341 0.7586
v  0.4657 -1.0341 0.5519
v  0.5432 -1.0162 0.5967
v  0.3219 -1.0519 0.6059
v  0.2433 -1.0519 0.6953
v  0.3881 -1.0519 0.5071
v  0.5351 -0.9983 0.7695
v  0.4334 -0.9983 0.8853
v  0.6061 -0.9805 0.8240
v  0.4967 -0.9805 0.9486
v  0.6208 -0.9983 0.6415
v  0.6984 -0.9805 0.6863
v  0.2630 -1.0162 0.9159
v  0.3176 -0.9983 0.9870
v  0.3721 -0.9805 1.0581
v  0.2085 -1.0341 0.8448
v  0.1540 -1.0519 0.7738
v  -1.2629 -1.0162 -0.6101
v  -1.1689 -1.0162 -0.7170
v  -1.1056 -1.0341 -0.6537
v  -1.1918 -1.0341 -0.5555
v  -1.3422 -1.0162 -0.4918
v  -1.2646 -1.0341 -0.4470
v  -1.0423 -1.0519 -0.5904
v  -1.1208 -1.0519 -0.5010
v  -1.1870 -1.0519 -0.4022
v  -1.3340 -0.9983 -0.6646
v  -1.2323 -0.9983 -0.7804
v  -1.4051 -0.9805 -0.7191
v  -1.2956 -0.9805 -0.8437
v  -1.4198 -0.9983 -0.5366
v  -1.4974 -0.9805 -0.5814
v  -1.0620 -1.0162 -0.8110
v  -1.1165 -0.9983 -0.8821
v  -1.1710 -0.9805 -0.9532
v  -1.0074 -1.0341 -0.7399
v  -0.9529 -1.0519 -0.6689
v  0.6517 -1.0162 0.3341
v  0.5652 -1.0341 0.3109
v  0.5908 -1.0341 0.1828
v  0.6796 -1.0162 0.1945
v  0.5995 -1.0341 0.0524
v  0.6891 -1.0162 0.0524
v  0.4786 -1.0519 0.2877
v  0.5019 -1.0519 0.1711
v  0.5099 -1.0519 0.0524
v  0.7684 -0.9983 0.2062
v  0.7382 -0.9983 0.3573
v  0.8247 -0.9805 0.3805
v  0.8572 -0.9805 0.2178
v  0.7787 -0.9983 0.0524
v  0.8683 -0.9805 0.0524
v  0.6060 -1.0162 0.4690
v  0.6888 -0.9983 0.5033
v  0.7715 -0.9805 0.5375
v  0.5233 -1.0341 0.4347
v  0.4405 -1.0519 0.4004
v  -1.4506 -1.0162 -0.2292
v  -1.3641 -1.0341 -0.2060
v  -1.3897 -1.0341 -0.0779
v  -1.4785 -1.0162 -0.0896
v  -1.3984 -1.0341 0.0524
v  -1.4880 -1.0162 0.0524
v  -1.2775 -1.0519 -0.1828
v  -1.3009 -1.0519 -0.0662
v  -1.3088 -1.0519 0.0524
v  -1.5673 -0.9983 -0.1013
v  -1.5371 -0.9983 -0.2524
v  -1.6561 -0.9805 -0.1129
v  -1.6236 -0.9805 -0.2756
v  -1.5776 -0.9983 0.0524
v  -1.6672 -0.9805 0.0524
v  -1.4049 -1.0162 -0.3641
v  -1.4877 -0.9983 -0.3984
v  -1.5705 -0.9805 -0.4326
v  -1.3222 -1.0341 -0.3298
v  -1.2394 -1.0519 -0.2955
v  0.6517 -1.0162 -0.2292
v  0.5652 -1.0341 -0.2060
v  0.5233 -1.0341 -0.3298
v  0.6060 -1.0162 -0.3641
v  0.4405 -1.0519 -0.2955
v  0.4786 -1.0519 -0.1828
v  0.6888 -0.9983 -0.3984
v  0.7382 -0.9983 -0.2524
v  0.7715 -0.9805 -0.4326
v  0.8247 -0.9805 -0.2756
v  0.7684 -0.9983 -0.1013
v  0.6796 -1.0162 -0.0896
v  0.8572 -0.9805 -0.1129
v  0.5908 -1.0341 -0.0779
v  0.5019 -1.0519 -0.0662
v  -1.4506 -1.0162 0.3341
v  -1.3641 -1.0341 0.3109
v  -1.3222 -1.0341 0.4347
v  -1.4049 -1.0162 0.4690
v  -1.2775 -1.0519 0.2877
v  -1.2394 -1.0519 0.4004
v  -1.5371 -0.9983 0.3573
v  -1.4877 -0.9983 0.5033
v  -1.6236 -0.9805 0.3805
v  -1.5705 -0.9805 0.5375
v  -1.4785 -1.0162 0.1945
v  -1.5673 -0.9983 0.2062
v  -1.6561 -0.9805 0.2178
v  -1.3897 -1.0341 0.1828
v  -1.3009 -1.0519 0.1711
v  0.3721 -0.9413 -0.9532
v  0.4967 -0.9413 -0.8437
v  0.4967 -0.9609 -0.8437
v  0.3721 -0.9609 -0.9532
v  0.2344 -0.9413 -1.0454
v  0.2344 -0.9609 -1.0454
v  0.3721 -0.9217 -0.9532
v  0.4967 -0.9217 -0.8437
v  0.3721 -0.9021 -0.9532
v  0.4967 -0.9021 -0.8437
v  0.2344 -0.9217 -1.0454
v  0.2344 -0.9021 -1.0454
v  0.6061 -0.9217 -0.7191
v  0.6061 -0.9413 -0.7191
v  0.6984 -0.9413 -0.5814
v  0.6984 -0.9217 -0.5814
v  0.6061 -0.9021 -0.7191
v  0.6984 -0.9021 -0.5814
v  0.6061 -0.9609 -0.7191
v  0.6984 -0.9609 -0.5814
v  -1.1710 -0.9609 1.0581
v  -1.1710 -0.9413 1.0581
v  -1.2956 -0.9413 0.9486
v  -1.2956 -0.9609 0.9486
v  -1.0333 -0.9609 1.1503
v  -1.0333 -0.9413 1.1503
v  -1.1710 -0.9217 1.0581
v  -1.2956 -0.9217 0.9486
v  -1.1710 -0.9021 1.0581
v  -1.2956 -0.9021 0.9486
v  -1.0333 -0.9217 1.1503
v  -1.0333 -0.9021 1.1503
v  -1.4051 -0.9217 0.8240
v  -1.4051 -0.9413 0.8240
v  -1.4974 -0.9217 0.6863
v  -1.4974 -0.9413 0.6863
v  -1.4051 -0.9021 0.8240
v  -1.4974 -0.9021 0.6863
v  -1.4051 -0.9609 0.8240
v  -1.4974 -0.9609 0.6863
v  -0.2341 -0.9609 -1.2042
v  -0.2341 -0.9413 -1.2042
v  -0.0714 -0.9413 -1.1717
v  -0.0714 -0.9609 -1.1717
v  -0.3995 -0.9609 -1.2153
v  -0.3995 -0.9413 -1.2153
v  -0.2341 -0.9217 -1.2042
v  -0.0714 -0.9217 -1.1717
v  -0.0714 -0.9021 -1.1717
v  -0.2341 -0.9021 -1.2042
v  -0.3995 -0.9217 -1.2153
v  -0.3995 -0.9021 -1.2153
v  0.0856 -0.9217 -1.1185
v  0.0856 -0.9413 -1.1185
v  0.0856 -0.9021 -1.1185
v  0.0856 -0.9609 -1.1185
v  -0.5648 -0.9609 1.3091
v  -0.5648 -0.9413 1.3091
v  -0.7275 -0.9413 1.2766
v  -0.7275 -0.9609 1.2766
v  -0.3995 -0.9609 1.3202
v  -0.3995 -0.9413 1.3202
v  -0.5648 -0.9217 1.3091
v  -0.7275 -0.9217 1.2766
v  -0.5648 -0.9021 1.3091
v  -0.7275 -0.9021 1.2766
v  -0.3995 -0.9217 1.3202
v  -0.3995 -0.9021 1.3202
v  -0.8846 -0.9217 1.2234
v  -0.8846 -0.9413 1.2234
v  -0.8846 -0.9021 1.2234
v  -0.8846 -0.9609 1.2234
v  -0.0714 -0.9413 1.2766
v  -0.0714 -0.9609 1.2766
v  0.0856 -0.9609 1.2234
v  0.0856 -0.9413 1.2234
v  0.2344 -0.9413 1.1503
v  0.2344 -0.9609 1.1503
v  0.0856 -0.9217 1.2234
v  -0.0714 -0.9217 1.2766
v  0.0856 -0.9021 1.2234
v  -0.0714 -0.9021 1.2766
v  0.2344 -0.9217 1.1503
v  0.2344 -0.9021 1.1503
v  -0.2341 -0.9413 1.3091
v  -0.2341 -0.9217 1.3091
v  -0.2341 -0.9021 1.3091
v  -0.2341 -0.9609 1.3091
v  -0.8846 -0.9609 -1.1185
v  -0.8846 -0.9413 -1.1185
v  -0.7275 -0.9413 -1.1717
v  -0.7275 -0.9609 -1.1717
v  -1.0333 -0.9413 -1.0454
v  -1.0333 -0.9609 -1.0454
v  -0.8846 -0.9217 -1.1185
v  -0.7275 -0.9217 -1.1717
v  -0.8846 -0.9021 -1.1185
v  -0.7275 -0.9021 -1.1717
v  -1.0333 -0.9217 -1.0454
v  -1.0333 -0.9021 -1.0454
v  -0.5648 -0.9217 -1.2042
v  -0.5648 -0.9413 -1.2042
v  -0.5648 -0.9021 -1.2042
v  -0.5648 -0.9609 -1.2042
v  0.6061 -0.9413 0.8240
v  0.4967 -0.9413 0.9486
v  0.4967 -0.9609 0.9486
v  0.6061 -0.9609 0.8240
v  0.6984 -0.9609 0.6863
v  0.6984 -0.9413 0.6863
v  0.6061 -0.9217 0.8240
v  0.4967 -0.9217 0.9486
v  0.6061 -0.9021 0.8240
v  0.4967 -0.9021 0.9486
v  0.6984 -0.9217 0.6863
v  0.6984 -0.9021 0.6863
v  0.3721 -0.9413 1.0581
v  0.3721 -0.9217 1.0581
v  0.3721 -0.9021 1.0581
v  0.3721 -0.9609 1.0581
v  -1.2956 -0.9413 -0.8437
v  -1.2956 -0.9609 -0.8437
v  -1.4051 -0.9609 -0.7191
v  -1.4051 -0.9413 -0.7191
v  -1.4974 -0.9609 -0.5814
v  -1.4974 -0.9413 -0.5814
v  -1.4051 -0.9217 -0.7191
v  -1.2956 -0.9217 -0.8437
v  -1.4051 -0.9021 -0.7191
v  -1.2956 -0.9021 -0.8437
v  -1.4974 -0.9217 -0.5814
v  -1.4974 -0.9021 -0.5814
v  -1.1710 -0.9413 -0.9532
v  -1.1710 -0.9217 -0.9532
v  -1.1710 -0.9021 -0.9532
v  -1.1710 -0.9609 -0.9532
v  0.8247 -0.9413 0.3805
v  0.8247 -0.9609 0.3805
v  0.8572 -0.9609 0.2178
v  0.8572 -0.9413 0.2178
v  0.8683 -0.9609 0.0524
v  0.8683 -0.9413 0.0524
v  0.8247 -0.9217 0.3805
v  0.8572 -0.9217 0.2178
v  0.8572 -0.9021 0.2178
v  0.8247 -0.9021 0.3805
v  0.8683 -0.9217 0.0524
v  0.8683 -0.9021 0.0524
v  0.7715 -0.9217 0.5375
v  0.7715 -0.9413 0.5375
v  0.7715 -0.9021 0.5375
v  0.7715 -0.9609 0.5375
v  -1.6561 -0.9413 -0.1129
v  -1.6236 -0.9413 -0.2756
v  -1.6236 -0.9609 -0.2756
v  -1.6561 -0.9609 -0.1129
v  -1.6672 -0.9609 0.0524
v  -1.6672 -0.9413 0.0524
v  -1.6236 -0.9217 -0.2756
v  -1.6561 -0.9217 -0.1129
v  -1.6236 -0.9021 -0.2756
v  -1.6561 -0.9021 -0.1129
v  -1.6672 -0.9217 0.0524
v  -1.6672 -0.9021 0.0524
v  -1.5705 -0.9217 -0.4326
v  -1.5705 -0.9413 -0.4326
v  -1.5705 -0.9021 -0.4326
v  -1.5705 -0.9609 -0.4326
v  0.8247 -0.9413 -0.2756
v  0.8247 -0.9609 -0.2756
v  0.7715 -0.9609 -0.4326
v  0.7715 -0.9413 -0.4326
v  0.7715 -0.9217 -0.4326
v  0.8247 -0.9217 -0.2756
v  0.7715 -0.9021 -0.4326
v  0.8247 -0.9021 -0.2756
v  0.8572 -0.9413 -0.1129
v  0.8572 -0.9217 -0.1129
v  0.8572 -0.9021 -0.1129
v  0.8572 -0.9609 -0.1129
v  -1.5705 -0.9609 0.5375
v  -1.5705 -0.9413 0.5375
v  -1.6236 -0.9413 0.3805
v  -1.6236 -0.9609 0.3805
v  -1.5705 -0.9217 0.5375
v  -1.6236 -0.9217 0.3805
v  -1.5705 -0.9021 0.5375
v  -1.6236 -0.9021 0.3805
v  -1.6561 -0.9217 0.2178
v  -1.6561 -0.9413 0.2178
v  -1.6561 -0.9021 0.2178
v  -1.6561 -0.9609 0.2178
v  -0.0911 -0.9251 -1.0985
v  -0.2440 -0.9251 -1.1291
v  -0.2538 -0.9480 -1.0539
v  -0.1107 -0.9480 -1.0253
v  -0.3995 -0.9251 -1.1395
v  -0.3995 -0.9480 -1.0637
v  -0.2637 -0.9710 -0.9788
v  -0.1303 -0.9710 -0.9521
v  -0.2736 -0.9940 -0.9037
v  -0.1499 -0.9940 -0.8789
v  -0.3995 -0.9710 -0.9879
v  -0.3995 -0.9940 -0.9121
v  -0.0014 -0.9710 -0.9085
v  0.0276 -0.9480 -0.9785
v  0.1207 -0.9710 -0.8485
v  0.1586 -0.9480 -0.9142
v  -0.0304 -0.9940 -0.8385
v  0.0828 -0.9940 -0.7829
v  0.0566 -0.9251 -1.0485
v  0.1965 -0.9251 -0.9798
v  -0.7079 -0.9251 1.2034
v  -0.5550 -0.9251 1.2340
v  -0.5451 -0.9480 1.1588
v  -0.6882 -0.9480 1.1302
v  -0.3995 -0.9251 1.2444
v  -0.3995 -0.9480 1.1686
v  -0.5352 -0.9710 1.0837
v  -0.6686 -0.9710 1.0570
v  -0.6490 -0.9940 0.9838
v  -0.5253 -0.9940 1.0086
v  -0.3995 -0.9710 1.0928
v  -0.3995 -0.9940 1.0170
v  -0.8265 -0.9480 1.0834
v  -0.7975 -0.9710 1.0134
v  -0.9575 -0.9480 1.0191
v  -0.9196 -0.9710 0.9534
v  -0.7685 -0.9940 0.9434
v  -0.8817 -0.9940 0.8878
v  -0.8555 -0.9251 1.1534
v  -0.9954 -0.9251 1.0847
v  -0.0911 -0.9251 1.2034
v  0.0566 -0.9251 1.1534
v  0.0276 -0.9480 1.0834
v  -0.1107 -0.9480 1.1302
v  0.1965 -0.9251 1.0847
v  0.1586 -0.9480 1.0191
v  -0.0014 -0.9710 1.0134
v  -0.1303 -0.9710 1.0570
v  -0.0304 -0.9940 0.9434
v  -0.1499 -0.9940 0.9838
v  0.1207 -0.9710 0.9534
v  0.0828 -0.9940 0.8878
v  -0.2538 -0.9480 1.1588
v  -0.2637 -0.9710 1.0837
v  -0.2736 -0.9940 1.0086
v  -0.2440 -0.9251 1.2340
v  -0.7079 -0.9251 -1.0985
v  -0.8555 -0.9251 -1.0485
v  -0.8265 -0.9480 -0.9785
v  -0.6882 -0.9480 -1.0253
v  -0.9954 -0.9251 -0.9798
v  -0.9575 -0.9480 -0.9142
v  -0.7975 -0.9710 -0.9085
v  -0.6686 -0.9710 -0.9521
v  -0.7685 -0.9940 -0.8385
v  -0.6490 -0.9940 -0.8789
v  -0.9196 -0.9710 -0.8485
v  -0.8817 -0.9940 -0.7829
v  -0.5352 -0.9710 -0.9788
v  -0.5451 -0.9480 -1.0539
v  -0.5253 -0.9940 -0.9037
v  -0.5550 -0.9251 -1.1291
v  0.3895 -0.9480 0.8414
v  0.4431 -0.9251 0.8950
v  0.5460 -0.9251 0.7779
v  0.4859 -0.9480 0.7317
v  0.5671 -0.9480 0.6105
v  0.6328 -0.9251 0.6484
v  0.4258 -0.9710 0.6856
v  0.3359 -0.9710 0.7879
v  0.3656 -0.9940 0.6395
v  0.2824 -0.9940 0.7343
v  0.5015 -0.9710 0.5726
v  0.4359 -0.9940 0.5347
v  0.2337 -0.9710 0.8777
v  0.2798 -0.9480 0.9378
v  0.1876 -0.9940 0.8175
v  0.3260 -0.9251 0.9979
v  -1.1884 -0.9480 -0.7365
v  -1.2420 -0.9251 -0.7901
v  -1.3449 -0.9251 -0.6730
v  -1.2848 -0.9480 -0.6268
v  -1.4317 -0.9251 -0.5435
v  -1.3661 -0.9480 -0.5056
v  -1.2247 -0.9710 -0.5807
v  -1.1349 -0.9710 -0.6830
v  -1.1646 -0.9940 -0.5346
v  -1.0813 -0.9940 -0.6294
v  -1.3004 -0.9710 -0.4677
v  -1.2348 -0.9940 -0.4298
v  -1.0326 -0.9710 -0.7728
v  -1.0788 -0.9480 -0.8329
v  -0.9865 -0.9940 -0.7126
v  -1.1249 -0.9251 -0.8930
v  0.7069 -0.9480 0.1981
v  0.6783 -0.9480 0.3412
v  0.7515 -0.9251 0.3609
v  0.7821 -0.9251 0.2080
v  0.7925 -0.9251 0.0524
v  0.7167 -0.9480 0.0524
v  0.6318 -0.9710 0.1882
v  0.6051 -0.9710 0.3216
v  0.5567 -0.9940 0.1783
v  0.5319 -0.9940 0.3020
v  0.6409 -0.9710 0.0524
v  0.5651 -0.9940 0.0524
v  0.5615 -0.9710 0.4505
v  0.6315 -0.9480 0.4795
v  0.4915 -0.9940 0.4215
v  0.7015 -0.9251 0.5085
v  -1.5810 -0.9251 -0.1031
v  -1.5058 -0.9480 -0.0932
v  -1.4772 -0.9480 -0.2363
v  -1.5504 -0.9251 -0.2560
v  -1.5156 -0.9480 0.0524
v  -1.5914 -0.9251 0.0524
v  -1.4040 -0.9710 -0.2167
v  -1.4307 -0.9710 -0.0833
v  -1.3556 -0.9940 -0.0734
v  -1.3308 -0.9940 -0.1971
v  -1.4398 -0.9710 0.0524
v  -1.3640 -0.9940 0.0524
v  -1.3604 -0.9710 -0.3456
v  -1.4304 -0.9480 -0.3746
v  -1.2904 -0.9940 -0.3166
v  -1.5004 -0.9251 -0.4036
v  0.7015 -0.9251 -0.4036
v  0.6315 -0.9480 -0.3746
v  0.6783 -0.9480 -0.2363
v  0.7515 -0.9251 -0.2560
v  0.6328 -0.9251 -0.5435
v  0.5671 -0.9480 -0.5056
v  0.5615 -0.9710 -0.3456
v  0.6051 -0.9710 -0.2167
v  0.4915 -0.9940 -0.3166
v  0.5319 -0.9940 -0.1971
v  0.5015 -0.9710 -0.4677
v  0.4359 -0.9940 -0.4298
v  0.6318 -0.9710 -0.0833
v  0.7069 -0.9480 -0.0932
v  0.5567 -0.9940 -0.0734
v  0.7821 -0.9251 -0.1031
v  -1.5504 -0.9251 0.3609
v  -1.5004 -0.9251 0.5085
v  -1.4304 -0.9480 0.4795
v  -1.4772 -0.9480 0.3412
v  -1.4317 -0.9251 0.6484
v  -1.3661 -0.9480 0.6105
v  -1.3604 -0.9710 0.4505
v  -1.4040 -0.9710 0.3216
v  -1.3308 -0.9940 0.3020
v  -1.2904 -0.9940 0.4215
v  -1.3004 -0.9710 0.5726
v  -1.2348 -0.9940 0.5347
v  -1.4307 -0.9710 0.1882
v  -1.5058 -0.9480 0.1981
v  -1.3556 -0.9940 0.1783
v  -1.5810 -0.9251 0.2080
v  0.3895 -0.9480 -0.7365
v  0.4431 -0.9251 -0.7901
v  0.3260 -0.9251 -0.8930
v  0.2798 -0.9480 -0.8329
v  0.2337 -0.9710 -0.7728
v  0.3359 -0.9710 -0.6830
v  0.1876 -0.9940 -0.7126
v  0.2824 -0.9940 -0.6294
v  0.4258 -0.9710 -0.5807
v  0.4859 -0.9480 -0.6268
v  0.3656 -0.9940 -0.5346
v  0.5460 -0.9251 -0.6730
v  -1.1884 -0.9480 0.8414
v  -1.2420 -0.9251 0.8950
v  -1.1249 -0.9251 0.9979
v  -1.0788 -0.9480 0.9378
v  -1.0326 -0.9710 0.8777
v  -1.1349 -0.9710 0.7879
v  -0.9865 -0.9940 0.8175
v  -1.0813 -0.9940 0.7343
v  -1.2247 -0.9710 0.6856
v  -1.2848 -0.9480 0.7317
v  -1.1646 -0.9940 0.6395
v  -1.3449 -0.9251 0.7779
v  -0.0264 -0.9940 0.4979
v  -0.0251 -0.9940 0.2752
v  -0.1486 -0.9940 0.2853
v  -0.1489 -0.9940 0.5181
v  -0.0246 -0.9940 0.0524
v  -0.1484 -0.9940 0.0524
v  0.0960 -0.9940 0.2613
v  0.0927 -0.9940 0.4701
v  0.0973 -0.9940 0.0524
v  -0.2736 -0.9940 0.2915
v  -0.2736 -0.9940 0.5305
v  -0.3995 -0.9940 0.2936
v  -0.3995 -0.9940 0.5347
v  -0.2736 -0.9940 0.0524
v  -0.3995 -0.9940 0.0524
v  -0.2736 -0.9940 0.7695
v  -0.1494 -0.9940 0.7510
v  -0.3995 -0.9940 0.7759
v  -0.0283 -0.9940 0.7206
v  0.0881 -0.9940 0.6789
v  -0.7738 -0.9940 -0.1703
v  -0.6503 -0.9940 -0.1804
v  -0.6500 -0.9940 -0.4132
v  -0.7725 -0.9940 -0.3930
v  -0.6505 -0.9940 0.0524
v  -0.7743 -0.9940 0.0524
v  -0.8916 -0.9940 -0.3652
v  -0.8949 -0.9940 -0.1564
v  -0.8962 -0.9940 0.0524
v  -0.5253 -0.9940 -0.1866
v  -0.5253 -0.9940 -0.4256
v  -0.3995 -0.9940 -0.1887
v  -0.3995 -0.9940 -0.4298
v  -0.5253 -0.9940 0.0524
v  -0.5253 -0.9940 -0.6646
v  -0.6495 -0.9940 -0.6461
v  -0.3995 -0.9940 -0.6710
v  -0.7706 -0.9940 -0.6158
v  -0.8870 -0.9940 -0.5740
v  -0.0283 -0.9940 -0.6158
v  -0.1494 -0.9940 -0.6461
v  -0.1489 -0.9940 -0.4132
v  -0.0264 -0.9940 -0.3930
v  0.0927 -0.9940 -0.3652
v  0.0881 -0.9940 -0.5740
v  -0.2736 -0.9940 -0.4256
v  -0.2736 -0.9940 -0.6646
v  -0.2736 -0.9940 -0.1866
v  -0.1486 -0.9940 -0.1804
v  -0.0251 -0.9940 -0.1703
v  0.0960 -0.9940 -0.1564
v  -0.7706 -0.9940 0.7206
v  -0.6495 -0.9940 0.7510
v  -0.6500 -0.9940 0.5181
v  -0.7725 -0.9940 0.4979
v  -0.8916 -0.9940 0.4701
v  -0.8870 -0.9940 0.6789
v  -0.5253 -0.9940 0.5305
v  -0.5253 -0.9940 0.7695
v  -0.6503 -0.9940 0.2853
v  -0.5253 -0.9940 0.2915
v  -0.7738 -0.9940 0.2752
v  -0.8949 -0.9940 0.2613
v  -1.1171 -0.9940 -0.2893
v  -1.2247 -0.9940 -0.2442
v  -1.2424 -0.9940 -0.0964
v  -1.1284 -0.9940 -0.1185
v  -1.2487 -0.9940 0.0524
v  -1.1327 -0.9940 0.0524
v  -1.0128 -0.9940 -0.1388
v  -1.0062 -0.9940 -0.3301
v  -1.0155 -0.9940 0.0524
v  -0.9970 -0.9940 -0.5214
v  -1.1005 -0.9940 -0.4594
v  -1.1971 -0.9940 -0.3899
v  -1.1005 -0.9940 0.5643
v  -0.9970 -0.9940 0.6263
v  -1.0062 -0.9940 0.4350
v  -1.1171 -0.9940 0.3941
v  -1.0128 -0.9940 0.2437
v  -1.1284 -0.9940 0.2234
v  -1.2424 -0.9940 0.2013
v  -1.2247 -0.9940 0.3491
v  -1.1971 -0.9940 0.4948
v  0.1981 -0.9940 -0.5214
v  0.2073 -0.9940 -0.3301
v  0.3182 -0.9940 -0.2893
v  0.3016 -0.9940 -0.4594
v  0.2139 -0.9940 -0.1388
v  0.3295 -0.9940 -0.1185
v  0.2166 -0.9940 0.0524
v  0.3338 -0.9940 0.0524
v  0.4435 -0.9940 -0.0964
v  0.4258 -0.9940 -0.2442
v  0.4498 -0.9940 0.0524
v  0.3982 -0.9940 -0.3899
v  0.4258 -0.9940 0.3491
v  0.4435 -0.9940 0.2013
v  0.3295 -0.9940 0.2234
v  0.3182 -0.9940 0.3942
v  0.2139 -0.9940 0.2437
v  0.2073 -0.9940 0.4350
v  0.1981 -0.9940 0.6263
v  0.3016 -0.9940 0.5643
v  0.3982 -0.9940 0.4948
v  0.0423 -1.0519 -0.3074
v  0.0447 -1.0519 -0.3917
v  0.1295 -1.0519 -0.4765
v  0.1845 -1.0519 -0.3989
v  0.2311 -1.0519 -0.3116
v  0.0667 -1.0519 -0.2167
v  -0.1096 -1.0519 -0.2374
v  -0.0396 -1.0519 -0.3893
v  -0.2339 -1.0519 -0.2343
v  -0.1303 -1.0519 -0.4137
v  -0.1127 -1.0519 -0.1131
v  -0.3995 -1.0519 0.0524
v  0.0519 -1.0519 -0.5315
v  -0.0354 -1.0519 -0.5781
v  -0.8412 -1.0519 0.4123
v  -0.8436 -1.0519 0.4966
v  -0.9284 -1.0519 0.5814
v  -0.9834 -1.0519 0.5038
v  -0.8656 -1.0519 0.3216
v  -1.0300 -1.0519 0.4165
v  -0.6893 -1.0519 0.3423
v  -0.7593 -1.0519 0.4942
v  -0.6686 -1.0519 0.5186
v  -0.5650 -1.0519 0.3392
v  -0.6862 -1.0519 0.2180
v  -0.8508 -1.0519 0.6364
v  -0.7635 -1.0519 0.6830
v  -0.2369 -1.0519 -0.5542
v  -0.2059 -1.0519 -0.6701
v  -0.1194 -1.0519 -0.6304
v  -0.1968 -1.0519 -0.4801
v  -0.2934 -1.0519 -0.3435
v  -0.3087 -1.0519 -0.5101
v  -0.3995 -1.0519 -0.4858
v  -0.3995 -1.0519 -0.2786
v  -0.3006 -1.0519 -0.6789
v  -0.3995 -1.0519 -0.6757
v  -0.5620 -1.0519 0.6591
v  -0.5931 -1.0519 0.7750
v  -0.6795 -1.0519 0.7353
v  -0.6021 -1.0519 0.5850
v  -0.5056 -1.0519 0.4484
v  -0.4902 -1.0519 0.6150
v  -0.3995 -1.0519 0.3835
v  -0.3995 -1.0519 0.5907
v  -0.4983 -1.0519 0.7838
v  -0.3995 -1.0519 0.7806
v  -0.2369 -1.0519 0.6591
v  -0.2059 -1.0519 0.7750
v  -0.3006 -1.0519 0.7838
v  -0.3087 -1.0519 0.6150
v  -0.2934 -1.0519 0.4484
v  -0.1968 -1.0519 0.5850
v  -0.2339 -1.0519 0.3392
v  -0.1303 -1.0519 0.5186
v  -0.1194 -1.0519 0.7353
v  -0.0354 -1.0519 0.6830
v  -0.4983 -1.0519 -0.6789
v  -0.4902 -1.0519 -0.5101
v  -0.5620 -1.0519 -0.5542
v  -0.5931 -1.0519 -0.6701
v  -0.5056 -1.0519 -0.3435
v  -0.6021 -1.0519 -0.4801
v  -0.5650 -1.0519 -0.2343
v  -0.6686 -1.0519 -0.4137
v  -0.6795 -1.0519 -0.6304
v  -0.7635 -1.0519 -0.5781
v  0.0519 -1.0519 0.6364
v  -0.0396 -1.0519 0.4942
v  0.0447 -1.0519 0.4966
v  0.1295 -1.0519 0.5814
v  -0.1096 -1.0519 0.3423
v  0.0423 -1.0519 0.4123
v  -0.1127 -1.0519 0.2180
v  0.0667 -1.0519 0.3216
v  0.1845 -1.0519 0.5038
v  0.2311 -1.0519 0.4165
v  -0.9284 -1.0519 -0.4765
v  -0.8508 -1.0519 -0.5315
v  -0.7593 -1.0519 -0.3893
v  -0.8436 -1.0519 -0.3917
v  -0.6893 -1.0519 -0.2374
v  -0.8412 -1.0519 -0.3074
v  -0.6862 -1.0519 -0.1131
v  -0.8656 -1.0519 -0.2167
v  -0.9834 -1.0519 -0.3989
v  -1.0300 -1.0519 -0.3116
v  0.2072 -1.0519 0.2150
v  0.3231 -1.0519 0.2460
v  0.2834 -1.0519 0.3325
v  0.1331 -1.0519 0.2551
v  -0.0035 -1.0519 0.1585
v  0.1631 -1.0519 0.1432
v  -0.0684 -1.0519 0.0524
v  0.1388 -1.0519 0.0524
v  0.3319 -1.0519 0.1513
v  0.3287 -1.0519 0.0524
v  -1.1220 -1.0519 -0.1411
v  -1.0823 -1.0519 -0.2276
v  -0.9320 -1.0519 -0.1502
v  -1.0062 -1.0519 -0.1101
v  -0.7954 -1.0519 -0.0537
v  -0.9620 -1.0519 -0.0383
v  -0.9377 -1.0519 0.0524
v  -0.7306 -1.0519 0.0524
v  -1.1308 -1.0519 -0.0464
v  -1.1276 -1.0519 0.0524
v  0.3231 -1.0519 -0.1411
v  0.3319 -1.0519 -0.0464
v  0.1631 -1.0519 -0.0383
v  0.2072 -1.0519 -0.1101
v  -0.0035 -1.0519 -0.0537
v  0.1331 -1.0519 -0.1502
v  0.2834 -1.0519 -0.2276
v  -1.1308 -1.0519 0.1513
v  -0.9620 -1.0519 0.1432
v  -1.0062 -1.0519 0.2150
v  -1.1220 -1.0519 0.2460
v  -0.7954 -1.0519 0.1585
v  -0.9320 -1.0519 0.2551
v  -1.0823 -1.0519 0.3325
# 1618 vertices

vn 0.4996 0.7077 0.4996
vn 0.5600 0.7077 0.4307
vn 0.7195 0.4195 0.5534
vn 0.6419 0.4194 0.6419
vn 0.7926 0.0000 0.6097
vn 0.7071 0.0000 0.7071
vn 0.6117 0.7079 0.3531
vn 0.7861 0.4197 0.4538
vn 0.8660 0.0000 0.5000
vn 0.5534 0.4195 0.7195
vn 0.4307 0.7077 0.5600
vn 0.4538 0.4197 0.7861
vn 0.3531 0.7079 0.6117
vn 0.6097 0.0000 0.7926
vn 0.5000 0.0000 0.8660
vn 0.2938 0.9095 0.2938
vn 0.2533 0.9096 0.3293
vn -0.0062 0.9999 -0.0080
vn -0.0071 0.9999 -0.0071
vn 0.2076 0.9097 0.3596
vn -0.0052 0.9999 -0.0090
vn 0.3293 0.9096 0.2533
vn 0.3596 0.9097 0.2076
vn -0.0080 0.9999 -0.0062
vn -0.0090 0.9999 -0.0052
vn 0.4996 -0.7077 0.4996
vn 0.4307 -0.7077 0.5600
vn 0.5534 -0.4195 0.7195
vn 0.6419 -0.4194 0.6419
vn 0.3531 -0.7079 0.6117
vn 0.4538 -0.4197 0.7861
vn 0.7195 -0.4195 0.5534
vn 0.5600 -0.7077 0.4307
vn 0.7861 -0.4197 0.4538
vn 0.6117 -0.7079 0.3531
vn 0.3293 -0.9096 0.2533
vn 0.2938 -0.9095 0.2938
vn -0.0080 -0.9999 -0.0062
vn -0.0071 -0.9999 -0.0071
vn 0.3596 -0.9097 0.2076
vn -0.0090 -0.9999 -0.0052
vn 0.2533 -0.9096 0.3293
vn 0.2076 -0.9097 0.3596
vn -0.0062 -0.9999 -0.0080
vn -0.0052 -0.9999 -0.0090
vn -0.4348 0.7009 -0.5653
vn -0.5550 0.4137 -0.7216
vn -0.6438 0.4137 -0.6438
vn -0.5043 0.7009 -0.5043
vn -0.6097 0.0000 -0.7926
vn -0.7071 0.0000 -0.7071
vn -0.4552 0.4137 -0.7884
vn -0.3566 0.7009 -0.6177
vn -0.5000 0.0000 -0.8660
vn -0.7216 0.4137 -0.5550
vn -0.5653 0.7009 -0.4348
vn -0.6177 0.7009 -0.3566
vn -0.7884 0.4137 -0.4552
vn -0.7926 0.0000 -0.6097
vn -0.8660 0.0000 -0.5000
vn -0.3395 0.9036 -0.2611
vn -0.3028 0.9037 -0.3028
vn -0.3710 0.9036 -0.2142
vn -0.2611 0.9036 -0.3395
vn -0.2142 0.9036 -0.3710
vn -0.6438 -0.4137 -0.6438
vn -0.5043 -0.7009 -0.5043
vn -0.5653 -0.7009 -0.4348
vn -0.7216 -0.4137 -0.5550
vn -0.6177 -0.7009 -0.3566
vn -0.7884 -0.4137 -0.4552
vn -0.5550 -0.4137 -0.7216
vn -0.4348 -0.7009 -0.5653
vn -0.4552 -0.4137 -0.7884
vn -0.3566 -0.7009 -0.6177
vn -0.2611 -0.9036 -0.3395
vn -0.3028 -0.9037 -0.3028
vn -0.2142 -0.9036 -0.3710
vn -0.3395 -0.9036 -0.2611
vn -0.3710 -0.9036 -0.2142
vn 0.1828 0.7077 0.6825
vn 0.2696 0.7077 0.6530
vn 0.3464 0.4195 0.8390
vn 0.2349 0.4194 0.8768
vn 0.3816 0.0000 0.9243
vn 0.2588 0.0000 0.9659
vn 0.0930 0.7077 0.7003
vn 0.1195 0.4195 0.8998
vn 0.0000 0.7079 0.7063
vn 0.0000 0.4197 0.9077
vn 0.1317 0.0000 0.9913
vn 0.0000 0.0000 1.0000
vn 0.0547 0.9096 0.4118
vn 0.1075 0.9095 0.4014
vn -0.0013 0.9999 -0.0100
vn -0.0026 0.9999 -0.0097
vn 0.0000 0.9097 0.4152
vn 0.0000 0.9999 -0.0104
vn 0.1585 0.9096 0.3840
vn -0.0038 0.9999 -0.0094
vn 0.2349 -0.4194 0.8768
vn 0.1828 -0.7077 0.6825
vn 0.0930 -0.7077 0.7003
vn 0.1195 -0.4195 0.8998
vn 0.0000 -0.7079 0.7063
vn 0.0000 -0.4197 0.9077
vn 0.3464 -0.4195 0.8390
vn 0.2696 -0.7077 0.6530
vn 0.1585 -0.9096 0.3840
vn 0.1075 -0.9095 0.4014
vn -0.0038 -0.9999 -0.0094
vn -0.0026 -0.9999 -0.0097
vn 0.0547 -0.9096 0.4118
vn 0.0000 -0.9097 0.4152
vn -0.0013 -0.9999 -0.0100
vn 0.0000 -0.9999 -0.0104
vn -0.1846 0.7009 -0.6889
vn -0.0939 0.7009 -0.7070
vn -0.1198 0.4137 -0.9025
vn -0.2356 0.4137 -0.8794
vn -0.2588 0.0000 -0.9659
vn -0.1317 0.0000 -0.9913
vn 0.0000 0.7009 -0.7132
vn 0.0000 0.4137 -0.9104
vn 0.0000 0.0000 -1.0000
vn -0.3474 0.4137 -0.8415
vn -0.2722 0.7009 -0.6592
vn -0.3816 0.0000 -0.9243
vn -0.1108 0.9037 -0.4136
vn -0.1634 0.9036 -0.3959
vn -0.0564 0.9036 -0.4245
vn 0.0000 0.9036 -0.4284
vn -0.1846 -0.7009 -0.6889
vn -0.2722 -0.7009 -0.6592
vn -0.3474 -0.4137 -0.8415
vn -0.2356 -0.4137 -0.8794
vn -0.1198 -0.4137 -0.9025
vn -0.0939 -0.7009 -0.7070
vn 0.0000 -0.4137 -0.9104
vn 0.0000 -0.7009 -0.7132
vn -0.0564 -0.9036 -0.4245
vn -0.1108 -0.9037 -0.4136
vn 0.0000 -0.9036 -0.4284
vn -0.1634 -0.9036 -0.3959
vn -0.1828 0.7077 0.6824
vn -0.0930 0.7077 0.7003
vn -0.1195 0.4195 0.8998
vn -0.2349 0.4194 0.8768
vn -0.2588 0.0000 0.9659
vn -0.1317 0.0000 0.9913
vn -0.2696 0.7077 0.6530
vn -0.3464 0.4195 0.8390
vn -0.4538 0.4197 0.7861
vn -0.3531 0.7079 0.6117
vn -0.3816 0.0000 0.9243
vn -0.5000 0.0000 0.8660
vn -0.1075 0.9095 0.4014
vn -0.1585 0.9096 0.3840
vn 0.0038 0.9999 -0.0094
vn 0.0026 0.9999 -0.0097
vn -0.2076 0.9097 0.3596
vn 0.0052 0.9999 -0.0090
vn -0.0547 0.9096 0.4118
vn 0.0013 0.9999 -0.0100
vn -0.3464 -0.4195 0.8390
vn -0.2349 -0.4194 0.8768
vn -0.1828 -0.7077 0.6825
vn -0.2696 -0.7077 0.6530
vn -0.4538 -0.4197 0.7861
vn -0.3531 -0.7079 0.6117
vn -0.1195 -0.4195 0.8998
vn -0.0930 -0.7077 0.7003
vn -0.0547 -0.9096 0.4118
vn -0.1075 -0.9095 0.4014
vn 0.0013 -0.9999 -0.0100
vn 0.0026 -0.9999 -0.0097
vn -0.1585 -0.9096 0.3840
vn -0.2076 -0.9097 0.3596
vn 0.0038 -0.9999 -0.0094
vn 0.0052 -0.9999 -0.0090
vn 0.1846 0.7009 -0.6889
vn 0.2722 0.7009 -0.6592
vn 0.3474 0.4137 -0.8415
vn 0.2356 0.4137 -0.8794
vn 0.3816 0.0000 -0.9243
vn 0.2588 0.0000 -0.9659
vn 0.3566 0.7009 -0.6177
vn 0.4552 0.4137 -0.7884
vn 0.5000 0.0000 -0.8660
vn 0.1198 0.4137 -0.9025
vn 0.0939 0.7009 -0.7070
vn 0.1317 0.0000 -0.9913
vn 0.0564 0.9036 -0.4245
vn 0.1108 0.9037 -0.4136
vn 0.1634 0.9036 -0.3959
vn 0.2142 0.9036 -0.3710
vn 0.1846 -0.7009 -0.6889
vn 0.0939 -0.7009 -0.7070
vn 0.1198 -0.4137 -0.9025
vn 0.2356 -0.4137 -0.8794
vn 0.2722 -0.7009 -0.6592
vn 0.3474 -0.4137 -0.8415
vn 0.3566 -0.7009 -0.6177
vn 0.4552 -0.4137 -0.7884
vn 0.1634 -0.9036 -0.3959
vn 0.1108 -0.9037 -0.4136
vn 0.2142 -0.9036 -0.3710
vn 0.0564 -0.9036 -0.4245
vn -0.6419 0.4194 0.6419
vn -0.4996 0.7077 0.4996
vn -0.4307 0.7077 0.5600
vn -0.5534 0.4195 0.7195
vn -0.6097 0.0000 0.7926
vn -0.7071 0.0000 0.7071
vn -0.7195 0.4195 0.5534
vn -0.5600 0.7077 0.4307
vn -0.6117 0.7079 0.3531
vn -0.7861 0.4197 0.4538
vn -0.7926 0.0000 0.6097
vn -0.8660 0.0000 0.5000
vn -0.3293 0.9096 0.2533
vn -0.2938 0.9095 0.2938
vn 0.0071 0.9999 -0.0071
vn 0.0080 0.9999 -0.0062
vn -0.3596 0.9097 0.2076
vn 0.0090 0.9999 -0.0052
vn -0.2533 0.9096 0.3293
vn 0.0062 0.9999 -0.0080
vn -0.4996 -0.7077 0.4996
vn -0.5600 -0.7077 0.4307
vn -0.7195 -0.4195 0.5534
vn -0.6419 -0.4194 0.6419
vn -0.7861 -0.4197 0.4538
vn -0.6117 -0.7079 0.3531
vn -0.5534 -0.4195 0.7195
vn -0.4307 -0.7077 0.5600
vn -0.2938 -0.9095 0.2938
vn -0.2533 -0.9096 0.3293
vn 0.0062 -0.9999 -0.0080
vn 0.0071 -0.9999 -0.0071
vn -0.3293 -0.9096 0.2533
vn -0.3596 -0.9097 0.2076
vn 0.0080 -0.9999 -0.0062
vn 0.0090 -0.9999 -0.0052
vn 0.7216 0.4137 -0.5550
vn 0.6438 0.4137 -0.6438
vn 0.5043 0.7009 -0.5043
vn 0.5653 0.7009 -0.4348
vn 0.7071 0.0000 -0.7071
vn 0.7926 0.0000 -0.6096
vn 0.6177 0.7009 -0.3566
vn 0.7884 0.4137 -0.4552
vn 0.8660 0.0000 -0.5000
vn 0.5550 0.4137 -0.7216
vn 0.4348 0.7009 -0.5653
vn 0.6097 0.0000 -0.7926
vn 0.2611 0.9036 -0.3395
vn 0.3028 0.9037 -0.3028
vn 0.3395 0.9036 -0.2611
vn 0.3710 0.9036 -0.2142
vn 0.5043 -0.7009 -0.5043
vn 0.4348 -0.7009 -0.5653
vn 0.5550 -0.4137 -0.7216
vn 0.6438 -0.4137 -0.6438
vn 0.5653 -0.7009 -0.4348
vn 0.7216 -0.4137 -0.5550
vn 0.7884 -0.4137 -0.4552
vn 0.6177 -0.7009 -0.3566
vn 0.3028 -0.9037 -0.3028
vn 0.3395 -0.9036 -0.2611
vn 0.3710 -0.9036 -0.2142
vn 0.2611 -0.9036 -0.3395
vn -0.8390 0.4195 0.3464
vn -0.8768 0.4194 0.2349
vn -0.6825 0.7077 0.1828
vn -0.6530 0.7077 0.2696
vn -0.9243 0.0000 0.3816
vn -0.9659 0.0000 0.2588
vn -0.7003 0.7077 0.0930
vn -0.8998 0.4195 0.1195
vn -0.9077 0.4197 0.0000
vn -0.7063 0.7079 0.0000
vn -0.9913 0.0000 0.1317
vn -1.0000 0.0000 0.0000
vn -0.4118 0.9096 0.0547
vn -0.4014 0.9095 0.1075
vn 0.0100 0.9999 -0.0013
vn 0.0097 0.9999 -0.0026
vn -0.4152 0.9097 0.0000
vn 0.0104 0.9999 0.0000
vn -0.3840 0.9096 0.1585
vn 0.0094 0.9999 -0.0038
vn -0.6825 -0.7077 0.1828
vn -0.7003 -0.7077 0.0930
vn -0.8998 -0.4195 0.1195
vn -0.8768 -0.4194 0.2349
vn -0.7063 -0.7079 0.0000
vn -0.9077 -0.4197 0.0000
vn -0.8390 -0.4195 0.3464
vn -0.6530 -0.7077 0.2696
vn -0.3840 -0.9096 0.1585
vn -0.4014 -0.9095 0.1075
vn 0.0097 -0.9999 -0.0026
vn 0.0094 -0.9999 -0.0038
vn -0.4118 -0.9096 0.0547
vn -0.4152 -0.9097 0.0000
vn 0.0100 -0.9999 -0.0013
vn 0.0104 -0.9999 0.0000
vn 0.9025 0.4137 -0.1198
vn 0.8794 0.4137 -0.2356
vn 0.6889 0.7009 -0.1846
vn 0.7070 0.7009 -0.0939
vn 0.9913 0.0000 -0.1317
vn 0.9659 0.0000 -0.2588
vn 0.9104 0.4137 0.0000
vn 0.7132 0.7009 0.0000
vn 1.0000 0.0000 0.0000
vn 0.8415 0.4137 -0.3474
vn 0.6592 0.7009 -0.2722
vn 0.9243 0.0000 -0.3816
vn 0.3959 0.9036 -0.1634
vn 0.4136 0.9037 -0.1108
vn 0.4245 0.9036 -0.0564
vn 0.4284 0.9036 0.0000
vn 0.6889 -0.7009 -0.1846
vn 0.6592 -0.7009 -0.2722
vn 0.8415 -0.4137 -0.3474
vn 0.8794 -0.4137 -0.2356
vn 0.9025 -0.4137 -0.1198
vn 0.7070 -0.7009 -0.0939
vn 0.9104 -0.4137 0.0000
vn 0.7132 -0.7009 0.0000
vn 0.4245 -0.9036 -0.0564
vn 0.4136 -0.9037 -0.1108
vn 0.4284 -0.9036 0.0000
vn 0.3959 -0.9036 -0.1634
vn -0.6825 0.7077 -0.1828
vn -0.7003 0.7077 -0.0930
vn -0.8998 0.4195 -0.1195
vn -0.8768 0.4194 -0.2349
vn -0.9913 0.0000 -0.1317
vn -0.9659 0.0000 -0.2588
vn -0.6530 0.7077 -0.2696
vn -0.8390 0.4195 -0.3464
vn -0.7861 0.4197 -0.4538
vn -0.6117 0.7079 -0.3531
vn -0.9243 0.0000 -0.3816
vn -0.3840 0.9096 -0.1585
vn -0.4014 0.9095 -0.1075
vn 0.0094 0.9999 0.0038
vn 0.0097 0.9999 0.0026
vn -0.3596 0.9097 -0.2076
vn 0.0090 0.9999 0.0052
vn -0.4118 0.9096 -0.0547
vn 0.0100 0.9999 0.0013
vn -0.8390 -0.4195 -0.3464
vn -0.8768 -0.4194 -0.2349
vn -0.6825 -0.7077 -0.1828
vn -0.6530 -0.7077 -0.2696
vn -0.6117 -0.7079 -0.3531
vn -0.7861 -0.4197 -0.4538
vn -0.7003 -0.7077 -0.0930
vn -0.8998 -0.4195 -0.1195
vn -0.4118 -0.9096 -0.0547
vn -0.4014 -0.9095 -0.1075
vn 0.0100 -0.9999 0.0013
vn 0.0097 -0.9999 0.0026
vn -0.3840 -0.9096 -0.1585
vn -0.3596 -0.9097 -0.2076
vn 0.0094 -0.9999 0.0038
vn 0.0090 -0.9999 0.0052
vn 0.6889 0.7009 0.1846
vn 0.6592 0.7009 0.2722
vn 0.8415 0.4137 0.3474
vn 0.8794 0.4137 0.2356
vn 0.9243 0.0000 0.3816
vn 0.9659 0.0000 0.2588
vn 0.6177 0.7009 0.3566
vn 0.7884 0.4137 0.4552
vn 0.9025 0.4137 0.1198
vn 0.7070 0.7009 0.0939
vn 0.9913 0.0000 0.1317
vn 0.4136 0.9037 0.1108
vn 0.4245 0.9036 0.0564
vn 0.3959 0.9036 0.1634
vn 0.3710 0.9036 0.2142
vn 0.7070 -0.7009 0.0939
vn 0.9025 -0.4137 0.1198
vn 0.8794 -0.4137 0.2356
vn 0.6889 -0.7009 0.1846
vn 0.6592 -0.7009 0.2722
vn 0.8415 -0.4137 0.3474
vn 0.7884 -0.4137 0.4552
vn 0.6177 -0.7009 0.3566
vn 0.3959 -0.9036 0.1634
vn 0.4136 -0.9037 0.1108
vn 0.3710 -0.9036 0.2142
vn 0.4245 -0.9036 0.0564
vn -0.7195 0.4195 -0.5534
vn -0.6419 0.4194 -0.6419
vn -0.4996 0.7077 -0.4996
vn -0.5600 0.7077 -0.4307
vn -0.5534 0.4195 -0.7195
vn -0.4307 0.7077 -0.5600
vn -0.4538 0.4197 -0.7861
vn -0.3531 0.7079 -0.6117
vn -0.2533 0.9096 -0.3293
vn -0.2938 0.9095 -0.2938
vn 0.0062 0.9999 0.0080
vn 0.0071 0.9999 0.0071
vn -0.2076 0.9097 -0.3596
vn 0.0052 0.9999 0.0090
vn -0.3293 0.9096 -0.2533
vn 0.0080 0.9999 0.0062
vn -0.4996 -0.7077 -0.4996
vn -0.4307 -0.7077 -0.5600
vn -0.5534 -0.4195 -0.7195
vn -0.6419 -0.4194 -0.6419
vn -0.3531 -0.7079 -0.6117
vn -0.4538 -0.4197 -0.7861
vn -0.5600 -0.7077 -0.4307
vn -0.7195 -0.4195 -0.5534
vn -0.3293 -0.9096 -0.2533
vn -0.2938 -0.9095 -0.2938
vn 0.0080 -0.9999 0.0062
vn 0.0071 -0.9999 0.0071
vn -0.2533 -0.9096 -0.3293
vn -0.2076 -0.9097 -0.3596
vn 0.0062 -0.9999 0.0080
vn 0.0052 -0.9999 0.0090
vn 0.5550 0.4137 0.7216
vn 0.6438 0.4137 0.6438
vn 0.5043 0.7009 0.5043
vn 0.4348 0.7009 0.5653
vn 0.4552 0.4137 0.7884
vn 0.3566 0.7009 0.6177
vn 0.7216 0.4137 0.5550
vn 0.5653 0.7009 0.4348
vn 0.3395 0.9036 0.2611
vn 0.3028 0.9037 0.3028
vn 0.2611 0.9036 0.3395
vn 0.2142 0.9036 0.3710
vn 0.5043 -0.7009 0.5043
vn 0.5653 -0.7009 0.4348
vn 0.7216 -0.4137 0.5550
vn 0.6438 -0.4137 0.6438
vn 0.5550 -0.4137 0.7216
vn 0.4348 -0.7009 0.5653
vn 0.4552 -0.4137 0.7884
vn 0.3566 -0.7009 0.6177
vn 0.2611 -0.9036 0.3395
vn 0.3028 -0.9037 0.3028
vn 0.2142 -0.9036 0.3710
vn 0.3395 -0.9036 0.2611
vn -0.2696 0.7077 -0.6530
vn -0.3464 0.4195 -0.8390
vn -0.2349 0.4194 -0.8768
vn -0.1828 0.7077 -0.6825
vn -0.1195 0.4195 -0.8998
vn -0.0930 0.7077 -0.7003
vn 0.0000 0.4197 -0.9077
vn 0.0000 0.7079 -0.7063
vn -0.0547 0.9096 -0.4118
vn -0.1075 0.9095 -0.4014
vn 0.0013 0.9999 0.0100
vn 0.0026 0.9999 0.0097
vn 0.0000 0.9097 -0.4152
vn 0.0000 0.9999 0.0104
vn -0.1585 0.9096 -0.3840
vn 0.0038 0.9999 0.0094
vn -0.1828 -0.7077 -0.6825
vn -0.0930 -0.7077 -0.7003
vn -0.1195 -0.4195 -0.8998
vn -0.2349 -0.4194 -0.8768
vn 0.0000 -0.4197 -0.9077
vn 0.0000 -0.7079 -0.7063
vn -0.3464 -0.4195 -0.8390
vn -0.2696 -0.7077 -0.6530
vn -0.1075 -0.9095 -0.4014
vn -0.1585 -0.9096 -0.3840
vn 0.0038 -0.9999 0.0094
vn 0.0026 -0.9999 0.0097
vn -0.0547 -0.9096 -0.4118
vn 0.0000 -0.9097 -0.4152
vn 0.0013 -0.9999 0.0100
vn 0.0000 -0.9999 0.0104
vn 0.0939 0.7009 0.7070
vn 0.1198 0.4137 0.9025
vn 0.2356 0.4137 0.8794
vn 0.1846 0.7009 0.6889
vn 0.0000 0.7009 0.7132
vn 0.0000 0.4137 0.9104
vn 0.3474 0.4137 0.8415
vn 0.2722 0.7009 0.6592
vn 0.1634 0.9036 0.3959
vn 0.1108 0.9037 0.4136
vn 0.0564 0.9036 0.4245
vn 0.0000 0.9036 0.4284
vn 0.1846 -0.7009 0.6889
vn 0.2722 -0.7009 0.6592
vn 0.3474 -0.4137 0.8415
vn 0.2356 -0.4137 0.8794
vn 0.1198 -0.4137 0.9025
vn 0.0939 -0.7009 0.7070
vn 0.0000 -0.4137 0.9104
vn 0.0000 -0.7009 0.7132
vn 0.0564 -0.9036 0.4245
vn 0.1108 -0.9037 0.4136
vn 0.0000 -0.9036 0.4284
vn 0.1634 -0.9036 0.3959
vn 0.0930 0.7077 -0.7003
vn 0.1195 0.4195 -0.8998
vn 0.2349 0.4194 -0.8768
vn 0.1828 0.7077 -0.6825
vn 0.3464 0.4195 -0.8390
vn 0.2696 0.7077 -0.6530
vn 0.4538 0.4197 -0.7861
vn 0.3531 0.7079 -0.6117
vn 0.1585 0.9096 -0.3840
vn 0.1075 0.9095 -0.4014
vn -0.0038 0.9999 0.0094
vn -0.0026 0.9999 0.0097
vn 0.2076 0.9097 -0.3596
vn -0.0052 0.9999 0.0090
vn 0.0547 0.9096 -0.4118
vn -0.0013 0.9999 0.0100
vn 0.2349 -0.4194 -0.8768
vn 0.1828 -0.7077 -0.6825
vn 0.2696 -0.7077 -0.6530
vn 0.3464 -0.4195 -0.8390
vn 0.3531 -0.7079 -0.6117
vn 0.4538 -0.4197 -0.7861
vn 0.1195 -0.4195 -0.8998
vn 0.0930 -0.7077 -0.7003
vn 0.0547 -0.9096 -0.4118
vn 0.1075 -0.9095 -0.4014
vn -0.0026 -0.9999 0.0097
vn -0.0013 -0.9999 0.0100
vn 0.1585 -0.9096 -0.3840
vn 0.2076 -0.9097 -0.3596
vn -0.0038 -0.9999 0.0094
vn -0.0052 -0.9999 0.0090
vn -0.2722 0.7009 0.6592
vn -0.3474 0.4137 0.8415
vn -0.2356 0.4137 0.8794
vn -0.1846 0.7009 0.6889
vn -0.3566 0.7009 0.6177
vn -0.4552 0.4137 0.7884
vn -0.1198 0.4137 0.9025
vn -0.0939 0.7009 0.7070
vn -0.0564 0.9036 0.4245
vn -0.1108 0.9037 0.4136
vn -0.1634 0.9036 0.3959
vn -0.2142 0.9036 0.3710
vn -0.0939 -0.7009 0.7070
vn -0.1198 -0.4137 0.9025
vn -0.2356 -0.4137 0.8794
vn -0.1846 -0.7009 0.6889
vn -0.3474 -0.4137 0.8415
vn -0.2722 -0.7009 0.6592
vn -0.4552 -0.4137 0.7884
vn -0.3566 -0.7009 0.6177
vn -0.1634 -0.9036 0.3959
vn -0.1108 -0.9037 0.4136
vn -0.2142 -0.9036 0.3710
vn -0.0564 -0.9036 0.4245
vn 0.4996 0.7077 -0.4996
vn 0.4307 0.7077 -0.5600
vn 0.5534 0.4195 -0.7195
vn 0.6419 0.4194 -0.6419
vn 0.7195 0.4195 -0.5534
vn 0.5600 0.7077 -0.4307
vn 0.7861 0.4197 -0.4538
vn 0.6117 0.7079 -0.3531
vn 0.7926 0.0000 -0.6097
vn 0.2938 0.9095 -0.2938
vn 0.3293 0.9096 -0.2533
vn -0.0080 0.9999 0.0062
vn -0.0071 0.9999 0.0071
vn 0.3596 0.9097 -0.2076
vn -0.0090 0.9999 0.0052
vn 0.2533 0.9096 -0.3293
vn -0.0062 0.9999 0.0080
vn 0.5600 -0.7077 -0.4307
vn 0.7195 -0.4195 -0.5534
vn 0.6419 -0.4194 -0.6419
vn 0.4996 -0.7077 -0.4996
vn 0.6117 -0.7079 -0.3531
vn 0.7861 -0.4197 -0.4538
vn 0.5534 -0.4195 -0.7195
vn 0.4307 -0.7077 -0.5600
vn 0.2533 -0.9096 -0.3293
vn 0.2938 -0.9095 -0.2938
vn -0.0062 -0.9999 0.0080
vn -0.0071 -0.9999 0.0071
vn 0.3293 -0.9096 -0.2533
vn 0.3596 -0.9097 -0.2076
vn -0.0080 -0.9999 0.0062
vn -0.0090 -0.9999 0.0052
vn -0.5043 0.7009 0.5043
vn -0.5653 0.7009 0.4348
vn -0.7216 0.4137 0.5550
vn -0.6438 0.4137 0.6438
vn -0.7884 0.4137 0.4552
vn -0.6177 0.7009 0.3566
vn -0.5550 0.4137 0.7216
vn -0.4348 0.7009 0.5653
vn -0.2611 0.9036 0.3395
vn -0.3028 0.9037 0.3028
vn -0.3395 0.9036 0.2611
vn -0.3710 0.9036 0.2142
vn -0.5550 -0.4137 0.7216
vn -0.6438 -0.4137 0.6438
vn -0.5043 -0.7009 0.5043
vn -0.4348 -0.7009 0.5653
vn -0.5653 -0.7009 0.4348
vn -0.7216 -0.4137 0.5550
vn -0.7884 -0.4137 0.4552
vn -0.6177 -0.7009 0.3566
vn -0.3395 -0.9036 0.2611
vn -0.3028 -0.9037 0.3028
vn -0.3710 -0.9036 0.2142
vn -0.2611 -0.9036 0.3395
vn 0.6825 0.7077 -0.1828
vn 0.6530 0.7077 -0.2696
vn 0.8390 0.4195 -0.3464
vn 0.8768 0.4194 -0.2349
vn 0.8998 0.4195 -0.1195
vn 0.7003 0.7077 -0.0930
vn 0.9077 0.4197 0.0000
vn 0.7063 0.7079 0.0000
vn 0.4118 0.9096 -0.0547
vn 0.4014 0.9095 -0.1075
vn -0.0097 0.9999 0.0026
vn -0.0100 0.9999 0.0013
vn 0.4152 0.9097 0.0000
vn -0.0104 0.9999 0.0000
vn 0.3840 0.9096 -0.1585
vn -0.0094 0.9999 0.0038
vn 0.6825 -0.7077 -0.1828
vn 0.7003 -0.7077 -0.0930
vn 0.8998 -0.4195 -0.1195
vn 0.8768 -0.4194 -0.2349
vn 0.7063 -0.7079 0.0000
vn 0.9077 -0.4197 0.0000
vn 0.8390 -0.4195 -0.3464
vn 0.6530 -0.7077 -0.2696
vn 0.3840 -0.9096 -0.1585
vn 0.4014 -0.9095 -0.1075
vn -0.0094 -0.9999 0.0038
vn -0.0097 -0.9999 0.0026
vn 0.4118 -0.9096 -0.0547
vn 0.4152 -0.9097 0.0000
vn -0.0100 -0.9999 0.0013
vn -0.0104 -0.9999 0.0000
vn -0.7070 0.7009 0.0939
vn -0.9025 0.4137 0.1198
vn -0.8794 0.4137 0.2356
vn -0.6889 0.7009 0.1846
vn -0.7132 0.7009 0.0000
vn -0.9104 0.4137 0.0000
vn -0.8415 0.4137 0.3474
vn -0.6592 0.7009 0.2722
vn -0.4136 0.9037 0.1108
vn -0.3959 0.9036 0.1634
vn -0.4245 0.9036 0.0564
vn -0.4284 0.9036 0.0000
vn -0.6889 -0.7009 0.1846
vn -0.6592 -0.7009 0.2722
vn -0.8415 -0.4137 0.3474
vn -0.8794 -0.4137 0.2356
vn -0.9025 -0.4137 0.1198
vn -0.7070 -0.7009 0.0939
vn -0.9104 -0.4137 0.0000
vn -0.7132 -0.7009 0.0000
vn -0.4245 -0.9036 0.0564
vn -0.4136 -0.9037 0.1108
vn -0.4284 -0.9036 0.0000
vn -0.3959 -0.9036 0.1634
vn 0.6825 0.7077 0.1828
vn 0.7003 0.7077 0.0930
vn 0.8998 0.4195 0.1195
vn 0.8768 0.4194 0.2349
vn 0.8390 0.4195 0.3464
vn 0.6530 0.7078 0.2696
vn 0.4014 0.9095 0.1075
vn 0.3840 0.9096 0.1585
vn -0.0094 0.9999 -0.0038
vn -0.0097 0.9999 -0.0026
vn 0.4118 0.9096 0.0547
vn -0.0100 0.9999 -0.0013
vn 0.8390 -0.4195 0.3464
vn 0.8768 -0.4194 0.2349
vn 0.6824 -0.7077 0.1828
vn 0.6530 -0.7077 0.2696
vn 0.7003 -0.7077 0.0930
vn 0.8998 -0.4195 0.1195
vn 0.4118 -0.9096 0.0547
vn 0.4014 -0.9095 0.1075
vn -0.0100 -0.9999 -0.0013
vn -0.0097 -0.9999 -0.0026
vn 0.3840 -0.9096 0.1585
vn -0.0094 -0.9999 -0.0038
vn -0.8415 0.4137 -0.3474
vn -0.8794 0.4137 -0.2356
vn -0.6889 0.7009 -0.1846
vn -0.6592 0.7009 -0.2722
vn -0.9025 0.4137 -0.1198
vn -0.7070 0.7009 -0.0939
vn -0.4245 0.9036 -0.0564
vn -0.4136 0.9037 -0.1108
vn -0.3959 0.9036 -0.1634
vn -0.6889 -0.7009 -0.1846
vn -0.7070 -0.7009 -0.0939
vn -0.9025 -0.4137 -0.1198
vn -0.8794 -0.4137 -0.2356
vn -0.8415 -0.4137 -0.3474
vn -0.6592 -0.7009 -0.2722
vn -0.3959 -0.9036 -0.1634
vn -0.4136 -0.9037 -0.1108
vn -0.4245 -0.9036 -0.0564
vn 0.1192 -0.9807 -0.1549
vn 0.1192 -0.9807 -0.1550
vn 0.1382 -0.9807 -0.1382
vn 0.0977 -0.9807 -0.1693
vn 0.0723 -0.9948 -0.0723
vn 0.0623 -0.9948 -0.0810
vn 0.0511 -0.9947 -0.0886
vn 0.4776 -0.6216 -0.6209
vn 0.5538 -0.6217 -0.5538
vn 0.3918 -0.6213 -0.6786
vn 0.1550 -0.9807 -0.1192
vn 0.1693 -0.9807 -0.0977
vn 0.6209 -0.6216 -0.4776
vn 0.6786 -0.6213 -0.3918
vn 0.1549 -0.9807 -0.1192
vn 0.0810 -0.9948 -0.0623
vn 0.0886 -0.9947 -0.0511
vn -0.1192 -0.9807 0.1549
vn -0.1192 -0.9807 0.1550
vn -0.1382 -0.9807 0.1382
vn -0.0977 -0.9807 0.1693
vn -0.0723 -0.9948 0.0723
vn -0.0623 -0.9948 0.0810
vn -0.0511 -0.9947 0.0886
vn -0.4776 -0.6216 0.6209
vn -0.5538 -0.6217 0.5538
vn -0.3918 -0.6213 0.6786
vn -0.1549 -0.9807 0.1192
vn -0.1550 -0.9807 0.1192
vn -0.1693 -0.9807 0.0977
vn -0.6209 -0.6216 0.4776
vn -0.6786 -0.6213 0.3918
vn -0.0810 -0.9948 0.0623
vn -0.0886 -0.9947 0.0511
vn 0.0506 -0.9807 -0.1888
vn 0.0257 -0.9807 -0.1938
vn 0.0000 -0.9807 -0.1955
vn 0.0265 -0.9948 -0.0987
vn 0.0135 -0.9948 -0.1014
vn 0.0000 -0.9947 -0.1023
vn 0.2027 -0.6217 -0.7565
vn 0.1031 -0.6216 -0.7765
vn 0.0000 -0.6213 -0.7836
vn 0.0746 -0.9807 -0.1807
vn 0.2989 -0.6216 -0.7240
vn 0.0390 -0.9948 -0.0945
vn -0.0506 -0.9807 0.1888
vn -0.0257 -0.9807 0.1938
vn 0.0000 -0.9807 0.1955
vn -0.0265 -0.9948 0.0987
vn -0.0135 -0.9948 0.1014
vn 0.0000 -0.9947 0.1023
vn -0.2027 -0.6217 0.7565
vn -0.1031 -0.6216 0.7765
vn 0.0000 -0.6213 0.7836
vn -0.0746 -0.9807 0.1807
vn -0.2989 -0.6216 0.7240
vn -0.0390 -0.9948 0.0945
vn 0.0506 -0.9807 0.1888
vn 0.0746 -0.9807 0.1807
vn 0.0977 -0.9807 0.1693
vn 0.0265 -0.9948 0.0987
vn 0.0390 -0.9948 0.0945
vn 0.0511 -0.9947 0.0886
vn 0.2989 -0.6216 0.7240
vn 0.2027 -0.6217 0.7565
vn 0.3918 -0.6213 0.6786
vn 0.0257 -0.9807 0.1938
vn 0.1031 -0.6216 0.7765
vn 0.0135 -0.9948 0.1014
vn -0.0506 -0.9807 -0.1888
vn -0.0746 -0.9807 -0.1807
vn -0.0977 -0.9807 -0.1693
vn -0.0265 -0.9948 -0.0987
vn -0.0390 -0.9948 -0.0945
vn -0.0511 -0.9947 -0.0886
vn -0.2989 -0.6216 -0.7240
vn -0.2027 -0.6217 -0.7565
vn -0.3918 -0.6213 -0.6786
vn -0.0257 -0.9807 -0.1938
vn -0.1031 -0.6216 -0.7765
vn -0.0135 -0.9948 -0.1014
vn 0.1549 -0.9807 0.1192
vn 0.1382 -0.9807 0.1382
vn 0.1693 -0.9807 0.0977
vn 0.0810 -0.9948 0.0623
vn 0.0723 -0.9948 0.0723
vn 0.0886 -0.9947 0.0511
vn 0.1550 -0.9807 0.1192
vn 0.6209 -0.6216 0.4776
vn 0.5538 -0.6217 0.5538
vn 0.6786 -0.6213 0.3918
vn 0.1192 -0.9807 0.1550
vn 0.4776 -0.6216 0.6209
vn 0.1192 -0.9807 0.1549
vn 0.0623 -0.9948 0.0810
vn -0.1549 -0.9807 -0.1192
vn -0.1382 -0.9807 -0.1382
vn -0.1693 -0.9807 -0.0977
vn -0.0723 -0.9948 -0.0723
vn -0.0810 -0.9948 -0.0623
vn -0.0886 -0.9947 -0.0511
vn -0.1550 -0.9807 -0.1192
vn -0.6209 -0.6216 -0.4776
vn -0.5538 -0.6217 -0.5538
vn -0.6786 -0.6213 -0.3918
vn -0.1192 -0.9807 -0.1550
vn -0.4776 -0.6216 -0.6209
vn -0.1192 -0.9807 -0.1549
vn -0.0623 -0.9948 -0.0810
vn 0.1888 -0.9807 0.0506
vn 0.1938 -0.9807 0.0257
vn 0.1955 -0.9807 0.0000
vn 0.0987 -0.9948 0.0265
vn 0.1014 -0.9948 0.0135
vn 0.1023 -0.9947 0.0000
vn 0.7565 -0.6217 0.2027
vn 0.7765 -0.6216 0.1031
vn 0.7836 -0.6213 0.0000
vn 0.1807 -0.9807 0.0746
vn 0.7240 -0.6216 0.2989
vn 0.0945 -0.9948 0.0390
vn -0.1888 -0.9807 -0.0506
vn -0.1938 -0.9807 -0.0257
vn -0.1955 -0.9807 0.0000
vn -0.0987 -0.9948 -0.0265
vn -0.1014 -0.9948 -0.0135
vn -0.1023 -0.9947 0.0000
vn -0.7765 -0.6216 -0.1031
vn -0.7565 -0.6217 -0.2027
vn -0.7835 -0.6213 0.0000
vn -0.1807 -0.9807 -0.0746
vn -0.7240 -0.6216 -0.2989
vn -0.0945 -0.9948 -0.0390
vn 0.1888 -0.9807 -0.0506
vn 0.1807 -0.9807 -0.0746
vn 0.0945 -0.9948 -0.0390
vn 0.0987 -0.9948 -0.0265
vn 0.7240 -0.6216 -0.2989
vn 0.7565 -0.6217 -0.2027
vn 0.1938 -0.9807 -0.0257
vn 0.7765 -0.6216 -0.1031
vn 0.1014 -0.9948 -0.0135
vn -0.1888 -0.9807 0.0506
vn -0.1807 -0.9807 0.0746
vn -0.0987 -0.9948 0.0265
vn -0.0945 -0.9948 0.0390
vn -0.7565 -0.6217 0.2027
vn -0.7240 -0.6216 0.2989
vn -0.1938 -0.9807 0.0257
vn -0.7765 -0.6216 0.1031
vn -0.1014 -0.9948 0.0135
vn 0.3759 0.7873 -0.4886
vn 0.4358 0.7875 -0.4358
vn 0.3085 0.7869 -0.5343
vn 0.4886 0.7873 -0.3758
vn 0.5343 0.7869 -0.3085
vn -0.3758 0.7873 0.4886
vn -0.4358 0.7875 0.4358
vn -0.3085 0.7869 0.5343
vn -0.4886 0.7873 0.3758
vn -0.5343 0.7869 0.3085
vn 0.1595 0.7875 -0.5953
vn 0.0812 0.7873 -0.6111
vn 0.0000 0.7869 -0.6170
vn 0.2352 0.7873 -0.5698
vn -0.0812 0.7873 0.6111
vn -0.1595 0.7875 0.5953
vn 0.0000 0.7869 0.6170
vn -0.2352 0.7873 0.5698
vn 0.2352 0.7873 0.5698
vn 0.1595 0.7875 0.5953
vn 0.3085 0.7869 0.5343
vn 0.0812 0.7873 0.6111
vn -0.2352 0.7873 -0.5698
vn -0.1595 0.7875 -0.5953
vn -0.3085 0.7869 -0.5343
vn -0.0812 0.7873 -0.6111
vn 0.4886 0.7873 0.3758
vn 0.4358 0.7875 0.4358
vn 0.5343 0.7869 0.3085
vn 0.3758 0.7873 0.4886
vn -0.4886 0.7873 -0.3758
vn -0.4358 0.7875 -0.4358
vn -0.5343 0.7869 -0.3085
vn -0.3758 0.7873 -0.4886
vn 0.6111 0.7873 0.0812
vn 0.5953 0.7875 0.1595
vn 0.6170 0.7869 0.0000
vn 0.5698 0.7873 0.2352
vn -0.5953 0.7875 -0.1595
vn -0.6111 0.7873 -0.0812
vn -0.6170 0.7869 0.0000
vn -0.5698 0.7873 -0.2352
vn 0.5698 0.7873 -0.2352
vn 0.5953 0.7875 -0.1595
vn 0.6111 0.7873 -0.0812
vn -0.5698 0.7873 0.2352
vn -0.5953 0.7875 0.1595
vn -0.6111 0.7873 0.0812
vn -0.0750 0.9570 0.2801
vn -0.0382 0.9570 0.2875
vn 0.0000 0.9570 0.2899
vn -0.0201 0.9883 0.1512
vn -0.0395 0.9883 0.1473
vn 0.0000 0.9883 0.1526
vn -0.1107 0.9570 0.2680
vn -0.1450 0.9570 0.2511
vn -0.0582 0.9883 0.1410
vn -0.0763 0.9883 0.1322
vn 0.0750 0.9570 -0.2801
vn 0.0382 0.9570 -0.2875
vn 0.0000 0.9570 -0.2899
vn 0.0395 0.9883 -0.1473
vn 0.0201 0.9883 -0.1512
vn 0.0000 0.9883 -0.1526
vn 0.1107 0.9570 -0.2680
vn 0.1450 0.9570 -0.2511
vn 0.0582 0.9883 -0.1410
vn 0.0763 0.9883 -0.1322
vn -0.0750 0.9570 -0.2801
vn -0.1107 0.9570 -0.2680
vn -0.1450 0.9570 -0.2511
vn -0.0582 0.9883 -0.1410
vn -0.0395 0.9883 -0.1473
vn -0.0763 0.9883 -0.1322
vn -0.0382 0.9570 -0.2875
vn -0.0201 0.9883 -0.1512
vn 0.0750 0.9570 0.2801
vn 0.1107 0.9570 0.2680
vn 0.1450 0.9570 0.2511
vn 0.0582 0.9883 0.1410
vn 0.0395 0.9883 0.1473
vn 0.0763 0.9883 0.1322
vn 0.0382 0.9570 0.2875
vn 0.0201 0.9883 0.1512
vn -0.2051 0.9570 -0.2051
vn -0.2298 0.9570 -0.1768
vn -0.2511 0.9570 -0.1450
vn -0.1209 0.9883 -0.0930
vn -0.1078 0.9883 -0.1078
vn -0.1322 0.9883 -0.0763
vn -0.1768 0.9570 -0.2298
vn -0.0930 0.9883 -0.1209
vn 0.2051 0.9570 0.2051
vn 0.2298 0.9570 0.1768
vn 0.2511 0.9570 0.1450
vn 0.1209 0.9883 0.0930
vn 0.1078 0.9883 0.1078
vn 0.1322 0.9883 0.0763
vn 0.1768 0.9570 0.2298
vn 0.0930 0.9883 0.1209
vn -0.2875 0.9570 -0.0382
vn -0.2801 0.9570 -0.0750
vn -0.2899 0.9570 0.0000
vn -0.1512 0.9883 -0.0201
vn -0.1473 0.9883 -0.0395
vn -0.1526 0.9883 0.0000
vn -0.2680 0.9570 -0.1107
vn -0.1410 0.9883 -0.0582
vn 0.2875 0.9570 0.0382
vn 0.2801 0.9570 0.0750
vn 0.2899 0.9570 0.0000
vn 0.1512 0.9883 0.0201
vn 0.1473 0.9883 0.0395
vn 0.1526 0.9883 0.0000
vn 0.2680 0.9570 0.1107
vn 0.1410 0.9883 0.0582
vn -0.2680 0.9570 0.1107
vn -0.2801 0.9570 0.0750
vn -0.2511 0.9570 0.1450
vn -0.1410 0.9883 0.0582
vn -0.1473 0.9883 0.0395
vn -0.1322 0.9883 0.0763
vn -0.2875 0.9570 0.0382
vn -0.1512 0.9883 0.0201
vn 0.2801 0.9570 -0.0750
vn 0.2680 0.9570 -0.1107
vn 0.2511 0.9570 -0.1450
vn 0.1473 0.9883 -0.0395
vn 0.1410 0.9883 -0.0582
vn 0.1322 0.9883 -0.0763
vn 0.2875 0.9570 -0.0382
vn 0.1512 0.9883 -0.0201
vn -0.2051 0.9570 0.2051
vn -0.1768 0.9570 0.2298
vn -0.0930 0.9883 0.1209
vn -0.1078 0.9883 0.1078
vn -0.2298 0.9570 0.1768
vn -0.1209 0.9883 0.0930
vn 0.2051 0.9570 -0.2051
vn 0.1768 0.9570 -0.2298
vn 0.0930 0.9883 -0.1209
vn 0.1078 0.9883 -0.1078
vn 0.2298 0.9570 -0.1768
vn 0.1209 0.9883 -0.0930
vn 0.0000 1.0000 0.0000
vn 0.0000 -1.0000 0.0000
# 1019 vertex normals

vt 0.2393 0.9606 0.0000
vt 0.2376 0.9576 0.0000
vt 0.2382 0.9574 0.0000
vt 0.2398 0.9603 0.0000
vt 0.2387 0.9571 0.0000
vt 0.2403 0.9600 0.0000
vt 0.2364 0.9544 0.0000
vt 0.2370 0.9542 0.0000
vt 0.2375 0.9541 0.0000
vt 0.2418 0.9631 0.0000
vt 0.2413 0.9634 0.0000
vt 0.2441 0.9655 0.0000
vt 0.2437 0.9660 0.0000
vt 0.2422 0.9627 0.0000
vt 0.2445 0.9651 0.0000
vt 0.2388 0.9609 0.0000
vt 0.2409 0.9638 0.0000
vt 0.2404 0.9642 0.0000
vt 0.2383 0.9613 0.0000
vt 0.2433 0.9664 0.0000
vt 0.2429 0.9668 0.0000
vt 0.2371 0.9579 0.0000
vt 0.2358 0.9546 0.0000
vt 0.2366 0.9581 0.0000
vt 0.2352 0.9547 0.0000
vt 0.2331 0.9645 0.0000
vt 0.2357 0.9680 0.0000
vt 0.2352 0.9685 0.0000
vt 0.2326 0.9649 0.0000
vt 0.2347 0.9689 0.0000
vt 0.2320 0.9652 0.0000
vt 0.2387 0.9712 0.0000
vt 0.2383 0.9717 0.0000
vt 0.2378 0.9722 0.0000
vt 0.2304 0.9609 0.0000
vt 0.2310 0.9606 0.0000
vt 0.2287 0.9567 0.0000
vt 0.2293 0.9565 0.0000
vt 0.2298 0.9612 0.0000
vt 0.2280 0.9570 0.0000
vt 0.2316 0.9604 0.0000
vt 0.2337 0.9641 0.0000
vt 0.2322 0.9601 0.0000
vt 0.2342 0.9638 0.0000
vt 0.2300 0.9563 0.0000
vt 0.2306 0.9561 0.0000
vt 0.2362 0.9676 0.0000
vt 0.2392 0.9707 0.0000
vt 0.2367 0.9672 0.0000
vt 0.2396 0.9702 0.0000
vt 0.2395 0.9649 0.0000
vt 0.2390 0.9653 0.0000
vt 0.2368 0.9622 0.0000
vt 0.2373 0.9619 0.0000
vt 0.2386 0.9657 0.0000
vt 0.2363 0.9625 0.0000
vt 0.2417 0.9681 0.0000
vt 0.2421 0.9676 0.0000
vt 0.2413 0.9685 0.0000
vt 0.2349 0.9588 0.0000
vt 0.2355 0.9586 0.0000
vt 0.2340 0.9551 0.0000
vt 0.2335 0.9552 0.0000
vt 0.2344 0.9591 0.0000
vt 0.2329 0.9554 0.0000
vt 0.2360 0.9583 0.0000
vt 0.2378 0.9616 0.0000
vt 0.2346 0.9549 0.0000
vt 0.2400 0.9645 0.0000
vt 0.2425 0.9672 0.0000
vt 0.2358 0.9628 0.0000
vt 0.2353 0.9631 0.0000
vt 0.2333 0.9596 0.0000
vt 0.2338 0.9593 0.0000
vt 0.2317 0.9558 0.0000
vt 0.2323 0.9556 0.0000
vt 0.2381 0.9660 0.0000
vt 0.2377 0.9664 0.0000
vt 0.2409 0.9689 0.0000
vt 0.2405 0.9694 0.0000
vt 0.2372 0.9668 0.0000
vt 0.2348 0.9635 0.0000
vt 0.2400 0.9698 0.0000
vt 0.2327 0.9598 0.0000
vt 0.2312 0.9559 0.0000
vt 0.2492 0.9700 0.0000
vt 0.2463 0.9681 0.0000
vt 0.2467 0.9677 0.0000
vt 0.2495 0.9695 0.0000
vt 0.2470 0.9672 0.0000
vt 0.2498 0.9690 0.0000
vt 0.2523 0.9714 0.0000
vt 0.2526 0.9709 0.0000
vt 0.2556 0.9725 0.0000
vt 0.2558 0.9720 0.0000
vt 0.2528 0.9704 0.0000
vt 0.2559 0.9714 0.0000
vt 0.2521 0.9720 0.0000
vt 0.2490 0.9705 0.0000
vt 0.2519 0.9725 0.0000
vt 0.2487 0.9710 0.0000
vt 0.2555 0.9731 0.0000
vt 0.2553 0.9736 0.0000
vt 0.2460 0.9686 0.0000
vt 0.2456 0.9691 0.0000
vt 0.2455 0.9769 0.0000
vt 0.2458 0.9763 0.0000
vt 0.2497 0.9781 0.0000
vt 0.2495 0.9788 0.0000
vt 0.2451 0.9775 0.0000
vt 0.2492 0.9794 0.0000
vt 0.2538 0.9795 0.0000
vt 0.2537 0.9801 0.0000
vt 0.2535 0.9808 0.0000
vt 0.2417 0.9745 0.0000
vt 0.2421 0.9740 0.0000
vt 0.2413 0.9751 0.0000
vt 0.2425 0.9734 0.0000
vt 0.2461 0.9757 0.0000
vt 0.2429 0.9729 0.0000
vt 0.2464 0.9751 0.0000
vt 0.2500 0.9775 0.0000
vt 0.2540 0.9788 0.0000
vt 0.2502 0.9769 0.0000
vt 0.2542 0.9782 0.0000
vt 0.2481 0.9720 0.0000
vt 0.2515 0.9736 0.0000
vt 0.2513 0.9742 0.0000
vt 0.2478 0.9725 0.0000
vt 0.2475 0.9730 0.0000
vt 0.2510 0.9747 0.0000
vt 0.2550 0.9748 0.0000
vt 0.2549 0.9753 0.0000
vt 0.2547 0.9759 0.0000
vt 0.2446 0.9705 0.0000
vt 0.2449 0.9700 0.0000
vt 0.2443 0.9710 0.0000
vt 0.2484 0.9715 0.0000
vt 0.2453 0.9695 0.0000
vt 0.2517 0.9731 0.0000
vt 0.2552 0.9742 0.0000
vt 0.2470 0.9741 0.0000
vt 0.2436 0.9719 0.0000
vt 0.2439 0.9714 0.0000
vt 0.2473 0.9736 0.0000
vt 0.2508 0.9752 0.0000
vt 0.2506 0.9758 0.0000
vt 0.2546 0.9765 0.0000
vt 0.2545 0.9770 0.0000
vt 0.2504 0.9763 0.0000
vt 0.2467 0.9746 0.0000
vt 0.2543 0.9776 0.0000
vt 0.2432 0.9724 0.0000
vt 0.2624 0.9734 0.0000
vt 0.2590 0.9732 0.0000
vt 0.2591 0.9726 0.0000
vt 0.2624 0.9728 0.0000
vt 0.2624 0.9722 0.0000
vt 0.2591 0.9720 0.0000
vt 0.2659 0.9732 0.0000
vt 0.2658 0.9726 0.0000
vt 0.2691 0.9720 0.0000
vt 0.2692 0.9726 0.0000
vt 0.2657 0.9721 0.0000
vt 0.2689 0.9714 0.0000
vt 0.2624 0.9740 0.0000
vt 0.2659 0.9738 0.0000
vt 0.2660 0.9743 0.0000
vt 0.2624 0.9746 0.0000
vt 0.2694 0.9731 0.0000
vt 0.2695 0.9737 0.0000
vt 0.2589 0.9737 0.0000
vt 0.2588 0.9743 0.0000
vt 0.2669 0.9810 0.0000
vt 0.2624 0.9812 0.0000
vt 0.2624 0.9806 0.0000
vt 0.2668 0.9803 0.0000
vt 0.2670 0.9817 0.0000
vt 0.2625 0.9819 0.0000
vt 0.2712 0.9802 0.0000
vt 0.2711 0.9795 0.0000
vt 0.2714 0.9808 0.0000
vt 0.2580 0.9810 0.0000
vt 0.2581 0.9803 0.0000
vt 0.2579 0.9816 0.0000
vt 0.2582 0.9796 0.0000
vt 0.2624 0.9799 0.0000
vt 0.2583 0.9790 0.0000
vt 0.2624 0.9793 0.0000
vt 0.2667 0.9797 0.0000
vt 0.2709 0.9789 0.0000
vt 0.2666 0.9790 0.0000
vt 0.2707 0.9783 0.0000
vt 0.2624 0.9757 0.0000
vt 0.2661 0.9755 0.0000
vt 0.2662 0.9761 0.0000
vt 0.2624 0.9763 0.0000
vt 0.2663 0.9767 0.0000
vt 0.2624 0.9769 0.0000
vt 0.2698 0.9748 0.0000
vt 0.2700 0.9754 0.0000
vt 0.2701 0.9759 0.0000
vt 0.2586 0.9761 0.0000
vt 0.2587 0.9755 0.0000
vt 0.2585 0.9766 0.0000
vt 0.2588 0.9749 0.0000
vt 0.2624 0.9751 0.0000
vt 0.2661 0.9749 0.0000
vt 0.2697 0.9742 0.0000
vt 0.2624 0.9781 0.0000
vt 0.2584 0.9778 0.0000
vt 0.2585 0.9772 0.0000
vt 0.2624 0.9775 0.0000
vt 0.2664 0.9778 0.0000
vt 0.2664 0.9772 0.0000
vt 0.2704 0.9771 0.0000
vt 0.2703 0.9765 0.0000
vt 0.2665 0.9784 0.0000
vt 0.2624 0.9787 0.0000
vt 0.2706 0.9777 0.0000
vt 0.2583 0.9784 0.0000
vt 0.2753 0.9695 0.0000
vt 0.2756 0.9700 0.0000
vt 0.2725 0.9715 0.0000
vt 0.2723 0.9709 0.0000
vt 0.2721 0.9704 0.0000
vt 0.2750 0.9690 0.0000
vt 0.2782 0.9677 0.0000
vt 0.2785 0.9681 0.0000
vt 0.2812 0.9659 0.0000
vt 0.2808 0.9655 0.0000
vt 0.2778 0.9672 0.0000
vt 0.2803 0.9651 0.0000
vt 0.2789 0.9686 0.0000
vt 0.2759 0.9705 0.0000
vt 0.2762 0.9710 0.0000
vt 0.2792 0.9691 0.0000
vt 0.2816 0.9663 0.0000
vt 0.2821 0.9668 0.0000
vt 0.2727 0.9720 0.0000
vt 0.2729 0.9726 0.0000
vt 0.2792 0.9763 0.0000
vt 0.2829 0.9740 0.0000
vt 0.2834 0.9745 0.0000
vt 0.2795 0.9769 0.0000
vt 0.2799 0.9775 0.0000
vt 0.2838 0.9751 0.0000
vt 0.2869 0.9716 0.0000
vt 0.2864 0.9712 0.0000
vt 0.2873 0.9721 0.0000
vt 0.2755 0.9788 0.0000
vt 0.2752 0.9782 0.0000
vt 0.2757 0.9794 0.0000
vt 0.2789 0.9757 0.0000
vt 0.2750 0.9776 0.0000
vt 0.2747 0.9770 0.0000
vt 0.2786 0.9752 0.0000
vt 0.2825 0.9734 0.0000
vt 0.2859 0.9707 0.0000
vt 0.2822 0.9729 0.0000
vt 0.2855 0.9702 0.0000
vt 0.2803 0.9705 0.0000
vt 0.2771 0.9726 0.0000
vt 0.2768 0.9721 0.0000
vt 0.2800 0.9700 0.0000
vt 0.2774 0.9731 0.0000
vt 0.2807 0.9710 0.0000
vt 0.2829 0.9676 0.0000
vt 0.2833 0.9681 0.0000
vt 0.2838 0.9685 0.0000
vt 0.2736 0.9742 0.0000
vt 0.2734 0.9737 0.0000
vt 0.2738 0.9747 0.0000
vt 0.2732 0.9731 0.0000
vt 0.2765 0.9715 0.0000
vt 0.2796 0.9696 0.0000
vt 0.2825 0.9672 0.0000
vt 0.2779 0.9741 0.0000
vt 0.2743 0.9758 0.0000
vt 0.2740 0.9753 0.0000
vt 0.2777 0.9736 0.0000
vt 0.2814 0.9719 0.0000
vt 0.2811 0.9715 0.0000
vt 0.2842 0.9689 0.0000
vt 0.2846 0.9693 0.0000
vt 0.2783 0.9746 0.0000
vt 0.2818 0.9724 0.0000
vt 0.2850 0.9698 0.0000
vt 0.2745 0.9764 0.0000
vt 0.2831 0.9630 0.0000
vt 0.2850 0.9602 0.0000
vt 0.2856 0.9605 0.0000
vt 0.2835 0.9634 0.0000
vt 0.2826 0.9626 0.0000
vt 0.2844 0.9599 0.0000
vt 0.2871 0.9575 0.0000
vt 0.2865 0.9572 0.0000
vt 0.2876 0.9541 0.0000
vt 0.2883 0.9542 0.0000
vt 0.2859 0.9570 0.0000
vt 0.2870 0.9539 0.0000
vt 0.2878 0.9577 0.0000
vt 0.2861 0.9609 0.0000
vt 0.2884 0.9580 0.0000
vt 0.2867 0.9612 0.0000
vt 0.2889 0.9544 0.0000
vt 0.2896 0.9546 0.0000
vt 0.2840 0.9637 0.0000
vt 0.2846 0.9641 0.0000
vt 0.2921 0.9643 0.0000
vt 0.2942 0.9603 0.0000
vt 0.2948 0.9606 0.0000
vt 0.2927 0.9646 0.0000
vt 0.2955 0.9608 0.0000
vt 0.2933 0.9649 0.0000
vt 0.2957 0.9561 0.0000
vt 0.2963 0.9563 0.0000
vt 0.2970 0.9564 0.0000
vt 0.2900 0.9683 0.0000
vt 0.2895 0.9679 0.0000
vt 0.2905 0.9687 0.0000
vt 0.2890 0.9675 0.0000
vt 0.2915 0.9639 0.0000
vt 0.2910 0.9636 0.0000
vt 0.2884 0.9671 0.0000
vt 0.2936 0.9601 0.0000
vt 0.2950 0.9560 0.0000
vt 0.2930 0.9598 0.0000
vt 0.2944 0.9558 0.0000
vt 0.2902 0.9587 0.0000
vt 0.2884 0.9621 0.0000
vt 0.2878 0.9618 0.0000
vt 0.2896 0.9585 0.0000
vt 0.2908 0.9589 0.0000
vt 0.2889 0.9624 0.0000
vt 0.2915 0.9551 0.0000
vt 0.2909 0.9549 0.0000
vt 0.2921 0.9552 0.0000
vt 0.2861 0.9652 0.0000
vt 0.2856 0.9649 0.0000
vt 0.2865 0.9656 0.0000
vt 0.2851 0.9645 0.0000
vt 0.2873 0.9615 0.0000
vt 0.2890 0.9582 0.0000
vt 0.2902 0.9547 0.0000
vt 0.2900 0.9630 0.0000
vt 0.2875 0.9663 0.0000
vt 0.2870 0.9660 0.0000
vt 0.2894 0.9627 0.0000
vt 0.2914 0.9592 0.0000
vt 0.2919 0.9594 0.0000
vt 0.2927 0.9554 0.0000
vt 0.2933 0.9555 0.0000
vt 0.2925 0.9596 0.0000
vt 0.2905 0.9633 0.0000
vt 0.2938 0.9557 0.0000
vt 0.2880 0.9667 0.0000
vt 0.2889 0.9474 0.0000
vt 0.2888 0.9509 0.0000
vt 0.2882 0.9508 0.0000
vt 0.2883 0.9474 0.0000
vt 0.2875 0.9507 0.0000
vt 0.2876 0.9474 0.0000
vt 0.2885 0.9440 0.0000
vt 0.2879 0.9441 0.0000
vt 0.2871 0.9408 0.0000
vt 0.2877 0.9406 0.0000
vt 0.2873 0.9442 0.0000
vt 0.2865 0.9410 0.0000
vt 0.2891 0.9439 0.0000
vt 0.2896 0.9474 0.0000
vt 0.2898 0.9438 0.0000
vt 0.2902 0.9474 0.0000
vt 0.2883 0.9405 0.0000
vt 0.2888 0.9403 0.0000
vt 0.2895 0.9510 0.0000
vt 0.2901 0.9510 0.0000
vt 0.2966 0.9427 0.0000
vt 0.2971 0.9472 0.0000
vt 0.2965 0.9473 0.0000
vt 0.2959 0.9428 0.0000
vt 0.2972 0.9426 0.0000
vt 0.2978 0.9472 0.0000
vt 0.2947 0.9385 0.0000
vt 0.2954 0.9383 0.0000
vt 0.2960 0.9381 0.0000
vt 0.2964 0.9517 0.0000
vt 0.2971 0.9518 0.0000
vt 0.2977 0.9519 0.0000
vt 0.2958 0.9517 0.0000
vt 0.2958 0.9473 0.0000
vt 0.2951 0.9516 0.0000
vt 0.2952 0.9473 0.0000
vt 0.2952 0.9429 0.0000
vt 0.2941 0.9387 0.0000
vt 0.2946 0.9431 0.0000
vt 0.2935 0.9389 0.0000
vt 0.2915 0.9474 0.0000
vt 0.2910 0.9436 0.0000
vt 0.2916 0.9436 0.0000
vt 0.2921 0.9474 0.0000
vt 0.2922 0.9435 0.0000
vt 0.2928 0.9474 0.0000
vt 0.2900 0.9400 0.0000
vt 0.2906 0.9398 0.0000
vt 0.2912 0.9396 0.0000
vt 0.2921 0.9513 0.0000
vt 0.2915 0.9512 0.0000
vt 0.2928 0.9514 0.0000
vt 0.2909 0.9474 0.0000
vt 0.2908 0.9511 0.0000
vt 0.2904 0.9437 0.0000
vt 0.2894 0.9401 0.0000
vt 0.2939 0.9515 0.0000
vt 0.2934 0.9514 0.0000
vt 0.2934 0.9474 0.0000
vt 0.2940 0.9474 0.0000
vt 0.2934 0.9433 0.0000
vt 0.2928 0.9434 0.0000
vt 0.2917 0.9394 0.0000
vt 0.2923 0.9393 0.0000
vt 0.2940 0.9432 0.0000
vt 0.2946 0.9474 0.0000
vt 0.2929 0.9391 0.0000
vt 0.2945 0.9516 0.0000
vt 0.2859 0.9376 0.0000
vt 0.2842 0.9347 0.0000
vt 0.2847 0.9344 0.0000
vt 0.2864 0.9374 0.0000
vt 0.2853 0.9379 0.0000
vt 0.2837 0.9350 0.0000
vt 0.2823 0.9319 0.0000
vt 0.2827 0.9316 0.0000
vt 0.2800 0.9295 0.0000
vt 0.2804 0.9290 0.0000
vt 0.2818 0.9323 0.0000
vt 0.2796 0.9299 0.0000
vt 0.2832 0.9312 0.0000
vt 0.2852 0.9341 0.0000
vt 0.2836 0.9308 0.0000
vt 0.2857 0.9338 0.0000
vt 0.2808 0.9286 0.0000
vt 0.2812 0.9282 0.0000
vt 0.2869 0.9372 0.0000
vt 0.2875 0.9369 0.0000
vt 0.2909 0.9305 0.0000
vt 0.2883 0.9270 0.0000
vt 0.2888 0.9265 0.0000
vt 0.2915 0.9301 0.0000
vt 0.2894 0.9261 0.0000
vt 0.2921 0.9298 0.0000
vt 0.2853 0.9238 0.0000
vt 0.2858 0.9233 0.0000
vt 0.2862 0.9228 0.0000
vt 0.2931 0.9344 0.0000
vt 0.2937 0.9341 0.0000
vt 0.2943 0.9338 0.0000
vt 0.2925 0.9346 0.0000
vt 0.2904 0.9309 0.0000
vt 0.2919 0.9349 0.0000
vt 0.2898 0.9312 0.0000
vt 0.2878 0.9274 0.0000
vt 0.2849 0.9243 0.0000
vt 0.2873 0.9278 0.0000
vt 0.2844 0.9247 0.0000
vt 0.2850 0.9297 0.0000
vt 0.2873 0.9328 0.0000
vt 0.2868 0.9331 0.0000
vt 0.2845 0.9301 0.0000
vt 0.2878 0.9325 0.0000
vt 0.2855 0.9293 0.0000
vt 0.2824 0.9269 0.0000
vt 0.2820 0.9273 0.0000
vt 0.2828 0.9265 0.0000
vt 0.2891 0.9362 0.0000
vt 0.2886 0.9364 0.0000
vt 0.2897 0.9359 0.0000
vt 0.2880 0.9367 0.0000
vt 0.2862 0.9334 0.0000
vt 0.2841 0.9305 0.0000
vt 0.2816 0.9278 0.0000
vt 0.2888 0.9319 0.0000
vt 0.2908 0.9354 0.0000
vt 0.2902 0.9357 0.0000
vt 0.2883 0.9322 0.0000
vt 0.2859 0.9290 0.0000
vt 0.2864 0.9286 0.0000
vt 0.2832 0.9261 0.0000
vt 0.2836 0.9256 0.0000
vt 0.2868 0.9282 0.0000
vt 0.2893 0.9315 0.0000
vt 0.2840 0.9252 0.0000
vt 0.2913 0.9352 0.0000
vt 0.2777 0.9268 0.0000
vt 0.2774 0.9273 0.0000
vt 0.2745 0.9255 0.0000
vt 0.2748 0.9250 0.0000
vt 0.2742 0.9260 0.0000
vt 0.2770 0.9278 0.0000
vt 0.2715 0.9240 0.0000
vt 0.2717 0.9235 0.0000
vt 0.2683 0.9230 0.0000
vt 0.2684 0.9224 0.0000
vt 0.2713 0.9246 0.0000
vt 0.2681 0.9235 0.0000
vt 0.2719 0.9230 0.0000
vt 0.2751 0.9245 0.0000
vt 0.2721 0.9224 0.0000
vt 0.2754 0.9240 0.0000
vt 0.2686 0.9219 0.0000
vt 0.2687 0.9213 0.0000
vt 0.2781 0.9264 0.0000
vt 0.2784 0.9259 0.0000
vt 0.2783 0.9187 0.0000
vt 0.2743 0.9168 0.0000
vt 0.2746 0.9162 0.0000
vt 0.2786 0.9181 0.0000
vt 0.2748 0.9156 0.0000
vt 0.2789 0.9175 0.0000
vt 0.2704 0.9148 0.0000
vt 0.2702 0.9155 0.0000
vt 0.2705 0.9142 0.0000
vt 0.2823 0.9205 0.0000
vt 0.2819 0.9210 0.0000
vt 0.2827 0.9199 0.0000
vt 0.2779 0.9193 0.0000
vt 0.2816 0.9215 0.0000
vt 0.2812 0.9221 0.0000
vt 0.2776 0.9198 0.0000
vt 0.2741 0.9174 0.0000
vt 0.2700 0.9161 0.0000
vt 0.2739 0.9180 0.0000
vt 0.2699 0.9167 0.0000
vt 0.2726 0.9213 0.0000
vt 0.2728 0.9208 0.0000
vt 0.2762 0.9224 0.0000
vt 0.2759 0.9229 0.0000
vt 0.2765 0.9219 0.0000
vt 0.2730 0.9202 0.0000
vt 0.2690 0.9202 0.0000
vt 0.2692 0.9196 0.0000
vt 0.2693 0.9190 0.0000
vt 0.2794 0.9245 0.0000
vt 0.2791 0.9250 0.0000
vt 0.2798 0.9240 0.0000
vt 0.2787 0.9254 0.0000
vt 0.2757 0.9235 0.0000
vt 0.2723 0.9219 0.0000
vt 0.2689 0.9207 0.0000
vt 0.2771 0.9209 0.0000
vt 0.2805 0.9231 0.0000
vt 0.2801 0.9235 0.0000
vt 0.2768 0.9214 0.0000
vt 0.2732 0.9197 0.0000
vt 0.2734 0.9192 0.0000
vt 0.2694 0.9185 0.0000
vt 0.2696 0.9179 0.0000
vt 0.2736 0.9186 0.0000
vt 0.2773 0.9204 0.0000
vt 0.2697 0.9173 0.0000
vt 0.2808 0.9226 0.0000
vt 0.2650 0.9218 0.0000
vt 0.2650 0.9223 0.0000
vt 0.2616 0.9221 0.0000
vt 0.2616 0.9216 0.0000
vt 0.2649 0.9229 0.0000
vt 0.2616 0.9227 0.0000
vt 0.2582 0.9224 0.0000
vt 0.2582 0.9218 0.0000
vt 0.2549 0.9230 0.0000
vt 0.2548 0.9224 0.0000
vt 0.2583 0.9229 0.0000
vt 0.2551 0.9236 0.0000
vt 0.2581 0.9212 0.0000
vt 0.2616 0.9210 0.0000
vt 0.2580 0.9206 0.0000
vt 0.2616 0.9204 0.0000
vt 0.2546 0.9219 0.0000
vt 0.2545 0.9213 0.0000
vt 0.2651 0.9212 0.0000
vt 0.2652 0.9206 0.0000
vt 0.2616 0.9137 0.0000
vt 0.2616 0.9144 0.0000
vt 0.2572 0.9147 0.0000
vt 0.2571 0.9140 0.0000
vt 0.2616 0.9130 0.0000
vt 0.2570 0.9133 0.0000
vt 0.2529 0.9155 0.0000
vt 0.2528 0.9148 0.0000
vt 0.2526 0.9142 0.0000
vt 0.2660 0.9140 0.0000
vt 0.2659 0.9147 0.0000
vt 0.2661 0.9133 0.0000
vt 0.2658 0.9153 0.0000
vt 0.2616 0.9151 0.0000
vt 0.2616 0.9157 0.0000
vt 0.2658 0.9160 0.0000
vt 0.2573 0.9153 0.0000
vt 0.2531 0.9161 0.0000
vt 0.2574 0.9160 0.0000
vt 0.2533 0.9167 0.0000
vt 0.2579 0.9195 0.0000
vt 0.2578 0.9189 0.0000
vt 0.2616 0.9187 0.0000
vt 0.2616 0.9192 0.0000
vt 0.2577 0.9183 0.0000
vt 0.2616 0.9181 0.0000
vt 0.2542 0.9202 0.0000
vt 0.2541 0.9196 0.0000
vt 0.2539 0.9191 0.0000
vt 0.2654 0.9189 0.0000
vt 0.2653 0.9195 0.0000
vt 0.2655 0.9183 0.0000
vt 0.2653 0.9201 0.0000
vt 0.2616 0.9198 0.0000
vt 0.2580 0.9201 0.0000
vt 0.2544 0.9208 0.0000
vt 0.2656 0.9172 0.0000
vt 0.2656 0.9177 0.0000
vt 0.2616 0.9175 0.0000
vt 0.2616 0.9169 0.0000
vt 0.2576 0.9177 0.0000
vt 0.2576 0.9172 0.0000
vt 0.2537 0.9185 0.0000
vt 0.2536 0.9179 0.0000
vt 0.2575 0.9166 0.0000
vt 0.2616 0.9163 0.0000
vt 0.2534 0.9173 0.0000
vt 0.2657 0.9166 0.0000
vt 0.2484 0.9250 0.0000
vt 0.2515 0.9235 0.0000
vt 0.2517 0.9241 0.0000
vt 0.2487 0.9255 0.0000
vt 0.2520 0.9246 0.0000
vt 0.2490 0.9260 0.0000
vt 0.2459 0.9274 0.0000
vt 0.2455 0.9269 0.0000
vt 0.2433 0.9295 0.0000
vt 0.2429 0.9291 0.0000
vt 0.2462 0.9278 0.0000
vt 0.2437 0.9300 0.0000
vt 0.2481 0.9245 0.0000
vt 0.2451 0.9264 0.0000
vt 0.2448 0.9260 0.0000
vt 0.2478 0.9240 0.0000
vt 0.2424 0.9287 0.0000
vt 0.2420 0.9283 0.0000
vt 0.2513 0.9230 0.0000
vt 0.2511 0.9225 0.0000
vt 0.2411 0.9211 0.0000
vt 0.2407 0.9205 0.0000
vt 0.2445 0.9181 0.0000
vt 0.2448 0.9187 0.0000
vt 0.2403 0.9200 0.0000
vt 0.2441 0.9175 0.0000
vt 0.2376 0.9239 0.0000
vt 0.2372 0.9234 0.0000
vt 0.2367 0.9229 0.0000
vt 0.2485 0.9162 0.0000
vt 0.2488 0.9168 0.0000
vt 0.2483 0.9156 0.0000
vt 0.2490 0.9174 0.0000
vt 0.2451 0.9193 0.0000
vt 0.2493 0.9180 0.0000
vt 0.2455 0.9198 0.0000
vt 0.2415 0.9216 0.0000
vt 0.2381 0.9244 0.0000
vt 0.2419 0.9221 0.0000
vt 0.2386 0.9248 0.0000
vt 0.2472 0.9230 0.0000
vt 0.2441 0.9250 0.0000
vt 0.2437 0.9245 0.0000
vt 0.2470 0.9225 0.0000
vt 0.2433 0.9240 0.0000
vt 0.2467 0.9219 0.0000
vt 0.2407 0.9270 0.0000
vt 0.2411 0.9274 0.0000
vt 0.2403 0.9266 0.0000
vt 0.2504 0.9208 0.0000
vt 0.2506 0.9214 0.0000
vt 0.2502 0.9203 0.0000
vt 0.2509 0.9219 0.0000
vt 0.2475 0.9235 0.0000
vt 0.2444 0.9255 0.0000
vt 0.2416 0.9278 0.0000
vt 0.2500 0.9197 0.0000
vt 0.2464 0.9214 0.0000
vt 0.2461 0.9209 0.0000
vt 0.2497 0.9192 0.0000
vt 0.2426 0.9231 0.0000
vt 0.2430 0.9236 0.0000
vt 0.2398 0.9261 0.0000
vt 0.2394 0.9257 0.0000
vt 0.2422 0.9226 0.0000
vt 0.2458 0.9204 0.0000
vt 0.2390 0.9253 0.0000
vt 0.2495 0.9186 0.0000
vt 0.2385 0.9345 0.0000
vt 0.2405 0.9317 0.0000
vt 0.2410 0.9320 0.0000
vt 0.2391 0.9348 0.0000
vt 0.2396 0.9351 0.0000
vt 0.2415 0.9324 0.0000
vt 0.2375 0.9378 0.0000
vt 0.2369 0.9376 0.0000
vt 0.2365 0.9410 0.0000
vt 0.2358 0.9408 0.0000
vt 0.2382 0.9380 0.0000
vt 0.2371 0.9411 0.0000
vt 0.2363 0.9373 0.0000
vt 0.2379 0.9342 0.0000
vt 0.2374 0.9339 0.0000
vt 0.2357 0.9371 0.0000
vt 0.2352 0.9406 0.0000
vt 0.2345 0.9405 0.0000
vt 0.2400 0.9313 0.0000
vt 0.2395 0.9309 0.0000
vt 0.2319 0.9308 0.0000
vt 0.2299 0.9347 0.0000
vt 0.2292 0.9345 0.0000
vt 0.2314 0.9304 0.0000
vt 0.2286 0.9342 0.0000
vt 0.2308 0.9301 0.0000
vt 0.2284 0.9389 0.0000
vt 0.2278 0.9388 0.0000
vt 0.2271 0.9386 0.0000
vt 0.2340 0.9267 0.0000
vt 0.2346 0.9271 0.0000
vt 0.2335 0.9263 0.0000
vt 0.2351 0.9276 0.0000
vt 0.2325 0.9311 0.0000
vt 0.2356 0.9280 0.0000
vt 0.2331 0.9314 0.0000
vt 0.2305 0.9350 0.0000
vt 0.2290 0.9391 0.0000
vt 0.2310 0.9352 0.0000
vt 0.2296 0.9392 0.0000
vt 0.2345 0.9366 0.0000
vt 0.2338 0.9363 0.0000
vt 0.2357 0.9329 0.0000
vt 0.2362 0.9333 0.0000
vt 0.2351 0.9326 0.0000
vt 0.2333 0.9361 0.0000
vt 0.2332 0.9401 0.0000
vt 0.2326 0.9400 0.0000
vt 0.2320 0.9398 0.0000
vt 0.2380 0.9298 0.0000
vt 0.2385 0.9302 0.0000
vt 0.2375 0.9294 0.0000
vt 0.2368 0.9336 0.0000
vt 0.2390 0.9306 0.0000
vt 0.2351 0.9368 0.0000
vt 0.2339 0.9403 0.0000
vt 0.2341 0.9320 0.0000
vt 0.2366 0.9287 0.0000
vt 0.2370 0.9291 0.0000
vt 0.2346 0.9323 0.0000
vt 0.2327 0.9359 0.0000
vt 0.2322 0.9357 0.0000
vt 0.2314 0.9397 0.0000
vt 0.2308 0.9395 0.0000
vt 0.2316 0.9354 0.0000
vt 0.2336 0.9317 0.0000
vt 0.2302 0.9394 0.0000
vt 0.2361 0.9283 0.0000
vt 0.2352 0.9476 0.0000
vt 0.2352 0.9442 0.0000
vt 0.2359 0.9443 0.0000
vt 0.2358 0.9476 0.0000
vt 0.2365 0.9443 0.0000
vt 0.2364 0.9476 0.0000
vt 0.2362 0.9510 0.0000
vt 0.2355 0.9510 0.0000
vt 0.2368 0.9509 0.0000
vt 0.2345 0.9476 0.0000
vt 0.2349 0.9511 0.0000
vt 0.2343 0.9512 0.0000
vt 0.2339 0.9476 0.0000
vt 0.2346 0.9441 0.0000
vt 0.2339 0.9440 0.0000
vt 0.2275 0.9523 0.0000
vt 0.2270 0.9478 0.0000
vt 0.2276 0.9478 0.0000
vt 0.2282 0.9522 0.0000
vt 0.2269 0.9524 0.0000
vt 0.2263 0.9478 0.0000
vt 0.2277 0.9433 0.0000
vt 0.2270 0.9432 0.0000
vt 0.2263 0.9432 0.0000
vt 0.2283 0.9434 0.0000
vt 0.2283 0.9477 0.0000
vt 0.2290 0.9434 0.0000
vt 0.2289 0.9477 0.0000
vt 0.2288 0.9521 0.0000
vt 0.2295 0.9520 0.0000
vt 0.2324 0.9515 0.0000
vt 0.2319 0.9476 0.0000
vt 0.2326 0.9476 0.0000
vt 0.2331 0.9514 0.0000
vt 0.2318 0.9516 0.0000
vt 0.2313 0.9476 0.0000
vt 0.2320 0.9437 0.0000
vt 0.2326 0.9438 0.0000
vt 0.2313 0.9437 0.0000
vt 0.2333 0.9439 0.0000
vt 0.2332 0.9476 0.0000
vt 0.2337 0.9513 0.0000
vt 0.2301 0.9477 0.0000
vt 0.2301 0.9435 0.0000
vt 0.2307 0.9436 0.0000
vt 0.2307 0.9476 0.0000
vt 0.2313 0.9517 0.0000
vt 0.2307 0.9518 0.0000
vt 0.2301 0.9519 0.0000
vt 0.2295 0.9477 0.0000
vt 0.2296 0.9435 0.0000
vt 0.0916 0.9197 0.0000
vt 0.0944 0.9176 0.0000
vt 0.0974 0.9221 0.0000
vt 0.0944 0.9239 0.0000
vt 0.0883 0.9160 0.0000
vt 0.0908 0.9135 0.0000
vt 0.0913 0.9256 0.0000
vt 0.0888 0.9219 0.0000
vt 0.0858 0.9184 0.0000
vt 0.0971 0.9155 0.0000
vt 0.1004 0.9204 0.0000
vt 0.0999 0.9133 0.0000
vt 0.1035 0.9186 0.0000
vt 0.0933 0.9110 0.0000
vt 0.0957 0.9085 0.0000
vt 0.1031 0.9257 0.0000
vt 0.0998 0.9270 0.0000
vt 0.1050 0.9313 0.0000
vt 0.1016 0.9322 0.0000
vt 0.1063 0.9243 0.0000
vt 0.1083 0.9304 0.0000
vt 0.0966 0.9284 0.0000
vt 0.0934 0.9297 0.0000
vt 0.0982 0.9331 0.0000
vt 0.0948 0.9340 0.0000
vt 0.0309 0.9663 0.0000
vt 0.0281 0.9684 0.0000
vt 0.0251 0.9639 0.0000
vt 0.0281 0.9621 0.0000
vt 0.0342 0.9700 0.0000
vt 0.0317 0.9725 0.0000
vt 0.0312 0.9604 0.0000
vt 0.0337 0.9641 0.0000
vt 0.0367 0.9676 0.0000
vt 0.0254 0.9705 0.0000
vt 0.0221 0.9656 0.0000
vt 0.0226 0.9727 0.0000
vt 0.0190 0.9674 0.0000
vt 0.0293 0.9750 0.0000
vt 0.0268 0.9775 0.0000
vt 0.0227 0.9590 0.0000
vt 0.0195 0.9603 0.0000
vt 0.0209 0.9538 0.0000
vt 0.0175 0.9547 0.0000
vt 0.0162 0.9617 0.0000
vt 0.0142 0.9556 0.0000
vt 0.0259 0.9576 0.0000
vt 0.0291 0.9563 0.0000
vt 0.0243 0.9529 0.0000
vt 0.0277 0.9520 0.0000
vt 0.0804 0.9099 0.0000
vt 0.0759 0.9077 0.0000
vt 0.0772 0.9044 0.0000
vt 0.0821 0.9069 0.0000
vt 0.0712 0.9061 0.0000
vt 0.0721 0.9027 0.0000
vt 0.0786 0.9129 0.0000
vt 0.0746 0.9109 0.0000
vt 0.0703 0.9094 0.0000
vt 0.0786 0.9012 0.0000
vt 0.0839 0.9038 0.0000
vt 0.0856 0.9008 0.0000
vt 0.0799 0.8980 0.0000
vt 0.0730 0.8993 0.0000
vt 0.0739 0.8959 0.0000
vt 0.0888 0.9071 0.0000
vt 0.0867 0.9099 0.0000
vt 0.0909 0.9043 0.0000
vt 0.0845 0.9127 0.0000
vt 0.0824 0.9154 0.0000
vt 0.0421 0.9761 0.0000
vt 0.0466 0.9783 0.0000
vt 0.0453 0.9816 0.0000
vt 0.0404 0.9791 0.0000
vt 0.0513 0.9799 0.0000
vt 0.0504 0.9833 0.0000
vt 0.0439 0.9731 0.0000
vt 0.0479 0.9751 0.0000
vt 0.0522 0.9766 0.0000
vt 0.0439 0.9848 0.0000
vt 0.0386 0.9822 0.0000
vt 0.0369 0.9852 0.0000
vt 0.0426 0.9880 0.0000
vt 0.0495 0.9867 0.0000
vt 0.0486 0.9901 0.0000
vt 0.0337 0.9789 0.0000
vt 0.0358 0.9761 0.0000
vt 0.0316 0.9817 0.0000
vt 0.0380 0.9733 0.0000
vt 0.0401 0.9706 0.0000
vt 0.0612 0.9812 0.0000
vt 0.0662 0.9809 0.0000
vt 0.0667 0.9844 0.0000
vt 0.0612 0.9847 0.0000
vt 0.0711 0.9800 0.0000
vt 0.0721 0.9833 0.0000
vt 0.0612 0.9777 0.0000
vt 0.0658 0.9775 0.0000
vt 0.0702 0.9766 0.0000
vt 0.0672 0.9879 0.0000
vt 0.0613 0.9882 0.0000
vt 0.0676 0.9913 0.0000
vt 0.0613 0.9917 0.0000
vt 0.0730 0.9867 0.0000
vt 0.0739 0.9901 0.0000
vt 0.0553 0.9879 0.0000
vt 0.0558 0.9844 0.0000
vt 0.0549 0.9913 0.0000
vt 0.0563 0.9809 0.0000
vt 0.0567 0.9774 0.0000
vt 0.0613 0.9048 0.0000
vt 0.0563 0.9051 0.0000
vt 0.0558 0.9016 0.0000
vt 0.0613 0.9013 0.0000
vt 0.0514 0.9060 0.0000
vt 0.0505 0.9027 0.0000
vt 0.0613 0.9083 0.0000
vt 0.0567 0.9085 0.0000
vt 0.0523 0.9094 0.0000
vt 0.0553 0.8981 0.0000
vt 0.0613 0.8978 0.0000
vt 0.0549 0.8947 0.0000
vt 0.0613 0.8943 0.0000
vt 0.0495 0.8993 0.0000
vt 0.0486 0.8959 0.0000
vt 0.0672 0.8981 0.0000
vt 0.0667 0.9016 0.0000
vt 0.0676 0.8947 0.0000
vt 0.0663 0.9051 0.0000
vt 0.0658 0.9086 0.0000
vt 0.0845 0.9733 0.0000
vt 0.0867 0.9761 0.0000
vt 0.0821 0.9791 0.0000
vt 0.0804 0.9761 0.0000
vt 0.0883 0.9701 0.0000
vt 0.0908 0.9725 0.0000
vt 0.0824 0.9706 0.0000
vt 0.0786 0.9731 0.0000
vt 0.0858 0.9676 0.0000
vt 0.0888 0.9789 0.0000
vt 0.0839 0.9822 0.0000
vt 0.0909 0.9817 0.0000
vt 0.0856 0.9852 0.0000
vt 0.0932 0.9750 0.0000
vt 0.0957 0.9775 0.0000
vt 0.0772 0.9816 0.0000
vt 0.0786 0.9848 0.0000
vt 0.0799 0.9880 0.0000
vt 0.0759 0.9783 0.0000
vt 0.0745 0.9751 0.0000
vt 0.0358 0.9099 0.0000
vt 0.0404 0.9068 0.0000
vt 0.0421 0.9099 0.0000
vt 0.0380 0.9127 0.0000
vt 0.0317 0.9135 0.0000
vt 0.0342 0.9159 0.0000
vt 0.0439 0.9129 0.0000
vt 0.0401 0.9154 0.0000
vt 0.0367 0.9184 0.0000
vt 0.0337 0.9071 0.0000
vt 0.0386 0.9038 0.0000
vt 0.0316 0.9043 0.0000
vt 0.0369 0.9008 0.0000
vt 0.0293 0.9110 0.0000
vt 0.0268 0.9085 0.0000
vt 0.0453 0.9044 0.0000
vt 0.0439 0.9012 0.0000
vt 0.0426 0.8980 0.0000
vt 0.0466 0.9077 0.0000
vt 0.0480 0.9109 0.0000
vt 0.0974 0.9639 0.0000
vt 0.0944 0.9621 0.0000
vt 0.0966 0.9576 0.0000
vt 0.0998 0.9590 0.0000
vt 0.0982 0.9529 0.0000
vt 0.1016 0.9538 0.0000
vt 0.0913 0.9604 0.0000
vt 0.0934 0.9563 0.0000
vt 0.0948 0.9520 0.0000
vt 0.1031 0.9603 0.0000
vt 0.1004 0.9656 0.0000
vt 0.1035 0.9674 0.0000
vt 0.1063 0.9617 0.0000
vt 0.1050 0.9547 0.0000
vt 0.1083 0.9556 0.0000
vt 0.0944 0.9684 0.0000
vt 0.0971 0.9705 0.0000
vt 0.0999 0.9727 0.0000
vt 0.0916 0.9663 0.0000
vt 0.0888 0.9642 0.0000
vt 0.0251 0.9221 0.0000
vt 0.0281 0.9239 0.0000
vt 0.0259 0.9284 0.0000
vt 0.0227 0.9270 0.0000
vt 0.0243 0.9331 0.0000
vt 0.0209 0.9322 0.0000
vt 0.0312 0.9256 0.0000
vt 0.0292 0.9297 0.0000
vt 0.0277 0.9340 0.0000
vt 0.0195 0.9257 0.0000
vt 0.0221 0.9204 0.0000
vt 0.0162 0.9243 0.0000
vt 0.0190 0.9186 0.0000
vt 0.0175 0.9313 0.0000
vt 0.0142 0.9304 0.0000
vt 0.0281 0.9176 0.0000
vt 0.0254 0.9155 0.0000
vt 0.0226 0.9133 0.0000
vt 0.0309 0.9197 0.0000
vt 0.0337 0.9218 0.0000
vt 0.1030 0.9430 0.0000
vt 0.0995 0.9430 0.0000
vt 0.0992 0.9380 0.0000
vt 0.1026 0.9376 0.0000
vt 0.0957 0.9385 0.0000
vt 0.0960 0.9430 0.0000
vt 0.1061 0.9371 0.0000
vt 0.1065 0.9430 0.0000
vt 0.1096 0.9366 0.0000
vt 0.1100 0.9430 0.0000
vt 0.1061 0.9489 0.0000
vt 0.1026 0.9485 0.0000
vt 0.1096 0.9494 0.0000
vt 0.0992 0.9480 0.0000
vt 0.0957 0.9475 0.0000
vt 0.0195 0.9430 0.0000
vt 0.0230 0.9430 0.0000
vt 0.0233 0.9480 0.0000
vt 0.0199 0.9484 0.0000
vt 0.0265 0.9430 0.0000
vt 0.0268 0.9475 0.0000
vt 0.0160 0.9430 0.0000
vt 0.0164 0.9489 0.0000
vt 0.0125 0.9430 0.0000
vt 0.0129 0.9494 0.0000
vt 0.0199 0.9375 0.0000
vt 0.0164 0.9371 0.0000
vt 0.0129 0.9366 0.0000
vt 0.0233 0.9380 0.0000
vt 0.0268 0.9385 0.0000
vt 0.1838 0.9896 0.0000
vt 0.1898 0.9867 0.0000
vt 0.1901 0.9873 0.0000
vt 0.1841 0.9903 0.0000
vt 0.1776 0.9917 0.0000
vt 0.1778 0.9924 0.0000
vt 0.1905 0.9879 0.0000
vt 0.1844 0.9909 0.0000
vt 0.1780 0.9931 0.0000
vt 0.1836 0.9889 0.0000
vt 0.1894 0.9861 0.0000
vt 0.1833 0.9883 0.0000
vt 0.1890 0.9854 0.0000
vt 0.1774 0.9910 0.0000
vt 0.1772 0.9903 0.0000
vt 0.1948 0.9825 0.0000
vt 0.1952 0.9830 0.0000
vt 0.2002 0.9787 0.0000
vt 0.1997 0.9782 0.0000
vt 0.1944 0.9819 0.0000
vt 0.1992 0.9777 0.0000
vt 0.1957 0.9836 0.0000
vt 0.1961 0.9842 0.0000
vt 0.2007 0.9792 0.0000
vt 0.2012 0.9797 0.0000
vt 0.1450 0.8959 0.0000
vt 0.1452 0.8966 0.0000
vt 0.1393 0.8995 0.0000
vt 0.1390 0.8989 0.0000
vt 0.1513 0.8938 0.0000
vt 0.1515 0.8945 0.0000
vt 0.1447 0.8953 0.0000
vt 0.1386 0.8983 0.0000
vt 0.1511 0.8931 0.0000
vt 0.1455 0.8973 0.0000
vt 0.1397 0.9001 0.0000
vt 0.1458 0.8979 0.0000
vt 0.1400 0.9007 0.0000
vt 0.1517 0.8952 0.0000
vt 0.1518 0.8959 0.0000
vt 0.1343 0.9037 0.0000
vt 0.1338 0.9031 0.0000
vt 0.1294 0.9080 0.0000
vt 0.1289 0.9075 0.0000
vt 0.1347 0.9043 0.0000
vt 0.1299 0.9085 0.0000
vt 0.1334 0.9026 0.0000
vt 0.1330 0.9020 0.0000
vt 0.1283 0.9070 0.0000
vt 0.1278 0.9064 0.0000
vt 0.1579 0.9937 0.0000
vt 0.1580 0.9930 0.0000
vt 0.1646 0.9934 0.0000
vt 0.1646 0.9941 0.0000
vt 0.1514 0.9924 0.0000
vt 0.1516 0.9917 0.0000
vt 0.1579 0.9944 0.0000
vt 0.1646 0.9948 0.0000
vt 0.1512 0.9931 0.0000
vt 0.1581 0.9923 0.0000
vt 0.1646 0.9927 0.0000
vt 0.1646 0.9920 0.0000
vt 0.1582 0.9916 0.0000
vt 0.1518 0.9910 0.0000
vt 0.1520 0.9903 0.0000
vt 0.1711 0.9923 0.0000
vt 0.1712 0.9930 0.0000
vt 0.1710 0.9916 0.0000
vt 0.1713 0.9937 0.0000
vt 0.1713 0.9944 0.0000
vt 0.1711 0.8925 0.0000
vt 0.1710 0.8932 0.0000
vt 0.1645 0.8928 0.0000
vt 0.1645 0.8921 0.0000
vt 0.1777 0.8938 0.0000
vt 0.1775 0.8945 0.0000
vt 0.1712 0.8918 0.0000
vt 0.1645 0.8914 0.0000
vt 0.1779 0.8931 0.0000
vt 0.1709 0.8939 0.0000
vt 0.1645 0.8935 0.0000
vt 0.1709 0.8946 0.0000
vt 0.1645 0.8942 0.0000
vt 0.1773 0.8952 0.0000
vt 0.1771 0.8959 0.0000
vt 0.1580 0.8939 0.0000
vt 0.1579 0.8932 0.0000
vt 0.1581 0.8946 0.0000
vt 0.1578 0.8925 0.0000
vt 0.1577 0.8918 0.0000
vt 0.1896 0.8995 0.0000
vt 0.1900 0.8989 0.0000
vt 0.1955 0.9025 0.0000
vt 0.1951 0.9031 0.0000
vt 0.2001 0.9074 0.0000
vt 0.2006 0.9069 0.0000
vt 0.1960 0.9020 0.0000
vt 0.1903 0.8982 0.0000
vt 0.2011 0.9064 0.0000
vt 0.1947 0.9037 0.0000
vt 0.1893 0.9001 0.0000
vt 0.1942 0.9043 0.0000
vt 0.1889 0.9007 0.0000
vt 0.1996 0.9079 0.0000
vt 0.1991 0.9084 0.0000
vt 0.1837 0.8966 0.0000
vt 0.1834 0.8972 0.0000
vt 0.1832 0.8979 0.0000
vt 0.1840 0.8959 0.0000
vt 0.1843 0.8953 0.0000
vt 0.1335 0.9836 0.0000
vt 0.1340 0.9831 0.0000
vt 0.1395 0.9867 0.0000
vt 0.1391 0.9873 0.0000
vt 0.1290 0.9788 0.0000
vt 0.1285 0.9793 0.0000
vt 0.1388 0.9879 0.0000
vt 0.1331 0.9842 0.0000
vt 0.1280 0.9798 0.0000
vt 0.1344 0.9825 0.0000
vt 0.1398 0.9861 0.0000
vt 0.1349 0.9819 0.0000
vt 0.1402 0.9855 0.0000
vt 0.1295 0.9783 0.0000
vt 0.1300 0.9777 0.0000
vt 0.1456 0.9889 0.0000
vt 0.1454 0.9896 0.0000
vt 0.1459 0.9883 0.0000
vt 0.1451 0.9903 0.0000
vt 0.1448 0.9909 0.0000
vt 0.2111 0.9237 0.0000
vt 0.2081 0.9178 0.0000
vt 0.2087 0.9175 0.0000
vt 0.2117 0.9234 0.0000
vt 0.2139 0.9297 0.0000
vt 0.2132 0.9299 0.0000
vt 0.2124 0.9232 0.0000
vt 0.2093 0.9171 0.0000
vt 0.2146 0.9296 0.0000
vt 0.2104 0.9240 0.0000
vt 0.2075 0.9182 0.0000
vt 0.2097 0.9243 0.0000
vt 0.2069 0.9185 0.0000
vt 0.2125 0.9301 0.0000
vt 0.2118 0.9303 0.0000
vt 0.2044 0.9124 0.0000
vt 0.2038 0.9128 0.0000
vt 0.2033 0.9132 0.0000
vt 0.2050 0.9119 0.0000
vt 0.2056 0.9115 0.0000
vt 0.1210 0.9684 0.0000
vt 0.1204 0.9687 0.0000
vt 0.1174 0.9628 0.0000
vt 0.1180 0.9625 0.0000
vt 0.1152 0.9564 0.0000
vt 0.1159 0.9562 0.0000
vt 0.1197 0.9691 0.0000
vt 0.1167 0.9630 0.0000
vt 0.1145 0.9566 0.0000
vt 0.1187 0.9622 0.0000
vt 0.1216 0.9680 0.0000
vt 0.1194 0.9619 0.0000
vt 0.1222 0.9676 0.0000
vt 0.1166 0.9561 0.0000
vt 0.1173 0.9559 0.0000
vt 0.1247 0.9738 0.0000
vt 0.1252 0.9734 0.0000
vt 0.1258 0.9729 0.0000
vt 0.1241 0.9743 0.0000
vt 0.1235 0.9747 0.0000
vt 0.2150 0.9430 0.0000
vt 0.2157 0.9430 0.0000
vt 0.2153 0.9497 0.0000
vt 0.2146 0.9496 0.0000
vt 0.2141 0.9563 0.0000
vt 0.2134 0.9561 0.0000
vt 0.2165 0.9430 0.0000
vt 0.2161 0.9498 0.0000
vt 0.2148 0.9565 0.0000
vt 0.2143 0.9430 0.0000
vt 0.2139 0.9495 0.0000
vt 0.2132 0.9494 0.0000
vt 0.2136 0.9430 0.0000
vt 0.2126 0.9559 0.0000
vt 0.2119 0.9557 0.0000
vt 0.2138 0.9365 0.0000
vt 0.2145 0.9364 0.0000
vt 0.2131 0.9366 0.0000
vt 0.2153 0.9363 0.0000
vt 0.2160 0.9362 0.0000
vt 0.1145 0.9366 0.0000
vt 0.1141 0.9432 0.0000
vt 0.1133 0.9432 0.0000
vt 0.1137 0.9365 0.0000
vt 0.1150 0.9299 0.0000
vt 0.1157 0.9301 0.0000
vt 0.1126 0.9432 0.0000
vt 0.1130 0.9364 0.0000
vt 0.1143 0.9297 0.0000
vt 0.1148 0.9432 0.0000
vt 0.1152 0.9367 0.0000
vt 0.1155 0.9432 0.0000
vt 0.1159 0.9368 0.0000
vt 0.1164 0.9303 0.0000
vt 0.1171 0.9305 0.0000
vt 0.1153 0.9497 0.0000
vt 0.1145 0.9498 0.0000
vt 0.1160 0.9496 0.0000
vt 0.1138 0.9499 0.0000
vt 0.1131 0.9500 0.0000
vt 0.2083 0.9683 0.0000
vt 0.2089 0.9686 0.0000
vt 0.2052 0.9742 0.0000
vt 0.2046 0.9738 0.0000
vt 0.2095 0.9690 0.0000
vt 0.2057 0.9746 0.0000
vt 0.2040 0.9733 0.0000
vt 0.2076 0.9679 0.0000
vt 0.2034 0.9729 0.0000
vt 0.2070 0.9675 0.0000
vt 0.2112 0.9623 0.0000
vt 0.2105 0.9621 0.0000
vt 0.2099 0.9618 0.0000
vt 0.2119 0.9626 0.0000
vt 0.2126 0.9629 0.0000
vt 0.1239 0.9120 0.0000
vt 0.1245 0.9124 0.0000
vt 0.1208 0.9179 0.0000
vt 0.1202 0.9176 0.0000
vt 0.1233 0.9115 0.0000
vt 0.1195 0.9172 0.0000
vt 0.1251 0.9129 0.0000
vt 0.1214 0.9183 0.0000
vt 0.1256 0.9133 0.0000
vt 0.1221 0.9186 0.0000
vt 0.1185 0.9241 0.0000
vt 0.1179 0.9238 0.0000
vt 0.1192 0.9244 0.0000
vt 0.1172 0.9236 0.0000
vt 0.1165 0.9233 0.0000
vt 0.1646 0.9889 0.0000
vt 0.1586 0.9886 0.0000
vt 0.1590 0.9856 0.0000
vt 0.1646 0.9859 0.0000
vt 0.1527 0.9874 0.0000
vt 0.1535 0.9845 0.0000
vt 0.1594 0.9826 0.0000
vt 0.1646 0.9829 0.0000
vt 0.1598 0.9796 0.0000
vt 0.1646 0.9799 0.0000
vt 0.1543 0.9816 0.0000
vt 0.1551 0.9786 0.0000
vt 0.1698 0.9826 0.0000
vt 0.1702 0.9856 0.0000
vt 0.1749 0.9815 0.0000
vt 0.1757 0.9845 0.0000
vt 0.1694 0.9796 0.0000
vt 0.1741 0.9786 0.0000
vt 0.1706 0.9886 0.0000
vt 0.1765 0.9874 0.0000
vt 0.1645 0.8972 0.0000
vt 0.1705 0.8976 0.0000
vt 0.1701 0.9006 0.0000
vt 0.1645 0.9003 0.0000
vt 0.1763 0.8988 0.0000
vt 0.1756 0.9017 0.0000
vt 0.1697 0.9036 0.0000
vt 0.1645 0.9033 0.0000
vt 0.1645 0.9063 0.0000
vt 0.1693 0.9066 0.0000
vt 0.1748 0.9046 0.0000
vt 0.1740 0.9076 0.0000
vt 0.1589 0.9006 0.0000
vt 0.1593 0.9036 0.0000
vt 0.1534 0.9017 0.0000
vt 0.1542 0.9046 0.0000
vt 0.1597 0.9066 0.0000
vt 0.1550 0.9076 0.0000
vt 0.1585 0.8976 0.0000
vt 0.1526 0.8988 0.0000
vt 0.1874 0.9033 0.0000
vt 0.1924 0.9067 0.0000
vt 0.1906 0.9091 0.0000
vt 0.1859 0.9060 0.0000
vt 0.1969 0.9106 0.0000
vt 0.1948 0.9127 0.0000
vt 0.1887 0.9115 0.0000
vt 0.1844 0.9086 0.0000
vt 0.1869 0.9139 0.0000
vt 0.1829 0.9112 0.0000
vt 0.1927 0.9149 0.0000
vt 0.1905 0.9170 0.0000
vt 0.1809 0.9035 0.0000
vt 0.1797 0.9063 0.0000
vt 0.1786 0.9091 0.0000
vt 0.1820 0.9007 0.0000
vt 0.1417 0.9828 0.0000
vt 0.1367 0.9795 0.0000
vt 0.1385 0.9771 0.0000
vt 0.1432 0.9802 0.0000
vt 0.1322 0.9756 0.0000
vt 0.1343 0.9734 0.0000
vt 0.1403 0.9747 0.0000
vt 0.1447 0.9776 0.0000
vt 0.1422 0.9723 0.0000
vt 0.1462 0.9750 0.0000
vt 0.1364 0.9713 0.0000
vt 0.1386 0.9691 0.0000
vt 0.1494 0.9799 0.0000
vt 0.1482 0.9827 0.0000
vt 0.1505 0.9771 0.0000
vt 0.1471 0.9855 0.0000
vt 0.2016 0.9216 0.0000
vt 0.2042 0.9201 0.0000
vt 0.2069 0.9254 0.0000
vt 0.2041 0.9266 0.0000
vt 0.2060 0.9319 0.0000
vt 0.2089 0.9311 0.0000
vt 0.2013 0.9278 0.0000
vt 0.1990 0.9231 0.0000
vt 0.1985 0.9290 0.0000
vt 0.1964 0.9247 0.0000
vt 0.2030 0.9327 0.0000
vt 0.2001 0.9335 0.0000
vt 0.1961 0.9188 0.0000
vt 0.1985 0.9169 0.0000
vt 0.1937 0.9207 0.0000
vt 0.2009 0.9151 0.0000
vt 0.1275 0.9646 0.0000
vt 0.1248 0.9661 0.0000
vt 0.1222 0.9607 0.0000
vt 0.1249 0.9596 0.0000
vt 0.1202 0.9551 0.0000
vt 0.1231 0.9543 0.0000
vt 0.1277 0.9584 0.0000
vt 0.1301 0.9631 0.0000
vt 0.1305 0.9572 0.0000
vt 0.1327 0.9615 0.0000
vt 0.1260 0.9535 0.0000
vt 0.1290 0.9527 0.0000
vt 0.1330 0.9674 0.0000
vt 0.1306 0.9692 0.0000
vt 0.1354 0.9655 0.0000
vt 0.1282 0.9711 0.0000
vt 0.2071 0.9486 0.0000
vt 0.2075 0.9430 0.0000
vt 0.2105 0.9430 0.0000
vt 0.2101 0.9490 0.0000
vt 0.2090 0.9549 0.0000
vt 0.2060 0.9542 0.0000
vt 0.2041 0.9483 0.0000
vt 0.2044 0.9430 0.0000
vt 0.2011 0.9479 0.0000
vt 0.2014 0.9431 0.0000
vt 0.2031 0.9534 0.0000
vt 0.2002 0.9526 0.0000
vt 0.2041 0.9378 0.0000
vt 0.2071 0.9374 0.0000
vt 0.2011 0.9382 0.0000
vt 0.2101 0.9370 0.0000
vt 0.1189 0.9372 0.0000
vt 0.1220 0.9375 0.0000
vt 0.1216 0.9432 0.0000
vt 0.1186 0.9432 0.0000
vt 0.1230 0.9320 0.0000
vt 0.1201 0.9312 0.0000
vt 0.1247 0.9431 0.0000
vt 0.1250 0.9379 0.0000
vt 0.1280 0.9383 0.0000
vt 0.1277 0.9431 0.0000
vt 0.1260 0.9328 0.0000
vt 0.1289 0.9336 0.0000
vt 0.1250 0.9484 0.0000
vt 0.1220 0.9488 0.0000
vt 0.1280 0.9479 0.0000
vt 0.1190 0.9492 0.0000
vt 0.2010 0.9710 0.0000
vt 0.1986 0.9692 0.0000
vt 0.2017 0.9645 0.0000
vt 0.2044 0.9660 0.0000
vt 0.1971 0.9755 0.0000
vt 0.1949 0.9734 0.0000
vt 0.1962 0.9673 0.0000
vt 0.1991 0.9630 0.0000
vt 0.1938 0.9655 0.0000
vt 0.1965 0.9615 0.0000
vt 0.1928 0.9713 0.0000
vt 0.1906 0.9691 0.0000
vt 0.2014 0.9583 0.0000
vt 0.2042 0.9595 0.0000
vt 0.1986 0.9572 0.0000
vt 0.2071 0.9606 0.0000
vt 0.1247 0.9202 0.0000
vt 0.1281 0.9152 0.0000
vt 0.1305 0.9170 0.0000
vt 0.1273 0.9217 0.0000
vt 0.1320 0.9106 0.0000
vt 0.1342 0.9128 0.0000
vt 0.1329 0.9188 0.0000
vt 0.1300 0.9232 0.0000
vt 0.1326 0.9247 0.0000
vt 0.1353 0.9207 0.0000
vt 0.1363 0.9149 0.0000
vt 0.1385 0.9171 0.0000
vt 0.1277 0.9279 0.0000
vt 0.1248 0.9267 0.0000
vt 0.1305 0.9290 0.0000
vt 0.1220 0.9256 0.0000
vt 0.1860 0.9802 0.0000
vt 0.1875 0.9828 0.0000
vt 0.1821 0.9855 0.0000
vt 0.1810 0.9827 0.0000
vt 0.1798 0.9799 0.0000
vt 0.1845 0.9776 0.0000
vt 0.1787 0.9771 0.0000
vt 0.1830 0.9749 0.0000
vt 0.1888 0.9747 0.0000
vt 0.1907 0.9771 0.0000
vt 0.1870 0.9723 0.0000
vt 0.1925 0.9795 0.0000
vt 0.1431 0.9060 0.0000
vt 0.1416 0.9034 0.0000
vt 0.1469 0.9007 0.0000
vt 0.1481 0.9035 0.0000
vt 0.1493 0.9063 0.0000
vt 0.1446 0.9086 0.0000
vt 0.1504 0.9091 0.0000
vt 0.1461 0.9112 0.0000
vt 0.1403 0.9115 0.0000
vt 0.1384 0.9091 0.0000
vt 0.1421 0.9139 0.0000
vt 0.1366 0.9067 0.0000
vt 0.1827 0.9303 0.0000
vt 0.1805 0.9386 0.0000
vt 0.1761 0.9370 0.0000
vt 0.1784 0.9284 0.0000
vt 0.1784 0.9468 0.0000
vt 0.1738 0.9456 0.0000
vt 0.1849 0.9403 0.0000
vt 0.1868 0.9325 0.0000
vt 0.1829 0.9480 0.0000
vt 0.1715 0.9355 0.0000
vt 0.1739 0.9267 0.0000
vt 0.1669 0.9342 0.0000
vt 0.1693 0.9253 0.0000
vt 0.1692 0.9443 0.0000
vt 0.1645 0.9431 0.0000
vt 0.1762 0.9179 0.0000
vt 0.1806 0.9198 0.0000
vt 0.1717 0.9164 0.0000
vt 0.1848 0.9221 0.0000
vt 0.1887 0.9248 0.0000
vt 0.1485 0.9476 0.0000
vt 0.1530 0.9492 0.0000
vt 0.1507 0.9578 0.0000
vt 0.1464 0.9558 0.0000
vt 0.1553 0.9406 0.0000
vt 0.1507 0.9394 0.0000
vt 0.1423 0.9536 0.0000
vt 0.1442 0.9459 0.0000
vt 0.1462 0.9382 0.0000
vt 0.1576 0.9507 0.0000
vt 0.1552 0.9595 0.0000
vt 0.1622 0.9520 0.0000
vt 0.1598 0.9609 0.0000
vt 0.1599 0.9419 0.0000
vt 0.1529 0.9683 0.0000
vt 0.1485 0.9664 0.0000
vt 0.1574 0.9697 0.0000
vt 0.1443 0.9641 0.0000
vt 0.1404 0.9614 0.0000
vt 0.1717 0.9714 0.0000
vt 0.1669 0.9713 0.0000
vt 0.1692 0.9627 0.0000
vt 0.1739 0.9632 0.0000
vt 0.1786 0.9633 0.0000
vt 0.1764 0.9710 0.0000
vt 0.1645 0.9619 0.0000
vt 0.1621 0.9708 0.0000
vt 0.1668 0.9531 0.0000
vt 0.1715 0.9541 0.0000
vt 0.1762 0.9550 0.0000
vt 0.1808 0.9557 0.0000
vt 0.1574 0.9148 0.0000
vt 0.1622 0.9149 0.0000
vt 0.1599 0.9235 0.0000
vt 0.1552 0.9230 0.0000
vt 0.1505 0.9229 0.0000
vt 0.1527 0.9152 0.0000
vt 0.1646 0.9242 0.0000
vt 0.1670 0.9154 0.0000
vt 0.1576 0.9320 0.0000
vt 0.1622 0.9330 0.0000
vt 0.1529 0.9312 0.0000
vt 0.1483 0.9305 0.0000
vt 0.1347 0.9486 0.0000
vt 0.1312 0.9459 0.0000
vt 0.1320 0.9403 0.0000
vt 0.1360 0.9422 0.0000
vt 0.1332 0.9347 0.0000
vt 0.1375 0.9359 0.0000
vt 0.1400 0.9441 0.0000
vt 0.1384 0.9512 0.0000
vt 0.1418 0.9370 0.0000
vt 0.1369 0.9584 0.0000
vt 0.1336 0.9551 0.0000
vt 0.1308 0.9516 0.0000
vt 0.1437 0.9173 0.0000
vt 0.1481 0.9161 0.0000
vt 0.1459 0.9230 0.0000
vt 0.1414 0.9234 0.0000
vt 0.1438 0.9300 0.0000
vt 0.1393 0.9296 0.0000
vt 0.1349 0.9293 0.0000
vt 0.1370 0.9240 0.0000
vt 0.1395 0.9189 0.0000
vt 0.1809 0.9701 0.0000
vt 0.1832 0.9632 0.0000
vt 0.1877 0.9628 0.0000
vt 0.1854 0.9689 0.0000
vt 0.1853 0.9562 0.0000
vt 0.1898 0.9566 0.0000
vt 0.1873 0.9492 0.0000
vt 0.1916 0.9503 0.0000
vt 0.1942 0.9569 0.0000
vt 0.1921 0.9622 0.0000
vt 0.1959 0.9515 0.0000
vt 0.1896 0.9673 0.0000
vt 0.1979 0.9403 0.0000
vt 0.1971 0.9459 0.0000
vt 0.1931 0.9440 0.0000
vt 0.1944 0.9376 0.0000
vt 0.1891 0.9421 0.0000
vt 0.1907 0.9350 0.0000
vt 0.1922 0.9278 0.0000
vt 0.1954 0.9311 0.0000
vt 0.1983 0.9346 0.0000
vt 0.0811 0.9341 0.0000
vt 0.0820 0.9310 0.0000
vt 0.0860 0.9287 0.0000
vt 0.0873 0.9321 0.0000
vt 0.0881 0.9358 0.0000
vt 0.0811 0.9377 0.0000
vt 0.0748 0.9352 0.0000
vt 0.0789 0.9303 0.0000
vt 0.0702 0.9341 0.0000
vt 0.0758 0.9285 0.0000
vt 0.0735 0.9397 0.0000
vt 0.0613 0.9430 0.0000
vt 0.0837 0.9259 0.0000
vt 0.0809 0.9233 0.0000
vt 0.0414 0.9519 0.0000
vt 0.0405 0.9550 0.0000
vt 0.0365 0.9573 0.0000
vt 0.0352 0.9539 0.0000
vt 0.0414 0.9483 0.0000
vt 0.0344 0.9502 0.0000
vt 0.0477 0.9508 0.0000
vt 0.0436 0.9557 0.0000
vt 0.0467 0.9575 0.0000
vt 0.0523 0.9519 0.0000
vt 0.0490 0.9463 0.0000
vt 0.0388 0.9601 0.0000
vt 0.0416 0.9627 0.0000
vt 0.0733 0.9222 0.0000
vt 0.0756 0.9182 0.0000
vt 0.0784 0.9206 0.0000
vt 0.0740 0.9253 0.0000
vt 0.0691 0.9294 0.0000
vt 0.0702 0.9231 0.0000
vt 0.0666 0.9231 0.0000
vt 0.0645 0.9308 0.0000
vt 0.0721 0.9170 0.0000
vt 0.0685 0.9161 0.0000
vt 0.0492 0.9638 0.0000
vt 0.0470 0.9678 0.0000
vt 0.0442 0.9654 0.0000
vt 0.0485 0.9607 0.0000
vt 0.0534 0.9566 0.0000
vt 0.0523 0.9629 0.0000
vt 0.0580 0.9552 0.0000
vt 0.0559 0.9629 0.0000
vt 0.0504 0.9690 0.0000
vt 0.0540 0.9699 0.0000
vt 0.0612 0.9670 0.0000
vt 0.0612 0.9716 0.0000
vt 0.0577 0.9710 0.0000
vt 0.0590 0.9647 0.0000
vt 0.0612 0.9587 0.0000
vt 0.0635 0.9647 0.0000
vt 0.0645 0.9552 0.0000
vt 0.0666 0.9629 0.0000
vt 0.0648 0.9710 0.0000
vt 0.0684 0.9699 0.0000
vt 0.0648 0.9150 0.0000
vt 0.0635 0.9213 0.0000
vt 0.0613 0.9190 0.0000
vt 0.0613 0.9144 0.0000
vt 0.0613 0.9273 0.0000
vt 0.0590 0.9213 0.0000
vt 0.0580 0.9308 0.0000
vt 0.0559 0.9231 0.0000
vt 0.0577 0.9150 0.0000
vt 0.0541 0.9161 0.0000
vt 0.0721 0.9690 0.0000
vt 0.0702 0.9629 0.0000
vt 0.0733 0.9638 0.0000
vt 0.0755 0.9678 0.0000
vt 0.0691 0.9566 0.0000
vt 0.0740 0.9607 0.0000
vt 0.0702 0.9520 0.0000
vt 0.0758 0.9575 0.0000
vt 0.0783 0.9654 0.0000
vt 0.0809 0.9627 0.0000
vt 0.0470 0.9182 0.0000
vt 0.0504 0.9170 0.0000
vt 0.0523 0.9231 0.0000
vt 0.0493 0.9222 0.0000
vt 0.0534 0.9294 0.0000
vt 0.0485 0.9253 0.0000
vt 0.0523 0.9340 0.0000
vt 0.0467 0.9284 0.0000
vt 0.0442 0.9206 0.0000
vt 0.0416 0.9233 0.0000
vt 0.0820 0.9550 0.0000
vt 0.0860 0.9573 0.0000
vt 0.0837 0.9601 0.0000
vt 0.0789 0.9558 0.0000
vt 0.0748 0.9508 0.0000
vt 0.0811 0.9519 0.0000
vt 0.0735 0.9463 0.0000
vt 0.0811 0.9483 0.0000
vt 0.0873 0.9539 0.0000
vt 0.0881 0.9502 0.0000
vt 0.0365 0.9287 0.0000
vt 0.0388 0.9259 0.0000
vt 0.0436 0.9302 0.0000
vt 0.0405 0.9310 0.0000
vt 0.0477 0.9352 0.0000
vt 0.0414 0.9341 0.0000
vt 0.0414 0.9377 0.0000
vt 0.0490 0.9397 0.0000
vt 0.0352 0.9321 0.0000
vt 0.0344 0.9358 0.0000
vt 0.0898 0.9430 0.0000
vt 0.0892 0.9466 0.0000
vt 0.0829 0.9452 0.0000
vt 0.0853 0.9430 0.0000
vt 0.0769 0.9430 0.0000
vt 0.0829 0.9408 0.0000
vt 0.0892 0.9394 0.0000
vt 0.0333 0.9394 0.0000
vt 0.0396 0.9408 0.0000
vt 0.0372 0.9430 0.0000
vt 0.0327 0.9430 0.0000
vt 0.0456 0.9430 0.0000
vt 0.0396 0.9452 0.0000
vt 0.0333 0.9466 0.0000
# 1714 texture coords

o Circle
g Circle
usemtl microwave_None
s 1
f 1/1/1 2/2/2 3/3/3 4/4/4 
f 5/5/5 6/6/6 4/4/4 3/3/3 
f 7/7/7 8/8/8 3/3/3 2/2/2 
f 5/5/5 3/3/3 8/8/8 9/9/9 
f 4/4/4 10/10/10 11/11/11 1/1/1 
f 11/11/11 10/10/10 12/12/12 13/13/13 
f 10/10/10 4/4/4 6/6/6 14/14/14 
f 10/10/10 14/14/14 15/15/15 12/12/12 
f 16/16/16 1/1/1 11/11/11 17/17/17 
f 16/16/16 17/17/17 18/18/18 19/19/19 
f 11/11/11 13/13/13 20/20/20 17/17/17 
f 18/18/18 17/17/17 20/20/20 21/21/21 
f 22/22/22 2/2/2 1/1/1 16/16/16 
f 7/7/7 2/2/2 22/22/22 23/23/23 
f 22/22/22 16/16/16 19/19/19 24/24/24 
f 25/25/25 23/23/23 22/22/22 24/24/24 
f 26/26/26 27/27/27 28/28/28 29/29/29 
f 29/29/29 28/28/28 14/30/14 6/31/6 
f 27/27/27 30/32/30 31/33/31 28/28/28 
f 28/28/28 31/33/31 15/34/15 14/30/14 
f 32/35/32 33/36/33 26/26/26 29/29/29 
f 33/36/33 32/35/32 34/37/34 35/38/35 
f 32/35/32 29/29/29 6/31/6 5/39/5 
f 34/37/34 32/35/32 5/39/5 9/40/9 
f 36/41/36 37/42/37 26/26/26 33/36/33 
f 36/41/36 38/43/38 39/44/39 37/42/37 
f 40/45/40 36/41/36 33/36/33 35/38/35 
f 41/46/41 38/43/38 36/41/36 40/45/40 
f 42/47/42 27/27/27 26/26/26 37/42/37 
f 27/27/27 42/47/42 43/48/43 30/32/30 
f 39/44/39 44/49/44 42/47/42 37/42/37 
f 43/48/43 42/47/42 44/49/44 45/50/45 
f 46/51/46 47/52/47 48/53/48 49/54/49 
f 47/52/47 50/55/50 51/56/51 48/53/48 
f 52/57/52 47/52/47 46/51/46 53/58/53 
f 50/55/50 47/52/47 52/57/52 54/59/54 
f 48/53/48 55/60/55 56/61/56 49/54/49 
f 57/62/57 56/61/56 55/60/55 58/63/58 
f 51/56/51 59/64/59 55/60/55 48/53/48 
f 60/65/60 58/63/58 55/60/55 59/64/59 
f 49/54/49 56/61/56 61/66/61 62/67/62 
f 19/19/19 62/67/62 61/66/61 24/24/24 
f 56/61/56 57/62/57 63/68/63 61/66/61 
f 63/68/63 25/25/25 24/24/24 61/66/61 
f 62/67/62 64/69/64 46/51/46 49/54/49 
f 65/70/65 53/58/53 46/51/46 64/69/64 
f 18/18/18 64/69/64 62/67/62 19/19/19 
f 21/21/21 65/70/65 64/69/64 18/18/18 
f 66/71/66 67/72/67 68/73/68 69/74/69 
f 59/64/59 51/56/51 66/71/66 69/74/69 
f 68/73/68 70/75/70 71/76/71 69/74/69 
f 60/65/60 59/64/59 69/74/69 71/76/71 
f 72/77/72 73/78/73 67/72/67 66/71/66 
f 73/78/73 72/77/72 74/79/74 75/80/75 
f 66/71/66 51/56/51 50/55/50 72/77/72 
f 72/77/72 50/55/50 54/59/54 74/79/74 
f 67/72/67 73/78/73 76/81/76 77/82/77 
f 77/82/77 76/81/76 44/49/44 39/44/39 
f 73/78/73 75/80/75 78/83/78 76/81/76 
f 45/50/45 44/49/44 76/81/76 78/83/78 
f 77/82/77 79/84/79 68/73/68 67/72/67 
f 68/73/68 79/84/79 80/85/80 70/75/70 
f 38/43/38 79/84/79 77/82/77 39/44/39 
f 79/84/79 38/43/38 41/46/41 80/85/80 
f 81/86/81 82/87/82 83/88/83 84/89/84 
f 84/89/84 83/88/83 85/90/85 86/91/86 
f 12/12/12 83/88/83 82/87/82 13/13/13 
f 83/88/83 12/12/12 15/15/15 85/90/85 
f 87/92/87 81/86/81 84/89/84 88/93/88 
f 89/94/89 87/92/87 88/93/88 90/95/90 
f 84/89/84 86/91/86 91/96/91 88/93/88 
f 88/93/88 91/96/91 92/97/92 90/95/90 
f 93/98/93 94/99/94 81/86/81 87/92/87 
f 94/99/94 93/98/93 95/100/95 96/101/96 
f 97/102/97 93/98/93 87/92/87 89/94/89 
f 95/100/95 93/98/93 97/102/97 98/103/98 
f 99/104/99 82/87/82 81/86/81 94/99/94 
f 82/87/82 99/104/99 20/20/20 13/13/13 
f 99/104/99 94/99/94 96/101/96 100/105/100 
f 21/21/21 20/20/20 99/104/99 100/105/100 
f 101/106/101 102/107/102 103/108/103 104/109/104 
f 86/110/86 101/106/101 104/109/104 91/111/91 
f 105/112/105 106/113/106 104/109/104 103/108/103 
f 104/109/104 106/113/106 92/114/92 91/111/91 
f 107/115/107 108/116/108 102/107/102 101/106/101 
f 31/33/31 30/32/30 108/116/108 107/115/107 
f 101/106/101 86/110/86 85/117/85 107/115/107 
f 15/34/15 31/33/31 107/115/107 85/117/85 
f 109/118/109 110/119/110 102/107/102 108/116/108 
f 109/118/109 111/120/111 112/121/112 110/119/110 
f 109/118/109 108/116/108 30/32/30 43/48/43 
f 111/120/111 109/118/109 43/48/43 45/50/45 
f 113/122/113 103/108/103 102/107/102 110/119/110 
f 105/112/105 103/108/103 113/122/113 114/123/114 
f 115/124/115 113/122/113 110/119/110 112/121/112 
f 116/125/116 114/123/114 113/122/113 115/124/115 
f 117/126/117 118/127/118 119/128/119 120/129/120 
f 121/130/121 120/129/120 119/128/119 122/131/122 
f 118/127/118 123/132/123 124/133/124 119/128/119 
f 125/134/125 122/131/122 119/128/119 124/133/124 
f 117/126/117 120/129/120 126/135/126 127/136/127 
f 52/57/52 53/58/53 127/136/127 126/135/126 
f 121/130/121 128/137/128 126/135/126 120/129/120 
f 126/135/126 128/137/128 54/59/54 52/57/52 
f 129/138/129 117/126/117 127/136/127 130/139/130 
f 100/105/100 96/101/96 129/138/129 130/139/130 
f 53/58/53 65/70/65 130/139/130 127/136/127 
f 21/21/21 100/105/100 130/139/130 65/70/65 
f 131/140/131 118/127/118 117/126/117 129/138/129 
f 123/132/123 118/127/118 131/140/131 132/141/132 
f 95/100/95 131/140/131 129/138/129 96/101/96 
f 132/141/132 131/140/131 95/100/95 98/103/98 
f 133/142/133 134/143/134 135/144/135 136/145/136 
f 121/130/121 136/145/136 135/144/135 128/137/128 
f 134/143/134 75/80/75 74/79/74 135/144/135 
f 135/144/135 74/79/74 54/59/54 128/137/128 
f 133/142/133 136/145/136 137/146/137 138/147/138 
f 139/148/139 140/149/140 138/147/138 137/146/137 
f 136/145/136 121/130/121 122/131/122 137/146/137 
f 139/148/139 137/146/137 122/131/122 125/134/125 
f 141/150/141 142/151/142 133/142/133 138/147/138 
f 142/151/142 141/150/141 115/124/115 112/121/112 
f 138/147/138 140/149/140 143/152/143 141/150/141 
f 115/124/115 141/150/141 143/152/143 116/125/116 
f 133/142/133 142/151/142 144/153/144 134/143/134 
f 134/143/134 144/153/144 78/83/78 75/80/75 
f 144/153/144 142/151/142 112/121/112 111/120/111 
f 45/50/45 78/83/78 144/153/144 111/120/111 
f 145/154/145 146/155/146 147/156/147 148/157/148 
f 149/158/149 148/157/148 147/156/147 150/159/150 
f 90/95/90 147/156/147 146/155/146 89/94/89 
f 150/159/150 147/156/147 90/95/90 92/97/92 
f 151/160/151 145/154/145 148/157/148 152/161/152 
f 152/161/152 153/162/153 154/163/154 151/160/151 
f 155/164/155 152/161/152 148/157/148 149/158/149 
f 153/162/153 152/161/152 155/164/155 156/165/156 
f 157/166/157 145/154/145 151/160/151 158/167/158 
f 159/168/159 160/169/160 157/166/157 158/167/158 
f 161/170/161 158/167/158 151/160/151 154/163/154 
f 159/168/159 158/167/158 161/170/161 162/171/162 
f 157/166/157 163/172/163 146/155/146 145/154/145 
f 89/94/89 146/155/146 163/172/163 97/102/97 
f 164/173/164 163/172/163 157/166/157 160/169/160 
f 97/102/97 163/172/163 164/173/164 98/103/98 
f 165/174/165 166/175/166 167/176/167 168/177/168 
f 165/174/165 155/178/155 149/179/149 166/175/166 
f 169/180/169 165/174/165 168/177/168 170/181/170 
f 155/178/155 165/174/165 169/180/169 156/182/156 
f 171/183/171 172/184/172 167/176/167 166/175/166 
f 172/184/172 171/183/171 106/113/106 105/112/105 
f 149/179/149 150/185/150 171/183/171 166/175/166 
f 106/113/106 171/183/171 150/185/150 92/114/92 
f 172/184/172 173/186/173 174/187/174 167/176/167 
f 173/186/173 175/188/175 176/189/176 174/187/174 
f 172/184/172 105/112/105 114/123/114 173/186/173 
f 116/125/116 175/188/175 173/186/173 114/123/114 
f 168/177/168 167/176/167 174/187/174 177/190/177 
f 170/181/170 168/177/168 177/190/177 178/191/178 
f 176/189/176 179/192/179 177/190/177 174/187/174 
f 178/191/178 177/190/177 179/192/179 180/193/180 
f 181/194/181 182/195/182 183/196/183 184/197/184 
f 185/198/185 186/199/186 184/197/184 183/196/183 
f 182/195/182 187/200/187 188/201/188 183/196/183 
f 183/196/183 188/201/188 189/202/189 185/198/185 
f 181/194/181 184/197/184 190/203/190 191/204/191 
f 191/204/191 190/203/190 124/133/124 123/132/123 
f 192/205/192 190/203/190 184/197/184 186/199/186 
f 125/134/125 124/133/124 190/203/190 192/205/192 
f 193/206/193 194/207/194 181/194/181 191/204/191 
f 164/173/164 160/169/160 194/207/194 193/206/193 
f 191/204/191 123/132/123 132/141/132 193/206/193 
f 164/173/164 193/206/193 132/141/132 98/103/98 
f 182/195/182 181/194/181 194/207/194 195/208/195 
f 182/195/182 195/208/195 196/209/196 187/200/187 
f 160/169/160 159/168/159 195/208/195 194/207/194 
f 196/209/196 195/208/195 159/168/159 162/171/162 
f 197/210/197 198/211/198 199/212/199 200/213/200 
f 192/205/192 186/199/186 200/213/200 199/212/199 
f 139/148/139 199/212/199 198/211/198 140/149/140 
f 192/205/192 199/212/199 139/148/139 125/134/125 
f 201/214/201 197/210/197 200/213/200 202/215/202 
f 203/216/203 201/214/201 202/215/202 204/217/204 
f 185/198/185 202/215/202 200/213/200 186/199/186 
f 202/215/202 185/198/185 189/202/189 204/217/204 
f 205/218/205 206/219/206 197/210/197 201/214/201 
f 176/189/176 206/219/206 205/218/205 179/192/179 
f 205/218/205 201/214/201 203/216/203 207/220/207 
f 180/193/180 179/192/179 205/218/205 207/220/207 
f 197/210/197 206/219/206 208/221/208 198/211/198 
f 140/149/140 198/211/198 208/221/208 143/152/143 
f 208/221/208 206/219/206 176/189/176 175/188/175 
f 116/125/116 143/152/143 208/221/208 175/188/175 
f 209/222/209 210/223/210 211/224/211 212/225/212 
f 213/226/213 214/227/214 209/222/209 212/225/212 
f 153/162/153 212/225/212 211/224/211 154/163/154 
f 156/165/156 213/226/213 212/225/212 153/162/153 
f 215/228/215 216/229/216 210/223/210 209/222/209 
f 217/230/217 216/229/216 215/228/215 218/231/218 
f 209/222/209 214/227/214 219/232/219 215/228/215 
f 215/228/215 219/232/219 220/233/220 218/231/218 
f 216/229/216 221/234/221 222/235/222 210/223/210 
f 223/236/223 222/235/222 221/234/221 224/237/224 
f 217/230/217 225/238/225 221/234/221 216/229/216 
f 221/234/221 225/238/225 226/239/226 224/237/224 
f 222/235/222 227/240/227 211/224/211 210/223/210 
f 161/170/161 154/163/154 211/224/211 227/240/227 
f 228/241/228 227/240/227 222/235/222 223/236/223 
f 161/170/161 227/240/227 228/241/228 162/171/162 
f 229/242/229 230/243/230 231/244/231 232/245/232 
f 214/246/214 232/245/232 231/244/231 219/247/219 
f 233/248/233 231/244/231 230/243/230 234/249/234 
f 220/250/220 219/247/219 231/244/231 233/248/233 
f 232/245/232 235/251/235 236/252/236 229/242/229 
f 169/180/169 170/181/170 236/252/236 235/251/235 
f 213/253/213 235/251/235 232/245/232 214/246/214 
f 213/253/213 156/182/156 169/180/169 235/251/235 
f 237/254/237 229/242/229 236/252/236 238/255/238 
f 239/256/239 240/257/240 237/254/237 238/255/238 
f 178/191/178 238/255/238 236/252/236 170/181/170 
f 180/193/180 239/256/239 238/255/238 178/191/178 
f 230/243/230 229/242/229 237/254/237 241/258/241 
f 242/259/242 234/249/234 230/243/230 241/258/241 
f 243/260/243 241/258/241 237/254/237 240/257/240 
f 242/259/242 241/258/241 243/260/243 244/261/244 
f 245/262/245 246/263/246 247/264/247 248/265/248 
f 249/266/249 246/263/246 245/262/245 250/267/250 
f 245/262/245 248/265/248 251/268/251 252/269/252 
f 252/269/252 253/270/253 250/267/250 245/262/245 
f 254/271/254 255/272/255 247/264/247 246/263/246 
f 255/272/255 254/271/254 188/201/188 187/200/187 
f 254/271/254 246/263/246 249/266/249 256/273/256 
f 254/271/254 256/273/256 189/202/189 188/201/188 
f 255/272/255 257/274/257 258/275/258 247/264/247 
f 228/241/228 223/236/223 258/275/258 257/274/257 
f 196/209/196 257/274/257 255/272/255 187/200/187 
f 257/274/257 196/209/196 162/171/162 228/241/228 
f 248/265/248 247/264/247 258/275/258 259/276/259 
f 260/277/260 251/268/251 248/265/248 259/276/259 
f 224/237/224 259/276/259 258/275/258 223/236/223 
f 260/277/260 259/276/259 224/237/224 226/239/226 
f 261/278/261 262/279/262 263/280/263 264/281/264 
f 264/281/264 263/280/263 256/273/256 249/266/249 
f 204/217/204 263/280/263 262/279/262 203/216/203 
f 256/273/256 263/280/263 204/217/204 189/202/189 
f 265/282/265 261/278/261 264/281/264 266/283/266 
f 266/283/266 267/284/267 268/285/268 265/282/265 
f 266/283/266 264/281/264 249/266/249 250/267/250 
f 253/270/253 267/284/267 266/283/266 250/267/250 
f 269/286/269 261/278/261 265/282/265 270/287/270 
f 269/286/269 270/287/270 243/260/243 240/257/240 
f 265/282/265 268/285/268 271/288/271 270/287/270 
f 270/287/270 271/288/271 244/261/244 243/260/243 
f 262/279/262 261/278/261 269/286/269 272/289/272 
f 207/220/207 203/216/203 262/279/262 272/289/272 
f 272/289/272 269/286/269 240/257/240 239/256/239 
f 207/220/207 272/289/272 239/256/239 180/193/180 
f 273/290/273 274/291/274 275/292/275 276/293/276 
f 277/294/277 278/295/278 274/291/274 273/290/273 
f 217/230/217 218/231/218 273/290/273 276/293/276 
f 220/233/220 277/294/277 273/290/273 218/231/218 
f 279/296/279 275/292/275 274/291/274 280/297/280 
f 280/297/280 281/298/281 282/299/282 279/296/279 
f 280/297/280 274/291/274 278/295/278 283/300/283 
f 284/301/284 281/298/281 280/297/280 283/300/283 
f 285/302/285 286/303/286 275/292/275 279/296/279 
f 287/304/287 288/305/288 286/303/286 285/302/285 
f 285/302/285 279/296/279 282/299/282 289/306/289 
f 287/304/287 285/302/285 289/306/289 290/307/290 
f 291/308/291 276/293/276 275/292/275 286/303/286 
f 217/230/217 276/293/276 291/308/291 225/238/225 
f 288/305/288 292/309/292 291/308/291 286/303/286 
f 291/308/291 292/309/292 226/239/226 225/238/225 
f 293/310/293 294/311/294 295/312/295 296/313/296 
f 283/314/283 278/315/278 296/313/296 295/312/295 
f 294/311/294 297/316/297 298/317/298 295/312/295 
f 284/318/284 283/314/283 295/312/295 298/317/298 
f 293/310/293 296/313/296 299/319/299 300/320/300 
f 233/248/233 234/249/234 300/320/300 299/319/299 
f 277/321/277 299/319/299 296/313/296 278/315/278 
f 299/319/299 277/321/277 220/250/220 233/248/233 
f 301/322/301 302/323/302 293/310/293 300/320/300 
f 303/324/303 302/323/302 301/322/301 304/325/304 
f 242/259/242 301/322/301 300/320/300 234/249/234 
f 244/261/244 304/325/304 301/322/301 242/259/242 
f 294/311/294 293/310/293 302/323/302 305/326/305 
f 306/327/306 297/316/297 294/311/294 305/326/305 
f 303/324/303 307/328/307 305/326/305 302/323/302 
f 306/327/306 305/326/305 307/328/307 308/329/308 
f 309/330/309 310/331/310 311/332/311 312/333/312 
f 313/334/313 314/335/314 310/331/310 309/330/309 
f 315/336/315 309/330/309 312/333/312 316/337/316 
f 315/336/315 317/338/317 313/334/313 309/330/309 
f 318/339/318 319/340/319 311/332/311 310/331/310 
f 251/268/251 319/340/319 318/339/318 252/269/252 
f 310/331/310 314/335/314 320/341/320 318/339/318 
f 320/341/320 253/270/253 252/269/252 318/339/318 
f 321/342/321 322/343/322 311/332/311 319/340/319 
f 292/309/292 288/305/288 322/343/322 321/342/321 
f 251/268/251 260/277/260 321/342/321 319/340/319 
f 226/239/226 292/309/292 321/342/321 260/277/260 
f 311/332/311 322/343/322 323/344/323 312/333/312 
f 324/345/324 316/337/316 312/333/312 323/344/323 
f 287/304/287 323/344/323 322/343/322 288/305/288 
f 290/307/290 324/345/324 323/344/323 287/304/287 
f 325/346/325 326/347/326 327/348/327 328/349/328 
f 327/348/327 320/341/320 314/335/314 328/349/328 
f 326/347/326 268/285/268 267/284/267 327/348/327 
f 267/284/267 253/270/253 320/341/320 327/348/327 
f 329/350/329 330/351/330 325/346/325 328/349/328 
f 331/352/331 332/353/332 330/351/330 329/350/329 
f 313/334/313 329/350/329 328/349/328 314/335/314 
f 329/350/329 313/334/313 317/338/317 331/352/331 
f 333/354/333 334/355/334 325/346/325 330/351/330 
f 333/354/333 307/328/307 303/324/303 334/355/334 
f 330/351/330 332/353/332 335/356/335 333/354/333 
f 307/328/307 333/354/333 335/356/335 308/329/308 
f 336/357/336 326/347/326 325/346/325 334/355/334 
f 326/347/326 336/357/336 271/288/271 268/285/268 
f 334/355/334 303/324/303 304/325/304 336/357/336 
f 336/357/336 304/325/304 244/261/244 271/288/271 
f 337/358/337 338/359/338 339/360/339 340/361/340 
f 341/362/341 342/363/342 340/361/340 339/360/339 
f 281/298/281 339/360/339 338/359/338 282/299/282 
f 281/298/281 284/301/284 341/362/341 339/360/339 
f 343/364/343 337/358/337 340/361/340 344/365/344 
f 343/364/343 344/365/344 345/366/345 346/367/346 
f 340/361/340 342/363/342 347/368/347 344/365/344 
f 345/366/345 344/365/344 347/368/347 348/369/60 
f 343/364/343 349/370/348 350/371/349 337/358/337 
f 351/372/350 352/373/351 350/371/349 349/370/348 
f 343/364/343 346/367/346 353/374/352 349/370/348 
f 351/372/350 349/370/348 353/374/352 354/375/353 
f 350/371/349 355/376/354 338/359/338 337/358/337 
f 289/306/289 282/299/282 338/359/338 355/376/354 
f 350/371/349 352/373/351 356/377/355 355/376/354 
f 290/307/290 289/306/289 355/376/354 356/377/355 
f 357/378/356 358/379/357 359/380/358 360/381/359 
f 358/379/357 357/378/356 347/382/347 342/383/342 
f 360/381/359 361/384/360 362/385/361 357/378/356 
f 347/382/347 357/378/356 362/385/361 348/386/60 
f 363/387/362 359/380/358 358/379/357 364/388/363 
f 363/387/362 364/388/363 298/317/298 297/316/297 
f 358/379/357 342/383/342 341/389/341 364/388/363 
f 298/317/298 364/388/363 341/389/341 284/318/284 
f 365/390/364 366/391/365 359/380/358 363/387/362 
f 367/392/366 368/393/367 366/391/365 365/390/364 
f 306/327/306 365/390/364 363/387/362 297/316/297 
f 308/329/308 367/392/366 365/390/364 306/327/306 
f 359/380/358 366/391/365 369/394/368 360/381/359 
f 360/381/359 369/394/368 370/395/369 361/384/360 
f 366/391/365 368/393/367 371/396/370 369/394/368 
f 372/397/371 370/395/369 369/394/368 371/396/370 
f 373/398/372 374/399/373 375/400/374 376/401/375 
f 377/402/376 378/403/377 376/401/375 375/400/374 
f 379/404/378 380/405/379 375/400/374 374/399/373 
f 380/405/379 381/406/9 377/402/376 375/400/374 
f 382/407/380 383/408/381 373/398/372 376/401/375 
f 315/336/315 316/337/316 383/408/381 382/407/380 
f 376/401/375 378/403/377 384/409/382 382/407/380 
f 315/336/315 382/407/380 384/409/382 317/338/317 
f 385/410/383 373/398/372 383/408/381 386/411/384 
f 385/410/383 386/411/384 356/377/355 352/373/351 
f 324/345/324 386/411/384 383/408/381 316/337/316 
f 290/307/290 356/377/355 386/411/384 324/345/324 
f 373/398/372 385/410/383 387/412/385 374/399/373 
f 387/412/385 388/413/386 379/404/378 374/399/373 
f 351/372/350 387/412/385 385/410/383 352/373/351 
f 388/413/386 387/412/385 351/372/350 354/375/353 
f 389/414/387 390/415/388 391/416/389 392/417/390 
f 378/403/377 391/416/389 390/415/388 384/409/382 
f 331/352/331 390/415/388 389/414/387 332/353/332 
f 390/415/388 331/352/331 317/338/317 384/409/382 
f 393/418/391 392/417/390 391/416/389 394/419/392 
f 393/418/391 394/419/392 395/420/393 396/421/394 
f 377/402/376 394/419/392 391/416/389 378/403/377 
f 394/419/392 377/402/376 381/406/9 395/420/393 
f 397/422/395 398/423/396 392/417/390 393/418/391 
f 397/422/395 371/396/370 368/393/367 398/423/396 
f 399/424/397 397/422/395 393/418/391 396/421/394 
f 372/397/371 371/396/370 397/422/395 399/424/397 
f 398/423/396 400/425/398 389/414/387 392/417/390 
f 335/356/335 332/353/332 389/414/387 400/425/398 
f 367/392/366 400/425/398 398/423/396 368/393/367 
f 400/425/398 367/392/366 308/329/308 335/356/335 
f 401/426/399 402/427/400 403/428/401 404/429/402 
f 402/427/400 401/426/399 405/430/59 406/431/51 
f 346/367/346 345/366/345 401/426/399 404/429/402 
f 348/369/60 405/430/59 401/426/399 345/366/345 
f 407/432/403 408/433/404 403/428/401 402/427/400 
f 409/434/405 410/435/406 408/433/404 407/432/403 
f 406/431/51 411/436/50 407/432/403 402/427/400 
f 409/434/405 407/432/403 411/436/50 412/437/54 
f 403/428/401 408/433/404 413/438/407 414/439/408 
f 415/440/409 416/441/410 414/439/408 413/438/407 
f 417/442/411 413/438/407 408/433/404 410/435/406 
f 415/440/409 413/438/407 417/442/411 418/443/412 
f 414/439/408 419/444/413 404/429/402 403/428/401 
f 353/374/352 346/367/346 404/429/402 419/444/413 
f 414/439/408 416/441/410 420/445/414 419/444/413 
f 353/374/352 419/444/413 420/445/414 354/375/353 
f 421/446/415 422/447/416 423/448/417 424/449/418 
f 423/448/417 411/450/50 406/451/51 424/449/418 
f 422/447/416 425/452/419 426/453/420 423/448/417 
f 426/453/420 412/454/54 411/450/50 423/448/417 
f 427/455/421 421/446/415 424/449/418 428/456/422 
f 361/384/360 427/455/421 428/456/422 362/385/361 
f 406/451/51 405/457/59 428/456/422 424/449/418 
f 405/457/59 348/386/60 362/385/361 428/456/422 
f 429/458/423 430/459/424 421/446/415 427/455/421 
f 431/460/425 432/461/426 430/459/424 429/458/423 
f 370/395/369 429/458/423 427/455/421 361/384/360 
f 431/460/425 429/458/423 370/395/369 372/397/371 
f 422/447/416 421/446/415 430/459/424 433/462/427 
f 422/447/416 433/462/427 434/463/428 425/452/419 
f 435/464/429 433/462/427 430/459/424 432/461/426 
f 436/465/430 434/463/428 433/462/427 435/464/429 
f 437/466/431 438/467/432 439/468/433 440/469/434 
f 441/470/6 438/467/432 437/466/431 442/471/14 
f 443/472/435 437/466/431 440/469/434 444/473/436 
f 445/474/15 442/471/14 437/466/431 443/472/435 
f 446/475/437 447/476/438 439/468/433 438/467/432 
f 380/405/379 379/404/378 447/476/438 446/475/437 
f 441/470/6 448/477/5 446/475/437 438/467/432 
f 381/406/9 380/405/379 446/475/437 448/477/5 
f 449/478/439 450/479/440 439/468/433 447/476/438 
f 420/445/414 416/441/410 450/479/440 449/478/439 
f 388/413/386 449/478/439 447/476/438 379/404/378 
f 449/478/439 388/413/386 354/375/353 420/445/414 
f 451/480/441 440/469/434 439/468/433 450/479/440 
f 451/480/441 452/481/442 444/473/436 440/469/434 
f 415/440/409 451/480/441 450/479/440 416/441/410 
f 451/480/441 415/440/409 418/443/412 452/481/442 
f 453/482/443 454/483/444 455/484/445 456/485/446 
f 448/477/5 441/470/6 456/485/446 455/484/445 
f 454/483/444 396/421/394 395/420/393 455/484/445 
f 381/406/9 448/477/5 455/484/445 395/420/393 
f 457/486/447 458/487/448 453/482/443 456/485/446 
f 457/486/447 459/488/449 460/489/450 458/487/448 
f 441/470/6 442/471/14 457/486/447 456/485/446 
f 457/486/447 442/471/14 445/474/15 459/488/449 
f 461/490/451 462/491/452 453/482/443 458/487/448 
f 462/491/452 461/490/451 435/464/429 432/461/426 
f 460/489/450 463/492/453 461/490/451 458/487/448 
f 436/465/430 435/464/429 461/490/451 463/492/453 
f 464/493/454 454/483/444 453/482/443 462/491/452 
f 399/424/397 396/421/394 454/483/444 464/493/454 
f 431/460/425 464/493/454 462/491/452 432/461/426 
f 399/424/397 464/493/454 431/460/425 372/397/371 
f 465/494/455 466/495/456 467/496/457 468/497/458 
f 469/498/121 467/496/457 466/495/456 470/499/128 
f 409/434/405 466/495/456 465/494/455 410/435/406 
f 470/499/128 466/495/456 409/434/405 412/437/54 
f 471/500/459 472/501/460 468/497/458 467/496/457 
f 472/501/460 471/500/459 473/502/461 474/503/462 
f 467/496/457 469/498/121 475/504/122 471/500/459 
f 473/502/461 471/500/459 475/504/122 476/505/125 
f 472/501/460 477/506/463 478/507/464 468/497/458 
f 478/507/464 477/506/463 479/508/465 480/509/466 
f 472/501/460 474/503/462 481/510/467 477/506/463 
f 477/506/463 481/510/467 482/511/468 479/508/465 
f 465/494/455 468/497/458 478/507/464 483/512/469 
f 417/442/411 410/435/406 465/494/455 483/512/469 
f 478/507/464 480/509/466 484/513/470 483/512/469 
f 417/442/411 483/512/469 484/513/470 418/443/412 
f 485/514/471 486/515/472 487/516/473 488/517/474 
f 475/518/122 469/519/121 488/517/474 487/516/473 
f 489/520/475 487/516/473 486/515/472 490/521/476 
f 487/516/473 489/520/475 476/522/125 475/518/122 
f 485/514/471 488/517/474 491/523/477 492/524/478 
f 426/453/420 425/452/419 492/524/478 491/523/477 
f 488/517/474 469/519/121 470/525/128 491/523/477 
f 470/525/128 412/454/54 426/453/420 491/523/477 
f 493/526/479 485/514/471 492/524/478 494/527/480 
f 493/526/479 494/527/480 495/528/481 496/529/482 
f 425/452/419 434/463/428 494/527/480 492/524/478 
f 494/527/480 434/463/428 436/465/430 495/528/481 
f 497/530/483 486/515/472 485/514/471 493/526/479 
f 486/515/472 497/530/483 498/531/484 490/521/476 
f 499/532/485 497/530/483 493/526/479 496/529/482 
f 500/533/486 498/531/484 497/530/483 499/532/485 
f 501/534/487 502/535/488 503/536/489 504/537/490 
f 505/538/86 503/536/489 502/535/488 506/539/91 
f 502/535/488 501/534/487 507/540/491 508/541/492 
f 509/542/92 506/539/91 502/535/488 508/541/492 
f 503/536/489 510/543/493 511/544/494 504/537/490 
f 443/472/435 444/473/436 511/544/494 510/543/493 
f 505/538/86 512/545/85 510/543/493 503/536/489 
f 443/472/435 510/543/493 512/545/85 445/474/15 
f 513/546/495 514/547/496 504/537/490 511/544/494 
f 514/547/496 513/546/495 484/513/470 480/509/466 
f 511/544/494 444/473/436 452/481/442 513/546/495 
f 513/546/495 452/481/442 418/443/412 484/513/470 
f 515/548/497 501/534/487 504/537/490 514/547/496 
f 516/549/498 507/540/491 501/534/487 515/548/497 
f 514/547/496 480/509/466 479/508/465 515/548/497 
f 482/511/468 516/549/498 515/548/497 479/508/465 
f 517/550/499 518/551/500 519/552/501 520/553/502 
f 520/553/502 519/552/501 512/545/85 505/538/86 
f 518/551/500 460/489/450 459/488/449 519/552/501 
f 512/545/85 519/552/501 459/488/449 445/474/15 
f 517/550/499 520/553/502 521/554/503 522/555/504 
f 522/555/504 521/554/503 523/556/505 524/557/506 
f 506/539/91 521/554/503 520/553/502 505/538/86 
f 506/539/91 509/542/92 523/556/505 521/554/503 
f 525/558/507 526/559/508 517/550/499 522/555/504 
f 499/532/485 496/529/482 526/559/508 525/558/507 
f 522/555/504 524/557/506 527/560/509 525/558/507 
f 500/533/486 499/532/485 525/558/507 527/560/509 
f 517/550/499 526/559/508 528/561/510 518/551/500 
f 528/561/510 463/492/453 460/489/450 518/551/500 
f 495/528/481 528/561/510 526/559/508 496/529/482 
f 436/465/430 463/492/453 528/561/510 495/528/481 
f 529/562/511 530/563/512 531/564/513 532/565/514 
f 533/566/192 534/567/186 531/564/513 530/563/512 
f 529/562/511 474/503/462 473/502/461 530/563/512 
f 476/505/125 533/566/192 530/563/512 473/502/461 
f 535/568/515 536/569/516 532/565/514 531/564/513 
f 537/570/517 538/571/518 536/569/516 535/568/515 
f 539/572/185 535/568/515 531/564/513 534/567/186 
f 537/570/517 535/568/515 539/572/185 540/573/189 
f 541/574/519 542/575/520 532/565/514 536/569/516 
f 543/576/521 544/577/522 542/575/520 541/574/519 
f 545/578/523 541/574/519 536/569/516 538/571/518 
f 546/579/524 543/576/521 541/574/519 545/578/523 
f 529/562/511 532/565/514 542/575/520 547/580/525 
f 529/562/511 547/580/525 481/510/467 474/503/462 
f 544/577/522 548/581/526 547/580/525 542/575/520 
f 482/511/468 481/510/467 547/580/525 548/581/526 
f 549/582/527 550/583/528 551/584/529 552/585/530 
f 534/586/186 549/582/527 552/585/530 539/587/185 
f 553/588/531 554/589/532 552/585/530 551/584/529 
f 540/590/189 539/587/185 552/585/530 554/589/532 
f 555/591/533 556/592/534 550/583/528 549/582/527 
f 489/520/475 490/521/476 556/592/534 555/591/533 
f 534/586/186 533/593/192 555/591/533 549/582/527 
f 476/522/125 489/520/475 555/591/533 533/593/192 
f 557/594/535 558/595/536 550/583/528 556/592/534 
f 559/596/537 558/595/536 557/594/535 560/597/538 
f 490/521/476 498/531/484 557/594/535 556/592/534 
f 560/597/538 557/594/535 498/531/484 500/533/486 
f 551/584/529 550/583/528 558/595/536 561/598/539 
f 562/599/540 553/588/531 551/584/529 561/598/539 
f 563/600/541 561/598/539 558/595/536 559/596/537 
f 562/599/540 561/598/539 563/600/541 564/601/542 
f 565/602/543 566/603/544 567/604/545 568/605/546 
f 566/603/544 569/606/155 570/607/149 567/604/545 
f 571/608/547 572/609/548 566/603/544 565/602/543 
f 569/606/155 566/603/544 572/609/548 573/610/156 
f 574/611/549 575/612/550 568/605/546 567/604/545 
f 508/541/492 507/540/491 575/612/550 574/611/549 
f 570/607/149 576/613/150 574/611/549 567/604/545 
f 508/541/492 574/611/549 576/613/150 509/542/92 
f 568/605/546 575/612/550 577/614/551 578/615/552 
f 544/577/522 578/615/552 577/614/551 548/581/526 
f 516/549/498 577/614/551 575/612/550 507/540/491 
f 482/511/468 548/581/526 577/614/551 516/549/498 
f 579/616/553 565/602/543 568/605/546 578/615/552 
f 565/602/543 579/616/553 580/617/554 571/608/547 
f 544/577/522 543/576/521 579/616/553 578/615/552 
f 579/616/553 543/576/521 546/579/524 580/617/554 
f 581/618/555 582/619/556 583/620/557 584/621/558 
f 582/619/556 576/613/150 570/607/149 583/620/557 
f 581/618/555 524/557/506 523/556/505 582/619/556 
f 576/613/150 582/619/556 523/556/505 509/542/92 
f 585/622/559 586/623/560 584/621/558 583/620/557 
f 586/623/560 585/622/559 587/624/561 588/625/562 
f 585/622/559 583/620/557 570/607/149 569/606/155 
f 573/610/156 587/624/561 585/622/559 569/606/155 
f 586/623/560 589/626/563 590/627/564 584/621/558 
f 559/596/537 590/627/564 589/626/563 563/600/541 
f 591/628/565 589/626/563 586/623/560 588/625/562 
f 589/626/563 591/628/565 564/601/542 563/600/541 
f 584/621/558 590/627/564 592/629/566 581/618/555 
f 524/557/506 581/618/555 592/629/566 527/560/509 
f 590/627/564 559/596/537 560/597/538 592/629/566 
f 500/533/486 527/560/509 592/629/566 560/597/538 
f 593/630/567 594/631/568 595/632/569 596/633/570 
f 597/634/256 598/635/249 596/633/570 595/632/569 
f 537/570/517 595/632/569 594/631/568 538/571/518 
f 597/634/256 595/632/569 537/570/517 540/573/189 
f 593/630/567 596/633/570 599/636/571 600/637/572 
f 600/637/572 599/636/571 601/638/573 602/639/574 
f 603/640/575 599/636/571 596/633/570 598/635/249 
f 601/638/573 599/636/571 603/640/575 604/641/253 
f 605/642/576 593/630/567 600/637/572 606/643/577 
f 606/643/577 607/644/578 608/645/579 605/642/576 
f 600/637/572 602/639/574 609/646/580 606/643/577 
f 610/647/581 607/644/578 606/643/577 609/646/580 
f 594/631/568 593/630/567 605/642/576 611/648/582 
f 545/578/523 538/571/518 594/631/568 611/648/582 
f 605/642/576 608/645/579 612/649/583 611/648/582 
f 545/578/523 611/648/582 612/649/583 546/579/524 
f 613/650/584 614/651/585 615/652/586 616/653/587 
f 615/652/586 614/651/585 603/654/575 598/655/249 
f 617/656/588 618/657/589 614/651/585 613/650/584 
f 614/651/585 618/657/589 604/658/253 603/654/575 
f 615/652/586 619/659/590 620/660/591 616/653/587 
f 554/589/532 553/588/531 620/660/591 619/659/590 
f 615/652/586 598/655/249 597/661/256 619/659/590 
f 540/590/189 554/589/532 619/659/590 597/661/256 
f 621/662/592 622/663/593 616/653/587 620/660/591 
f 622/663/593 621/662/592 623/664/594 624/665/595 
f 562/599/540 621/662/592 620/660/591 553/588/531 
f 564/601/542 623/664/594 621/662/592 562/599/540 
f 625/666/596 613/650/584 616/653/587 622/663/593 
f 613/650/584 625/666/596 626/667/597 617/656/588 
f 627/668/598 625/666/596 622/663/593 624/665/595 
f 628/669/599 626/667/597 625/666/596 627/668/598 
f 629/670/600 630/671/601 631/672/602 632/673/603 
f 632/673/603 631/672/602 633/674/219 634/675/214 
f 635/676/604 631/672/602 630/671/601 636/677/605 
f 637/678/220 633/674/219 631/672/602 635/676/604 
f 629/670/600 632/673/603 638/679/606 639/680/607 
f 571/608/547 639/680/607 638/679/606 572/609/548 
f 640/681/213 638/679/606 632/673/603 634/675/214 
f 572/609/548 638/679/606 640/681/213 573/610/156 
f 629/670/600 639/680/607 641/682/608 642/683/609 
f 608/645/579 642/683/609 641/682/608 612/649/583 
f 639/680/607 571/608/547 580/617/554 641/682/608 
f 641/682/608 580/617/554 546/579/524 612/649/583 
f 643/684/610 630/671/601 629/670/600 642/683/609 
f 630/671/601 643/684/610 644/685/611 636/677/605 
f 642/683/609 608/645/579 607/644/578 643/684/610 
f 610/647/581 644/685/611 643/684/610 607/644/578 
f 645/686/612 646/687/613 647/688/614 648/689/615 
f 634/675/214 646/687/613 645/686/612 640/681/213 
f 588/625/562 587/624/561 645/686/612 648/689/615 
f 587/624/561 573/610/156 640/681/213 645/686/612 
f 649/690/616 647/688/614 646/687/613 650/691/617 
f 649/690/616 650/691/617 651/692/618 652/693/619 
f 646/687/613 634/675/214 633/674/219 650/691/617 
f 651/692/618 650/691/617 633/674/219 637/678/220 
f 653/694/620 654/695/621 647/688/614 649/690/616 
f 624/665/595 654/695/621 653/694/620 627/668/598 
f 655/696/622 653/694/620 649/690/616 652/693/619 
f 628/669/599 627/668/598 653/694/620 655/696/622 
f 647/688/614 654/695/621 656/697/623 648/689/615 
f 648/689/615 656/697/623 591/628/565 588/625/562 
f 654/695/621 624/665/595 623/664/594 656/697/623 
f 564/601/542 591/628/565 656/697/623 623/664/594 
f 657/698/624 658/699/625 659/700/626 660/701/627 
f 661/702/314 660/701/627 659/700/626 662/703/320 
f 659/700/626 658/699/625 602/639/574 601/638/573 
f 604/641/253 662/703/320 659/700/626 601/638/573 
f 657/698/624 660/701/627 663/704/628 664/705/629 
f 664/705/629 663/704/628 665/706/630 666/707/631 
f 661/702/314 667/708/313 663/704/628 660/701/627 
f 668/709/317 665/706/630 663/704/628 667/708/313 
f 669/710/632 670/711/633 657/698/624 664/705/629 
f 671/712/634 670/711/633 669/710/632 672/713/635 
f 673/714/636 669/710/632 664/705/629 666/707/631 
f 674/715/637 672/713/635 669/710/632 673/714/636 
f 657/698/624 670/711/633 675/716/638 658/699/625 
f 602/639/574 658/699/625 675/716/638 609/646/580 
f 670/711/633 671/712/634 676/717/639 675/716/638 
f 610/647/581 609/646/580 675/716/638 676/717/639 
f 677/718/640 678/719/641 679/720/642 680/721/643 
f 679/720/642 667/722/313 661/723/314 680/721/643 
f 678/719/641 681/724/644 682/725/645 679/720/642 
f 668/726/317 667/722/313 679/720/642 682/725/645 
f 680/721/643 683/727/646 684/728/647 677/718/640 
f 617/656/588 684/728/647 683/727/646 618/657/589 
f 680/721/643 661/723/314 662/729/320 683/727/646 
f 618/657/589 683/727/646 662/729/320 604/658/253 
f 684/728/647 685/730/648 686/731/649 677/718/640 
f 686/731/649 685/730/648 687/732/650 688/733/651 
f 684/728/647 617/656/588 626/667/597 685/730/648 
f 687/732/650 685/730/648 626/667/597 628/669/599 
f 689/734/652 678/719/641 677/718/640 686/731/649 
f 690/735/653 681/724/644 678/719/641 689/734/652 
f 688/733/651 691/736/654 689/734/652 686/731/649 
f 692/737/655 690/735/653 689/734/652 691/736/654 
f 693/738/656 694/739/657 695/740/658 696/741/659 
f 697/742/278 695/740/658 694/739/657 698/743/283 
f 693/738/656 699/744/660 700/745/661 694/739/657 
f 701/746/284 698/743/283 694/739/657 700/745/661 
f 696/741/659 695/740/658 702/747/662 703/748/663 
f 703/748/663 702/747/662 635/676/604 636/677/605 
f 704/749/277 702/747/662 695/740/658 697/742/278 
f 635/676/604 702/747/662 704/749/277 637/678/220 
f 705/750/664 696/741/659 703/748/663 706/751/665 
f 671/712/634 705/750/664 706/751/665 676/717/639 
f 636/677/605 644/685/611 706/751/665 703/748/663 
f 610/647/581 676/717/639 706/751/665 644/685/611 
f 696/741/659 705/750/664 707/752/666 693/738/656 
f 693/738/656 707/752/666 708/753/667 699/744/660 
f 705/750/664 671/712/634 672/713/635 707/752/666 
f 674/715/637 708/753/667 707/752/666 672/713/635 
f 709/754/668 710/755/669 711/756/670 712/757/671 
f 704/749/277 697/742/278 712/757/671 711/756/670 
f 710/755/669 652/693/619 651/692/618 711/756/670 
f 637/678/220 704/749/277 711/756/670 651/692/618 
f 713/758/672 714/759/673 709/754/668 712/757/671 
f 714/759/673 713/758/672 715/760/674 716/761/675 
f 712/757/671 697/742/278 698/743/283 713/758/672 
f 701/746/284 715/760/674 713/758/672 698/743/283 
f 717/762/676 718/763/677 709/754/668 714/759/673 
f 691/736/654 688/733/651 718/763/677 717/762/676 
f 719/764/678 717/762/676 714/759/673 716/761/675 
f 717/762/676 719/764/678 692/737/655 691/736/654 
f 709/754/668 718/763/677 720/765/679 710/755/669 
f 652/693/619 710/755/669 720/765/679 655/696/622 
f 718/763/677 688/733/651 687/732/650 720/765/679 
f 628/669/599 655/696/622 720/765/679 687/732/650 
f 721/766/680 722/767/681 723/768/682 724/769/683 
f 724/769/683 723/768/682 725/770/382 726/771/377 
f 722/767/681 666/707/631 665/706/630 723/768/682 
f 668/709/317 725/770/382 723/768/682 665/706/630 
f 724/769/683 727/772/684 728/773/685 721/766/680 
f 8/8/8 7/7/7 728/773/685 727/772/684 
f 726/771/377 729/774/376 727/772/684 724/769/683 
f 727/772/684 729/774/376 9/9/9 8/8/8 
f 730/775/686 721/766/680 728/773/685 731/776/687 
f 730/775/686 731/776/687 732/777/688 733/778/689 
f 728/773/685 7/7/7 23/23/23 731/776/687 
f 731/776/687 23/23/23 25/25/25 732/777/688 
f 730/775/686 734/779/690 722/767/681 721/766/680 
f 722/767/681 734/779/690 673/714/636 666/707/631 
f 730/775/686 733/778/689 735/780/691 734/779/690 
f 674/715/637 673/714/636 734/779/690 735/780/691 
f 736/781/692 737/782/693 738/783/694 739/784/695 
f 729/785/376 726/786/377 737/782/693 736/781/692 
f 739/784/695 35/38/35 34/37/34 736/781/692 
f 9/40/9 729/785/376 736/781/692 34/37/34 
f 740/787/696 738/783/694 737/782/693 741/788/697 
f 681/724/644 740/787/696 741/788/697 682/725/645 
f 737/782/693 726/786/377 725/789/382 741/788/697 
f 741/788/697 725/789/382 668/726/317 682/725/645 
f 742/790/698 743/791/699 738/783/694 740/787/696 
f 744/792/700 745/793/701 743/791/699 742/790/698 
f 742/790/698 740/787/696 681/724/644 690/735/653 
f 692/737/655 744/792/700 742/790/698 690/735/653 
f 746/794/702 739/784/695 738/783/694 743/791/699 
f 40/45/40 35/38/35 739/784/695 746/794/702 
f 743/791/699 745/793/701 747/795/703 746/794/702 
f 746/794/702 747/795/703 41/46/41 40/45/40 
f 748/796/704 749/797/705 750/798/706 751/799/707 
f 752/800/347 753/801/342 749/797/705 748/796/704 
f 751/799/707 57/62/57 58/63/58 748/796/704 
f 60/65/60 752/800/347 748/796/704 58/63/58 
f 749/797/705 754/802/708 755/803/709 750/798/706 
f 700/745/661 699/744/660 755/803/709 754/802/708 
f 749/797/705 753/801/342 756/804/341 754/802/708 
f 754/802/708 756/804/341 701/746/284 700/745/661 
f 750/798/706 755/803/709 757/805/710 758/806/711 
f 735/780/691 733/778/689 758/806/711 757/805/710 
f 755/803/709 699/744/660 708/753/667 757/805/710 
f 674/715/637 735/780/691 757/805/710 708/753/667 
f 750/798/706 758/806/711 759/807/712 751/799/707 
f 57/62/57 751/799/707 759/807/712 63/68/63 
f 758/806/711 733/778/689 732/777/688 759/807/712 
f 759/807/712 732/777/688 25/25/25 63/68/63 
f 760/808/713 761/809/714 762/810/715 763/811/716 
f 762/810/715 756/804/341 753/801/342 763/811/716 
f 715/760/674 762/810/715 761/809/714 716/761/675 
f 762/810/715 715/760/674 701/746/284 756/804/341 
f 760/808/713 763/811/716 764/812/717 765/813/718 
f 71/76/71 70/75/70 765/813/718 764/812/717 
f 752/800/347 764/812/717 763/811/716 753/801/342 
f 752/800/347 60/65/60 71/76/71 764/812/717 
f 766/814/719 767/815/720 760/808/713 765/813/718 
f 766/814/719 747/795/703 745/793/701 767/815/720 
f 80/85/80 766/814/719 765/813/718 70/75/70 
f 80/85/80 41/46/41 747/795/703 766/814/719 
f 767/815/720 768/816/721 761/809/714 760/808/713 
f 761/809/714 768/816/721 719/764/678 716/761/675 
f 744/792/700 768/816/721 767/815/720 745/793/701 
f 719/764/678 768/816/721 744/792/700 692/737/655 
f 769/817/722 770/818/723 771/819/724 772/820/724 
f 773/821/725 774/822/725 770/818/723 769/817/722 
f 775/823/726 776/824/727 769/817/722 772/820/724 
f 777/825/728 773/821/725 769/817/722 776/824/727 
f 778/826/723 779/827/724 771/819/724 770/818/723 
f 778/826/723 780/828/729 781/829/730 779/827/724 
f 782/830/725 778/826/723 770/818/723 774/822/725 
f 780/828/729 778/826/723 782/830/725 783/831/731 
f 784/832/732 785/833/732 771/819/724 779/827/724 
f 786/834/733 787/835/733 785/833/732 784/832/732 
f 788/836/734 784/832/732 779/827/724 781/829/730 
f 786/834/733 784/832/732 788/836/734 789/837/735 
f 790/838/736 772/820/724 771/819/724 785/833/732 
f 790/838/736 791/839/737 775/823/726 772/820/724 
f 792/840/733 790/838/736 785/833/732 787/835/733 
f 793/841/738 791/839/737 790/838/736 792/840/733 
f 794/842/739 795/843/740 796/844/741 797/845/741 
f 795/843/740 794/842/739 798/846/742 799/847/742 
f 794/842/739 797/845/741 800/848/743 801/849/744 
f 794/842/739 801/849/744 802/850/745 798/846/742 
f 795/843/740 803/851/740 804/852/741 796/844/741 
f 803/851/740 805/853/746 806/854/747 804/852/741 
f 795/843/740 799/847/742 807/855/742 803/851/740 
f 805/853/746 803/851/740 807/855/742 808/856/748 
f 809/857/749 796/844/741 804/852/741 810/858/750 
f 811/859/751 809/857/749 810/858/750 812/860/751 
f 806/854/747 813/861/752 810/858/750 804/852/741 
f 814/862/753 812/860/751 810/858/750 813/861/752 
f 797/845/741 796/844/741 809/857/749 815/863/749 
f 816/864/754 800/848/743 797/845/741 815/863/749 
f 809/857/749 811/859/751 817/865/751 815/863/749 
f 816/864/754 815/863/749 817/865/751 818/866/755 
f 819/867/756 820/868/757 821/869/757 822/870/756 
f 820/868/757 823/871/758 824/872/758 821/869/757 
f 819/867/756 825/873/759 826/874/760 820/868/757 
f 827/875/761 823/871/758 820/868/757 826/874/760 
f 821/869/757 828/876/757 829/877/756 822/870/756 
f 830/878/762 829/877/756 828/876/757 831/879/763 
f 821/869/757 824/872/758 832/880/758 828/876/757 
f 833/881/764 831/879/763 828/876/757 832/880/758 
f 829/877/756 834/882/765 835/883/765 822/870/756 
f 834/882/765 782/830/725 774/822/725 835/883/765 
f 830/878/762 836/884/766 834/882/765 829/877/756 
f 782/830/725 834/882/765 836/884/766 783/831/731 
f 835/883/765 837/885/765 819/867/756 822/870/756 
f 819/867/756 837/885/765 838/886/767 825/873/759 
f 773/821/725 837/885/765 835/883/765 774/822/725 
f 773/821/725 777/825/728 838/886/767 837/885/765 
f 839/887/768 840/888/769 841/889/769 842/890/768 
f 843/891/770 844/892/770 841/889/769 840/888/769 
f 839/887/768 845/893/771 846/894/772 840/888/769 
f 840/888/769 846/894/772 847/895/773 843/891/770 
f 841/889/769 848/896/769 849/897/768 842/890/768 
f 850/898/774 849/897/768 848/896/769 851/899/775 
f 841/889/769 844/892/770 852/900/770 848/896/769 
f 848/896/769 852/900/770 853/901/776 851/899/775 
f 849/897/768 854/902/777 855/903/777 842/890/768 
f 854/902/777 807/855/742 799/847/742 855/903/777 
f 854/902/777 849/897/768 850/898/774 856/904/778 
f 807/855/742 854/902/777 856/904/778 808/856/748 
f 855/903/777 857/905/777 839/887/768 842/890/768 
f 845/893/771 839/887/768 857/905/777 858/906/779 
f 857/905/777 855/903/777 799/847/742 798/846/742 
f 858/906/779 857/905/777 798/846/742 802/850/745 
f 859/907/780 860/908/781 861/909/781 862/910/780 
f 860/908/781 863/911/782 864/912/782 861/909/781 
f 859/907/780 865/913/783 866/914/784 860/908/781 
f 863/911/782 860/908/781 866/914/784 867/915/785 
f 861/909/781 868/916/781 869/917/780 862/910/780 
f 870/918/786 871/919/787 869/917/780 868/916/781 
f 861/909/781 864/912/782 872/920/782 868/916/781 
f 868/916/781 872/920/782 873/921/788 870/918/786 
f 869/917/780 874/922/789 875/923/789 862/910/780 
f 844/892/770 875/923/789 874/922/789 852/900/770 
f 869/917/780 871/919/787 876/924/790 874/922/789 
f 853/901/776 852/900/770 874/922/789 876/924/790 
f 875/923/789 877/925/789 859/907/780 862/910/780 
f 877/925/789 878/926/791 865/913/783 859/907/780 
f 843/891/770 877/925/789 875/923/789 844/892/770 
f 878/926/791 877/925/789 843/891/770 847/895/773 
f 879/927/792 880/928/793 881/929/793 882/930/792 
f 880/928/793 883/931/794 884/932/794 881/929/793 
f 880/928/793 879/927/792 885/933/795 886/934/796 
f 880/928/793 886/934/796 887/935/797 883/931/794 
f 881/929/793 888/936/793 889/937/792 882/930/792 
f 888/936/793 890/938/798 891/939/799 889/937/792 
f 892/940/794 888/936/793 881/929/793 884/932/794 
f 893/941/800 890/938/798 888/936/793 892/940/794 
f 889/937/792 894/942/801 895/943/801 882/930/792 
f 895/943/801 894/942/801 832/880/758 824/872/758 
f 894/942/801 889/937/792 891/939/799 896/944/802 
f 833/881/764 832/880/758 894/942/801 896/944/802 
f 897/945/801 879/927/792 882/930/792 895/943/801 
f 879/927/792 897/945/801 898/946/803 885/933/795 
f 823/871/758 897/945/801 895/943/801 824/872/758 
f 827/875/761 898/946/803 897/945/801 823/871/758 
f 899/947/804 900/948/804 901/949/805 902/950/805 
f 899/947/804 903/951/806 904/952/806 900/948/804 
f 905/953/807 899/947/804 902/950/805 906/954/808 
f 905/953/807 907/955/809 903/951/806 899/947/804 
f 908/956/810 909/957/805 901/949/805 900/948/804 
f 910/958/811 911/959/812 909/957/805 908/956/810 
f 912/960/806 908/956/810 900/948/804 904/952/806 
f 913/961/813 910/958/811 908/956/810 912/960/806 
f 914/962/814 901/949/805 909/957/805 915/963/814 
f 914/962/814 915/963/814 872/920/782 864/912/782 
f 915/963/814 909/957/805 911/959/812 916/964/815 
f 873/921/788 872/920/782 915/963/814 916/964/815 
f 901/949/805 914/962/814 917/965/816 902/950/805 
f 902/950/805 917/965/816 918/966/817 906/954/808 
f 914/962/814 864/912/782 863/911/782 917/965/816 
f 918/966/817 917/965/816 863/911/782 867/915/785 
f 919/967/818 920/968/819 921/969/819 922/970/818 
f 923/971/820 919/967/818 922/970/818 924/972/820 
f 922/970/818 921/969/819 925/973/821 926/974/822 
f 926/974/822 927/975/823 924/972/820 922/970/818 
f 928/976/824 929/977/819 920/968/819 919/967/818 
f 930/978/825 931/979/826 929/977/819 928/976/824 
f 932/980/820 928/976/824 919/967/818 923/971/820 
f 933/981/827 930/978/825 928/976/824 932/980/820 
f 934/982/828 920/968/819 929/977/819 935/983/828 
f 884/932/794 934/982/828 935/983/828 892/940/794 
f 936/984/829 935/983/828 929/977/819 931/979/826 
f 893/941/800 892/940/794 935/983/828 936/984/829 
f 934/982/828 937/985/830 921/969/819 920/968/819 
f 938/986/831 925/973/821 921/969/819 937/985/830 
f 937/985/830 934/982/828 884/932/794 883/931/794 
f 883/931/794 887/935/797 938/986/831 937/985/830 
f 939/987/832 940/988/832 941/989/833 942/990/833 
f 943/991/834 944/992/834 942/990/833 941/989/833 
f 940/988/832 945/993/835 946/994/836 941/989/833 
f 946/994/836 947/995/837 943/991/834 941/989/833 
f 942/990/833 948/996/833 949/997/832 939/987/832 
f 950/998/838 949/997/832 948/996/833 951/999/839 
f 944/992/834 952/1000/834 948/996/833 942/990/833 
f 952/1000/834 953/1001/840 951/999/839 948/996/833 
f 954/1002/841 939/987/832 949/997/832 955/1003/841 
f 912/960/806 904/952/806 954/1002/841 955/1003/841 
f 950/998/838 956/1004/842 955/1003/841 949/997/832 
f 956/1004/842 913/961/813 912/960/806 955/1003/841 
f 954/1002/841 957/1005/841 940/988/832 939/987/832 
f 957/1005/841 958/1006/843 945/993/835 940/988/832 
f 954/1002/841 904/952/806 903/951/806 957/1005/841 
f 907/955/809 958/1006/843 957/1005/841 903/951/806 
f 959/1007/844 960/1008/844 961/1009/845 962/1010/845 
f 961/1009/845 963/1011/846 964/1012/846 962/1010/845 
f 965/1013/847 966/1014/848 961/1009/845 960/1008/844 
f 967/1015/849 963/1011/846 961/1009/845 966/1014/848 
f 962/1010/845 968/1016/845 969/1017/844 959/1007/844 
f 969/1017/844 968/1016/845 970/1018/850 971/1019/851 
f 972/1020/846 968/1016/845 962/1010/845 964/1012/846 
f 972/1020/846 973/1021/852 970/1018/850 968/1016/845 
f 974/1022/853 959/1007/844 969/1017/844 975/1023/853 
f 974/1022/853 975/1023/853 932/980/820 923/971/820 
f 969/1017/844 971/1019/851 976/1024/854 975/1023/853 
f 976/1024/854 933/981/827 932/980/820 975/1023/853 
f 977/1025/853 960/1008/844 959/1007/844 974/1022/853 
f 978/1026/855 965/1013/847 960/1008/844 977/1025/853 
f 974/1022/853 923/971/820 924/972/820 977/1025/853 
f 924/972/820 927/975/823 978/1026/855 977/1025/853 
f 979/1027/856 980/1028/856 981/1029/857 982/1030/857 
f 792/840/733 787/835/733 982/1030/857 981/1029/857 
f 983/1031/858 981/1029/857 980/1028/856 984/1032/859 
f 983/1031/858 793/841/738 792/840/733 981/1029/857 
f 985/1033/857 986/1034/856 979/1027/856 982/1030/857 
f 987/1035/860 988/1036/861 986/1034/856 985/1033/857 
f 982/1030/857 787/835/733 786/834/733 985/1033/857 
f 789/837/735 987/1035/860 985/1033/857 786/834/733 
f 986/1034/856 989/1037/862 990/1038/862 979/1027/856 
f 990/1038/862 989/1037/862 952/1000/834 944/992/834 
f 991/1039/863 989/1037/862 986/1034/856 988/1036/861 
f 952/1000/834 989/1037/862 991/1039/863 953/1001/840 
f 980/1028/856 979/1027/856 990/1038/862 992/1040/862 
f 980/1028/856 992/1040/862 993/1041/864 984/1032/859 
f 943/991/834 992/1040/862 990/1038/862 944/992/834 
f 993/1041/864 992/1040/862 943/991/834 947/995/837 
f 994/1042/865 995/1043/865 996/1044/866 997/1045/866 
f 997/1045/866 996/1044/866 817/865/751 811/859/751 
f 995/1043/865 998/1046/867 999/1047/868 996/1044/866 
f 996/1044/866 999/1047/868 818/866/755 817/865/751 
f 1000/1048/865 994/1042/865 997/1045/866 1001/1049/866 
f 1002/1050/869 1000/1048/865 1001/1049/866 1003/1051/870 
f 812/860/751 1001/1049/866 997/1045/866 811/859/751 
f 1003/1051/870 1001/1049/866 812/860/751 814/862/753 
f 1004/1052/871 994/1042/865 1000/1048/865 1005/1053/871 
f 964/1012/846 1004/1052/871 1005/1053/871 972/1020/846 
f 1005/1053/871 1000/1048/865 1002/1050/869 1006/1054/872 
f 972/1020/846 1005/1053/871 1006/1054/872 973/1021/852 
f 995/1043/865 994/1042/865 1004/1052/871 1007/1055/871 
f 995/1043/865 1007/1055/871 1008/1056/873 998/1046/867 
f 963/1011/846 1007/1055/871 1004/1052/871 964/1012/846 
f 967/1015/849 1008/1056/873 1007/1055/871 963/1011/846 
f 1009/1057/256 1010/1058/249 1011/1059/249 1012/1060/256 
f 1013/1061/189 1009/1057/256 1012/1060/256 1014/1062/189 
f 1011/1059/249 781/1063/730 780/1064/729 1012/1060/256 
f 783/1065/731 1014/1062/189 1012/1060/256 780/1064/729 
f 1009/1057/256 1015/1066/256 1016/1067/249 1010/1058/249 
f 1016/1067/249 1015/1066/256 1017/1068/874 1018/1069/875 
f 1013/1061/189 1019/1070/189 1015/1066/256 1009/1057/256 
f 1020/1071/876 1017/1068/874 1015/1066/256 1019/1070/189 
f 1021/1072/575 1022/1073/575 1010/1058/249 1016/1067/249 
f 1023/1074/253 1022/1073/575 1021/1072/575 1024/1075/253 
f 1016/1067/249 1018/1069/875 1025/1076/877 1021/1072/575 
f 1024/1075/253 1021/1072/575 1025/1076/877 1026/1077/878 
f 1011/1059/249 1010/1058/249 1022/1073/575 1027/1078/575 
f 781/1063/730 1011/1059/249 1027/1078/575 788/1079/734 
f 1028/1080/253 1027/1078/575 1022/1073/575 1023/1074/253 
f 1027/1078/575 1028/1080/253 789/1081/735 788/1079/734 
f 1029/1082/213 1030/1083/213 1031/1084/214 1032/1085/214 
f 1030/1083/213 1029/1082/213 1033/1086/156 1034/1087/156 
f 805/1088/746 1029/1082/213 1032/1085/214 806/1089/747 
f 805/1088/746 808/1090/748 1033/1086/156 1029/1082/213 
f 1031/1084/214 1030/1083/213 1035/1091/213 1036/1092/214 
f 1037/1093/879 1038/1094/880 1036/1092/214 1035/1091/213 
f 1034/1087/156 1039/1095/156 1035/1091/213 1030/1083/213 
f 1040/1096/881 1037/1093/879 1035/1091/213 1039/1095/156 
f 1041/1097/219 1042/1098/219 1031/1084/214 1036/1092/214 
f 1043/1099/220 1044/1100/220 1042/1098/219 1041/1097/219 
f 1045/1101/882 1041/1097/219 1036/1092/214 1038/1094/880 
f 1041/1097/219 1045/1101/882 1046/1102/883 1043/1099/220 
f 1032/1085/214 1031/1084/214 1042/1098/219 1047/1103/219 
f 806/1089/747 1032/1085/214 1047/1103/219 813/1104/752 
f 1048/1105/220 1047/1103/219 1042/1098/219 1044/1100/220 
f 1047/1103/219 1048/1105/220 814/1106/753 813/1104/752 
f 1049/1107/192 1050/1108/192 1051/1109/186 1052/1110/186 
f 1049/1107/192 1053/1111/125 1054/1112/125 1050/1108/192 
f 831/1113/763 1049/1107/192 1052/1110/186 830/1114/762 
f 833/1115/764 1053/1111/125 1049/1107/192 831/1113/763 
f 1055/1116/192 1056/1117/186 1051/1109/186 1050/1108/192 
f 1057/1118/884 1056/1117/186 1055/1116/192 1058/1119/885 
f 1054/1112/125 1059/1120/125 1055/1116/192 1050/1108/192 
f 1058/1119/885 1055/1116/192 1059/1120/125 1060/1121/886 
f 1061/1122/185 1062/1123/185 1051/1109/186 1056/1117/186 
f 1061/1122/185 1019/1070/189 1013/1061/189 1062/1123/185 
f 1061/1122/185 1056/1117/186 1057/1118/884 1063/1124/887 
f 1020/1071/876 1019/1070/189 1061/1122/185 1063/1124/887 
f 1051/1109/186 1062/1123/185 1064/1125/185 1052/1110/186 
f 836/1126/766 830/1114/762 1052/1110/186 1064/1125/185 
f 1064/1125/185 1062/1123/185 1013/1061/189 1014/1062/189 
f 783/1065/731 836/1126/766 1064/1125/185 1014/1062/189 
f 1065/1127/150 1066/1128/150 1067/1129/149 1068/1130/149 
f 1065/1127/150 1069/1131/92 1070/1132/92 1066/1128/150 
f 851/1133/775 1065/1127/150 1068/1130/149 850/1134/774 
f 1065/1127/150 851/1133/775 853/1135/776 1069/1131/92 
f 1067/1129/149 1066/1128/150 1071/1136/150 1072/1137/149 
f 1071/1136/150 1073/1138/888 1074/1139/889 1072/1137/149 
f 1075/1140/92 1071/1136/150 1066/1128/150 1070/1132/92 
f 1076/1141/890 1073/1138/888 1071/1136/150 1075/1140/92 
f 1067/1129/149 1072/1137/149 1077/1142/155 1078/1143/155 
f 1039/1095/156 1034/1087/156 1078/1143/155 1077/1142/155 
f 1074/1139/889 1079/1144/891 1077/1142/155 1072/1137/149 
f 1040/1096/881 1039/1095/156 1077/1142/155 1079/1144/891 
f 1068/1130/149 1067/1129/149 1078/1143/155 1080/1145/155 
f 850/1134/774 1068/1130/149 1080/1145/155 856/1146/778 
f 1033/1086/156 1080/1145/155 1078/1143/155 1034/1087/156 
f 808/1090/748 856/1146/778 1080/1145/155 1033/1086/156 
f 1081/1147/86 1082/1148/86 1083/1149/85 1084/1150/85 
f 1085/1151/15 1084/1150/85 1083/1149/85 1086/1152/15 
f 870/1153/786 1083/1149/85 1082/1148/86 871/1154/787 
f 1086/1152/15 1083/1149/85 870/1153/786 873/1155/788 
f 1081/1147/86 1084/1150/85 1087/1156/85 1088/1157/86 
f 1089/1158/892 1090/1159/893 1088/1157/86 1087/1156/85 
f 1085/1151/15 1091/1160/15 1087/1156/85 1084/1150/85 
f 1087/1156/85 1091/1160/15 1092/1161/894 1089/1158/892 
f 1093/1162/91 1081/1147/86 1088/1157/86 1094/1163/91 
f 1093/1162/91 1094/1163/91 1075/1140/92 1070/1132/92 
f 1088/1157/86 1090/1159/893 1095/1164/895 1094/1163/91 
f 1075/1140/92 1094/1163/91 1095/1164/895 1076/1141/890 
f 1096/1165/91 1082/1148/86 1081/1147/86 1093/1162/91 
f 1096/1165/91 876/1166/790 871/1154/787 1082/1148/86 
f 1096/1165/91 1093/1162/91 1070/1132/92 1069/1131/92 
f 1096/1165/91 1069/1131/92 853/1135/776 876/1166/790 
f 1097/1167/128 1098/1168/128 1099/1169/121 1100/1170/121 
f 1101/1171/54 1098/1168/128 1097/1167/128 1102/1172/54 
f 891/1173/799 890/1174/798 1097/1167/128 1100/1170/121 
f 893/1175/800 1102/1172/54 1097/1167/128 890/1174/798 
f 1103/1176/128 1104/1177/121 1099/1169/121 1098/1168/128 
f 1105/1178/896 1106/1179/897 1104/1177/121 1103/1176/128 
f 1101/1171/54 1107/1180/54 1103/1176/128 1098/1168/128 
f 1103/1176/128 1107/1180/54 1108/1181/898 1105/1178/896 
f 1109/1182/122 1110/1183/122 1099/1169/121 1104/1177/121 
f 1054/1112/125 1110/1183/122 1109/1182/122 1059/1120/125 
f 1111/1184/899 1109/1182/122 1104/1177/121 1106/1179/897 
f 1109/1182/122 1111/1184/899 1060/1121/886 1059/1120/125 
f 1112/1185/122 1100/1170/121 1099/1169/121 1110/1183/122 
f 891/1173/799 1100/1170/121 1112/1185/122 896/1186/802 
f 1053/1111/125 1112/1185/122 1110/1183/122 1054/1112/125 
f 833/1115/764 896/1186/802 1112/1185/122 1053/1111/125 
f 1113/1187/5 1114/1188/6 1115/1189/6 1116/1190/5 
f 1117/1191/9 1118/1192/9 1113/1187/5 1116/1190/5 
f 910/1193/811 1116/1190/5 1115/1189/6 911/1194/812 
f 1116/1190/5 910/1193/811 913/1195/813 1117/1191/9 
f 1114/1188/6 1113/1187/5 1119/1196/5 1120/1197/6 
f 1121/1198/900 1122/1199/901 1120/1197/6 1119/1196/5 
f 1119/1196/5 1113/1187/5 1118/1192/9 1123/1200/9 
f 1124/1201/902 1121/1198/900 1119/1196/5 1123/1200/9 
f 1125/1202/14 1114/1188/6 1120/1197/6 1126/1203/14 
f 1126/1203/14 1091/1160/15 1085/1151/15 1125/1202/14 
f 1120/1197/6 1122/1199/901 1127/1204/903 1126/1203/14 
f 1092/1161/894 1091/1160/15 1126/1203/14 1127/1204/903 
f 1115/1189/6 1114/1188/6 1125/1202/14 1128/1205/14 
f 911/1194/812 1115/1189/6 1128/1205/14 916/1206/815 
f 1086/1152/15 1128/1205/14 1125/1202/14 1085/1151/15 
f 873/1155/788 916/1206/815 1128/1205/14 1086/1152/15 
f 1129/1207/51 1130/1208/51 1131/1209/59 1132/1210/59 
f 1133/1211/60 1134/1212/60 1132/1210/59 1131/1209/59 
f 1130/1208/51 931/1213/826 930/1214/825 1131/1209/59 
f 1131/1209/59 930/1214/825 933/1215/827 1133/1211/60 
f 1135/1216/59 1136/1217/51 1129/1207/51 1132/1210/59 
f 1137/1218/904 1138/1219/905 1136/1217/51 1135/1216/59 
f 1132/1210/59 1134/1212/60 1139/1220/60 1135/1216/59 
f 1135/1216/59 1139/1220/60 1140/1221/906 1137/1218/904 
f 1141/1222/50 1129/1207/51 1136/1217/51 1142/1223/50 
f 1101/1171/54 1141/1222/50 1142/1223/50 1107/1180/54 
f 1142/1223/50 1136/1217/51 1138/1219/905 1143/1224/907 
f 1107/1180/54 1142/1223/50 1143/1224/907 1108/1181/898 
f 1141/1222/50 1144/1225/50 1130/1208/51 1129/1207/51 
f 931/1213/826 1130/1208/51 1144/1225/50 936/1226/829 
f 1141/1222/50 1101/1171/54 1102/1172/54 1144/1225/50 
f 936/1226/829 1144/1225/50 1102/1172/54 893/1175/800 
f 1145/1227/377 1146/1228/377 1147/1229/382 1148/1230/382 
f 1148/1230/382 1147/1229/382 1149/1231/317 1150/1232/317 
f 1147/1229/382 1146/1228/377 950/1233/838 951/1234/839 
f 1147/1229/382 951/1234/839 953/1235/840 1149/1231/317 
f 1151/1236/377 1145/1227/377 1148/1230/382 1152/1237/382 
f 1153/1238/908 1154/1239/909 1151/1236/377 1152/1237/382 
f 1155/1240/317 1152/1237/382 1148/1230/382 1150/1232/317 
f 1156/1241/910 1153/1238/908 1152/1237/382 1155/1240/317 
f 1145/1227/377 1151/1236/377 1157/1242/376 1158/1243/376 
f 1123/1200/9 1118/1192/9 1158/1243/376 1157/1242/376 
f 1151/1236/377 1154/1239/909 1159/1244/911 1157/1242/376 
f 1124/1201/902 1123/1200/9 1157/1242/376 1159/1244/911 
f 1146/1228/377 1145/1227/377 1158/1243/376 1160/1245/376 
f 950/1233/838 1146/1228/377 1160/1245/376 956/1246/842 
f 1160/1245/376 1158/1243/376 1118/1192/9 1117/1191/9 
f 913/1195/813 956/1246/842 1160/1245/376 1117/1191/9 
f 1161/1247/341 1162/1248/342 1163/1249/342 1164/1250/341 
f 1161/1247/341 1164/1250/341 1165/1251/284 1166/1252/284 
f 971/1253/851 970/1254/850 1164/1250/341 1163/1249/342 
f 970/1254/850 973/1255/852 1165/1251/284 1164/1250/341 
f 1167/1256/342 1162/1248/342 1161/1247/341 1168/1257/341 
f 1169/1258/912 1167/1256/342 1168/1257/341 1170/1259/913 
f 1171/1260/284 1168/1257/341 1161/1247/341 1166/1252/284 
f 1172/1261/914 1170/1259/913 1168/1257/341 1171/1260/284 
f 1167/1256/342 1173/1262/347 1174/1263/347 1162/1248/342 
f 1139/1220/60 1134/1212/60 1174/1263/347 1173/1262/347 
f 1175/1264/915 1173/1262/347 1167/1256/342 1169/1258/912 
f 1140/1221/906 1139/1220/60 1173/1262/347 1175/1264/915 
f 1174/1263/347 1176/1265/347 1163/1249/342 1162/1248/342 
f 971/1253/851 1163/1249/342 1176/1265/347 976/1266/854 
f 1133/1211/60 1176/1265/347 1174/1263/347 1134/1212/60 
f 1133/1211/60 933/1215/827 976/1266/854 1176/1265/347 
f 1177/1267/314 1178/1268/314 1179/1269/320 1180/1270/320 
f 1028/1080/253 1023/1074/253 1180/1270/320 1179/1269/320 
f 1179/1269/320 1178/1268/314 988/1271/861 987/1272/860 
f 789/1081/735 1028/1080/253 1179/1269/320 987/1272/860 
f 1180/1270/320 1181/1273/320 1182/1274/314 1177/1267/314 
f 1182/1274/314 1181/1273/320 1183/1275/916 1184/1276/917 
f 1024/1075/253 1181/1273/320 1180/1270/320 1023/1074/253 
f 1024/1075/253 1026/1077/878 1183/1275/916 1181/1273/320 
f 1185/1277/313 1177/1267/314 1182/1274/314 1186/1278/313 
f 1185/1277/313 1186/1278/313 1155/1240/317 1150/1232/317 
f 1184/1276/917 1187/1279/918 1186/1278/313 1182/1274/314 
f 1187/1279/918 1156/1241/910 1155/1240/317 1186/1278/313 
f 1178/1268/314 1177/1267/314 1185/1277/313 1188/1280/313 
f 988/1271/861 1178/1268/314 1188/1280/313 991/1281/863 
f 1149/1231/317 1188/1280/313 1185/1277/313 1150/1232/317 
f 991/1281/863 1188/1280/313 1149/1231/317 953/1235/840 
f 1189/1282/277 1190/1283/277 1191/1284/278 1192/1285/278 
f 1189/1282/277 1048/1105/220 1044/1100/220 1190/1283/277 
f 1003/1286/870 1189/1282/277 1192/1285/278 1002/1287/869 
f 814/1106/753 1048/1105/220 1189/1282/277 1003/1286/870 
f 1191/1284/278 1190/1283/277 1193/1288/277 1194/1289/278 
f 1195/1290/919 1196/1291/920 1194/1289/278 1193/1288/277 
f 1044/1100/220 1043/1099/220 1193/1288/277 1190/1283/277 
f 1195/1290/919 1193/1288/277 1043/1099/220 1046/1102/883 
f 1197/1292/283 1198/1293/283 1191/1284/278 1194/1289/278 
f 1171/1260/284 1166/1252/284 1198/1293/283 1197/1292/283 
f 1199/1294/921 1197/1292/283 1194/1289/278 1196/1291/920 
f 1197/1292/283 1199/1294/921 1172/1261/914 1171/1260/284 
f 1192/1285/278 1191/1284/278 1198/1293/283 1200/1295/283 
f 1200/1295/283 1006/1296/872 1002/1287/869 1192/1285/278 
f 1200/1295/283 1198/1293/283 1166/1252/284 1165/1251/284 
f 1200/1295/283 1165/1251/284 973/1255/852 1006/1296/872 
f 1201/1297/922 1202/1298/923 1203/1299/923 1204/1300/922 
f 1205/1301/924 1206/1302/924 1203/1299/923 1202/1298/923 
f 1057/1118/884 1058/1119/885 1202/1298/923 1201/1297/922 
f 1202/1298/923 1058/1119/885 1060/1121/886 1205/1301/924 
f 1203/1299/923 1207/1303/923 1208/1304/922 1204/1300/922 
f 1207/1303/923 1209/1305/925 1210/1306/926 1208/1304/922 
f 1203/1299/923 1206/1302/924 1211/1307/924 1207/1303/923 
f 1212/1308/927 1209/1305/925 1207/1303/923 1211/1307/924 
f 1208/1304/922 1213/1309/928 1214/1310/928 1204/1300/922 
f 1214/1310/928 1213/1309/928 1215/1311/929 1216/1312/929 
f 1208/1304/922 1210/1306/926 1217/1313/930 1213/1309/928 
f 1215/1311/929 1213/1309/928 1217/1313/930 1218/1314/931 
f 1214/1310/928 1219/1315/928 1201/1297/922 1204/1300/922 
f 1063/1124/887 1057/1118/884 1201/1297/922 1219/1315/928 
f 1216/1312/929 1220/1316/929 1219/1315/928 1214/1310/928 
f 1020/1071/876 1063/1124/887 1219/1315/928 1220/1316/929 
f 1221/1317/932 1222/1318/933 1223/1319/933 1224/1320/932 
f 1225/1321/934 1226/1322/934 1223/1319/933 1222/1318/933 
f 1221/1317/932 1074/1139/889 1073/1138/888 1222/1318/933 
f 1076/1141/890 1225/1321/934 1222/1318/933 1073/1138/888 
f 1227/1323/933 1228/1324/932 1224/1320/932 1223/1319/933 
f 1229/1325/935 1228/1324/932 1227/1323/933 1230/1326/936 
f 1223/1319/933 1226/1322/934 1231/1327/934 1227/1323/933 
f 1232/1328/937 1230/1326/936 1227/1323/933 1231/1327/934 
f 1233/1329/938 1224/1320/932 1228/1324/932 1234/1330/938 
f 1235/1331/939 1233/1329/938 1234/1330/938 1236/1332/939 
f 1229/1325/935 1237/1333/940 1234/1330/938 1228/1324/932 
f 1238/1334/941 1236/1332/939 1234/1330/938 1237/1333/940 
f 1239/1335/938 1221/1317/932 1224/1320/932 1233/1329/938 
f 1074/1139/889 1221/1317/932 1239/1335/938 1079/1144/891 
f 1239/1335/938 1233/1329/938 1235/1331/939 1240/1336/939 
f 1079/1144/891 1239/1335/938 1240/1336/939 1040/1096/881 
f 1241/1337/942 1242/1338/943 1243/1339/943 1244/1340/942 
f 1242/1338/943 1245/1341/944 1246/1342/944 1243/1339/943 
f 1242/1338/943 1241/1337/942 1090/1159/893 1089/1158/892 
f 1092/1161/894 1245/1341/944 1242/1338/943 1089/1158/892 
f 1247/1343/943 1248/1344/942 1244/1340/942 1243/1339/943 
f 1249/1345/945 1250/1346/946 1248/1344/942 1247/1343/943 
f 1243/1339/943 1246/1342/944 1251/1347/944 1247/1343/943 
f 1249/1345/945 1247/1343/943 1251/1347/944 1252/1348/947 
f 1253/1349/948 1244/1340/942 1248/1344/942 1254/1350/948 
f 1254/1350/948 1231/1327/934 1226/1322/934 1253/1349/948 
f 1255/1351/949 1254/1350/948 1248/1344/942 1250/1346/946 
f 1232/1328/937 1231/1327/934 1254/1350/948 1255/1351/949 
f 1256/1352/948 1241/1337/942 1244/1340/942 1253/1349/948 
f 1095/1164/895 1090/1159/893 1241/1337/942 1256/1352/948 
f 1256/1352/948 1253/1349/948 1226/1322/934 1225/1321/934 
f 1256/1352/948 1225/1321/934 1076/1141/890 1095/1164/895 
f 1257/1353/950 1258/1354/951 1259/1355/951 1260/1356/950 
f 1259/1355/951 1258/1354/951 1261/1357/952 1262/1358/952 
f 1105/1178/896 1258/1354/951 1257/1353/950 1106/1179/897 
f 1108/1181/898 1261/1357/952 1258/1354/951 1105/1178/896 
f 1263/1359/951 1264/1360/950 1260/1356/950 1259/1355/951 
f 1264/1360/950 1263/1359/951 1265/1361/953 1266/1362/954 
f 1259/1355/951 1262/1358/952 1267/1363/952 1263/1359/951 
f 1265/1361/953 1263/1359/951 1267/1363/952 1268/1364/955 
f 1264/1360/950 1269/1365/956 1270/1366/956 1260/1356/950 
f 1270/1366/956 1269/1365/956 1211/1307/924 1206/1302/924 
f 1264/1360/950 1266/1362/954 1271/1367/957 1269/1365/956 
f 1212/1308/927 1211/1307/924 1269/1365/956 1271/1367/957 
f 1257/1353/950 1260/1356/950 1270/1366/956 1272/1368/956 
f 1106/1179/897 1257/1353/950 1272/1368/956 1111/1184/899 
f 1206/1302/924 1205/1301/924 1272/1368/956 1270/1366/956 
f 1060/1121/886 1111/1184/899 1272/1368/956 1205/1301/924 
f 1273/1369/958 1274/1370/958 1275/1371/959 1276/1372/959 
f 1277/1373/960 1276/1372/959 1275/1371/959 1278/1374/960 
f 1274/1370/958 1122/1199/901 1121/1198/900 1275/1371/959 
f 1124/1201/902 1278/1374/960 1275/1371/959 1121/1198/900 
f 1279/1375/959 1280/1376/958 1273/1369/958 1276/1372/959 
f 1279/1375/959 1281/1377/961 1282/1378/962 1280/1376/958 
f 1283/1379/960 1279/1375/959 1276/1372/959 1277/1373/960 
f 1284/1380/963 1281/1377/961 1279/1375/959 1283/1379/960 
f 1280/1376/958 1285/1381/964 1286/1382/964 1273/1369/958 
f 1251/1347/944 1246/1342/944 1286/1382/964 1285/1381/964 
f 1282/1378/962 1287/1383/965 1285/1381/964 1280/1376/958 
f 1252/1348/947 1251/1347/944 1285/1381/964 1287/1383/965 
f 1288/1384/964 1274/1370/958 1273/1369/958 1286/1382/964 
f 1127/1204/903 1122/1199/901 1274/1370/958 1288/1384/964 
f 1286/1382/964 1246/1342/944 1245/1341/944 1288/1384/964 
f 1092/1161/894 1127/1204/903 1288/1384/964 1245/1341/944 
f 1289/1385/966 1290/1386/966 1291/1387/967 1292/1388/967 
f 1292/1388/967 1291/1387/967 1293/1389/968 1294/1390/968 
f 1137/1218/904 1291/1387/967 1290/1386/966 1138/1219/905 
f 1291/1387/967 1137/1218/904 1140/1221/906 1293/1389/968 
f 1289/1385/966 1292/1388/967 1295/1391/967 1296/1392/966 
f 1295/1391/967 1297/1393/969 1298/1394/970 1296/1392/966 
f 1299/1395/968 1295/1391/967 1292/1388/967 1294/1390/968 
f 1300/1396/971 1297/1393/969 1295/1391/967 1299/1395/968 
f 1301/1397/972 1302/1398/972 1289/1385/966 1296/1392/966 
f 1302/1398/972 1301/1397/972 1267/1363/952 1262/1358/952 
f 1303/1399/973 1301/1397/972 1296/1392/966 1298/1394/970 
f 1268/1364/955 1267/1363/952 1301/1397/972 1303/1399/973 
f 1304/1400/972 1290/1386/966 1289/1385/966 1302/1398/972 
f 1304/1400/972 1143/1224/907 1138/1219/905 1290/1386/966 
f 1302/1398/972 1262/1358/952 1261/1357/952 1304/1400/972 
f 1108/1181/898 1143/1224/907 1304/1400/972 1261/1357/952 
f 1305/1401/974 1306/1402/975 1307/1403/975 1308/1404/974 
f 1305/1401/974 1308/1404/974 1309/1405/976 1310/1406/976 
f 1154/1239/909 1153/1238/908 1308/1404/974 1307/1403/975 
f 1308/1404/974 1153/1238/908 1156/1241/910 1309/1405/976 
f 1311/1407/974 1312/1408/975 1306/1402/975 1305/1401/974 
f 1313/1409/977 1314/1410/978 1312/1408/975 1311/1407/974 
f 1315/1411/976 1311/1407/974 1305/1401/974 1310/1406/976 
f 1313/1409/977 1311/1407/974 1315/1411/976 1316/1412/979 
f 1312/1408/975 1317/1413/980 1318/1414/980 1306/1402/975 
f 1317/1413/980 1283/1379/960 1277/1373/960 1318/1414/980 
f 1314/1410/978 1319/1415/981 1317/1413/980 1312/1408/975 
f 1284/1380/963 1283/1379/960 1317/1413/980 1319/1415/981 
f 1318/1414/980 1320/1416/980 1307/1403/975 1306/1402/975 
f 1307/1403/975 1320/1416/980 1159/1244/911 1154/1239/909 
f 1320/1416/980 1318/1414/980 1277/1373/960 1278/1374/960 
f 1124/1201/902 1159/1244/911 1320/1416/980 1278/1374/960 
f 1321/1417/982 1322/1418/982 1323/1419/983 1324/1420/983 
f 1325/1421/984 1322/1418/982 1321/1417/982 1326/1422/984 
f 1170/1259/913 1321/1417/982 1324/1420/983 1169/1258/912 
f 1321/1417/982 1170/1259/913 1172/1261/914 1326/1422/984 
f 1327/1423/983 1323/1419/983 1322/1418/982 1328/1424/982 
f 1329/1425/985 1330/1426/986 1327/1423/983 1328/1424/982 
f 1331/1427/984 1328/1424/982 1322/1418/982 1325/1421/984 
f 1329/1425/985 1328/1424/982 1331/1427/984 1332/1428/987 
f 1333/1429/988 1334/1430/988 1323/1419/983 1327/1423/983 
f 1334/1430/988 1333/1429/988 1299/1395/968 1294/1390/968 
f 1335/1431/989 1333/1429/988 1327/1423/983 1330/1426/986 
f 1299/1395/968 1333/1429/988 1335/1431/989 1300/1396/971 
f 1334/1430/988 1336/1432/988 1324/1420/983 1323/1419/983 
f 1175/1264/915 1169/1258/912 1324/1420/983 1336/1432/988 
f 1334/1430/988 1294/1390/968 1293/1389/968 1336/1432/988 
f 1140/1221/906 1175/1264/915 1336/1432/988 1293/1389/968 
f 1337/1433/990 1338/1434/990 1339/1435/991 1340/1436/991 
f 1338/1434/990 1337/1433/990 1341/1437/992 1342/1438/992 
f 1183/1275/916 1337/1433/990 1340/1436/991 1184/1276/917 
f 1026/1077/878 1341/1437/992 1337/1433/990 1183/1275/916 
f 1343/1439/990 1344/1440/991 1339/1435/991 1338/1434/990 
f 1343/1439/990 1345/1441/993 1346/1442/994 1344/1440/991 
f 1338/1434/990 1342/1438/992 1347/1443/992 1343/1439/990 
f 1343/1439/990 1347/1443/992 1348/1444/995 1345/1441/993 
f 1339/1435/991 1344/1440/991 1349/1445/996 1350/1446/996 
f 1349/1445/996 1315/1411/976 1310/1406/976 1350/1446/996 
f 1351/1447/997 1349/1445/996 1344/1440/991 1346/1442/994 
f 1349/1445/996 1351/1447/997 1316/1412/979 1315/1411/976 
f 1350/1446/996 1352/1448/996 1340/1436/991 1339/1435/991 
f 1340/1436/991 1352/1448/996 1187/1279/918 1184/1276/917 
f 1350/1446/996 1310/1406/976 1309/1405/976 1352/1448/996 
f 1156/1241/910 1187/1279/918 1352/1448/996 1309/1405/976 
f 1353/1449/998 1354/1450/999 1355/1451/999 1356/1452/998 
f 1354/1450/999 1357/1453/1000 1358/1454/1000 1355/1451/999 
f 1196/1291/920 1195/1290/919 1354/1450/999 1353/1449/998 
f 1354/1450/999 1195/1290/919 1046/1102/883 1357/1453/1000 
f 1355/1451/999 1359/1455/999 1360/1456/998 1356/1452/998 
f 1361/1457/1001 1360/1456/998 1359/1455/999 1362/1458/1002 
f 1358/1454/1000 1363/1459/1000 1359/1455/999 1355/1451/999 
f 1364/1460/1003 1362/1458/1002 1359/1455/999 1363/1459/1000 
f 1360/1456/998 1365/1461/1004 1366/1462/1004 1356/1452/998 
f 1325/1421/984 1366/1462/1004 1365/1461/1004 1331/1427/984 
f 1361/1457/1001 1367/1463/1005 1365/1461/1004 1360/1456/998 
f 1365/1461/1004 1367/1463/1005 1332/1428/987 1331/1427/984 
f 1353/1449/998 1356/1452/998 1366/1462/1004 1368/1464/1004 
f 1199/1294/921 1196/1291/920 1353/1449/998 1368/1464/1004 
f 1325/1421/984 1326/1422/984 1368/1464/1004 1366/1462/1004 
f 1172/1261/914 1199/1294/921 1368/1464/1004 1326/1422/984 
f 1369/1465/1006 1370/1466/1006 1371/1467/1007 1372/1468/1007 
f 1371/1467/1007 1220/1316/929 1216/1312/929 1372/1468/1007 
f 1370/1466/1006 1018/1069/875 1017/1068/874 1371/1467/1007 
f 1020/1071/876 1220/1316/929 1371/1467/1007 1017/1068/874 
f 1372/1468/1007 1373/1469/1007 1374/1470/1006 1369/1465/1006 
f 1374/1470/1006 1373/1469/1007 1375/1471/1008 1376/1472/1009 
f 1372/1468/1007 1216/1312/929 1215/1311/929 1373/1469/1007 
f 1215/1311/929 1218/1314/931 1375/1471/1008 1373/1469/1007 
f 1374/1470/1006 1377/1473/1010 1378/1474/1010 1369/1465/1006 
f 1377/1473/1010 1347/1443/992 1342/1438/992 1378/1474/1010 
f 1377/1473/1010 1374/1470/1006 1376/1472/1009 1379/1475/1011 
f 1348/1444/995 1347/1443/992 1377/1473/1010 1379/1475/1011 
f 1380/1476/1010 1370/1466/1006 1369/1465/1006 1378/1474/1010 
f 1025/1076/877 1018/1069/875 1370/1466/1006 1380/1476/1010 
f 1378/1474/1010 1342/1438/992 1341/1437/992 1380/1476/1010 
f 1026/1077/878 1025/1076/877 1380/1476/1010 1341/1437/992 
f 1381/1477/1012 1382/1478/1012 1383/1479/1013 1384/1480/1013 
f 1383/1479/1013 1240/1336/939 1235/1331/939 1384/1480/1013 
f 1382/1478/1012 1038/1094/880 1037/1093/879 1383/1479/1013 
f 1040/1096/881 1240/1336/939 1383/1479/1013 1037/1093/879 
f 1385/1481/1013 1386/1482/1012 1381/1477/1012 1384/1480/1013 
f 1386/1482/1012 1385/1481/1013 1387/1483/1014 1388/1484/1015 
f 1384/1480/1013 1235/1331/939 1236/1332/939 1385/1481/1013 
f 1385/1481/1013 1236/1332/939 1238/1334/941 1387/1483/1014 
f 1389/1485/1016 1390/1486/1016 1381/1477/1012 1386/1482/1012 
f 1389/1485/1016 1363/1459/1000 1358/1454/1000 1390/1486/1016 
f 1388/1484/1015 1391/1487/1017 1389/1485/1016 1386/1482/1012 
f 1363/1459/1000 1389/1485/1016 1391/1487/1017 1364/1460/1003 
f 1392/1488/1016 1382/1478/1012 1381/1477/1012 1390/1486/1016 
f 1038/1094/880 1382/1478/1012 1392/1488/1016 1045/1101/882 
f 1392/1488/1016 1390/1486/1016 1358/1454/1000 1357/1453/1000 
f 1046/1102/883 1045/1101/882 1392/1488/1016 1357/1453/1000 
f 1393/1489/1018 1394/1490/1018 1395/1491/1018 1396/1492/1018 
f 1395/1491/1018 1394/1490/1018 1397/1493/1018 1398/1494/1018 
f 1399/1495/1018 1394/1490/1018 1393/1489/1018 1400/1496/1018 
f 1399/1495/1018 1401/1497/1018 1397/1493/1018 1394/1490/1018 
f 1402/1498/1018 1403/1499/1018 1396/1492/1018 1395/1491/1018 
f 1402/1498/1018 1404/1500/1018 1405/1501/1018 1403/1499/1018 
f 1398/1494/1018 1406/1502/1018 1402/1498/1018 1395/1491/1018 
f 1406/1502/1018 1407/1503/1018 1404/1500/1018 1402/1498/1018 
f 1396/1492/1018 1403/1499/1018 1408/1504/1018 1409/1505/1018 
f 1255/1351/949 1250/1346/946 1409/1505/1018 1408/1504/1018 
f 1410/1506/1018 1408/1504/1018 1403/1499/1018 1405/1501/1018 
f 1410/1506/1018 1232/1328/937 1255/1351/949 1408/1504/1018 
f 1411/1507/1018 1393/1489/1018 1396/1492/1018 1409/1505/1018 
f 1393/1489/1018 1411/1507/1018 1412/1508/1018 1400/1496/1018 
f 1409/1505/1018 1250/1346/946 1249/1345/945 1411/1507/1018 
f 1412/1508/1018 1411/1507/1018 1249/1345/945 1252/1348/947 
f 1413/1509/1018 1414/1510/1018 1415/1511/1018 1416/1512/1018 
f 1417/1513/1018 1414/1510/1018 1413/1509/1018 1418/1514/1018 
f 1413/1509/1018 1416/1512/1018 1419/1515/1018 1420/1516/1018 
f 1420/1516/1018 1421/1517/1018 1418/1514/1018 1413/1509/1018 
f 1415/1511/1018 1414/1510/1018 1422/1518/1018 1423/1519/1018 
f 1423/1519/1018 1422/1518/1018 1424/1520/1018 1425/1521/1018 
f 1414/1510/1018 1417/1513/1018 1426/1522/1018 1422/1518/1018 
f 1407/1503/1018 1424/1520/1018 1422/1518/1018 1426/1522/1018 
f 1415/1511/1018 1423/1519/1018 1427/1523/1018 1428/1524/1018 
f 1266/1362/954 1428/1524/1018 1427/1523/1018 1271/1367/957 
f 1423/1519/1018 1425/1521/1018 1429/1525/1018 1427/1523/1018 
f 1427/1523/1018 1429/1525/1018 1212/1308/927 1271/1367/957 
f 1415/1511/1018 1428/1524/1018 1430/1526/1018 1416/1512/1018 
f 1416/1512/1018 1430/1526/1018 1431/1527/1018 1419/1515/1018 
f 1428/1524/1018 1266/1362/954 1265/1361/953 1430/1526/1018 
f 1265/1361/953 1268/1364/955 1431/1527/1018 1430/1526/1018 
f 1432/1528/1018 1433/1529/1018 1434/1530/1018 1435/1531/1018 
f 1210/1306/926 1433/1529/1018 1432/1528/1018 1217/1313/930 
f 1435/1531/1018 1436/1532/1018 1437/1533/1018 1432/1528/1018 
f 1437/1533/1018 1218/1314/931 1217/1313/930 1432/1528/1018 
f 1438/1534/1018 1434/1530/1018 1433/1529/1018 1439/1535/1018 
f 1425/1521/1018 1438/1534/1018 1439/1535/1018 1429/1525/1018 
f 1433/1529/1018 1210/1306/926 1209/1305/925 1439/1535/1018 
f 1212/1308/927 1429/1525/1018 1439/1535/1018 1209/1305/925 
f 1440/1536/1018 1441/1537/1018 1434/1530/1018 1438/1534/1018 
f 1398/1494/1018 1441/1537/1018 1440/1536/1018 1406/1502/1018 
f 1438/1534/1018 1425/1521/1018 1424/1520/1018 1440/1536/1018 
f 1424/1520/1018 1407/1503/1018 1406/1502/1018 1440/1536/1018 
f 1435/1531/1018 1434/1530/1018 1441/1537/1018 1442/1538/1018 
f 1436/1532/1018 1435/1531/1018 1442/1538/1018 1443/1539/1018 
f 1441/1537/1018 1398/1494/1018 1397/1493/1018 1442/1538/1018 
f 1397/1493/1018 1401/1497/1018 1443/1539/1018 1442/1538/1018 
f 1444/1540/1018 1445/1541/1018 1446/1542/1018 1447/1543/1018 
f 1445/1541/1018 1444/1540/1018 1237/1333/940 1229/1325/935 
f 1447/1543/1018 1448/1544/1018 1449/1545/1018 1444/1540/1018 
f 1444/1540/1018 1449/1545/1018 1238/1334/941 1237/1333/940 
f 1450/1546/1018 1446/1542/1018 1445/1541/1018 1451/1547/1018 
f 1451/1547/1018 1410/1506/1018 1405/1501/1018 1450/1546/1018 
f 1445/1541/1018 1229/1325/935 1230/1326/936 1451/1547/1018 
f 1410/1506/1018 1451/1547/1018 1230/1326/936 1232/1328/937 
f 1452/1548/1018 1446/1542/1018 1450/1546/1018 1453/1549/1018 
f 1453/1549/1018 1426/1522/1018 1417/1513/1018 1452/1548/1018 
f 1404/1500/1018 1453/1549/1018 1450/1546/1018 1405/1501/1018 
f 1404/1500/1018 1407/1503/1018 1426/1522/1018 1453/1549/1018 
f 1452/1548/1018 1454/1550/1018 1447/1543/1018 1446/1542/1018 
f 1448/1544/1018 1447/1543/1018 1454/1550/1018 1455/1551/1018 
f 1417/1513/1018 1418/1514/1018 1454/1550/1018 1452/1548/1018 
f 1418/1514/1018 1421/1517/1018 1455/1551/1018 1454/1550/1018 
f 1456/1552/1018 1457/1553/1018 1458/1554/1018 1459/1555/1018 
f 1458/1554/1018 1460/1556/1018 1461/1557/1018 1459/1555/1018 
f 1457/1553/1018 1330/1426/986 1329/1425/985 1458/1554/1018 
f 1329/1425/985 1332/1428/987 1460/1556/1018 1458/1554/1018 
f 1462/1558/1018 1463/1559/1018 1456/1552/1018 1459/1555/1018 
f 1462/1558/1018 1420/1516/1018 1419/1515/1018 1463/1559/1018 
f 1464/1560/1018 1462/1558/1018 1459/1555/1018 1461/1557/1018 
f 1464/1560/1018 1421/1517/1018 1420/1516/1018 1462/1558/1018 
f 1465/1561/1018 1466/1562/1018 1456/1552/1018 1463/1559/1018 
f 1303/1399/973 1298/1394/970 1466/1562/1018 1465/1561/1018 
f 1431/1527/1018 1465/1561/1018 1463/1559/1018 1419/1515/1018 
f 1268/1364/955 1303/1399/973 1465/1561/1018 1431/1527/1018 
f 1467/1563/1018 1457/1553/1018 1456/1552/1018 1466/1562/1018 
f 1467/1563/1018 1335/1431/989 1330/1426/986 1457/1553/1018 
f 1467/1563/1018 1466/1562/1018 1298/1394/970 1297/1393/969 
f 1300/1396/971 1335/1431/989 1467/1563/1018 1297/1393/969 
f 1468/1564/1018 1469/1565/1018 1470/1566/1018 1471/1567/1018 
f 1448/1544/1018 1470/1566/1018 1469/1565/1018 1449/1545/1018 
f 1468/1564/1018 1388/1484/1015 1387/1483/1014 1469/1565/1018 
f 1449/1545/1018 1469/1565/1018 1387/1483/1014 1238/1334/941 
f 1472/1568/1018 1473/1569/1018 1471/1567/1018 1470/1566/1018 
f 1472/1568/1018 1464/1560/1018 1461/1557/1018 1473/1569/1018 
f 1448/1544/1018 1455/1551/1018 1472/1568/1018 1470/1566/1018 
f 1421/1517/1018 1464/1560/1018 1472/1568/1018 1455/1551/1018 
f 1474/1570/1018 1475/1571/1018 1471/1567/1018 1473/1569/1018 
f 1361/1457/1001 1475/1571/1018 1474/1570/1018 1367/1463/1005 
f 1461/1557/1018 1460/1556/1018 1474/1570/1018 1473/1569/1018 
f 1460/1556/1018 1332/1428/987 1367/1463/1005 1474/1570/1018 
f 1471/1567/1018 1475/1571/1018 1476/1572/1018 1468/1564/1018 
f 1391/1487/1017 1388/1484/1015 1468/1564/1018 1476/1572/1018 
f 1476/1572/1018 1475/1571/1018 1361/1457/1001 1362/1458/1002 
f 1364/1460/1003 1391/1487/1017 1476/1572/1018 1362/1458/1002 
f 1477/1573/1018 1478/1574/1018 1479/1575/1018 1480/1576/1018 
f 1436/1532/1018 1478/1574/1018 1477/1573/1018 1437/1533/1018 
f 1480/1576/1018 1376/1472/1009 1375/1471/1008 1477/1573/1018 
f 1437/1533/1018 1477/1573/1018 1375/1471/1008 1218/1314/931 
f 1479/1575/1018 1478/1574/1018 1481/1577/1018 1482/1578/1018 
f 1482/1578/1018 1481/1577/1018 1483/1579/1018 1484/1580/1018 
f 1436/1532/1018 1443/1539/1018 1481/1577/1018 1478/1574/1018 
f 1443/1539/1018 1401/1497/1018 1483/1579/1018 1481/1577/1018 
f 1485/1581/1018 1486/1582/1018 1479/1575/1018 1482/1578/1018 
f 1485/1581/1018 1351/1447/997 1346/1442/994 1486/1582/1018 
f 1482/1578/1018 1484/1580/1018 1487/1583/1018 1485/1581/1018 
f 1487/1583/1018 1316/1412/979 1351/1447/997 1485/1581/1018 
f 1488/1584/1018 1480/1576/1018 1479/1575/1018 1486/1582/1018 
f 1480/1576/1018 1488/1584/1018 1379/1475/1011 1376/1472/1009 
f 1486/1582/1018 1346/1442/994 1345/1441/993 1488/1584/1018 
f 1345/1441/993 1348/1444/995 1379/1475/1011 1488/1584/1018 
f 1489/1585/1018 1490/1586/1018 1491/1587/1018 1492/1588/1018 
f 1487/1583/1018 1484/1580/1018 1491/1587/1018 1490/1586/1018 
f 1489/1585/1018 1314/1410/978 1313/1409/977 1490/1586/1018 
f 1316/1412/979 1487/1583/1018 1490/1586/1018 1313/1409/977 
f 1491/1587/1018 1493/1589/1018 1494/1590/1018 1492/1588/1018 
f 1494/1590/1018 1493/1589/1018 1399/1495/1018 1400/1496/1018 
f 1491/1587/1018 1484/1580/1018 1483/1579/1018 1493/1589/1018 
f 1483/1579/1018 1401/1497/1018 1399/1495/1018 1493/1589/1018 
f 1495/1591/1018 1496/1592/1018 1492/1588/1018 1494/1590/1018 
f 1282/1378/962 1496/1592/1018 1495/1591/1018 1287/1383/965 
f 1400/1496/1018 1412/1508/1018 1495/1591/1018 1494/1590/1018 
f 1287/1383/965 1495/1591/1018 1412/1508/1018 1252/1348/947 
f 1497/1593/1018 1489/1585/1018 1492/1588/1018 1496/1592/1018 
f 1319/1415/981 1314/1410/978 1489/1585/1018 1497/1593/1018 
f 1496/1592/1018 1282/1378/962 1281/1377/961 1497/1593/1018 
f 1281/1377/961 1284/1380/963 1319/1415/981 1497/1593/1018 
f 1498/1594/1019 1499/1595/1019 1500/1596/1019 1501/1597/1019 
f 1501/1597/1019 1502/1598/1019 1503/1599/1019 1498/1594/1019 
f 775/823/726 791/839/737 1501/1597/1019 1500/1596/1019 
f 1501/1597/1019 791/839/737 793/841/738 1502/1598/1019 
f 1499/1595/1019 1498/1594/1019 1504/1600/1019 1505/1601/1019 
f 1504/1600/1019 1506/1602/1019 1507/1603/1019 1505/1601/1019 
f 1503/1599/1019 1508/1604/1019 1504/1600/1019 1498/1594/1019 
f 1506/1602/1019 1504/1600/1019 1508/1604/1019 1509/1605/1019 
f 1499/1595/1019 1505/1601/1019 1510/1606/1019 1500/1596/1019 
f 776/824/727 775/823/726 1500/1596/1019 1510/1606/1019 
f 1507/1603/1019 1511/1607/1019 1510/1606/1019 1505/1601/1019 
f 1510/1606/1019 1511/1607/1019 777/825/728 776/824/727 
f 1512/1608/1019 1513/1609/1019 1514/1610/1019 1515/1611/1019 
f 1516/1612/1019 1512/1608/1019 1515/1611/1019 1517/1613/1019 
f 1514/1610/1019 800/848/743 816/864/754 1515/1611/1019 
f 1517/1613/1019 1515/1611/1019 816/864/754 818/866/755 
f 1513/1609/1019 1512/1608/1019 1518/1614/1019 1519/1615/1019 
f 1520/1616/1019 1519/1615/1019 1518/1614/1019 1521/1617/1019 
f 1512/1608/1019 1516/1612/1019 1522/1618/1019 1518/1614/1019 
f 1521/1617/1019 1518/1614/1019 1522/1618/1019 1509/1605/1019 
f 1513/1609/1019 1519/1615/1019 1523/1619/1019 1514/1610/1019 
f 801/849/744 800/848/743 1514/1610/1019 1523/1619/1019 
f 1520/1616/1019 1524/1620/1019 1523/1619/1019 1519/1615/1019 
f 801/849/744 1523/1619/1019 1524/1620/1019 802/850/745 
f 1525/1621/1019 1526/1622/1019 1527/1623/1019 1528/1624/1019 
f 1528/1624/1019 1527/1623/1019 1511/1607/1019 1507/1603/1019 
f 825/873/759 838/886/767 1527/1623/1019 1526/1622/1019 
f 1527/1623/1019 838/886/767 777/825/728 1511/1607/1019 
f 1529/1625/1019 1530/1626/1019 1525/1621/1019 1528/1624/1019 
f 1531/1627/1019 1530/1626/1019 1529/1625/1019 1532/1628/1019 
f 1528/1624/1019 1507/1603/1019 1506/1602/1019 1529/1625/1019 
f 1532/1628/1019 1529/1625/1019 1506/1602/1019 1509/1605/1019 
f 1530/1626/1019 1533/1629/1019 1526/1622/1019 1525/1621/1019 
f 825/873/759 1526/1622/1019 1533/1629/1019 826/874/760 
f 1530/1626/1019 1531/1627/1019 1534/1630/1019 1533/1629/1019 
f 1533/1629/1019 1534/1630/1019 827/875/761 826/874/760 
f 1535/1631/1019 1536/1632/1019 1537/1633/1019 1538/1634/1019 
f 1520/1616/1019 1538/1634/1019 1537/1633/1019 1524/1620/1019 
f 1537/1633/1019 1536/1632/1019 845/893/771 858/906/779 
f 858/906/779 802/850/745 1524/1620/1019 1537/1633/1019 
f 1538/1634/1019 1539/1635/1019 1540/1636/1019 1535/1631/1019 
f 1541/1637/1019 1542/1638/1019 1540/1636/1019 1539/1635/1019 
f 1520/1616/1019 1521/1617/1019 1539/1635/1019 1538/1634/1019 
f 1541/1637/1019 1539/1635/1019 1521/1617/1019 1509/1605/1019 
f 1535/1631/1019 1540/1636/1019 1543/1639/1019 1536/1632/1019 
f 846/894/772 845/893/771 1536/1632/1019 1543/1639/1019 
f 1544/1640/1019 1543/1639/1019 1540/1636/1019 1542/1638/1019 
f 846/894/772 1543/1639/1019 1544/1640/1019 847/895/773 
f 1545/1641/1019 1546/1642/1019 1547/1643/1019 1548/1644/1019 
f 1542/1638/1019 1548/1644/1019 1547/1643/1019 1544/1640/1019 
f 1546/1642/1019 865/913/783 878/926/791 1547/1643/1019 
f 878/926/791 847/895/773 1544/1640/1019 1547/1643/1019 
f 1548/1644/1019 1549/1645/1019 1550/1646/1019 1545/1641/1019 
f 1551/1647/1019 1552/1648/1019 1550/1646/1019 1549/1645/1019 
f 1548/1644/1019 1542/1638/1019 1541/1637/1019 1549/1645/1019 
f 1509/1605/1019 1551/1647/1019 1549/1645/1019 1541/1637/1019 
f 1553/1649/1019 1546/1642/1019 1545/1641/1019 1550/1646/1019 
f 866/914/784 865/913/783 1546/1642/1019 1553/1649/1019 
f 1554/1650/1019 1553/1649/1019 1550/1646/1019 1552/1648/1019 
f 1554/1650/1019 867/915/785 866/914/784 1553/1649/1019 
f 1555/1651/1019 1556/1652/1019 1557/1653/1019 1558/1654/1019 
f 1556/1652/1019 1555/1651/1019 1534/1630/1019 1531/1627/1019 
f 1558/1654/1019 885/933/795 898/946/803 1555/1651/1019 
f 898/946/803 827/875/761 1534/1630/1019 1555/1651/1019 
f 1556/1652/1019 1559/1655/1019 1560/1656/1019 1557/1653/1019 
f 1559/1655/1019 1561/1657/1019 1562/1658/1019 1560/1656/1019 
f 1531/1627/1019 1532/1628/1019 1559/1655/1019 1556/1652/1019 
f 1509/1605/1019 1561/1657/1019 1559/1655/1019 1532/1628/1019 
f 1557/1653/1019 1560/1656/1019 1563/1659/1019 1558/1654/1019 
f 1563/1659/1019 886/934/796 885/933/795 1558/1654/1019 
f 1560/1656/1019 1562/1658/1019 1564/1660/1019 1563/1659/1019 
f 887/935/797 886/934/796 1563/1659/1019 1564/1660/1019 
f 1565/1661/1019 1566/1662/1019 1567/1663/1019 1568/1664/1019 
f 1565/1661/1019 1554/1650/1019 1552/1648/1019 1566/1662/1019 
f 918/966/817 1565/1661/1019 1568/1664/1019 906/954/808 
f 918/966/817 867/915/785 1554/1650/1019 1565/1661/1019 
f 1567/1663/1019 1566/1662/1019 1569/1665/1019 1570/1666/1019 
f 1571/1667/1019 1572/1668/1019 1570/1666/1019 1569/1665/1019 
f 1566/1662/1019 1552/1648/1019 1551/1647/1019 1569/1665/1019 
f 1509/1605/1019 1571/1667/1019 1569/1665/1019 1551/1647/1019 
f 1573/1669/1019 1568/1664/1019 1567/1663/1019 1570/1666/1019 
f 905/953/807 906/954/808 1568/1664/1019 1573/1669/1019 
f 1570/1666/1019 1572/1668/1019 1574/1670/1019 1573/1669/1019 
f 1574/1670/1019 907/955/809 905/953/807 1573/1669/1019 
f 1575/1671/1019 1576/1672/1019 1577/1673/1019 1578/1674/1019 
f 1564/1660/1019 1562/1658/1019 1577/1673/1019 1576/1672/1019 
f 938/986/831 1576/1672/1019 1575/1671/1019 925/973/821 
f 1564/1660/1019 1576/1672/1019 938/986/831 887/935/797 
f 1577/1673/1019 1579/1675/1019 1580/1676/1019 1578/1674/1019 
f 1581/1677/1019 1582/1678/1019 1580/1676/1019 1579/1675/1019 
f 1577/1673/1019 1562/1658/1019 1561/1657/1019 1579/1675/1019 
f 1581/1677/1019 1579/1675/1019 1561/1657/1019 1509/1605/1019 
f 1575/1671/1019 1578/1674/1019 1580/1676/1019 1583/1679/1019 
f 926/974/822 925/973/821 1575/1671/1019 1583/1679/1019 
f 1580/1676/1019 1582/1678/1019 1584/1680/1019 1583/1679/1019 
f 926/974/822 1583/1679/1019 1584/1680/1019 927/975/823 
f 1585/1681/1019 1586/1682/1019 1587/1683/1019 1588/1684/1019 
f 1574/1670/1019 1572/1668/1019 1588/1684/1019 1587/1683/1019 
f 1587/1683/1019 1586/1682/1019 945/993/835 958/1006/843 
f 958/1006/843 907/955/809 1574/1670/1019 1587/1683/1019 
f 1585/1681/1019 1588/1684/1019 1589/1685/1019 1590/1686/1019 
f 1590/1686/1019 1589/1685/1019 1591/1687/1019 1592/1688/1019 
f 1571/1667/1019 1589/1685/1019 1588/1684/1019 1572/1668/1019 
f 1509/1605/1019 1591/1687/1019 1589/1685/1019 1571/1667/1019 
f 1585/1681/1019 1590/1686/1019 1593/1689/1019 1586/1682/1019 
f 1593/1689/1019 946/994/836 945/993/835 1586/1682/1019 
f 1593/1689/1019 1590/1686/1019 1592/1688/1019 1594/1690/1019 
f 1594/1690/1019 947/995/837 946/994/836 1593/1689/1019 
f 1595/1691/1019 1596/1692/1019 1597/1693/1019 1598/1694/1019 
f 1596/1692/1019 1584/1680/1019 1582/1678/1019 1597/1693/1019 
f 1595/1691/1019 965/1013/847 978/1026/855 1596/1692/1019 
f 978/1026/855 927/975/823 1584/1680/1019 1596/1692/1019 
f 1597/1693/1019 1599/1695/1019 1600/1696/1019 1598/1694/1019 
f 1601/1697/1019 1600/1696/1019 1599/1695/1019 1602/1698/1019 
f 1582/1678/1019 1581/1677/1019 1599/1695/1019 1597/1693/1019 
f 1602/1698/1019 1599/1695/1019 1581/1677/1019 1509/1605/1019 
f 1598/1694/1019 1600/1696/1019 1603/1699/1019 1595/1691/1019 
f 966/1014/848 965/1013/847 1595/1691/1019 1603/1699/1019 
f 1604/1700/1019 1603/1699/1019 1600/1696/1019 1601/1697/1019 
f 1603/1699/1019 1604/1700/1019 967/1015/849 966/1014/848 
f 1605/1701/1019 1606/1702/1019 1607/1703/1019 1608/1704/1019 
f 1592/1688/1019 1607/1703/1019 1606/1702/1019 1594/1690/1019 
f 1605/1701/1019 984/1032/859 993/1041/864 1606/1702/1019 
f 993/1041/864 947/995/837 1594/1690/1019 1606/1702/1019 
f 1609/1705/1019 1610/1706/1019 1608/1704/1019 1607/1703/1019 
f 1610/1706/1019 1609/1705/1019 1508/1604/1019 1503/1599/1019 
f 1607/1703/1019 1592/1688/1019 1591/1687/1019 1609/1705/1019 
f 1509/1605/1019 1508/1604/1019 1609/1705/1019 1591/1687/1019 
f 1608/1704/1019 1610/1706/1019 1611/1707/1019 1605/1701/1019 
f 1611/1707/1019 983/1031/858 984/1032/859 1605/1701/1019 
f 1503/1599/1019 1502/1598/1019 1611/1707/1019 1610/1706/1019 
f 1502/1598/1019 793/841/738 983/1031/858 1611/1707/1019 
f 1612/1708/1019 1613/1709/1019 1614/1710/1019 1615/1711/1019 
f 1613/1709/1019 1612/1708/1019 1604/1700/1019 1601/1697/1019 
f 1615/1711/1019 998/1046/867 1008/1056/873 1612/1708/1019 
f 1612/1708/1019 1008/1056/873 967/1015/849 1604/1700/1019 
f 1613/1709/1019 1616/1712/1019 1617/1713/1019 1614/1710/1019 
f 1617/1713/1019 1616/1712/1019 1522/1618/1019 1516/1612/1019 
f 1613/1709/1019 1601/1697/1019 1602/1698/1019 1616/1712/1019 
f 1509/1605/1019 1522/1618/1019 1616/1712/1019 1602/1698/1019 
f 1615/1711/1019 1614/1710/1019 1617/1713/1019 1618/1714/1019 
f 999/1047/868 998/1046/867 1615/1711/1019 1618/1714/1019 
f 1617/1713/1019 1516/1612/1019 1517/1613/1019 1618/1714/1019 
f 818/866/755 999/1047/868 1618/1714/1019 1517/1613/1019 
# 1616 polygons

#
# object Plane_001
#

v  -2.4514 1.3852 1.4145
v  -2.2935 1.2862 1.4145
v  -0.4556 1.2862 1.4145
v  -0.4618 1.3852 1.4145
v  -2.1356 1.1872 1.4145
v  -0.4494 1.1872 1.4145
v  1.3824 1.2862 1.4145
v  1.2368 1.1872 1.4145
v  1.5279 1.3852 1.4145
v  -0.4494 -1.1408 1.4145
v  1.2368 -1.1408 1.4145
v  1.2368 -1.1408 0.0524
v  -0.4494 -1.1408 0.0524
v  1.2368 -1.1408 -1.3096
v  -0.4494 -1.1408 -1.3096
v  -2.1356 -1.1408 -1.3096
v  -2.1356 -1.1408 0.0524
v  -2.1356 -1.1408 1.4145
v  1.3824 -1.2630 1.4145
v  -0.4556 -1.2630 1.4145
v  -0.4618 -1.3852 1.4145
v  1.5279 -1.3852 1.4145
v  -2.2935 -1.2630 1.4145
v  -2.4514 -1.3852 1.4145
v  -2.2935 0.0116 1.4145
v  -2.4514 0.0000 1.4145
v  -2.1356 0.0232 1.4145
v  -2.1356 1.1872 -1.3096
v  -2.1356 0.0232 -1.3096
v  -0.4494 0.0232 -1.3096
v  -0.4494 1.1872 -1.3096
v  1.2368 0.0232 -1.3096
v  1.2368 1.1872 -1.3096
v  -2.1356 1.0636 1.2750
v  -2.1356 0.0232 1.2750
v  -2.1356 -1.0172 1.2750
v  -2.1356 0.0232 1.1356
v  -2.1356 -0.8936 1.1356
v  -2.1356 0.9400 1.1356
v  -2.1356 1.1872 0.0524
v  -0.4494 1.1872 0.0524
v  1.2368 1.1872 0.0524
v  -0.5345 1.3852 -0.1052
v  1.3824 1.3852 -0.1052
v  1.2368 1.3852 -1.6248
v  -0.6073 1.3852 -1.6248
v  -2.4514 1.3852 -0.1052
v  -2.4514 1.3852 -1.6248
v  -0.5345 -1.3852 -0.1052
v  -2.4514 -1.3852 -0.1052
v  -2.4514 -1.3852 -1.6248
v  -0.6073 -1.3852 -1.6248
v  1.2368 -1.3852 -1.6248
v  1.3824 -1.3852 -0.1052
v  -2.4514 0.0000 -0.1052
v  -2.4514 0.0000 -1.6248
v  1.9169 -1.3852 -0.1052
v  1.8441 -1.3852 -1.6248
v  2.4514 -1.3852 -1.6248
v  2.4514 -1.3852 -0.1052
v  2.4514 -1.3852 1.4145
v  1.9897 -1.3852 1.4145
v  2.4514 0.0000 -1.6248
v  2.4514 0.0000 -0.1052
v  2.4514 1.3852 -0.1052
v  2.4514 1.3852 -1.6248
v  2.4514 1.3852 1.4145
v  2.4514 0.0000 1.4145
v  1.9169 1.3852 -0.1052
v  1.8441 1.3852 -1.6248
v  1.9897 1.3852 1.4145
v  1.9921 -0.2987 1.6640
v  1.9387 -0.2984 1.6640
v  1.9402 -0.4245 1.6640
v  1.9937 -0.4195 1.6640
v  1.9372 -0.1723 1.6640
v  1.9906 -0.1779 1.6640
v  1.8874 -0.2981 1.6640
v  1.8859 -0.1565 1.6640
v  1.8888 -0.4398 1.6640
v  1.7985 -0.2976 1.6640
v  1.7645 -0.2974 1.6640
v  1.7654 -0.5400 1.6640
v  1.7996 -0.4986 1.6640
v  1.7974 -0.0966 1.6640
v  1.7637 -0.0549 1.6640
v  1.7386 -0.0075 1.6640
v  1.7401 -0.3302 1.6640
v  1.7398 -0.5871 1.6640
v  2.1847 -0.0988 1.6640
v  2.1857 -0.2998 1.6640
v  2.2197 -0.3000 1.6640
v  2.2189 -0.0575 1.6640
v  2.1868 -0.5008 1.6640
v  2.2206 -0.5425 1.6640
v  2.2457 -0.5900 1.6640
v  2.2451 -0.3001 1.6640
v  2.2445 -0.0103 1.6640
v  1.7272 -0.4288 1.6640
v  1.7239 -0.6384 1.6640
v  1.7038 -0.3803 1.6640
v  1.7183 -0.6918 1.6640
v  2.2606 -0.3002 1.6640
v  2.2603 0.0410 1.6640
v  2.2609 -0.6414 1.6640
v  2.2799 -0.3862 1.6640
v  2.2659 -0.6949 1.6640
v  2.2659 0.0944 1.6640
v  1.7398 0.2021 1.6640
v  1.6649 0.3129 1.6640
v  1.6690 0.2566 1.6640
v  1.7239 0.1508 1.6640
v  1.5591 0.4683 1.6640
v  1.6524 0.2520 1.6640
v  1.7183 0.0974 1.6640
v  2.2603 -0.7482 1.6640
v  2.3091 -0.9427 1.6640
v  2.3258 -0.9033 1.6640
v  2.3116 -1.0210 1.6640
v  2.2445 -0.7995 1.6640
v  2.4065 -1.3316 1.6640
v  2.3450 1.1579 1.6640
v  2.3117 1.1417 1.6640
v  2.3088 1.0963 1.6640
v  2.3187 0.9301 1.6640
v  2.2787 0.6742 1.6640
v  2.2088 0.9892 1.6640
v  2.2457 0.1993 1.6640
v  2.3213 0.7496 1.6640
v  2.4065 1.3264 1.6640
v  2.0983 -0.4409 1.6640
v  2.0969 -0.2993 1.6640
v  2.0455 -0.2990 1.6640
v  2.0470 -0.4251 1.6640
v  2.0955 -0.1576 1.6640
v  2.0440 -0.1729 1.6640
v  1.8400 -0.2979 1.6640
v  1.8413 -0.4649 1.6640
v  1.8388 -0.1309 1.6640
v  2.1442 -0.2996 1.6640
v  2.1429 -0.1326 1.6640
v  2.1455 -0.4666 1.6640
v  1.5591 -1.3316 1.6640
v  1.6642 -1.0194 1.6640
v  1.6686 -0.9407 1.6640
v  1.6455 -0.8388 1.6640
v  1.7386 -0.7967 1.6640
v  1.7233 -0.7452 1.6640
v  1.6506 0.0633 1.6640
v  1.6686 0.1854 1.6640
v  1.7233 0.0440 1.6640
v  2.3095 0.5407 1.6640
v  2.2609 0.1478 1.6640
v  2.3372 0.4978 1.6640
v  2.3389 -0.4629 1.6640
v  2.3163 -0.6440 1.6640
v  2.3614 0.0297 1.6640
v  2.4065 -0.0026 1.6640
v  1.6412 -0.3911 1.6640
v  1.5591 -0.4316 1.6640
v  -2.1356 -0.8936 -1.0307
v  -2.1356 0.0232 -1.0307
v  -2.2467 0.0232 -0.9266
v  -2.2467 -0.8013 -0.9266
v  -2.1356 0.9400 -1.0307
v  -2.2467 0.8476 -0.9266
v  -2.3579 0.0232 -0.8224
v  -2.3579 0.7553 -0.8224
v  -2.3579 -0.7089 -0.8224
v  -2.1356 1.0636 -1.1701
v  -2.1356 1.0636 0.0524
v  -2.1356 0.9400 0.0524
v  -2.1356 -1.0172 -1.1701
v  -2.1356 0.0232 -1.1701
v  -2.1356 -1.0172 0.0524
v  -2.1356 -0.8936 0.0524
v  -2.3579 0.0232 0.0524
v  -2.3579 0.0232 0.9273
v  -2.3579 -0.7089 0.9273
v  -2.3579 -0.7089 0.0524
v  -2.3579 0.7553 0.0524
v  -2.3579 0.7553 0.9273
v  -2.2467 -0.8013 1.0315
v  -2.2467 -0.8013 0.0524
v  -2.2467 0.8476 0.0524
v  -2.2467 0.8476 1.0315
v  -2.2467 0.0232 1.0315
v  1.2368 0.0000 -1.6248
v  1.0661 -0.0138 -1.6248
v  1.0661 1.2418 -1.6248
v  1.0661 -1.2694 -1.6248
v  0.8953 -1.1536 -1.6248
v  0.8953 -0.0276 -1.6248
v  0.8953 1.0984 -1.6248
v  1.8441 0.0000 -1.6248
v  0.7288 0.9582 -1.8032
v  0.7288 -0.0276 -1.8032
v  -0.5665 -0.0276 -1.8032
v  -0.5665 0.9582 -1.8032
v  0.7288 -1.0133 -1.8032
v  -0.5665 -1.0133 -1.8032
v  -1.8619 -1.0133 -1.8032
v  -1.8619 -0.0276 -1.8032
v  -1.8619 0.9582 -1.8032
v  -2.2399 -1.2694 -1.6248
v  -2.2399 -0.0138 -1.6248
v  -2.2399 1.2418 -1.6248
v  -2.0283 -0.0276 -1.6248
v  -2.0283 1.0984 -1.6248
v  -2.0283 -1.1536 -1.6248
v  -0.5869 1.2418 -1.6248
v  -0.5665 1.0984 -1.6248
v  -0.5869 -1.2694 -1.6248
v  -0.5665 -1.1536 -1.6248
v  1.5346 -0.4584 1.5127
v  1.5368 -0.7674 1.5455
v  1.5413 -0.4584 1.6110
v  1.5413 0.4683 1.6110
v  1.5346 -1.3852 1.5127
v  1.5413 -1.3852 1.6110
v  1.3824 0.0116 1.4145
v  1.5279 0.0000 1.4145
v  1.2368 0.0232 1.4145
v  1.2368 0.0232 0.0524
v  1.5413 1.3852 1.6110
v  1.5346 1.3852 1.5127
v  1.5368 1.3343 1.5455
v  1.5413 1.3089 1.6110
v  1.5346 1.3089 1.5127
v  1.5413 1.2326 1.6110
v  1.5346 0.4252 1.5127
v  1.5413 0.8504 1.6110
v  1.5502 -0.4450 1.6375
v  1.5502 -1.3584 1.6375
v  1.5502 0.4683 1.6375
v  1.5502 1.2464 1.6375
v  1.5502 1.3011 1.6375
v  1.5591 1.2601 1.6640
v  1.5591 1.2933 1.6640
v  1.5591 1.3264 1.6640
v  1.5502 1.3558 1.6375
v  2.3088 1.0963 1.6110
v  2.0529 0.8870 1.6110
v  1.9201 0.7595 1.6110
v  2.2066 0.9892 1.6110
v  2.3117 1.1382 1.6110
v  1.9585 0.8772 1.6110
v  1.8662 1.2326 1.6110
v  1.8706 1.2464 1.6375
v  2.1213 1.2288 1.6110
v  2.1224 1.2426 1.6375
v  2.1235 1.2564 1.6640
v  1.8750 1.2601 1.6640
v  1.9290 0.7595 1.6640
v  1.9245 0.7595 1.6375
v  2.2077 0.9892 1.6375
v  2.2758 1.2230 1.6640
v  2.2369 1.2452 1.6640
v  2.2369 1.2314 1.6375
v  2.2758 1.2109 1.6375
v  2.2369 1.2177 1.6110
v  2.2758 1.1989 1.6110
v  1.9375 1.1673 1.6110
v  2.0050 1.2226 1.6110
v  1.9210 1.0114 1.6110
v  2.3007 1.1724 1.6110
v  2.3088 1.0963 1.6375
v  2.3117 1.1399 1.6375
v  2.3007 1.1793 1.6375
v  2.3007 1.1862 1.6640
v  1.9930 -1.3852 1.5127
v  2.4514 -1.3852 1.5127
v  2.4514 -1.3852 1.6110
v  1.9964 -1.3852 1.6110
v  2.4514 0.0000 1.5127
v  2.4514 1.3852 1.5127
v  2.4514 1.3852 1.6110
v  2.4514 0.0000 1.6110
v  1.9930 1.3852 1.5127
v  1.9964 1.3852 1.6110
v  1.9896 1.3558 1.6375
v  1.9828 1.3264 1.6640
v  2.4290 1.3558 1.6375
v  2.4290 -0.0013 1.6375
v  2.4290 -1.3584 1.6375
v  1.9896 -1.3584 1.6375
v  1.9828 -1.3316 1.6640
v  2.2050 1.2880 1.6640
v  1.9289 1.2933 1.6640
v  2.2934 1.2723 1.6640
v  2.3297 1.2655 1.6640
v  2.3360 1.2329 1.6640
v  1.8859 -0.9457 1.6640
v  1.7499 -1.1061 1.6640
v  1.8112 -1.0849 1.6640
v  1.9372 -0.9615 1.6640
v  1.8365 -1.1502 1.6640
v  1.9906 -0.9671 1.6640
v  2.0983 0.3483 1.6640
v  2.1817 0.6405 1.6640
v  2.1310 0.5929 1.6640
v  2.0470 0.3641 1.6640
v  2.0935 0.6625 1.6640
v  1.9937 0.3697 1.6640
v  1.7472 0.3724 1.6640
v  1.6997 0.3643 1.6640
v  1.7996 0.2906 1.6640
v  1.8413 0.3244 1.6640
v  1.8888 0.3494 1.6640
v  1.7516 0.3986 1.6640
v  1.7974 -0.8858 1.6640
v  1.7637 -0.8441 1.6640
v  1.6955 -1.0066 1.6640
v  1.6984 -1.0713 1.6640
v  2.1847 -0.8880 1.6640
v  2.1429 -0.9218 1.6640
v  2.2308 -1.0584 1.6640
v  2.2768 -1.0725 1.6640
v  2.0955 -0.9469 1.6640
v  2.2249 -1.1068 1.6640
v  2.2467 0.5147 1.6640
v  2.2332 0.6057 1.6640
v  2.1868 0.2884 1.6640
v  2.2206 0.2467 1.6640
v  2.1649 -1.0853 1.6640
v  2.1368 -1.1503 1.6640
v  2.0440 -0.9621 1.6640
v  1.9854 -1.2119 1.6640
v  1.8132 0.3992 1.6640
v  1.8291 0.4685 1.6640
v  1.9402 0.3647 1.6640
v  1.9505 0.6313 1.6640
v  1.7654 0.2493 1.6640
v  1.6966 0.3223 1.6640
v  1.8388 -0.9201 1.6640
v  1.7455 -1.0573 1.6640
v  2.2189 -0.8467 1.6640
v  2.2814 -1.0083 1.6640
v  2.1455 0.3227 1.6640
v  2.1966 0.5653 1.6640
v  2.2597 -0.6948 1.6575
v  2.2548 -0.6426 1.6575
v  2.2399 -0.5923 1.6575
v  2.2486 -0.6438 1.6509
v  2.2341 -0.5947 1.6509
v  2.2534 -0.6948 1.6509
v  1.9385 -0.1661 1.6575
v  1.8884 -0.1507 1.6575
v  1.9906 -0.1716 1.6575
v  1.9397 -0.1600 1.6509
v  1.9907 -0.1654 1.6509
v  1.8908 -0.1449 1.6509
v  1.8423 -0.1257 1.6575
v  1.8019 -0.0922 1.6575
v  1.8458 -0.1205 1.6509
v  1.8064 -0.0878 1.6509
v  2.2154 -0.5460 1.6575
v  2.1824 -0.5052 1.6575
v  2.1779 -0.5096 1.6509
v  2.2101 -0.5494 1.6509
v  1.9936 -0.4258 1.6575
v  1.9414 -0.4307 1.6575
v  1.8911 -0.4456 1.6575
v  1.9426 -0.4368 1.6509
v  1.8935 -0.4514 1.6509
v  1.9936 -0.4321 1.6509
v  1.9385 -0.9554 1.6575
v  1.8884 -0.9399 1.6575
v  1.9906 -0.9608 1.6575
v  1.9907 -0.9546 1.6509
v  1.9397 -0.9492 1.6509
v  1.8908 -0.9341 1.6509
v  2.2137 -0.8432 1.6575
v  2.1802 -0.8835 1.6575
v  2.2387 -0.7971 1.6575
v  2.2329 -0.7946 1.6509
v  2.2085 -0.8397 1.6509
v  2.1758 -0.8791 1.6509
v  2.1395 -0.1273 1.6575
v  2.0931 -0.1518 1.6575
v  2.1802 -0.0943 1.6575
v  2.1758 -0.0899 1.6509
v  2.1360 -0.1221 1.6509
v  2.0908 -0.1460 1.6509
v  2.0428 -0.1667 1.6575
v  2.0417 -0.1606 1.6509
v  2.0959 0.3425 1.6575
v  2.0458 0.3579 1.6575
v  1.9936 0.3634 1.6575
v  1.9936 0.3572 1.6509
v  2.0445 0.3518 1.6509
v  2.0935 0.3367 1.6509
v  2.1420 -0.4718 1.6575
v  2.0959 -0.4467 1.6575
v  2.1385 -0.4769 1.6509
v  2.0935 -0.4525 1.6509
v  1.7689 -0.8407 1.6575
v  1.7444 -0.7943 1.6575
v  1.8019 -0.8814 1.6575
v  1.8064 -0.8770 1.6509
v  1.7741 -0.8372 1.6509
v  1.7502 -0.7919 1.6509
v  2.0428 -0.9559 1.6575
v  2.0931 -0.9411 1.6575
v  2.0417 -0.9498 1.6509
v  2.0908 -0.9352 1.6509
v  2.2542 0.0422 1.6575
v  2.2387 -0.0079 1.6575
v  2.2597 0.0944 1.6575
v  2.2534 0.0944 1.6509
v  2.2480 0.0435 1.6509
v  2.2329 -0.0054 1.6509
v  2.2137 -0.0539 1.6575
v  2.2085 -0.0504 1.6509
v  1.8911 0.3436 1.6575
v  1.8448 0.3191 1.6575
v  1.8040 0.2861 1.6575
v  1.8084 0.2817 1.6509
v  1.8482 0.3139 1.6509
v  1.8935 0.3378 1.6509
v  1.9414 0.3585 1.6575
v  1.9426 0.3524 1.6509
v  1.7455 -0.5896 1.6575
v  1.7301 -0.6397 1.6575
v  1.7246 -0.6918 1.6575
v  1.7309 -0.6919 1.6509
v  1.7362 -0.6409 1.6509
v  1.7513 -0.5920 1.6509
v  1.8423 -0.9149 1.6575
v  1.8458 -0.9097 1.6509
v  2.2154 0.2433 1.6575
v  2.2399 0.1969 1.6575
v  2.1824 0.2840 1.6575
v  2.2101 0.2398 1.6509
v  2.1779 0.2796 1.6509
v  2.2341 0.1945 1.6509
v  2.2548 0.1466 1.6575
v  2.2486 0.1454 1.6509
v  1.7301 0.1495 1.6575
v  1.7455 0.1997 1.6575
v  1.7246 0.0974 1.6575
v  1.7309 0.0974 1.6509
v  1.7362 0.1483 1.6509
v  1.7513 0.1972 1.6509
v  1.7706 0.2457 1.6575
v  1.7758 0.2422 1.6509
v  1.8448 -0.4701 1.6575
v  1.8040 -0.5031 1.6575
v  1.8084 -0.5076 1.6509
v  1.8482 -0.4753 1.6509
v  1.7295 -0.7440 1.6575
v  1.7357 -0.7428 1.6509
v  2.2542 -0.7470 1.6575
v  2.2480 -0.7457 1.6509
v  2.1420 0.3175 1.6575
v  2.1385 0.3123 1.6509
v  1.7689 -0.0515 1.6575
v  1.7444 -0.0051 1.6575
v  1.7741 -0.0480 1.6509
v  1.7502 -0.0027 1.6509
v  1.7295 0.0452 1.6575
v  1.7357 0.0464 1.6509
v  2.0458 -0.4313 1.6575
v  2.0445 -0.4374 1.6509
v  1.7706 -0.5435 1.6575
v  1.7758 -0.5470 1.6509
v  2.1395 -0.9165 1.6575
v  2.1360 -0.9113 1.6509
v  -1.9451 -1.0834 -1.7140
v  -1.9451 -0.0276 -1.7140
v  -1.9451 1.0283 -1.7140
v  -0.5665 1.0283 -1.7140
v  0.8120 1.0283 -1.7140
v  0.8120 -0.0276 -1.7140
v  0.8120 -1.0834 -1.7140
v  -0.5665 -1.0834 -1.7140
v  2.0432 0.3528 1.6538
v  2.0437 0.3552 1.6412
v  1.9921 0.3604 1.6412
v  1.9921 0.3578 1.6538
v  1.9921 0.3541 1.6663
v  2.0425 0.3490 1.6663
v  2.0909 0.3344 1.6663
v  2.0924 0.3379 1.6538
v  2.0933 0.3402 1.6412
v  1.9921 0.3391 1.6895
v  1.9921 0.3280 1.6980
v  2.0374 0.3235 1.6980
v  2.0396 0.3344 1.6895
v  1.9921 0.3158 1.7052
v  2.0350 0.3115 1.7052
v  2.0763 0.2991 1.7052
v  2.0810 0.3104 1.6980
v  2.0852 0.3206 1.6895
v  1.9921 0.3478 1.6786
v  2.0413 0.3429 1.6786
v  2.0885 0.3286 1.6786
v  2.1211 0.2889 1.6980
v  2.1272 0.2981 1.6895
v  2.1143 0.2787 1.7052
v  2.1563 0.2600 1.6980
v  2.1476 0.2514 1.7052
v  2.1641 0.2678 1.6895
v  2.1320 0.3053 1.6786
v  2.1355 0.3105 1.6663
v  2.1702 0.2740 1.6786
v  2.1747 0.2784 1.6663
v  2.1376 0.3137 1.6538
v  2.1390 0.3158 1.6412
v  2.1774 0.2811 1.6538
v  2.1791 0.2829 1.6412
v  2.1851 0.2248 1.6980
v  2.1943 0.2310 1.6895
v  2.1749 0.2180 1.7052
v  2.1953 0.1800 1.7052
v  2.2066 0.1847 1.6980
v  2.2168 0.1890 1.6895
v  2.2015 0.2358 1.6786
v  2.2067 0.2393 1.6663
v  2.2248 0.1923 1.6786
v  2.2306 0.1947 1.6663
v  2.2099 0.2414 1.6538
v  2.2120 0.2428 1.6412
v  2.2341 0.1961 1.6538
v  2.2365 0.1971 1.6412
v  2.2391 0.1450 1.6786
v  2.2453 0.1463 1.6663
v  2.2306 0.1433 1.6895
v  2.2353 0.0959 1.6895
v  2.2440 0.0959 1.6786
v  2.2503 0.0959 1.6663
v  2.2490 0.1470 1.6538
v  2.2515 0.1475 1.6412
v  2.2541 0.0959 1.6538
v  2.2566 0.0959 1.6412
v  2.2197 0.1412 1.6980
v  2.2077 0.1388 1.7052
v  2.2120 0.0959 1.7052
v  2.2242 0.0959 1.6980
v  2.2197 0.0506 1.6980
v  2.2306 0.0485 1.6895
v  2.2077 0.0530 1.7052
v  2.1952 0.0118 1.7052
v  2.2065 0.0071 1.6980
v  2.2168 0.0028 1.6895
v  2.2391 0.0468 1.6786
v  2.2453 0.0455 1.6663
v  2.2248 -0.0005 1.6786
v  2.2306 -0.0029 1.6663
v  2.2490 0.0448 1.6538
v  2.2515 0.0443 1.6412
v  2.2341 -0.0043 1.6538
v  2.2365 -0.0053 1.6412
v  2.2099 -0.0496 1.6538
v  2.2120 -0.0510 1.6412
v  2.2067 -0.0475 1.6663
v  2.1774 -0.0893 1.6538
v  2.1747 -0.0866 1.6663
v  2.1791 -0.0911 1.6412
v  2.1851 -0.0330 1.6980
v  2.1943 -0.0392 1.6895
v  2.1748 -0.0262 1.7052
v  2.1475 -0.0595 1.7052
v  2.1562 -0.0682 1.6980
v  2.1641 -0.0760 1.6895
v  2.2015 -0.0440 1.6786
v  2.1702 -0.0822 1.6786
v  2.1210 -0.0970 1.6980
v  2.1272 -0.1062 1.6895
v  2.1142 -0.0868 1.7052
v  2.0762 -0.1071 1.7052
v  2.0809 -0.1185 1.6980
v  2.0852 -0.1287 1.6895
v  2.1320 -0.1135 1.6786
v  2.1355 -0.1187 1.6663
v  2.0885 -0.1368 1.6786
v  2.0909 -0.1426 1.6663
v  2.1376 -0.1219 1.6538
v  2.1390 -0.1240 1.6412
v  2.0924 -0.1461 1.6538
v  2.0933 -0.1485 1.6412
v  2.0374 -0.1316 1.6980
v  2.0396 -0.1425 1.6895
v  2.0350 -0.1196 1.7052
v  1.9921 -0.1238 1.7052
v  1.9921 -0.1361 1.6980
v  1.9921 -0.1473 1.6895
v  2.0413 -0.1511 1.6786
v  2.0425 -0.1572 1.6663
v  1.9921 -0.1560 1.6786
v  1.9921 -0.1623 1.6663
v  2.0432 -0.1610 1.6538
v  2.0437 -0.1635 1.6412
v  1.9921 -0.1660 1.6538
v  1.9921 -0.1686 1.6412
v  1.9410 -0.1610 1.6538
v  1.9405 -0.1635 1.6412
v  1.9418 -0.1572 1.6663
v  1.8933 -0.1426 1.6663
v  1.8919 -0.1461 1.6538
v  1.8909 -0.1485 1.6412
v  1.9469 -0.1316 1.6980
v  1.9447 -0.1425 1.6895
v  1.9493 -0.1196 1.7052
v  1.9033 -0.1185 1.6980
v  1.9080 -0.1071 1.7052
v  1.8991 -0.1287 1.6895
v  1.9430 -0.1511 1.6786
v  1.8957 -0.1368 1.6786
v  1.8632 -0.0970 1.6980
v  1.8571 -0.1062 1.6895
v  1.8701 -0.0868 1.7052
v  1.8367 -0.0595 1.7052
v  1.8280 -0.0682 1.6980
v  1.8202 -0.0760 1.6895
v  1.8522 -0.1135 1.6786
v  1.8487 -0.1187 1.6663
v  1.8140 -0.0822 1.6786
v  1.8096 -0.0866 1.6663
v  1.8466 -0.1219 1.6538
v  1.8452 -0.1240 1.6412
v  1.8069 -0.0893 1.6538
v  1.8051 -0.0911 1.6412
v  1.7992 -0.0330 1.6980
v  1.7900 -0.0392 1.6895
v  1.8094 -0.0262 1.7052
v  1.7891 0.0118 1.7052
v  1.7777 0.0071 1.6980
v  1.7675 0.0028 1.6895
v  1.7827 -0.0440 1.6786
v  1.7775 -0.0475 1.6663
v  1.7594 -0.0005 1.6786
v  1.7536 -0.0029 1.6663
v  1.7744 -0.0496 1.6538
v  1.7723 -0.0510 1.6412
v  1.7501 -0.0043 1.6538
v  1.7478 -0.0053 1.6412
v  1.7353 0.0448 1.6538
v  1.7328 0.0443 1.6412
v  1.7390 0.0455 1.6663
v  1.7340 0.0959 1.6663
v  1.7302 0.0959 1.6538
v  1.7277 0.0959 1.6412
v  1.7646 0.0506 1.6980
v  1.7537 0.0485 1.6895
v  1.7766 0.0530 1.7052
v  1.7600 0.0959 1.6980
v  1.7723 0.0959 1.7052
v  1.7490 0.0959 1.6895
v  1.7451 0.0468 1.6786
v  1.7403 0.0959 1.6786
v  1.7645 0.1412 1.6980
v  1.7537 0.1433 1.6895
v  1.7766 0.1388 1.7052
v  1.7890 0.1800 1.7052
v  1.7777 0.1847 1.6980
v  1.7675 0.1890 1.6895
v  1.7451 0.1450 1.6786
v  1.7390 0.1463 1.6663
v  1.7594 0.1923 1.6786
v  1.7536 0.1947 1.6663
v  1.7353 0.1470 1.6538
v  1.7328 0.1475 1.6412
v  1.7501 0.1961 1.6538
v  1.7478 0.1971 1.6412
v  1.7992 0.2248 1.6980
v  1.7900 0.2310 1.6895
v  1.8094 0.2180 1.7052
v  1.8367 0.2514 1.7052
v  1.8280 0.2600 1.6980
v  1.8202 0.2678 1.6895
v  1.7827 0.2358 1.6786
v  1.7775 0.2393 1.6663
v  1.8140 0.2740 1.6786
v  1.8096 0.2784 1.6663
v  1.7744 0.2414 1.6538
v  1.7723 0.2428 1.6412
v  1.8069 0.2811 1.6538
v  1.8051 0.2829 1.6412
v  1.8522 0.3053 1.6786
v  1.8487 0.3105 1.6663
v  1.8571 0.2981 1.6895
v  1.8991 0.3206 1.6895
v  1.8957 0.3286 1.6786
v  1.8933 0.3344 1.6663
v  1.8466 0.3137 1.6538
v  1.8452 0.3158 1.6412
v  1.8919 0.3379 1.6538
v  1.8909 0.3402 1.6412
v  1.8632 0.2889 1.6980
v  1.8700 0.2787 1.7052
v  1.9033 0.3104 1.6980
v  1.9080 0.2991 1.7052
v  1.9469 0.3235 1.6980
v  1.9447 0.3344 1.6895
v  1.9492 0.3115 1.7052
v  1.9430 0.3429 1.6786
v  1.9418 0.3490 1.6663
v  1.9410 0.3528 1.6538
v  1.9405 0.3552 1.6412
v  2.0800 -0.0542 1.7052
v  2.1121 -0.0501 1.7052
v  2.1291 -0.0033 1.7052
v  2.0833 0.0197 1.7052
v  2.1476 0.0489 1.7052
v  2.0825 0.0930 1.7052
v  1.9102 0.0934 1.7052
v  1.8403 0.0489 1.7052
v  1.8589 -0.0034 1.7052
v  1.9083 0.0194 1.7052
v  1.8753 -0.0502 1.7052
v  1.9105 -0.0546 1.7052
v  1.9349 0.2278 1.7052
v  1.8858 0.2396 1.7052
v  1.8648 0.1926 1.7052
v  1.9203 0.1672 1.7052
v  1.8418 0.1408 1.7052
v  1.9264 -0.0982 1.7052
v  1.8982 -0.0804 1.7052
v  1.9264 -0.0740 1.7052
v  1.9448 -0.0892 1.7052
v  2.0886 -0.0803 1.7052
v  2.0630 -0.0739 1.7052
v  2.0437 -0.0894 1.7052
v  2.0600 -0.0983 1.7052
v  2.1242 0.1916 1.7052
v  2.0734 0.1653 1.7052
v  2.1463 0.1405 1.7052
v  2.1036 0.2381 1.7052
v  2.0595 0.2248 1.7052
v  2.0794 0.2692 1.7052
v  2.0446 0.2596 1.7052
v  2.0525 0.2886 1.7052
v  2.0287 0.2782 1.7052
v  1.9655 0.2800 1.7052
v  1.9367 0.2895 1.7052
v  1.9101 0.2706 1.7052
v  1.9502 0.2624 1.7052
v  2.0234 0.3002 1.7052
v  2.0118 0.2889 1.7052
v  1.9937 0.3042 1.7052
v  1.9952 0.2925 1.7052
v  1.9647 0.3007 1.7052
v  1.9801 0.2898 1.7052
v  1.8111 0.0953 1.7052
v  2.1753 0.0953 1.7052
v  2.0199 -0.0963 1.7052
v  1.9939 -0.0975 1.7052
v  1.9930 -0.1107 1.7052
v  2.0274 -0.1079 1.7052
v  1.9587 -0.1079 1.7052
v  1.9681 -0.0961 1.7052
v  2.0669 -0.0437 1.7276
v  2.0701 0.0245 1.7297
v  2.0568 0.0293 1.7541
v  2.0537 -0.0333 1.7499
v  2.0688 0.0948 1.7313
v  2.0551 0.0966 1.7573
v  2.0586 0.1691 1.7318
v  2.0438 0.1730 1.7584
v  2.0446 0.2304 1.7318
v  2.0296 0.2360 1.7584
v  2.0194 0.2633 1.7584
v  2.0320 0.2615 1.7318
v  2.0199 0.2746 1.7318
v  2.0111 0.2710 1.7584
v  1.9810 0.2716 1.7584
v  1.9896 0.2561 1.7584
v  1.9958 0.2655 1.7584
v  1.9879 0.2756 1.7584
v  2.0028 0.2559 1.7584
v  1.9963 0.2494 1.7584
v  2.0028 0.2753 1.7584
v  1.9949 0.2767 1.7584
v  2.0079 0.2471 1.7584
v  2.0130 0.2225 1.7584
v  1.9963 0.2391 1.7584
v  1.9963 0.2159 1.7584
v  2.0200 0.1655 1.7584
v  2.0256 0.0986 1.7577
v  1.9962 0.1618 1.7584
v  1.9961 0.0996 1.7580
v  2.0265 0.0444 1.7559
v  2.0250 -0.0034 1.7534
v  1.9961 0.0519 1.7568
v  1.9963 0.0115 1.7552
v  2.0339 -0.0297 1.7370
v  2.0191 -0.0147 1.7403
v  2.0186 -0.0296 1.7296
v  2.0385 -0.0419 1.7283
v  1.9965 -0.0027 1.7420
v  1.9966 -0.0212 1.7303
v  1.9965 -0.0432 1.7193
v  2.0186 -0.0473 1.7193
v  2.0392 -0.0535 1.7183
v  1.9675 -0.0038 1.7534
v  1.9657 0.0442 1.7559
v  1.9665 0.0986 1.7577
v  1.9369 0.0966 1.7573
v  1.9353 0.0289 1.7541
v  1.9387 -0.0341 1.7499
v  1.9724 0.1658 1.7584
v  1.9797 0.2231 1.7584
v  1.9485 0.1737 1.7584
v  1.9630 0.2372 1.7584
v  1.9848 0.2476 1.7584
v  1.9733 0.2643 1.7584
v  1.9246 -0.0443 1.7276
v  1.9218 0.0242 1.7297
v  1.9236 0.0950 1.7313
v  1.9344 0.1704 1.7318
v  1.9490 0.2325 1.7318
v  1.9386 -0.0456 1.7277
v  1.9545 -0.0423 1.7283
v  1.9591 -0.0301 1.7370
v  1.9505 -0.0312 1.7408
v  1.9350 -0.0563 1.7151
v  1.9534 -0.0538 1.7183
v  1.9617 0.2634 1.7318
v  1.9732 0.2758 1.7318
v  1.9950 0.2846 1.7318
v  2.0073 0.2821 1.7318
v  1.9840 0.2827 1.7318
v  1.9955 -0.0791 1.7102
v  2.0170 -0.0766 1.7105
v  2.0177 -0.0631 1.7137
v  1.9961 -0.0630 1.7134
v  2.0311 -0.0739 1.7107
v  2.0368 -0.0645 1.7130
v  1.9745 -0.0632 1.7137
v  1.9743 -0.0474 1.7193
v  1.9550 -0.0647 1.7130
v  1.9598 -0.0740 1.7107
v  1.9740 -0.0766 1.7105
v  2.0566 -0.0560 1.7151
v  2.0538 -0.0451 1.7278
v  2.0422 -0.0307 1.7409
v  1.9740 -0.0150 1.7403
v  1.9746 -0.0298 1.7295
v  1.9947 -0.0896 1.7076
v  2.0180 -0.0871 1.7078
v  2.0380 -0.0800 1.7084
v  2.0511 -0.0686 1.7098
v  1.9397 -0.0687 1.7098
v  1.9520 -0.0799 1.7084
v  1.9715 -0.0871 1.7078
v  2.0216 -0.0072 1.7477
v  1.9964 0.0067 1.7496
v  1.9713 -0.0075 1.7477
v  1.9921 -0.4406 1.6538
v  2.0432 -0.4456 1.6538
v  2.0437 -0.4431 1.6412
v  1.9921 -0.4380 1.6412
v  1.9921 -0.4443 1.6663
v  2.0425 -0.4494 1.6663
v  2.0909 -0.4640 1.6663
v  2.0924 -0.4605 1.6538
v  2.0933 -0.4581 1.6412
v  2.0396 -0.4640 1.6895
v  1.9921 -0.4593 1.6895
v  1.9921 -0.4704 1.6980
v  2.0374 -0.4749 1.6980
v  1.9921 -0.4826 1.7052
v  2.0350 -0.4869 1.7052
v  2.0763 -0.4993 1.7052
v  2.0810 -0.4880 1.6980
v  2.0852 -0.4778 1.6895
v  1.9921 -0.4506 1.6786
v  2.0413 -0.4555 1.6786
v  2.0885 -0.4698 1.6786
v  2.1211 -0.5095 1.6980
v  2.1272 -0.5003 1.6895
v  2.1143 -0.5197 1.7052
v  2.1476 -0.5470 1.7052
v  2.1563 -0.5384 1.6980
v  2.1641 -0.5305 1.6895
v  2.1320 -0.4931 1.6786
v  2.1355 -0.4879 1.6663
v  2.1702 -0.5244 1.6786
v  2.1747 -0.5200 1.6663
v  2.1376 -0.4847 1.6538
v  2.1390 -0.4826 1.6412
v  2.1774 -0.5173 1.6538
v  2.1791 -0.5155 1.6412
v  2.1851 -0.5736 1.6980
v  2.1943 -0.5674 1.6895
v  2.1749 -0.5804 1.7052
v  2.1953 -0.6184 1.7052
v  2.2066 -0.6137 1.6980
v  2.2168 -0.6094 1.6895
v  2.2015 -0.5626 1.6786
v  2.2067 -0.5591 1.6663
v  2.2248 -0.6061 1.6786
v  2.2306 -0.6037 1.6663
v  2.2099 -0.5570 1.6538
v  2.2120 -0.5556 1.6412
v  2.2341 -0.6023 1.6538
v  2.2365 -0.6013 1.6412
v  2.2391 -0.6534 1.6786
v  2.2453 -0.6521 1.6663
v  2.2306 -0.6551 1.6895
v  2.2353 -0.7025 1.6895
v  2.2440 -0.7025 1.6786
v  2.2503 -0.7025 1.6663
v  2.2490 -0.6514 1.6538
v  2.2515 -0.6509 1.6412
v  2.2541 -0.7025 1.6538
v  2.2566 -0.7025 1.6412
v  2.2197 -0.6572 1.6980
v  2.2077 -0.6596 1.7052
v  2.2120 -0.7025 1.7052
v  2.2242 -0.7025 1.6980
v  2.2197 -0.7478 1.6980
v  2.2306 -0.7499 1.6895
v  2.2077 -0.7454 1.7052
v  2.1952 -0.7866 1.7052
v  2.2065 -0.7913 1.6980
v  2.2168 -0.7955 1.6895
v  2.2391 -0.7516 1.6786
v  2.2453 -0.7528 1.6663
v  2.2248 -0.7989 1.6786
v  2.2306 -0.8013 1.6663
v  2.2490 -0.7536 1.6538
v  2.2515 -0.7541 1.6412
v  2.2341 -0.8027 1.6538
v  2.2365 -0.8037 1.6412
v  2.2099 -0.8480 1.6538
v  2.2120 -0.8494 1.6412
v  2.2067 -0.8459 1.6663
v  2.1774 -0.8877 1.6538
v  2.1747 -0.8850 1.6663
v  2.1791 -0.8895 1.6412
v  2.1851 -0.8314 1.6980
v  2.1943 -0.8376 1.6895
v  2.1748 -0.8246 1.7052
v  2.1475 -0.8579 1.7052
v  2.1562 -0.8666 1.6980
v  2.1641 -0.8744 1.6895
v  2.2015 -0.8424 1.6786
v  2.1702 -0.8806 1.6786
v  2.1210 -0.8954 1.6980
v  2.1272 -0.9046 1.6895
v  2.1142 -0.8852 1.7052
v  2.0762 -0.9055 1.7052
v  2.0809 -0.9169 1.6980
v  2.0852 -0.9271 1.6895
v  2.1320 -0.9119 1.6786
v  2.1355 -0.9171 1.6663
v  2.0885 -0.9352 1.6786
v  2.0909 -0.9410 1.6663
v  2.1376 -0.9202 1.6538
v  2.1390 -0.9224 1.6412
v  2.0924 -0.9445 1.6538
v  2.0933 -0.9468 1.6412
v  2.0374 -0.9300 1.6980
v  2.0396 -0.9409 1.6895
v  2.0350 -0.9180 1.7052
v  1.9921 -0.9222 1.7052
v  1.9921 -0.9345 1.6980
v  1.9921 -0.9457 1.6895
v  2.0413 -0.9495 1.6786
v  2.0425 -0.9556 1.6663
v  1.9921 -0.9544 1.6786
v  1.9921 -0.9606 1.6663
v  2.0432 -0.9594 1.6538
v  2.0437 -0.9618 1.6412
v  1.9921 -0.9644 1.6538
v  1.9921 -0.9670 1.6412
v  1.9410 -0.9594 1.6538
v  1.9405 -0.9618 1.6412
v  1.9418 -0.9556 1.6663
v  1.8933 -0.9410 1.6663
v  1.8919 -0.9445 1.6538
v  1.8909 -0.9468 1.6412
v  1.9469 -0.9300 1.6980
v  1.9447 -0.9409 1.6895
v  1.9493 -0.9180 1.7052
v  1.9033 -0.9169 1.6980
v  1.9080 -0.9055 1.7052
v  1.8991 -0.9271 1.6895
v  1.9430 -0.9495 1.6786
v  1.8957 -0.9352 1.6786
v  1.8632 -0.8954 1.6980
v  1.8571 -0.9046 1.6895
v  1.8701 -0.8852 1.7052
v  1.8367 -0.8579 1.7052
v  1.8280 -0.8666 1.6980
v  1.8202 -0.8744 1.6895
v  1.8522 -0.9119 1.6786
v  1.8487 -0.9171 1.6663
v  1.8140 -0.8806 1.6786
v  1.8096 -0.8850 1.6663
v  1.8466 -0.9202 1.6538
v  1.8452 -0.9224 1.6412
v  1.8069 -0.8877 1.6538
v  1.8051 -0.8895 1.6412
v  1.7992 -0.8314 1.6980
v  1.7900 -0.8376 1.6895
v  1.8094 -0.8246 1.7052
v  1.7891 -0.7866 1.7052
v  1.7777 -0.7913 1.6980
v  1.7675 -0.7955 1.6895
v  1.7827 -0.8424 1.6786
v  1.7775 -0.8459 1.6663
v  1.7594 -0.7989 1.6786
v  1.7536 -0.8013 1.6663
v  1.7744 -0.8480 1.6538
v  1.7723 -0.8494 1.6412
v  1.7501 -0.8027 1.6538
v  1.7478 -0.8037 1.6412
v  1.7353 -0.7536 1.6538
v  1.7328 -0.7541 1.6412
v  1.7390 -0.7528 1.6663
v  1.7340 -0.7025 1.6663
v  1.7302 -0.7025 1.6538
v  1.7277 -0.7025 1.6412
v  1.7646 -0.7478 1.6980
v  1.7537 -0.7499 1.6895
v  1.7766 -0.7454 1.7052
v  1.7600 -0.7025 1.6980
v  1.7723 -0.7025 1.7052
v  1.7490 -0.7025 1.6895
v  1.7451 -0.7516 1.6786
v  1.7403 -0.7025 1.6786
v  1.7645 -0.6572 1.6980
v  1.7537 -0.6551 1.6895
v  1.7766 -0.6596 1.7052
v  1.7890 -0.6184 1.7052
v  1.7777 -0.6137 1.6980
v  1.7675 -0.6094 1.6895
v  1.7451 -0.6534 1.6786
v  1.7390 -0.6521 1.6663
v  1.7594 -0.6061 1.6786
v  1.7536 -0.6037 1.6663
v  1.7353 -0.6514 1.6538
v  1.7328 -0.6509 1.6412
v  1.7501 -0.6023 1.6538
v  1.7478 -0.6013 1.6412
v  1.7992 -0.5736 1.6980
v  1.7900 -0.5674 1.6895
v  1.8094 -0.5804 1.7052
v  1.8367 -0.5470 1.7052
v  1.8280 -0.5384 1.6980
v  1.8202 -0.5305 1.6895
v  1.7827 -0.5626 1.6786
v  1.7775 -0.5591 1.6663
v  1.8140 -0.5244 1.6786
v  1.8096 -0.5200 1.6663
v  1.7744 -0.5570 1.6538
v  1.7723 -0.5556 1.6412
v  1.8069 -0.5173 1.6538
v  1.8051 -0.5155 1.6412
v  1.8522 -0.4931 1.6786
v  1.8487 -0.4879 1.6663
v  1.8571 -0.5003 1.6895
v  1.8991 -0.4778 1.6895
v  1.8957 -0.4698 1.6786
v  1.8933 -0.4640 1.6663
v  1.8466 -0.4847 1.6538
v  1.8452 -0.4826 1.6412
v  1.8919 -0.4605 1.6538
v  1.8909 -0.4581 1.6412
v  1.8632 -0.5095 1.6980
v  1.8700 -0.5197 1.7052
v  1.9033 -0.4880 1.6980
v  1.9080 -0.4993 1.7052
v  1.9469 -0.4749 1.6980
v  1.9447 -0.4640 1.6895
v  1.9492 -0.4869 1.7052
v  1.9430 -0.4555 1.6786
v  1.9418 -0.4494 1.6663
v  1.9410 -0.4456 1.6538
v  1.9405 -0.4431 1.6412
v  2.0800 -0.8525 1.7052
v  2.1121 -0.8485 1.7052
v  2.1291 -0.8017 1.7052
v  2.0833 -0.7787 1.7052
v  2.1476 -0.7495 1.7052
v  2.0825 -0.7054 1.7052
v  1.9102 -0.7050 1.7052
v  1.8403 -0.7495 1.7052
v  1.8589 -0.8018 1.7052
v  1.9083 -0.7789 1.7052
v  1.8753 -0.8486 1.7052
v  1.9105 -0.8530 1.7052
v  1.9349 -0.5706 1.7052
v  1.8858 -0.5588 1.7052
v  1.8648 -0.6058 1.7052
v  1.9203 -0.6312 1.7052
v  1.8418 -0.6576 1.7052
v  1.9264 -0.8966 1.7052
v  1.8982 -0.8788 1.7052
v  1.9264 -0.8724 1.7052
v  1.9448 -0.8876 1.7052
v  2.0886 -0.8787 1.7052
v  2.0630 -0.8723 1.7052
v  2.0437 -0.8878 1.7052
v  2.0600 -0.8966 1.7052
v  2.1242 -0.6067 1.7052
v  2.0734 -0.6331 1.7052
v  2.1463 -0.6579 1.7052
v  2.1036 -0.5603 1.7052
v  2.0595 -0.5736 1.7052
v  2.0794 -0.5292 1.7052
v  2.0446 -0.5388 1.7052
v  2.0525 -0.5097 1.7052
v  2.0287 -0.5202 1.7052
v  1.9655 -0.5184 1.7052
v  1.9367 -0.5088 1.7052
v  1.9101 -0.5278 1.7052
v  1.9502 -0.5360 1.7052
v  2.0234 -0.4982 1.7052
v  2.0118 -0.5095 1.7052
v  1.9937 -0.4942 1.7052
v  1.9952 -0.5059 1.7052
v  1.9647 -0.4977 1.7052
v  1.9801 -0.5086 1.7052
v  1.8111 -0.7031 1.7052
v  2.1753 -0.7031 1.7052
v  2.0199 -0.8947 1.7052
v  1.9939 -0.8959 1.7052
v  1.9930 -0.9091 1.7052
v  2.0274 -0.9063 1.7052
v  1.9587 -0.9062 1.7052
v  1.9681 -0.8945 1.7052
v  2.0669 -0.8421 1.7276
v  2.0701 -0.7739 1.7297
v  2.0568 -0.7691 1.7541
v  2.0537 -0.8317 1.7499
v  2.0688 -0.7036 1.7313
v  2.0551 -0.7018 1.7573
v  2.0586 -0.6293 1.7318
v  2.0438 -0.6254 1.7584
v  2.0446 -0.5680 1.7318
v  2.0296 -0.5624 1.7584
v  2.0194 -0.5351 1.7584
v  2.0320 -0.5369 1.7318
v  2.0199 -0.5238 1.7318
v  2.0111 -0.5274 1.7584
v  1.9810 -0.5268 1.7584
v  1.9896 -0.5423 1.7584
v  1.9958 -0.5329 1.7584
v  1.9879 -0.5228 1.7584
v  2.0028 -0.5425 1.7584
v  1.9963 -0.5490 1.7584
v  2.0028 -0.5231 1.7584
v  1.9949 -0.5217 1.7584
v  2.0079 -0.5513 1.7584
v  2.0130 -0.5759 1.7584
v  1.9963 -0.5593 1.7584
v  1.9963 -0.5825 1.7584
v  2.0200 -0.6329 1.7584
v  2.0256 -0.6998 1.7577
v  1.9962 -0.6366 1.7584
v  1.9961 -0.6988 1.7580
v  2.0265 -0.7540 1.7559
v  2.0250 -0.8018 1.7534
v  1.9961 -0.7465 1.7568
v  1.9963 -0.7869 1.7552
v  2.0339 -0.8281 1.7370
v  2.0191 -0.8131 1.7403
v  2.0186 -0.8280 1.7296
v  2.0385 -0.8403 1.7283
v  1.9965 -0.8011 1.7420
v  1.9966 -0.8196 1.7303
v  1.9965 -0.8416 1.7193
v  2.0186 -0.8457 1.7193
v  2.0392 -0.8519 1.7183
v  1.9675 -0.8021 1.7534
v  1.9657 -0.7542 1.7559
v  1.9665 -0.6998 1.7577
v  1.9369 -0.7018 1.7573
v  1.9353 -0.7695 1.7541
v  1.9387 -0.8325 1.7499
v  1.9724 -0.6326 1.7584
v  1.9797 -0.5753 1.7584
v  1.9485 -0.6247 1.7584
v  1.9630 -0.5612 1.7584
v  1.9848 -0.5508 1.7584
v  1.9733 -0.5341 1.7584
v  1.9246 -0.8427 1.7276
v  1.9218 -0.7742 1.7297
v  1.9236 -0.7034 1.7313
v  1.9344 -0.6280 1.7318
v  1.9490 -0.5659 1.7318
v  1.9386 -0.8440 1.7277
v  1.9545 -0.8407 1.7283
v  1.9591 -0.8285 1.7370
v  1.9505 -0.8296 1.7408
v  1.9350 -0.8547 1.7151
v  1.9534 -0.8522 1.7183
v  1.9617 -0.5350 1.7318
v  1.9732 -0.5226 1.7318
v  1.9950 -0.5138 1.7318
v  2.0073 -0.5163 1.7318
v  1.9840 -0.5157 1.7318
v  1.9955 -0.8775 1.7102
v  2.0170 -0.8750 1.7105
v  2.0177 -0.8615 1.7137
v  1.9961 -0.8614 1.7134
v  2.0311 -0.8723 1.7107
v  2.0368 -0.8629 1.7130
v  1.9745 -0.8616 1.7137
v  1.9743 -0.8458 1.7193
v  1.9550 -0.8631 1.7130
v  1.9598 -0.8724 1.7107
v  1.9740 -0.8750 1.7105
v  2.0566 -0.8544 1.7151
v  2.0538 -0.8435 1.7278
v  2.0422 -0.8291 1.7409
v  1.9740 -0.8134 1.7403
v  1.9746 -0.8282 1.7295
v  1.9947 -0.8880 1.7076
v  2.0180 -0.8855 1.7078
v  2.0380 -0.8784 1.7084
v  2.0511 -0.8670 1.7098
v  1.9397 -0.8671 1.7098
v  1.9520 -0.8783 1.7084
v  1.9715 -0.8855 1.7078
v  2.0216 -0.8056 1.7477
v  1.9964 -0.7917 1.7496
v  1.9713 -0.8059 1.7477
# 1222 vertices

vn 0.0000 0.0000 1.0000
vn -0.0000 1.0000 -0.0000
vn 1.0000 0.0000 0.0000
vn 0.0000 -1.0000 0.0000
vn -1.0000 -0.0000 0.0000
vn 0.6836 0.0000 0.7299
vn 0.6388 0.7694 0.0000
vn 0.6388 0.7693 0.0000
vn 0.6388 -0.7694 0.0000
vn 0.6388 -0.7693 0.0000
vn 0.6836 0.0000 -0.7299
vn 0.0000 0.0000 -1.0000
vn -0.9977 0.0000 0.0679
vn -0.9482 0.0000 0.3175
vn -0.0059 -0.8870 0.4618
vn -0.0065 -0.8869 0.4618
vn 0.0000 -0.8872 0.4613
vn -0.0492 -0.8855 0.4620
vn -0.0497 -0.8855 0.4620
vn -0.0502 -0.8855 0.4620
vn -0.0072 -0.8869 0.4619
vn -0.6089 0.7783 0.1529
vn -0.6214 0.7762 0.1060
vn -0.6183 0.7783 0.1092
vn -0.6064 0.7804 0.1523
vn -0.6827 0.7295 0.0402
vn -0.6797 0.7323 0.0406
vn -0.6767 0.7351 0.0410
vn -0.6152 0.7803 0.1124
vn -0.6045 0.7819 0.1518
vn -0.5996 -0.7313 0.3251
vn -0.2523 -0.8630 0.4376
vn -0.2622 -0.8612 0.4353
vn -0.6138 -0.7247 0.3132
vn -0.2655 -0.8609 0.4339
vn -0.6131 -0.7280 0.3065
vn -0.9171 0.3984 0.0070
vn -0.9163 0.4003 0.0069
vn -0.9946 -0.1014 0.0207
vn -0.9944 -0.1030 0.0212
vn -0.9944 -0.1032 0.0215
vn -0.9155 0.4022 0.0069
vn -0.8834 -0.4490 0.1338
vn -0.8834 -0.4476 0.1385
vn -0.8846 -0.4484 0.1278
vn 0.0000 -0.9525 0.3046
vn 0.0000 -0.9228 0.3851
vn 0.0000 -0.9382 0.3461
vn 0.9698 0.0000 0.2438
vn 0.9389 0.0000 0.3441
vn 0.9677 0.0000 0.2519
vn 0.0000 0.9138 0.4062
vn 0.0000 0.9457 0.3251
vn 0.0000 0.9304 0.3666
vn 0.0000 0.6700 0.7423
vn 0.7631 0.0000 0.6462
vn 0.0000 -0.7033 0.7109
vn -0.7220 0.0040 0.6918
vn -0.7090 -0.1369 0.6918
vn -0.6686 -0.2726 0.6919
vn -0.6686 -0.2726 0.6918
vn -0.7220 0.0040 0.6919
vn 0.2800 0.6655 0.6918
vn 0.1448 0.7074 0.6918
vn 0.0040 0.7220 0.6918
vn 0.0040 0.7220 0.6919
vn 0.4045 0.5981 0.6918
vn 0.5134 0.5077 0.6918
vn -0.6026 -0.3978 0.6918
vn -0.5134 -0.5077 0.6918
vn -0.0040 -0.7220 0.6918
vn 0.1369 -0.7090 0.6918
vn 0.2726 -0.6686 0.6918
vn -0.5077 0.5134 0.6918
vn -0.5981 0.4045 0.6918
vn -0.6655 0.2800 0.6918
vn -0.5982 0.4045 0.6918
vn -0.3978 0.6026 0.6918
vn -0.2726 0.6686 0.6919
vn -0.2726 0.6686 0.6918
vn -0.5077 0.5134 0.6919
vn -0.1369 0.7090 0.6918
vn -0.2800 -0.6655 0.6918
vn -0.1448 -0.7074 0.6918
vn -0.4045 -0.5981 0.6918
vn 0.6686 0.2726 0.6919
vn 0.6026 0.3978 0.6918
vn 0.6686 0.2726 0.6918
vn -0.7074 0.1448 0.6918
vn 0.3978 -0.6026 0.6918
vn 0.5077 -0.5134 0.6918
vn 0.2726 -0.6686 0.6919
vn 0.6655 -0.2800 0.6918
vn 0.7074 -0.1448 0.6918
vn 0.7220 -0.0040 0.6918
vn 0.5981 -0.4045 0.6918
vn 0.7090 0.1369 0.6918
vn -0.4045 -0.5982 0.6918
vn 0.5982 -0.4045 0.6918
vn -0.7312 0.0000 -0.6822
vn 0.0000 0.7862 -0.6179
vn 0.7312 0.0000 -0.6822
vn 0.0000 -0.7862 -0.6179
vn 0.1892 0.9513 0.2431
vn 0.1912 0.9615 0.1973
vn 0.0000 0.9803 0.1973
vn 0.0000 0.9700 0.2432
vn 0.0000 0.9280 0.3724
vn 0.1810 0.9102 0.3724
vn 0.3551 0.8574 0.3724
vn 0.3712 0.8961 0.2432
vn 0.3751 0.9057 0.1973
vn 0.0000 0.7045 0.7097
vn 0.0000 0.5632 0.8263
vn 0.1099 0.5523 0.8263
vn 0.1374 0.6909 0.7097
vn 0.0000 0.5105 0.8599
vn 0.0996 0.5007 0.8598
vn 0.1953 0.4715 0.8599
vn 0.2155 0.5202 0.8264
vn 0.2696 0.6508 0.7098
vn 0.0000 0.8421 0.5394
vn 0.1643 0.8259 0.5394
vn 0.3222 0.7779 0.5394
vn 0.3128 0.4681 0.8264
vn 0.3913 0.5856 0.7099
vn 0.2836 0.4243 0.8600
vn 0.3980 0.3979 0.8266
vn 0.3608 0.3606 0.8601
vn 0.4980 0.4980 0.7099
vn 0.4678 0.7001 0.5394
vn 0.5156 0.7717 0.3724
vn 0.5954 0.5954 0.5394
vn 0.6562 0.6562 0.3724
vn 0.5389 0.8065 0.2431
vn 0.5446 0.8151 0.1973
vn 0.6859 0.6859 0.2432
vn 0.6932 0.6932 0.1973
vn 0.4679 0.3125 0.8267
vn 0.5855 0.3912 0.7100
vn 0.4241 0.2832 0.8601
vn 0.4710 0.1950 0.8603
vn 0.5197 0.2152 0.8268
vn 0.6505 0.2694 0.7101
vn 0.7001 0.4678 0.5394
vn 0.7716 0.5156 0.3724
vn 0.7779 0.3222 0.5395
vn 0.8574 0.3551 0.3724
vn 0.8065 0.5389 0.2431
vn 0.8151 0.5446 0.1973
vn 0.8961 0.3712 0.2432
vn 0.9057 0.3751 0.1973
vn 0.8258 0.1643 0.5395
vn 0.9102 0.1810 0.3724
vn 0.6904 0.1373 0.7103
vn 0.7038 -0.0000 0.7104
vn 0.8419 0.0000 0.5396
vn 0.9280 0.0000 0.3724
vn 0.9513 0.1892 0.2431
vn 0.9615 0.1912 0.1973
vn 0.9700 0.0000 0.2432
vn 0.9803 0.0000 0.1973
vn 0.5515 0.1096 0.8269
vn 0.4998 0.0993 0.8604
vn 0.5093 -0.0001 0.8606
vn 0.5620 -0.0001 0.8271
vn 0.5510 -0.1097 0.8272
vn 0.6901 -0.1373 0.7105
vn 0.4993 -0.0994 0.8607
vn 0.4700 -0.1948 0.8609
vn 0.5188 -0.2150 0.8274
vn 0.6500 -0.2693 0.7106
vn 0.8257 -0.1643 0.5396
vn 0.9102 -0.1810 0.3724
vn 0.7778 -0.3222 0.5397
vn 0.8574 -0.3551 0.3724
vn 0.9513 -0.1892 0.2431
vn 0.9615 -0.1912 0.1973
vn 0.8961 -0.3712 0.2432
vn 0.9057 -0.3751 0.1973
vn 0.8065 -0.5389 0.2431
vn 0.8151 -0.5446 0.1973
vn 0.7716 -0.5156 0.3724
vn 0.6859 -0.6859 0.2432
vn 0.6562 -0.6562 0.3724
vn 0.6932 -0.6932 0.1973
vn 0.4668 -0.3120 0.8275
vn 0.5849 -0.3908 0.7107
vn 0.4229 -0.2827 0.8610
vn 0.3594 -0.3595 0.8611
vn 0.3968 -0.3969 0.8276
vn 0.4973 -0.4974 0.7108
vn 0.6999 -0.4677 0.5397
vn 0.5952 -0.5952 0.5398
vn 0.3117 -0.4666 0.8277
vn 0.3907 -0.5847 0.7109
vn 0.2823 -0.4227 0.8612
vn 0.1944 -0.4695 0.8613
vn 0.2146 -0.5183 0.8278
vn 0.2691 -0.6497 0.7110
vn 0.4677 -0.6999 0.5398
vn 0.5156 -0.7716 0.3724
vn 0.3221 -0.7777 0.5398
vn 0.3551 -0.8574 0.3724
vn 0.5389 -0.8065 0.2431
vn 0.5446 -0.8151 0.1973
vn 0.3712 -0.8961 0.2432
vn 0.3751 -0.9057 0.1973
vn 0.1094 -0.5502 0.8278
vn 0.1372 -0.6896 0.7110
vn 0.0991 -0.4983 0.8613
vn 0.0000 -0.5080 0.8613
vn 0.0000 -0.5609 0.8279
vn 0.0000 -0.7031 0.7110
vn 0.1642 -0.8256 0.5398
vn 0.1810 -0.9102 0.3724
vn 0.0000 -0.8418 0.5398
vn 0.0000 -0.9280 0.3724
vn 0.1892 -0.9513 0.2431
vn 0.1912 -0.9615 0.1973
vn 0.0000 -0.9700 0.2432
vn 0.0000 -0.9803 0.1973
vn -0.1892 -0.9513 0.2431
vn -0.1912 -0.9615 0.1973
vn -0.1810 -0.9102 0.3724
vn -0.3551 -0.8574 0.3724
vn -0.3712 -0.8961 0.2432
vn -0.3751 -0.9057 0.1973
vn -0.1094 -0.5502 0.8278
vn -0.1372 -0.6896 0.7110
vn -0.0991 -0.4984 0.8613
vn -0.2146 -0.5183 0.8278
vn -0.1944 -0.4694 0.8613
vn -0.2691 -0.6497 0.7110
vn -0.1642 -0.8256 0.5398
vn -0.3221 -0.7777 0.5398
vn -0.3117 -0.4666 0.8277
vn -0.3907 -0.5847 0.7109
vn -0.2823 -0.4227 0.8611
vn -0.3594 -0.3595 0.8611
vn -0.3968 -0.3969 0.8276
vn -0.4973 -0.4973 0.7108
vn -0.4677 -0.6999 0.5398
vn -0.5156 -0.7716 0.3724
vn -0.5952 -0.5952 0.5398
vn -0.6562 -0.6562 0.3724
vn -0.5389 -0.8065 0.2431
vn -0.5446 -0.8151 0.1973
vn -0.6859 -0.6859 0.2432
vn -0.6932 -0.6932 0.1973
vn -0.4668 -0.3120 0.8275
vn -0.5849 -0.3908 0.7107
vn -0.4229 -0.2827 0.8610
vn -0.4700 -0.1948 0.8609
vn -0.5188 -0.2150 0.8274
vn -0.6500 -0.2693 0.7106
vn -0.6999 -0.4677 0.5397
vn -0.7716 -0.5156 0.3724
vn -0.7778 -0.3222 0.5397
vn -0.8574 -0.3551 0.3724
vn -0.8065 -0.5389 0.2431
vn -0.8151 -0.5446 0.1973
vn -0.8961 -0.3712 0.2432
vn -0.9057 -0.3751 0.1973
vn -0.9513 -0.1892 0.2431
vn -0.9615 -0.1912 0.1973
vn -0.9102 -0.1810 0.3724
vn -0.9280 0.0000 0.3724
vn -0.9700 0.0000 0.2432
vn -0.9803 0.0000 0.1973
vn -0.5510 -0.1097 0.8272
vn -0.6901 -0.1373 0.7105
vn -0.4993 -0.0994 0.8607
vn -0.5620 -0.0001 0.8271
vn -0.5093 -0.0001 0.8606
vn -0.7038 -0.0000 0.7104
vn -0.8257 -0.1643 0.5396
vn -0.8419 0.0000 0.5396
vn -0.5515 0.1096 0.8269
vn -0.6904 0.1373 0.7103
vn -0.4998 0.0993 0.8604
vn -0.4710 0.1950 0.8603
vn -0.5197 0.2152 0.8268
vn -0.6505 0.2694 0.7101
vn -0.8258 0.1643 0.5395
vn -0.9102 0.1810 0.3724
vn -0.7779 0.3222 0.5395
vn -0.8574 0.3551 0.3724
vn -0.9513 0.1892 0.2431
vn -0.9615 0.1912 0.1973
vn -0.8961 0.3712 0.2432
vn -0.9057 0.3751 0.1973
vn -0.4679 0.3125 0.8267
vn -0.5855 0.3912 0.7100
vn -0.4241 0.2832 0.8601
vn -0.3608 0.3606 0.8601
vn -0.3980 0.3979 0.8266
vn -0.4980 0.4980 0.7099
vn -0.7001 0.4678 0.5394
vn -0.7716 0.5156 0.3724
vn -0.5954 0.5954 0.5394
vn -0.6562 0.6562 0.3724
vn -0.8065 0.5389 0.2431
vn -0.8151 0.5446 0.1973
vn -0.6859 0.6859 0.2432
vn -0.6932 0.6932 0.1973
vn -0.4678 0.7001 0.5394
vn -0.5156 0.7717 0.3724
vn -0.3913 0.5856 0.7099
vn -0.2696 0.6508 0.7098
vn -0.3222 0.7779 0.5394
vn -0.3551 0.8574 0.3724
vn -0.5389 0.8065 0.2431
vn -0.5446 0.8151 0.1973
vn -0.3712 0.8961 0.2432
vn -0.3751 0.9057 0.1973
vn -0.3128 0.4681 0.8264
vn -0.2836 0.4243 0.8600
vn -0.2155 0.5202 0.8264
vn -0.1953 0.4715 0.8599
vn -0.1099 0.5523 0.8263
vn -0.1374 0.6909 0.7097
vn -0.0996 0.5007 0.8598
vn -0.1643 0.8259 0.5393
vn -0.1810 0.9102 0.3724
vn -0.1892 0.9513 0.2431
vn -0.1912 0.9615 0.1973
vn 0.8620 -0.0546 0.5040
vn 0.8725 -0.0262 0.4879
vn 0.5288 -0.0466 0.8474
vn 0.6904 -0.0722 0.7198
vn 0.8633 -0.0475 0.5024
vn 0.8724 -0.0229 0.4882
vn 0.8820 0.0578 0.4677
vn 0.8818 0.0613 0.4675
vn 0.5343 0.0242 0.8449
vn 0.8748 0.1587 0.4577
vn 0.5217 0.0949 0.8478
vn 0.8755 0.1518 0.4587
vn 0.8646 0.2619 0.4289
vn 0.8635 0.2734 0.4237
vn 0.5278 0.1711 0.8320
vn 0.5113 0.3595 0.7805
vn 0.7892 0.5016 0.3543
vn 0.8037 0.4726 0.3614
vn 0.6243 0.7210 0.3007
vn 0.5983 0.7447 0.2956
vn 0.3732 0.5033 0.7793
vn -0.3836 0.4903 0.7826
vn -0.2208 0.5982 0.7703
vn 0.2126 0.5965 0.7739
vn 0.0064 0.6358 0.7718
vn 0.0037 -0.0048 1.0000
vn 0.0132 -0.0219 0.9997
vn 0.0000 -0.0042 1.0000
vn 0.0000 -0.0184 0.9998
vn 0.0266 -0.0438 0.9987
vn 0.0373 -0.0569 0.9977
vn 0.0000 -0.0366 0.9993
vn 0.0001 -0.0462 0.9989
vn -0.3457 -0.6032 0.7187
vn -0.3102 -0.5742 0.7577
vn -0.2314 -0.5389 0.8099
vn -0.1987 -0.6434 0.7392
vn 0.0019 -0.6094 0.7929
vn 0.0018 -0.5227 0.8525
vn 0.0013 -0.4011 0.9160
vn -0.1070 -0.4365 0.8933
vn -0.0415 -0.5350 0.8438
vn -0.0368 -0.0571 0.9977
vn -0.0264 -0.0439 0.9987
vn -0.0132 -0.0219 0.9997
vn -0.5383 0.0264 0.8423
vn -0.5258 -0.0455 0.8494
vn -0.6784 -0.0711 0.7312
vn -0.0038 -0.0048 1.0000
vn -0.5285 0.0982 0.8432
vn -0.5345 0.1753 0.8268
vn -0.5155 0.3597 0.7777
vn -0.8551 -0.0373 0.5171
vn -0.8532 -0.0479 0.5194
vn -0.8687 -0.0204 0.4949
vn -0.8685 -0.0129 0.4955
vn -0.8853 0.0676 0.4600
vn -0.8853 0.0670 0.4602
vn -0.8813 0.1650 0.4427
vn -0.8818 0.1599 0.4436
vn -0.8693 0.2814 0.4064
vn -0.8701 0.2722 0.4109
vn 0.0652 -0.7967 0.6008
vn 0.2006 -0.6456 0.7368
vn 0.3455 -0.6019 0.7199
vn 0.3555 -0.6966 0.6231
vn 0.3338 -0.7888 0.5161
vn -0.0703 -0.8335 0.5479
vn -0.2734 -0.5709 0.7741
vn -0.1710 -0.5933 0.7866
vn 0.0451 -0.5374 0.8421
vn -0.8032 0.4851 0.3457
vn -0.7908 0.5083 0.3409
vn -0.6106 0.7360 0.2922
vn -0.6300 0.7182 0.2952
vn 0.0154 0.9588 0.2835
vn 0.0128 0.9590 0.2831
vn 0.3421 0.8956 0.2842
vn 0.3606 0.8878 0.2857
vn -0.3449 0.8934 0.2879
vn -0.3569 0.8884 0.2887
vn 0.0006 -0.2284 0.9735
vn 0.0226 -0.2400 0.9705
vn -0.0133 -0.2849 0.9585
vn 0.0009 -0.2597 0.9657
vn 0.0602 -0.2597 0.9638
vn 0.0540 -0.3411 0.9384
vn 0.0148 -0.2864 0.9580
vn 0.1097 -0.4388 0.8919
vn -0.0511 -0.3384 0.9396
vn -0.0586 -0.2557 0.9650
vn -0.0216 -0.2385 0.9709
vn 0.1821 -0.5955 0.7824
vn 0.2867 -0.5835 0.7598
vn 0.0751 -0.8313 0.5506
vn -0.0591 -0.7933 0.6059
vn -0.3387 -0.7842 0.5198
vn -0.3569 -0.6976 0.6213
vn 0.3114 -0.5716 0.7591
vn 0.2339 -0.5391 0.8091
vn -0.0000 -0.2605 0.9655
vn -0.0017 -0.2742 0.9616
vn 0.0452 -0.2705 0.9616
vn 0.0399 -0.2636 0.9638
vn 0.1310 -0.2693 0.9541
vn 0.1127 -0.2708 0.9560
vn 0.2702 -0.3325 0.9036
vn 0.1885 -0.3428 0.9203
vn -0.2591 -0.3137 0.9134
vn -0.1806 -0.3289 0.9269
vn -0.1302 -0.2568 0.9576
vn -0.1081 -0.2608 0.9593
vn -0.0479 -0.2651 0.9630
vn -0.0392 -0.2607 0.9646
vn -0.3913 -0.6326 0.6683
vn -0.4360 -0.6578 0.6142
vn 0.0050 -0.7395 0.6731
vn 0.0012 -0.7038 0.7103
vn 0.4385 -0.6506 0.6200
vn 0.3915 -0.6275 0.6730
vn 0.5156 0.7716 0.3724
vn 0.0991 -0.4984 0.8613
vn -0.4973 -0.4974 0.7108
vn -0.7000 -0.4677 0.5397
vn -0.5156 0.7716 0.3724
vn 0.0018 -0.6093 0.7929
vn -0.0001 -0.2605 0.9655
# 454 vertex normals

vt 0.0922 0.0202 0.0000
vt 0.0993 0.0325 0.0000
vt 0.0993 0.1750 0.0000
vt 0.0922 0.1745 0.0000
vt 0.1063 0.0447 0.0000
vt 0.1063 0.1755 0.0000
vt 0.0993 0.3175 0.0000
vt 0.1063 0.3063 0.0000
vt 0.0922 0.3288 0.0000
vt 0.9825 0.1420 0.0000
vt 0.9825 0.2728 0.0000
vt 0.8849 0.2728 0.0000
vt 0.8849 0.1420 0.0000
vt 0.7872 0.2728 0.0000
vt 0.7872 0.1420 0.0000
vt 0.7872 0.0112 0.0000
vt 0.8849 0.0112 0.0000
vt 0.9825 0.0112 0.0000
vt 0.2820 0.3175 0.0000
vt 0.2820 0.1750 0.0000
vt 0.2908 0.1745 0.0000
vt 0.2908 0.3288 0.0000
vt 0.2732 0.3063 0.0000
vt 0.2732 0.1755 0.0000
vt 0.2820 0.0325 0.0000
vt 0.2732 0.0447 0.0000
vt 0.2908 0.0202 0.0000
vt 0.1906 0.0325 0.0000
vt 0.1915 0.0202 0.0000
vt 0.1898 0.0447 0.0000
vt 0.5455 0.4533 0.0000
vt 0.5455 0.3630 0.0000
vt 0.6664 0.3630 0.0000
vt 0.6664 0.4533 0.0000
vt 0.6664 0.2728 0.0000
vt 0.5455 0.2728 0.0000
vt 0.7872 0.3630 0.0000
vt 0.7872 0.4533 0.0000
vt 0.5780 0.6491 0.0000
vt 0.5673 0.6594 0.0000
vt 0.5679 0.5637 0.0000
vt 0.5785 0.5637 0.0000
vt 0.5686 0.4680 0.0000
vt 0.5791 0.4782 0.0000
vt 0.5892 0.5636 0.0000
vt 0.5896 0.4883 0.0000
vt 0.5887 0.6389 0.0000
vt 0.8849 0.7148 0.0000
vt 0.8849 0.5841 0.0000
vt 0.9825 0.5841 0.0000
vt 0.9825 0.7148 0.0000
vt 0.7872 0.7148 0.0000
vt 0.7872 0.5841 0.0000
vt 0.8849 0.4533 0.0000
vt 0.9825 0.4533 0.0000
vt 0.4241 0.5771 0.0000
vt 0.5331 0.5828 0.0000
vt 0.5331 0.7371 0.0000
vt 0.4241 0.7258 0.0000
vt 0.3152 0.7145 0.0000
vt 0.3152 0.5715 0.0000
vt 0.4241 0.4284 0.0000
vt 0.3152 0.4284 0.0000
vt 0.5331 0.4284 0.0000
vt 0.4247 0.2517 0.0000
vt 0.5337 0.2461 0.0000
vt 0.5337 0.4004 0.0000
vt 0.4247 0.4004 0.0000
vt 0.3158 0.4004 0.0000
vt 0.3158 0.2574 0.0000
vt 0.3158 0.1143 0.0000
vt 0.4247 0.1031 0.0000
vt 0.5337 0.0918 0.0000
vt 0.6659 0.1365 0.0000
vt 0.6659 0.2544 0.0000
vt 0.5666 0.2544 0.0000
vt 0.5666 0.1365 0.0000
vt 0.5666 0.0187 0.0000
vt 0.6659 0.0187 0.0000
vt 0.7653 0.0187 0.0000
vt 0.7653 0.1365 0.0000
vt 0.7653 0.2544 0.0000
vt 0.4247 0.0616 0.0000
vt 0.3158 0.0672 0.0000
vt 0.3158 0.0201 0.0000
vt 0.4247 0.0201 0.0000
vt 0.5337 0.0201 0.0000
vt 0.5337 0.0560 0.0000
vt 0.1093 0.0705 0.0000
vt 0.1887 0.0705 0.0000
vt 0.1887 0.1647 0.0000
vt 0.1093 0.1647 0.0000
vt 0.2680 0.1647 0.0000
vt 0.2680 0.0705 0.0000
vt 0.2680 0.2589 0.0000
vt 0.1887 0.2589 0.0000
vt 0.1093 0.2589 0.0000
vt 0.4241 0.7672 0.0000
vt 0.3152 0.7616 0.0000
vt 0.5331 0.7729 0.0000
vt 0.5331 0.8087 0.0000
vt 0.4241 0.8087 0.0000
vt 0.3152 0.8087 0.0000
vt 0.4971 0.8821 0.0000
vt 0.4970 0.8758 0.0000
vt 0.5108 0.8759 0.0000
vt 0.5103 0.8822 0.0000
vt 0.4832 0.8757 0.0000
vt 0.4839 0.8819 0.0000
vt 0.4969 0.8697 0.0000
vt 0.4814 0.8696 0.0000
vt 0.5125 0.8698 0.0000
vt 0.4968 0.8592 0.0000
vt 0.4968 0.8552 0.0000
vt 0.5234 0.8552 0.0000
vt 0.5189 0.8593 0.0000
vt 0.4748 0.8592 0.0000
vt 0.4702 0.8553 0.0000
vt 0.4649 0.8524 0.0000
vt 0.5004 0.8524 0.0000
vt 0.5286 0.8522 0.0000
vt 0.4754 0.9048 0.0000
vt 0.4973 0.9049 0.0000
vt 0.4973 0.9089 0.0000
vt 0.4709 0.9088 0.0000
vt 0.5192 0.9050 0.0000
vt 0.5238 0.9090 0.0000
vt 0.5290 0.9119 0.0000
vt 0.4974 0.9119 0.0000
vt 0.4658 0.9118 0.0000
vt 0.5112 0.8508 0.0000
vt 0.5342 0.8503 0.0000
vt 0.5058 0.8481 0.0000
vt 0.5401 0.8497 0.0000
vt 0.4974 0.9137 0.0000
vt 0.4602 0.9137 0.0000
vt 0.5346 0.9137 0.0000
vt 0.5068 0.9160 0.0000
vt 0.5405 0.9143 0.0000
vt 0.4544 0.9144 0.0000
vt 0.4419 0.8526 0.0000
vt 0.4297 0.8439 0.0000
vt 0.4358 0.8443 0.0000
vt 0.4475 0.8507 0.0000
vt 0.4124 0.8317 0.0000
vt 0.4363 0.8424 0.0000
vt 0.4534 0.8500 0.0000
vt 0.5463 0.9136 0.0000
vt 0.5675 0.9194 0.0000
vt 0.5632 0.9214 0.0000
vt 0.5760 0.9197 0.0000
vt 0.5519 0.9117 0.0000
vt 0.6099 0.9309 0.0000
vt 0.3389 0.9238 0.0000
vt 0.3407 0.9200 0.0000
vt 0.3458 0.9197 0.0000
vt 0.3637 0.9207 0.0000
vt 0.3916 0.9160 0.0000
vt 0.3574 0.9079 0.0000
vt 0.4430 0.9120 0.0000
vt 0.3832 0.9209 0.0000
vt 0.3205 0.9308 0.0000
vt 0.5127 0.8946 0.0000
vt 0.4972 0.8944 0.0000
vt 0.4971 0.8884 0.0000
vt 0.5109 0.8885 0.0000
vt 0.4817 0.8943 0.0000
vt 0.4833 0.8882 0.0000
vt 0.4969 0.8641 0.0000
vt 0.5152 0.8642 0.0000
vt 0.4786 0.8641 0.0000
vt 0.4972 0.9000 0.0000
vt 0.4790 0.8999 0.0000
vt 0.5155 0.9001 0.0000
vt 0.6104 0.8307 0.0000
vt 0.5761 0.8431 0.0000
vt 0.5674 0.8437 0.0000
vt 0.5562 0.8411 0.0000
vt 0.5516 0.8520 0.0000
vt 0.5459 0.8502 0.0000
vt 0.4571 0.8421 0.0000
vt 0.4437 0.8443 0.0000
vt 0.4593 0.8506 0.0000
vt 0.4059 0.9195 0.0000
vt 0.4486 0.9138 0.0000
vt 0.4106 0.9227 0.0000
vt 0.5152 0.9229 0.0000
vt 0.5349 0.9203 0.0000
vt 0.4616 0.9256 0.0000
vt 0.4652 0.9309 0.0000
vt 0.5070 0.8408 0.0000
vt 0.5114 0.8312 0.0000
vt 0.7525 0.4884 0.0000
vt 0.7520 0.5637 0.0000
vt 0.7425 0.5637 0.0000
vt 0.7429 0.4979 0.0000
vt 0.7516 0.6390 0.0000
vt 0.7422 0.6296 0.0000
vt 0.7331 0.5637 0.0000
vt 0.7329 0.6202 0.0000
vt 0.7333 0.5073 0.0000
vt 0.7621 0.6492 0.0000
vt 0.7726 0.6594 0.0000
vt 0.6699 0.6594 0.0000
vt 0.6701 0.6492 0.0000
vt 0.6702 0.6390 0.0000
vt 0.7632 0.4782 0.0000
vt 0.7739 0.4680 0.0000
vt 0.7733 0.5637 0.0000
vt 0.7627 0.5637 0.0000
vt 0.6713 0.4680 0.0000
vt 0.6711 0.4782 0.0000
vt 0.6710 0.4884 0.0000
vt 0.6706 0.5637 0.0000
vt 0.6081 0.5637 0.0000
vt 0.6083 0.5072 0.0000
vt 0.6708 0.5072 0.0000
vt 0.6704 0.6201 0.0000
vt 0.6079 0.6201 0.0000
vt 0.5990 0.4978 0.0000
vt 0.6709 0.4978 0.0000
vt 0.6703 0.6296 0.0000
vt 0.5983 0.6295 0.0000
vt 0.5987 0.5636 0.0000
vt 0.8982 0.8346 0.0000
vt 0.8855 0.8357 0.0000
vt 0.8860 0.7351 0.0000
vt 0.8987 0.7236 0.0000
vt 0.8850 0.9362 0.0000
vt 0.8976 0.9456 0.0000
vt 0.8725 0.9269 0.0000
vt 0.8729 0.8367 0.0000
vt 0.8732 0.7465 0.0000
vt 0.9433 0.8349 0.0000
vt 0.9439 0.7239 0.0000
vt 0.9891 0.7242 0.0000
vt 0.9884 0.8352 0.0000
vt 0.9876 0.9463 0.0000
vt 0.9426 0.9459 0.0000
vt 0.8581 0.7609 0.0000
vt 0.8579 0.8367 0.0000
vt 0.7658 0.8366 0.0000
vt 0.7659 0.7608 0.0000
vt 0.8577 0.9125 0.0000
vt 0.7657 0.9123 0.0000
vt 0.6737 0.9121 0.0000
vt 0.6737 0.8364 0.0000
vt 0.6736 0.7607 0.0000
vt 0.6433 0.9356 0.0000
vt 0.6277 0.9448 0.0000
vt 0.6275 0.8342 0.0000
vt 0.6431 0.8353 0.0000
vt 0.6429 0.7350 0.0000
vt 0.6272 0.7236 0.0000
vt 0.6587 0.8364 0.0000
vt 0.6586 0.7464 0.0000
vt 0.6588 0.9264 0.0000
vt 0.7630 0.7236 0.0000
vt 0.7644 0.7350 0.0000
vt 0.7659 0.7465 0.0000
vt 0.7642 0.9359 0.0000
vt 0.7627 0.9452 0.0000
vt 0.7657 0.9266 0.0000
vt 0.2243 0.3365 0.0000
vt 0.2465 0.3390 0.0000
vt 0.2243 0.3441 0.0000
vt 0.1579 0.3441 0.0000
vt 0.2908 0.3365 0.0000
vt 0.2908 0.3441 0.0000
vt 0.1906 0.3175 0.0000
vt 0.1915 0.3288 0.0000
vt 0.1898 0.3063 0.0000
vt 0.8849 0.3630 0.0000
vt 0.9825 0.3630 0.0000
vt 0.0922 0.3441 0.0000
vt 0.0922 0.3365 0.0000
vt 0.0958 0.3390 0.0000
vt 0.0976 0.3441 0.0000
vt 0.0976 0.3365 0.0000
vt 0.1031 0.3441 0.0000
vt 0.1610 0.3365 0.0000
vt 0.1305 0.3441 0.0000
vt 0.5127 0.8286 0.0000
vt 0.5140 0.8260 0.0000
vt 0.6177 0.8263 0.0000
vt 0.6140 0.8285 0.0000
vt 0.4114 0.8287 0.0000
vt 0.4103 0.8258 0.0000
vt 0.3290 0.8282 0.0000
vt 0.3266 0.8304 0.0000
vt 0.3203 0.8308 0.0000
vt 0.3196 0.8287 0.0000
vt 0.3242 0.8326 0.0000
vt 0.3211 0.8328 0.0000
vt 0.3179 0.8330 0.0000
vt 0.3141 0.8312 0.0000
vt 0.3102 0.8293 0.0000
vt 0.3449 0.9151 0.0000
vt 0.3667 0.8853 0.0000
vt 0.3795 0.8698 0.0000
vt 0.3555 0.9032 0.0000
vt 0.3413 0.9156 0.0000
vt 0.3680 0.8745 0.0000
vt 0.3308 0.8660 0.0000
vt 0.3281 0.8675 0.0000
vt 0.3326 0.8956 0.0000
vt 0.3298 0.8965 0.0000
vt 0.3269 0.8975 0.0000
vt 0.3255 0.8689 0.0000
vt 0.3817 0.8751 0.0000
vt 0.3806 0.8725 0.0000
vt 0.3565 0.9056 0.0000
vt 0.3316 0.9153 0.0000
vt 0.3288 0.9107 0.0000
vt 0.3315 0.9096 0.0000
vt 0.3338 0.9139 0.0000
vt 0.3343 0.9085 0.0000
vt 0.3361 0.9124 0.0000
vt 0.3379 0.8735 0.0000
vt 0.3325 0.8818 0.0000
vt 0.3540 0.8709 0.0000
vt 0.3696 0.8270 0.0000
vt 0.3384 0.9147 0.0000
vt 0.3454 0.9174 0.0000
vt 0.3410 0.9178 0.0000
vt 0.3371 0.9166 0.0000
vt 0.3357 0.9185 0.0000
vt 0.5407 0.0557 0.0000
vt 0.5407 0.0912 0.0000
vt 0.5407 0.0201 0.0000
vt 0.5477 0.0201 0.0000
vt 0.5477 0.0554 0.0000
vt 0.5477 0.0907 0.0000
vt 0.1887 0.2650 0.0000
vt 0.1093 0.2650 0.0000
vt 0.2680 0.2650 0.0000
vt 0.2680 0.2711 0.0000
vt 0.1887 0.2711 0.0000
vt 0.1093 0.2711 0.0000
vt 0.5401 0.8087 0.0000
vt 0.5401 0.7731 0.0000
vt 0.5472 0.7734 0.0000
vt 0.5472 0.8087 0.0000
vt 0.5401 0.7376 0.0000
vt 0.5472 0.7381 0.0000
vt 0.3116 0.8835 0.0000
vt 0.3154 0.8827 0.0000
vt 0.3192 0.8819 0.0000
vt 0.3168 0.9343 0.0000
vt 0.3131 0.9377 0.0000
vt 0.6170 0.9377 0.0000
vt 0.4650 0.9377 0.0000
vt 0.4651 0.9343 0.0000
vt 0.6134 0.9343 0.0000
vt 0.6137 0.8814 0.0000
vt 0.6101 0.8808 0.0000
vt 0.6173 0.8820 0.0000
vt 0.3239 0.9072 0.0000
vt 0.3223 0.8754 0.0000
vt 0.3260 0.9174 0.0000
vt 0.3270 0.9217 0.0000
vt 0.3307 0.9226 0.0000
vt 0.5679 0.8693 0.0000
vt 0.5856 0.8532 0.0000
vt 0.5832 0.8605 0.0000
vt 0.5696 0.8754 0.0000
vt 0.5904 0.8635 0.0000
vt 0.5702 0.8817 0.0000
vt 0.4265 0.8947 0.0000
vt 0.3951 0.9046 0.0000
vt 0.4001 0.8986 0.0000
vt 0.4247 0.8887 0.0000
vt 0.3925 0.8942 0.0000
vt 0.4240 0.8824 0.0000
vt 0.4233 0.8536 0.0000
vt 0.4241 0.8480 0.0000
vt 0.4323 0.8597 0.0000
vt 0.4287 0.8646 0.0000
vt 0.4260 0.8701 0.0000
vt 0.4204 0.8541 0.0000
vt 0.5614 0.8589 0.0000
vt 0.5568 0.8549 0.0000
vt 0.5746 0.8468 0.0000
vt 0.5817 0.8472 0.0000
vt 0.5616 0.9046 0.0000
vt 0.5652 0.8997 0.0000
vt 0.5801 0.9101 0.0000
vt 0.5817 0.9155 0.0000
vt 0.5680 0.8941 0.0000
vt 0.5854 0.9094 0.0000
vt 0.4088 0.9122 0.0000
vt 0.3990 0.9106 0.0000
vt 0.4331 0.9051 0.0000
vt 0.4377 0.9091 0.0000
vt 0.5831 0.9023 0.0000
vt 0.5902 0.8990 0.0000
vt 0.5697 0.8880 0.0000
vt 0.5970 0.8811 0.0000
vt 0.4204 0.8613 0.0000
vt 0.4130 0.8632 0.0000
vt 0.4244 0.8761 0.0000
vt 0.3956 0.8775 0.0000
vt 0.4368 0.8556 0.0000
vt 0.4287 0.8476 0.0000
vt 0.5651 0.8638 0.0000
vt 0.5802 0.8527 0.0000
vt 0.5570 0.9087 0.0000
vt 0.5747 0.9161 0.0000
vt 0.4294 0.9002 0.0000
vt 0.4032 0.9063 0.0000
vt 0.5404 0.9132 0.0000
vt 0.5348 0.9127 0.0000
vt 0.5293 0.9110 0.0000
vt 0.5350 0.9117 0.0000
vt 0.5297 0.9100 0.0000
vt 0.5404 0.9122 0.0000
vt 0.4822 0.8759 0.0000
vt 0.4805 0.8700 0.0000
vt 0.4829 0.8820 0.0000
vt 0.4813 0.8761 0.0000
vt 0.4819 0.8820 0.0000
vt 0.4796 0.8704 0.0000
vt 0.4778 0.8647 0.0000
vt 0.4741 0.8600 0.0000
vt 0.4770 0.8652 0.0000
vt 0.4734 0.8607 0.0000
vt 0.5243 0.9081 0.0000
vt 0.5199 0.9043 0.0000
vt 0.5206 0.9035 0.0000
vt 0.5249 0.9072 0.0000
vt 0.5113 0.8822 0.0000
vt 0.5118 0.8761 0.0000
vt 0.5134 0.8702 0.0000
vt 0.5127 0.8763 0.0000
vt 0.5143 0.8706 0.0000
vt 0.5122 0.8822 0.0000
vt 0.5687 0.8756 0.0000
vt 0.5670 0.8697 0.0000
vt 0.5693 0.8817 0.0000
vt 0.5683 0.8817 0.0000
vt 0.5677 0.8758 0.0000
vt 0.5661 0.8701 0.0000
vt 0.5565 0.9078 0.0000
vt 0.5609 0.9039 0.0000
vt 0.5515 0.9108 0.0000
vt 0.5511 0.9098 0.0000
vt 0.5560 0.9070 0.0000
vt 0.5602 0.9032 0.0000
vt 0.4782 0.8993 0.0000
vt 0.4808 0.8939 0.0000
vt 0.4747 0.9041 0.0000
vt 0.4740 0.9033 0.0000
vt 0.4774 0.8987 0.0000
vt 0.4799 0.8935 0.0000
vt 0.4824 0.8880 0.0000
vt 0.4814 0.8878 0.0000
vt 0.4274 0.8943 0.0000
vt 0.4256 0.8885 0.0000
vt 0.4249 0.8824 0.0000
vt 0.4259 0.8824 0.0000
vt 0.4266 0.8883 0.0000
vt 0.4283 0.8939 0.0000
vt 0.5163 0.8995 0.0000
vt 0.5136 0.8942 0.0000
vt 0.5171 0.8989 0.0000
vt 0.5144 0.8937 0.0000
vt 0.5562 0.8558 0.0000
vt 0.5512 0.8530 0.0000
vt 0.5607 0.8596 0.0000
vt 0.5600 0.8604 0.0000
vt 0.5557 0.8567 0.0000
vt 0.5508 0.8539 0.0000
vt 0.5687 0.8878 0.0000
vt 0.5671 0.8937 0.0000
vt 0.5678 0.8876 0.0000
vt 0.5662 0.8933 0.0000
vt 0.4600 0.9127 0.0000
vt 0.4654 0.9109 0.0000
vt 0.4544 0.9133 0.0000
vt 0.4544 0.9123 0.0000
vt 0.4598 0.9117 0.0000
vt 0.4650 0.9099 0.0000
vt 0.4703 0.9080 0.0000
vt 0.4698 0.9071 0.0000
vt 0.4269 0.8705 0.0000
vt 0.4295 0.8651 0.0000
vt 0.4330 0.8604 0.0000
vt 0.4337 0.8611 0.0000
vt 0.4303 0.8657 0.0000
vt 0.4278 0.8709 0.0000
vt 0.4254 0.8763 0.0000
vt 0.4263 0.8765 0.0000
vt 0.5290 0.8532 0.0000
vt 0.5344 0.8513 0.0000
vt 0.5401 0.8507 0.0000
vt 0.5401 0.8517 0.0000
vt 0.5346 0.8524 0.0000
vt 0.5293 0.8541 0.0000
vt 0.5643 0.8644 0.0000
vt 0.5635 0.8649 0.0000
vt 0.4383 0.9082 0.0000
vt 0.4433 0.9110 0.0000
vt 0.4338 0.9044 0.0000
vt 0.4388 0.9073 0.0000
vt 0.4345 0.9036 0.0000
vt 0.4437 0.9101 0.0000
vt 0.4488 0.9128 0.0000
vt 0.4489 0.9117 0.0000
vt 0.4478 0.8517 0.0000
vt 0.4423 0.8535 0.0000
vt 0.4534 0.8510 0.0000
vt 0.4534 0.8521 0.0000
vt 0.4480 0.8527 0.0000
vt 0.4427 0.8545 0.0000
vt 0.4374 0.8565 0.0000
vt 0.4379 0.8573 0.0000
vt 0.5160 0.8648 0.0000
vt 0.5196 0.8600 0.0000
vt 0.5203 0.8607 0.0000
vt 0.5168 0.8654 0.0000
vt 0.5457 0.8512 0.0000
vt 0.5456 0.8523 0.0000
vt 0.5461 0.9126 0.0000
vt 0.5459 0.9116 0.0000
vt 0.4301 0.8997 0.0000
vt 0.4309 0.8991 0.0000
vt 0.4696 0.8561 0.0000
vt 0.4646 0.8533 0.0000
vt 0.4691 0.8570 0.0000
vt 0.4642 0.8543 0.0000
vt 0.4591 0.8516 0.0000
vt 0.4589 0.8526 0.0000
vt 0.5119 0.8883 0.0000
vt 0.5128 0.8881 0.0000
vt 0.5240 0.8561 0.0000
vt 0.5245 0.8569 0.0000
vt 0.5644 0.8991 0.0000
vt 0.5636 0.8985 0.0000
vt 0.6663 0.9192 0.0000
vt 0.6662 0.8364 0.0000
vt 0.6661 0.7536 0.0000
vt 0.7659 0.7537 0.0000
vt 0.8657 0.7537 0.0000
vt 0.8654 0.8367 0.0000
vt 0.8651 0.9197 0.0000
vt 0.7657 0.9195 0.0000
vt 0.5995 0.7469 0.0000
vt 0.6002 0.7488 0.0000
vt 0.5926 0.7514 0.0000
vt 0.5922 0.7493 0.0000
vt 0.5918 0.7473 0.0000
vt 0.5988 0.7450 0.0000
vt 0.6050 0.7413 0.0000
vt 0.6060 0.7430 0.0000
vt 0.6070 0.7446 0.0000
vt 0.5911 0.7430 0.0000
vt 0.5907 0.7410 0.0000
vt 0.5966 0.7391 0.0000
vt 0.5973 0.7411 0.0000
vt 0.5904 0.7389 0.0000
vt 0.5959 0.7372 0.0000
vt 0.6010 0.7345 0.0000
vt 0.6020 0.7362 0.0000
vt 0.6030 0.7379 0.0000
vt 0.5915 0.7452 0.0000
vt 0.5980 0.7430 0.0000
vt 0.6040 0.7396 0.0000
vt 0.6066 0.7324 0.0000
vt 0.6078 0.7338 0.0000
vt 0.6054 0.7310 0.0000
vt 0.6103 0.7278 0.0000
vt 0.6089 0.7267 0.0000
vt 0.6118 0.7289 0.0000
vt 0.6091 0.7352 0.0000
vt 0.6104 0.7366 0.0000
vt 0.6132 0.7300 0.0000
vt 0.6147 0.7311 0.0000
vt 0.6116 0.7380 0.0000
vt 0.6129 0.7394 0.0000
vt 0.6161 0.7321 0.0000
vt 0.6175 0.7332 0.0000
vt 0.6130 0.7226 0.0000
vt 0.6146 0.7233 0.0000
vt 0.6115 0.7218 0.0000
vt 0.6131 0.7165 0.0000
vt 0.6147 0.7169 0.0000
vt 0.6164 0.7173 0.0000
vt 0.6162 0.7241 0.0000
vt 0.6179 0.7248 0.0000
vt 0.6182 0.7177 0.0000
vt 0.6199 0.7181 0.0000
vt 0.6194 0.7256 0.0000
vt 0.6210 0.7263 0.0000
vt 0.6215 0.7185 0.0000
vt 0.6231 0.7189 0.0000
vt 0.6189 0.7110 0.0000
vt 0.6206 0.7111 0.0000
vt 0.6171 0.7110 0.0000
vt 0.6167 0.7047 0.0000
vt 0.6184 0.7044 0.0000
vt 0.6201 0.7040 0.0000
vt 0.6223 0.7111 0.0000
vt 0.6240 0.7111 0.0000
vt 0.6218 0.7037 0.0000
vt 0.6234 0.7034 0.0000
vt 0.6154 0.7110 0.0000
vt 0.6137 0.7109 0.0000
vt 0.6133 0.7053 0.0000
vt 0.6150 0.7050 0.0000
vt 0.6135 0.6993 0.0000
vt 0.6151 0.6986 0.0000
vt 0.6118 0.6999 0.0000
vt 0.6094 0.6949 0.0000
vt 0.6109 0.6939 0.0000
vt 0.6124 0.6929 0.0000
vt 0.6167 0.6979 0.0000
vt 0.6183 0.6972 0.0000
vt 0.6139 0.6919 0.0000
vt 0.6154 0.6909 0.0000
vt 0.6199 0.6965 0.0000
vt 0.6215 0.6959 0.0000
vt 0.6168 0.6899 0.0000
vt 0.6182 0.6889 0.0000
vt 0.6126 0.6839 0.0000
vt 0.6138 0.6827 0.0000
vt 0.6113 0.6852 0.0000
vt 0.6073 0.6789 0.0000
vt 0.6063 0.6804 0.0000
vt 0.6084 0.6773 0.0000
vt 0.6074 0.6892 0.0000
vt 0.6087 0.6879 0.0000
vt 0.6062 0.6905 0.0000
vt 0.6021 0.6869 0.0000
vt 0.6031 0.6853 0.0000
vt 0.6042 0.6836 0.0000
vt 0.6100 0.6865 0.0000
vt 0.6052 0.6820 0.0000
vt 0.5981 0.6822 0.0000
vt 0.5988 0.6803 0.0000
vt 0.5973 0.6840 0.0000
vt 0.5920 0.6821 0.0000
vt 0.5924 0.6801 0.0000
vt 0.5928 0.6780 0.0000
vt 0.5996 0.6784 0.0000
vt 0.6004 0.6766 0.0000
vt 0.5933 0.6760 0.0000
vt 0.5937 0.6739 0.0000
vt 0.6011 0.6748 0.0000
vt 0.6019 0.6730 0.0000
vt 0.5941 0.6720 0.0000
vt 0.5946 0.6700 0.0000
vt 0.5863 0.6791 0.0000
vt 0.5863 0.6770 0.0000
vt 0.5863 0.6812 0.0000
vt 0.5805 0.6817 0.0000
vt 0.5801 0.6796 0.0000
vt 0.5798 0.6775 0.0000
vt 0.5864 0.6749 0.0000
vt 0.5864 0.6727 0.0000
vt 0.5794 0.6753 0.0000
vt 0.5790 0.6732 0.0000
vt 0.5865 0.6706 0.0000
vt 0.5865 0.6686 0.0000
vt 0.5786 0.6711 0.0000
vt 0.5783 0.6690 0.0000
vt 0.5712 0.6737 0.0000
vt 0.5705 0.6718 0.0000
vt 0.5720 0.6757 0.0000
vt 0.5656 0.6797 0.0000
vt 0.5645 0.6780 0.0000
vt 0.5635 0.6764 0.0000
vt 0.5742 0.6816 0.0000
vt 0.5735 0.6796 0.0000
vt 0.5750 0.6836 0.0000
vt 0.5689 0.6849 0.0000
vt 0.5699 0.6866 0.0000
vt 0.5678 0.6831 0.0000
vt 0.5727 0.6777 0.0000
vt 0.5667 0.6814 0.0000
vt 0.5643 0.6890 0.0000
vt 0.5630 0.6876 0.0000
vt 0.5656 0.6904 0.0000
vt 0.5621 0.6950 0.0000
vt 0.5606 0.6939 0.0000
vt 0.5591 0.6928 0.0000
vt 0.5616 0.6861 0.0000
vt 0.5603 0.6847 0.0000
vt 0.5576 0.6917 0.0000
vt 0.5561 0.6906 0.0000
vt 0.5590 0.6834 0.0000
vt 0.5577 0.6820 0.0000
vt 0.5546 0.6896 0.0000
vt 0.5531 0.6885 0.0000
vt 0.5580 0.6992 0.0000
vt 0.5563 0.6985 0.0000
vt 0.5596 0.7000 0.0000
vt 0.5580 0.7053 0.0000
vt 0.5563 0.7050 0.0000
vt 0.5546 0.7046 0.0000
vt 0.5547 0.6978 0.0000
vt 0.5530 0.6970 0.0000
vt 0.5529 0.7042 0.0000
vt 0.5511 0.7039 0.0000
vt 0.5514 0.6963 0.0000
vt 0.5498 0.6957 0.0000
vt 0.5495 0.7035 0.0000
vt 0.5478 0.7032 0.0000
vt 0.5488 0.7110 0.0000
vt 0.5471 0.7110 0.0000
vt 0.5505 0.7110 0.0000
vt 0.5511 0.7180 0.0000
vt 0.5495 0.7184 0.0000
vt 0.5478 0.7187 0.0000
vt 0.5557 0.7109 0.0000
vt 0.5540 0.7109 0.0000
vt 0.5574 0.7109 0.0000
vt 0.5562 0.7169 0.0000
vt 0.5579 0.7166 0.0000
vt 0.5545 0.7173 0.0000
vt 0.5522 0.7109 0.0000
vt 0.5528 0.7176 0.0000
vt 0.5578 0.7227 0.0000
vt 0.5562 0.7234 0.0000
vt 0.5594 0.7220 0.0000
vt 0.5618 0.7269 0.0000
vt 0.5604 0.7279 0.0000
vt 0.5590 0.7290 0.0000
vt 0.5546 0.7241 0.0000
vt 0.5530 0.7248 0.0000
vt 0.5575 0.7300 0.0000
vt 0.5561 0.7310 0.0000
vt 0.5514 0.7255 0.0000
vt 0.5499 0.7262 0.0000
vt 0.5546 0.7320 0.0000
vt 0.5532 0.7330 0.0000
vt 0.5639 0.7325 0.0000
vt 0.5627 0.7339 0.0000
vt 0.5651 0.7312 0.0000
vt 0.5692 0.7348 0.0000
vt 0.5682 0.7363 0.0000
vt 0.5672 0.7379 0.0000
vt 0.5614 0.7352 0.0000
vt 0.5602 0.7365 0.0000
vt 0.5662 0.7395 0.0000
vt 0.5652 0.7411 0.0000
vt 0.5589 0.7378 0.0000
vt 0.5577 0.7391 0.0000
vt 0.5642 0.7427 0.0000
vt 0.5633 0.7442 0.0000
vt 0.5718 0.7428 0.0000
vt 0.5711 0.7446 0.0000
vt 0.5725 0.7410 0.0000
vt 0.5783 0.7429 0.0000
vt 0.5780 0.7449 0.0000
vt 0.5776 0.7469 0.0000
vt 0.5704 0.7464 0.0000
vt 0.5697 0.7481 0.0000
vt 0.5772 0.7489 0.0000
vt 0.5768 0.7508 0.0000
vt 0.5732 0.7392 0.0000
vt 0.5738 0.7374 0.0000
vt 0.5787 0.7410 0.0000
vt 0.5790 0.7390 0.0000
vt 0.5847 0.7416 0.0000
vt 0.5847 0.7437 0.0000
vt 0.5846 0.7395 0.0000
vt 0.5847 0.7458 0.0000
vt 0.5847 0.7479 0.0000
vt 0.5846 0.7499 0.0000
vt 0.5846 0.7519 0.0000
vt 0.5939 0.6897 0.0000
vt 0.5980 0.6891 0.0000
vt 0.6013 0.6947 0.0000
vt 0.5964 0.6988 0.0000
vt 0.6047 0.7009 0.0000
vt 0.5981 0.7080 0.0000
vt 0.5740 0.7130 0.0000
vt 0.5648 0.7089 0.0000
vt 0.5660 0.7018 0.0000
vt 0.5724 0.7037 0.0000
vt 0.5671 0.6953 0.0000
vt 0.5714 0.6942 0.0000
vt 0.5802 0.7289 0.0000
vt 0.5747 0.7318 0.0000
vt 0.5710 0.7265 0.0000
vt 0.5769 0.7218 0.0000
vt 0.5670 0.7206 0.0000
vt 0.5725 0.6873 0.0000
vt 0.5693 0.6906 0.0000
vt 0.5731 0.6909 0.0000
vt 0.5751 0.6881 0.0000
vt 0.5942 0.6856 0.0000
vt 0.5912 0.6872 0.0000
vt 0.5882 0.6854 0.0000
vt 0.5901 0.6837 0.0000
vt 0.6050 0.7195 0.0000
vt 0.5985 0.7172 0.0000
vt 0.6066 0.7126 0.0000
vt 0.6033 0.7258 0.0000
vt 0.5978 0.7249 0.0000
vt 0.6009 0.7303 0.0000
vt 0.5964 0.7297 0.0000
vt 0.5978 0.7335 0.0000
vt 0.5946 0.7325 0.0000
vt 0.5856 0.7345 0.0000
vt 0.5823 0.7368 0.0000
vt 0.5784 0.7351 0.0000
vt 0.5831 0.7328 0.0000
vt 0.5942 0.7357 0.0000
vt 0.5924 0.7343 0.0000
vt 0.5903 0.7370 0.0000
vt 0.5902 0.7352 0.0000
vt 0.5863 0.7374 0.0000
vt 0.5879 0.7353 0.0000
vt 0.5624 0.7156 0.0000
vt 0.6090 0.7061 0.0000
vt 0.5848 0.6849 0.0000
vt 0.5814 0.6854 0.0000
vt 0.5809 0.6835 0.0000
vt 0.5856 0.6831 0.0000
vt 0.5765 0.6849 0.0000
vt 0.5780 0.6863 0.0000
vt 0.5918 0.6922 0.0000
vt 0.5937 0.7003 0.0000
vt 0.5910 0.7018 0.0000
vt 0.5896 0.6947 0.0000
vt 0.5950 0.7087 0.0000
vt 0.5920 0.7094 0.0000
vt 0.5952 0.7176 0.0000
vt 0.5919 0.7180 0.0000
vt 0.5946 0.7250 0.0000
vt 0.5914 0.7251 0.0000
vt 0.5908 0.7280 0.0000
vt 0.5936 0.7289 0.0000
vt 0.5924 0.7306 0.0000
vt 0.5902 0.7287 0.0000
vt 0.5881 0.7292 0.0000
vt 0.5885 0.7277 0.0000
vt 0.5891 0.7284 0.0000
vt 0.5887 0.7293 0.0000
vt 0.5894 0.7274 0.0000
vt 0.5889 0.7269 0.0000
vt 0.5897 0.7291 0.0000
vt 0.5891 0.7293 0.0000
vt 0.5897 0.7266 0.0000
vt 0.5898 0.7240 0.0000
vt 0.5887 0.7260 0.0000
vt 0.5883 0.7236 0.0000
vt 0.5896 0.7176 0.0000
vt 0.5890 0.7101 0.0000
vt 0.5873 0.7177 0.0000
vt 0.5861 0.7108 0.0000
vt 0.5882 0.7040 0.0000
vt 0.5871 0.6986 0.0000
vt 0.5852 0.7055 0.0000
vt 0.5844 0.7009 0.0000
vt 0.5878 0.6946 0.0000
vt 0.5864 0.6967 0.0000
vt 0.5861 0.6944 0.0000
vt 0.5883 0.6927 0.0000
vt 0.5840 0.6985 0.0000
vt 0.5835 0.6959 0.0000
vt 0.5830 0.6928 0.0000
vt 0.5857 0.6919 0.0000
vt 0.5882 0.6907 0.0000
vt 0.5810 0.6998 0.0000
vt 0.5818 0.7053 0.0000
vt 0.5831 0.7114 0.0000
vt 0.5801 0.7118 0.0000
vt 0.5784 0.7043 0.0000
vt 0.5773 0.6971 0.0000
vt 0.5851 0.7186 0.0000
vt 0.5871 0.7246 0.0000
vt 0.5831 0.7199 0.0000
vt 0.5860 0.7264 0.0000
vt 0.5880 0.7270 0.0000
vt 0.5874 0.7288 0.0000
vt 0.5744 0.6956 0.0000
vt 0.5754 0.7040 0.0000
vt 0.5770 0.7124 0.0000
vt 0.5800 0.7209 0.0000
vt 0.5831 0.7276 0.0000
vt 0.5760 0.6949 0.0000
vt 0.5780 0.6947 0.0000
vt 0.5791 0.6963 0.0000
vt 0.5782 0.6967 0.0000
vt 0.5749 0.6932 0.0000
vt 0.5774 0.6929 0.0000
vt 0.5853 0.7308 0.0000
vt 0.5869 0.7318 0.0000
vt 0.5897 0.7323 0.0000
vt 0.5911 0.7317 0.0000
vt 0.5883 0.7323 0.0000
vt 0.5820 0.6879 0.0000
vt 0.5849 0.6878 0.0000
vt 0.5852 0.6897 0.0000
vt 0.5825 0.6901 0.0000
vt 0.5868 0.6879 0.0000
vt 0.5877 0.6891 0.0000
vt 0.5798 0.6907 0.0000
vt 0.5801 0.6930 0.0000
vt 0.5772 0.6912 0.0000
vt 0.5776 0.6897 0.0000
vt 0.5793 0.6889 0.0000
vt 0.5905 0.6901 0.0000
vt 0.5901 0.6921 0.0000
vt 0.5887 0.6946 0.0000
vt 0.5811 0.6977 0.0000
vt 0.5807 0.6955 0.0000
vt 0.5817 0.6865 0.0000
vt 0.5848 0.6863 0.0000
vt 0.5876 0.6869 0.0000
vt 0.5896 0.6882 0.0000
vt 0.5751 0.6911 0.0000
vt 0.5764 0.6891 0.0000
vt 0.5787 0.6875 0.0000
vt 0.5867 0.6979 0.0000
vt 0.5842 0.7000 0.0000
vt 0.5812 0.6990 0.0000
# 919 texture coords

o Plane_001
g Plane_001
usemtl microwave_None
s off
f 1619/1715/1020 1620/1716/1020 1621/1717/1020 1622/1718/1020 
f 1623/1719/1020 1624/1720/1020 1621/1717/1020 1620/1716/1020 
f 1625/1721/1020 1621/1717/1020 1624/1720/1020 1626/1722/1020 
f 1622/1718/1020 1621/1717/1020 1625/1721/1020 1627/1723/1020 
f 1628/1724/1021 1629/1725/1021 1630/1726/1021 1631/1727/1021 
f 1630/1726/1021 1632/1728/1021 1633/1729/1021 1631/1727/1021 
f 1633/1729/1021 1634/1730/1021 1635/1731/1021 1631/1727/1021 
f 1635/1731/1021 1636/1732/1021 1628/1724/1021 1631/1727/1021 
f 1637/1733/1020 1638/1734/1020 1639/1735/1020 1640/1736/1020 
f 1638/1734/1020 1637/1733/1020 1629/1737/1020 1628/1738/1020 
f 1641/1739/1020 1638/1734/1020 1628/1738/1020 1636/1740/1020 
f 1638/1734/1020 1641/1739/1020 1642/1741/1020 1639/1735/1020 
f 1642/1741/1020 1641/1739/1020 1643/1742/1020 1644/1743/1020 
f 1636/1740/1020 1645/1744/1020 1643/1742/1020 1641/1739/1020 
f 1645/1744/1020 1623/1719/1020 1620/1716/1020 1643/1742/1020 
f 1620/1716/1020 1619/1715/1020 1644/1743/1020 1643/1742/1020 
f 1646/1745/1020 1647/1746/1020 1648/1747/1020 1649/1748/1020 
f 1633/1749/1020 1648/1747/1020 1647/1746/1020 1634/1750/1020 
f 1648/1747/1020 1633/1749/1020 1632/1728/1020 1650/1751/1020 
f 1650/1751/1020 1651/1752/1020 1649/1748/1020 1648/1747/1020 
f 1652/1753/1022 1623/1754/1022 1645/1755/1022 1653/1756/1022 
f 1636/1757/1022 1654/1758/1022 1653/1756/1022 1645/1755/1022 
f 1655/1759/1022 1653/1756/1022 1654/1758/1022 1656/1760/1022 
f 1653/1756/1022 1655/1759/1022 1657/1761/1022 1652/1753/1022 
f 1658/1762/1023 1659/1763/1023 1624/1764/1023 1623/1765/1023 
f 1646/1766/1023 1649/1767/1023 1659/1763/1023 1658/1762/1023 
f 1659/1763/1023 1649/1767/1023 1651/1752/1023 1660/1768/1023 
f 1660/1768/1023 1626/1769/1023 1624/1764/1023 1659/1763/1023 
f 1661/1770/1021 1622/1771/1021 1627/1772/1021 1662/1773/1021 
f 1663/1774/1021 1664/1775/1021 1661/1770/1021 1662/1773/1021 
f 1665/1776/1021 1661/1770/1021 1664/1775/1021 1666/1777/1021 
f 1661/1770/1021 1665/1776/1021 1619/1778/1021 1622/1771/1021 
f 1667/1779/1023 1639/1780/1023 1642/1781/1023 1668/1782/1023 
f 1668/1782/1023 1669/1783/1023 1670/1784/1023 1667/1779/1023 
f 1671/1785/1023 1672/1786/1023 1667/1779/1023 1670/1784/1023 
f 1667/1779/1023 1672/1786/1023 1640/1787/1023 1639/1780/1023 
f 1673/1788/1024 1644/1789/1024 1619/1790/1024 1665/1791/1024 
f 1665/1791/1024 1666/1792/1024 1674/1793/1024 1673/1788/1024 
f 1674/1793/1024 1669/1794/1024 1668/1795/1024 1673/1788/1024 
f 1668/1795/1024 1642/1796/1024 1644/1789/1024 1673/1788/1024 
f 1675/1797/1023 1672/1786/1023 1671/1785/1023 1676/1798/1023 
f 1675/1797/1023 1676/1798/1023 1677/1799/1023 1678/1800/1023 
f 1679/1801/1023 1680/1802/1023 1675/1797/1023 1678/1800/1023 
f 1675/1797/1023 1680/1802/1023 1640/1787/1023 1672/1786/1023 
f 1677/1803/1022 1681/1804/1022 1682/1805/1022 1678/1806/1022 
f 1683/1807/1022 1682/1805/1022 1681/1804/1022 1684/1808/1022 
f 1685/1809/1022 1686/1810/1022 1682/1805/1022 1683/1807/1022 
f 1679/1811/1022 1678/1806/1022 1682/1805/1022 1686/1810/1022 
f 1687/1812/1021 1688/1813/1021 1663/1774/1021 1662/1773/1021 
f 1687/1812/1021 1662/1773/1021 1627/1772/1021 1689/1814/1021 
f 1685/1815/1021 1683/1816/1021 1687/1812/1021 1689/1814/1021 
f 1687/1812/1021 1683/1816/1021 1684/1817/1021 1688/1813/1021 
f 1690/1818/1020 1691/1819/1020 1692/1820/1020 1693/1821/1020 
f 1694/1822/1020 1691/1819/1020 1690/1818/1020 1695/1823/1020 
f 1696/1824/1020 1691/1819/1020 1694/1822/1020 1697/1825/1020 
f 1698/1826/1020 1692/1820/1020 1691/1819/1020 1696/1824/1020 
f 1699/1827/1020 1700/1828/1020 1701/1829/1020 1702/1830/1020 
f 1699/1827/1020 1703/1831/1020 1704/1832/1020 1700/1828/1020 
f 1700/1828/1020 1704/1832/1020 1705/1833/1020 1706/1834/1020 
f 1707/1835/1020 1701/1829/1020 1700/1828/1020 1706/1834/1020 
f 1708/1836/1020 1709/1837/1020 1710/1838/1020 1711/1839/1020 
f 1712/1840/1020 1713/1841/1020 1710/1838/1020 1709/1837/1020 
f 1710/1838/1020 1713/1841/1020 1714/1842/1020 1715/1843/1020 
f 1710/1838/1020 1715/1843/1020 1716/1844/1020 1711/1839/1020 
f 1707/1835/1020 1706/1834/1020 1717/1845/1020 1718/1846/1020 
f 1719/1847/1020 1717/1845/1020 1706/1834/1020 1705/1833/1020 
f 1718/1846/1020 1717/1845/1020 1719/1847/1020 1720/1848/1020 
f 1716/1844/1020 1715/1843/1020 1721/1849/1020 1722/1850/1020 
f 1723/1851/1020 1721/1849/1020 1715/1843/1020 1714/1842/1020 
f 1724/1852/1020 1721/1849/1020 1723/1851/1020 1725/1853/1020 
f 1726/1854/1020 1722/1850/1020 1721/1849/1020 1724/1852/1020 
f 1727/1855/1020 1728/1856/1020 1729/1857/1020 1730/1858/1020 
f 1731/1859/1020 1732/1860/1020 1729/1857/1020 1728/1856/1020 
f 1730/1858/1020 1729/1857/1020 1732/1860/1020 1733/1861/1020 
f 1725/1853/1020 1734/1862/1020 1735/1863/1020 1736/1864/1020 
f 1737/1865/1020 1735/1863/1020 1734/1862/1020 1738/1866/1020 
f 1736/1864/1020 1735/1863/1020 1737/1865/1020 1739/1867/1020 
f 1740/1868/1020 1741/1869/1020 1742/1870/1020 1743/1871/1020 
f 1744/1872/1020 1743/1871/1020 1742/1870/1020 1745/1873/1020 
f 1743/1871/1020 1744/1872/1020 1746/1874/1020 1747/1875/1020 
f 1747/1875/1020 1748/1876/1020 1740/1868/1020 1743/1871/1020 
f 1749/1877/1020 1750/1878/1020 1751/1879/1020 1752/1880/1020 
f 1753/1881/1020 1754/1882/1020 1751/1879/1020 1750/1878/1020 
f 1754/1882/1020 1695/1823/1020 1690/1818/1020 1751/1879/1020 
f 1693/1821/1020 1752/1880/1020 1751/1879/1020 1690/1818/1020 
f 1698/1826/1020 1696/1824/1020 1755/1883/1020 1756/1884/1020 
f 1755/1883/1020 1696/1824/1020 1697/1825/1020 1757/1885/1020 
f 1703/1831/1020 1699/1827/1020 1755/1883/1020 1757/1885/1020 
f 1702/1830/1020 1756/1884/1020 1755/1883/1020 1699/1827/1020 
f 1753/1881/1020 1750/1878/1020 1758/1886/1020 1759/1887/1020 
f 1749/1877/1020 1760/1888/1020 1758/1886/1020 1750/1878/1020 
f 1760/1888/1020 1712/1840/1020 1709/1837/1020 1758/1886/1020 
f 1708/1836/1020 1759/1887/1020 1758/1886/1020 1709/1837/1020 
f 1761/1889/1020 1762/1890/1020 1763/1891/1020 1764/1892/1020 
f 1763/1891/1020 1762/1890/1020 1765/1893/1020 1766/1894/1020 
f 1763/1891/1020 1766/1894/1020 1720/1848/1020 1764/1892/1020 
f 1732/1860/1020 1731/1859/1020 1767/1895/1020 1768/1896/1020 
f 1769/1897/1020 1768/1896/1020 1767/1895/1020 1705/1833/1020 
f 1769/1897/1020 1733/1861/1020 1732/1860/1020 1768/1896/1020 
f 1770/1898/1020 1747/1875/1020 1746/1874/1020 1771/1899/1020 
f 1726/1854/1020 1772/1900/1020 1770/1898/1020 1771/1899/1020 
f 1772/1900/1020 1748/1876/1020 1747/1875/1020 1770/1898/1020 
f 1773/1901/1020 1774/1902/1020 1736/1864/1020 1739/1867/1020 
f 1726/1854/1020 1724/1852/1020 1774/1902/1020 1773/1901/1020 
f 1725/1853/1020 1736/1864/1020 1774/1902/1020 1724/1852/1020 
f 1773/1901/1020 1775/1903/1020 1772/1900/1020 1726/1854/1020 
f 1775/1903/1020 1773/1901/1020 1739/1867/1020 1776/1904/1020 
f 1776/1904/1020 1748/1876/1020 1772/1900/1020 1775/1903/1020 
f 1777/1905/1020 1719/1847/1020 1705/1833/1020 1767/1895/1020 
f 1731/1859/1020 1778/1906/1020 1777/1905/1020 1767/1895/1020 
f 1761/1889/1020 1764/1892/1020 1777/1905/1020 1778/1906/1020 
f 1777/1905/1020 1764/1892/1020 1720/1848/1020 1719/1847/1020 
f 1779/1907/1025 1780/1908/1025 1781/1909/1025 1782/1910/1025 
f 1783/1911/1025 1784/1912/1025 1781/1909/1025 1780/1908/1025 
f 1785/1913/1025 1781/1909/1025 1784/1912/1025 1786/1914/1025 
f 1787/1915/1025 1782/1910/1025 1781/1909/1025 1785/1913/1025 
f 1788/1916/1022 1646/1917/1022 1658/1918/1022 1789/1919/1022 
f 1652/1753/1022 1789/1919/1022 1658/1918/1022 1623/1754/1022 
f 1789/1919/1022 1652/1753/1022 1657/1761/1022 1790/1920/1022 
f 1789/1919/1022 1790/1920/1022 1783/1911/1022 1788/1916/1022 
f 1791/1921/1022 1634/1922/1022 1647/1923/1022 1792/1924/1022 
f 1647/1923/1022 1646/1917/1022 1788/1916/1022 1792/1924/1022 
f 1783/1911/1022 1780/1908/1022 1792/1924/1022 1788/1916/1022 
f 1791/1921/1022 1792/1924/1022 1780/1908/1022 1779/1907/1022 
f 1635/1925/1022 1793/1926/1022 1654/1758/1022 1636/1757/1022 
f 1791/1921/1022 1793/1926/1022 1635/1925/1022 1634/1922/1022 
f 1779/1907/1022 1794/1927/1022 1793/1926/1022 1791/1921/1022 
f 1793/1926/1022 1794/1927/1022 1656/1760/1022 1654/1758/1022 
f 1795/1928/1022 1796/1929/1022 1797/1930/1022 1798/1931/1022 
f 1787/1915/1022 1785/1913/1022 1795/1928/1022 1798/1931/1022 
f 1799/1932/1022 1795/1928/1022 1785/1913/1022 1786/1914/1022 
f 1800/1933/1022 1796/1929/1022 1795/1928/1022 1799/1932/1022 
f 1801/1934/1026 1656/1760/1026 1794/1927/1026 1802/1935/1026 
f 1802/1935/1027 1794/1927/1027 1779/1907/1027 1782/1910/1027 
f 1802/1935/1026 1782/1910/1026 1787/1915/1026 1798/1931/1026 
f 1801/1934/1027 1802/1935/1027 1798/1931/1027 1797/1930/1027 
f 1790/1920/1028 1803/1936/1028 1784/1912/1028 1783/1911/1028 
f 1657/1761/1028 1804/1937/1028 1803/1936/1028 1790/1920/1028 
f 1804/1937/1029 1800/1933/1029 1799/1932/1029 1803/1936/1029 
f 1786/1914/1029 1784/1912/1029 1803/1936/1029 1799/1932/1029 
f 1655/1759/1030 1805/1938/1030 1804/1937/1030 1657/1761/1030 
f 1805/1938/1030 1655/1759/1030 1656/1760/1030 1801/1934/1030 
f 1805/1938/1030 1801/1934/1030 1797/1930/1030 1796/1929/1030 
f 1796/1929/1030 1800/1933/1030 1804/1937/1030 1805/1938/1030 
f 1806/1939/1031 1807/1940/1031 1808/1941/1031 1663/1942/1031 
f 1809/1943/1031 1807/1940/1031 1806/1939/1031 1671/1944/1031 
f 1809/1943/1031 1810/1945/1031 1811/1946/1031 1807/1940/1031 
f 1812/1947/1031 1808/1941/1031 1807/1940/1031 1811/1946/1031 
f 1813/1948/1031 1688/1949/1031 1684/1950/1031 1681/1951/1031 
f 1677/1952/1031 1676/1953/1031 1813/1948/1031 1681/1951/1031 
f 1671/1944/1031 1806/1939/1031 1813/1948/1031 1676/1953/1031 
f 1688/1949/1031 1813/1948/1031 1806/1939/1031 1663/1942/1031 
f 1814/1954/1031 1815/1955/1031 1816/1956/1031 1817/1957/1031 
f 1816/1956/1031 1815/1955/1031 1818/1958/1031 1819/1959/1031 
f 1819/1959/1031 1820/1960/1031 1821/1961/1031 1816/1956/1031 
f 1817/1957/1031 1816/1956/1031 1821/1961/1031 1822/1962/1031 
f 1823/1963/1031 1669/1964/1031 1674/1965/1031 1824/1966/1031 
f 1825/1967/1031 1824/1966/1031 1674/1965/1031 1666/1968/1031 
f 1826/1969/1031 1824/1966/1031 1825/1967/1031 1827/1970/1031 
f 1823/1963/1031 1824/1966/1031 1826/1969/1031 1828/1971/1031 
f 1664/1972/1031 1829/1973/1031 1825/1967/1031 1666/1968/1031 
f 1808/1941/1031 1829/1973/1031 1664/1972/1031 1663/1942/1031 
f 1830/1974/1031 1829/1973/1031 1808/1941/1031 1812/1947/1031 
f 1830/1974/1031 1827/1970/1031 1825/1967/1031 1829/1973/1031 
f 1831/1975/1031 1809/1943/1031 1671/1944/1031 1670/1976/1031 
f 1823/1963/1031 1831/1975/1031 1670/1976/1031 1669/1964/1031 
f 1823/1963/1031 1828/1971/1031 1832/1977/1031 1831/1975/1031 
f 1810/1945/1031 1809/1943/1031 1831/1975/1031 1832/1977/1031 
s 1
f 1833/1978/1032 1834/1979/1032 1835/1980/1032 1836/1981/1032 
f 1640/1736/1032 1837/1982/1032 1834/1979/1032 1833/1978/1032 
f 1834/1979/1032 1837/1982/1032 1838/1983/1032 1835/1980/1032 
f 1627/1723/1020 1625/1721/1020 1839/1984/1020 1840/1985/1020 
f 1625/1721/1020 1626/1722/1020 1841/1986/1020 1839/1984/1020 
f 1637/1733/1020 1839/1984/1020 1841/1986/1020 1629/1737/1020 
f 1640/1736/1020 1840/1985/1020 1839/1984/1020 1637/1733/1020 
f 1842/1987/1024 1841/1988/1024 1626/1769/1024 1660/1768/1024 
f 1660/1768/1024 1651/1752/1024 1650/1751/1024 1842/1987/1024 
f 1632/1728/1024 1630/1726/1024 1842/1987/1024 1650/1751/1024 
f 1842/1987/1024 1630/1726/1024 1629/1725/1024 1841/1988/1024 
f 1843/1989/1032 1844/1990/1032 1845/1991/1032 1846/1992/1032 
f 1627/1723/1032 1847/1993/1032 1845/1991/1032 1844/1990/1032 
f 1845/1991/1032 1847/1993/1032 1848/1994/1032 1846/1992/1032 
f 1848/1994/1032 1847/1993/1032 1849/1995/1032 1850/1996/1032 
f 1627/1723/1032 1840/1985/1032 1849/1995/1032 1847/1993/1032 
f 1640/1736/1032 1833/1978/1032 1849/1995/1032 1840/1985/1032 
f 1850/1996/1032 1849/1995/1032 1833/1978/1032 1836/1981/1032 
f 1851/1997/1033 1835/1998/1033 1838/1999/1033 1852/2000/1033 
f 1761/1889/1033 1778/1906/1033 1851/1997/1033 1852/2000/1033 
f 1731/1859/1033 1853/2001/1033 1851/1997/1033 1778/1906/1033 
f 1851/1997/1033 1853/2001/1033 1836/2002/1033 1835/1998/1033 
f 1848/2003/1033 1854/2004/1033 1855/2005/1033 1846/2006/1033 
f 1856/2007/1033 1857/2008/1033 1855/2005/1033 1854/2004/1033 
f 1858/2009/1033 1859/2010/1033 1855/2005/1033 1857/2008/1033 
f 1843/2011/1033 1846/2006/1033 1855/2005/1033 1859/2010/1033 
f 1860/2012/1020 1861/2013/1020 1862/2014/1020 1863/2015/1020 
f 1860/2012/1020 1864/2016/1020 1865/2017/1020 1861/2013/1020 
f 1861/2013/1020 1865/2017/1020 1836/2002/1020 1862/2014/1020 
f 1866/2018/1034 1867/2019/1035 1854/2004/1036 1848/2003/1036 
f 1868/2020/1037 1869/2021/1038 1867/2019/1035 1866/2018/1034 
f 1870/2022/1039 1871/2023/1040 1867/2019/1035 1869/2021/1038 
f 1867/2019/1035 1871/2023/1040 1856/2007/1036 1854/2004/1036 
f 1731/1859/1041 1872/2024/1042 1873/2025/1043 1853/2001/1044 
f 1873/2025/1043 1872/2024/1042 1745/1873/1045 1874/2026/1046 
f 1873/2025/1043 1874/2026/1046 1863/2015/1047 1862/2014/1048 
f 1862/2014/1048 1836/2002/1049 1853/2001/1044 1873/2025/1043 
f 1875/2027/1050 1876/2028/1051 1877/2029/1052 1878/2030/1053 
f 1877/2029/1052 1876/2028/1051 1870/2022/1039 1869/2021/1038 
f 1868/2020/1037 1879/2031/1054 1877/2029/1052 1869/2021/1038 
f 1880/2032/1055 1878/2030/1053 1877/2029/1052 1879/2031/1054 
f 1848/2003/1020 1881/2033/1020 1882/2034/1020 1866/2018/1020 
f 1882/2034/1020 1881/2033/1020 1880/2032/1020 1879/2031/1020 
f 1866/2018/1020 1882/2034/1020 1879/2031/1020 1868/2020/1020 
f 1836/2002/1020 1865/2017/1020 1883/2035/1020 1850/2036/1020 
f 1884/2037/1020 1883/2035/1020 1865/2017/1020 1864/2016/1020 
f 1881/2033/1020 1883/2035/1020 1884/2037/1020 1880/2032/1020 
f 1848/2003/1020 1850/2036/1020 1883/2035/1020 1881/2033/1020 
f 1745/1873/1045 1742/1870/1056 1885/2038/1057 1874/2026/1046 
f 1742/1870/1056 1741/1869/1058 1886/2039/1059 1885/2038/1057 
f 1885/2038/1057 1886/2039/1059 1864/2016/1060 1860/2012/1061 
f 1863/2015/1047 1874/2026/1046 1885/2038/1057 1860/2012/1061 
f 1887/2040/1062 1886/2039/1059 1741/1869/1058 1888/2041/1063 
f 1887/2040/1062 1888/2041/1063 1875/2027/1050 1878/2030/1053 
f 1878/2030/1053 1880/2032/1055 1884/2037/1064 1887/2040/1062 
f 1864/2016/1060 1886/2039/1059 1887/2040/1062 1884/2037/1064 
f 1889/2042/1023 1837/2043/1023 1640/1787/1023 1680/1802/1023 
f 1679/1801/1023 1890/2044/1023 1889/2042/1023 1680/1802/1023 
f 1891/2045/1065 1892/2046/1066 1889/2042/1023 1890/2044/1023 
f 1889/2042/1023 1892/2046/1066 1838/2047/1067 1837/2043/1023 
f 1679/1811/1022 1686/1810/1022 1893/2048/1022 1890/2049/1022 
f 1685/1809/1022 1894/2050/1022 1893/2048/1022 1686/1810/1022 
f 1895/2051/1068 1896/2052/1069 1893/2048/1022 1894/2050/1022 
f 1891/2053/1070 1890/2049/1022 1893/2048/1022 1896/2052/1069 
f 1894/2054/1021 1897/2055/1021 1898/2056/1071 1895/2057/1072 
f 1689/1814/1021 1897/2055/1021 1894/2054/1021 1685/1815/1021 
f 1627/1772/1021 1844/2058/1021 1897/2055/1021 1689/1814/1021 
f 1898/2056/1071 1897/2055/1021 1844/2058/1021 1843/2059/1073 
f 1898/2060/1071 1843/2011/1073 1859/2010/1074 1899/2061/1074 
f 1859/2010/1074 1858/2009/1074 1900/2062/1074 1899/2061/1074 
f 1748/1876/1074 1901/2063/1074 1899/2061/1074 1900/2062/1074 
f 1895/2064/1072 1898/2060/1071 1899/2061/1074 1901/2063/1074 
f 1891/2065/1070 1896/2066/1069 1902/2067/1075 1903/2068/1075 
f 1895/2064/1068 1901/2063/1075 1902/2067/1075 1896/2066/1069 
f 1748/1876/1075 1776/1904/1075 1902/2067/1075 1901/2063/1075 
f 1739/1867/1075 1903/2068/1075 1902/2067/1075 1776/1904/1075 
f 1852/2000/1076 1904/2069/1076 1905/2070/1076 1761/1889/1076 
f 1838/1999/1067 1892/2071/1066 1904/2069/1076 1852/2000/1076 
f 1904/2069/1076 1892/2071/1066 1891/2065/1065 1903/2068/1076 
f 1904/2069/1076 1903/2068/1076 1739/1867/1076 1905/2070/1076 
f 1906/2072/1020 1907/2073/1020 1871/2023/1020 1870/2022/1020 
f 1906/2072/1020 1748/1876/1020 1900/2062/1020 1907/2073/1020 
f 1900/2062/1020 1858/2009/1020 1857/2008/1020 1907/2073/1020 
f 1856/2007/1020 1871/2023/1020 1907/2073/1020 1857/2008/1020 
f 1908/2074/1020 1909/2075/1020 1748/1876/1020 1906/2072/1020 
f 1876/2028/1020 1908/2074/1020 1906/2072/1020 1870/2022/1020 
f 1875/2027/1020 1909/2075/1020 1908/2074/1020 1876/2028/1020 
f 1910/2076/1020 1909/2075/1020 1875/2027/1020 1888/2041/1020 
f 1888/2041/1020 1741/1869/1020 1740/1868/1020 1910/2076/1020 
f 1748/1876/1020 1909/2075/1020 1910/2076/1020 1740/1868/1020 
f 1911/2077/1020 1912/2078/1020 1913/2079/1020 1914/2080/1020 
f 1915/2081/1020 1913/2079/1020 1912/2078/1020 1761/1889/1020 
f 1914/2080/1020 1913/2079/1020 1915/2081/1020 1916/2082/1020 
f 1917/2083/1020 1918/2084/1020 1919/2085/1020 1920/2086/1020 
f 1921/2087/1020 1919/2085/1020 1918/2084/1020 1745/1873/1020 
f 1919/2085/1020 1921/2087/1020 1922/2088/1020 1920/2086/1020 
f 1923/2089/1020 1924/2090/1020 1925/2091/1020 1926/2092/1020 
f 1927/2093/1020 1928/2094/1020 1923/2089/1020 1926/2092/1020 
f 1924/2090/1020 1923/2089/1020 1928/2094/1020 1731/1859/1020 
f 1929/2095/1020 1930/2096/1020 1931/2097/1020 1932/2098/1020 
f 1930/2096/1020 1765/1893/1020 1762/1890/1020 1931/2097/1020 
f 1931/2097/1020 1762/1890/1020 1761/1889/1020 1932/2098/1020 
f 1933/2099/1020 1934/2100/1020 1935/2101/1020 1936/2102/1020 
f 1934/2100/1020 1937/2103/1020 1938/2104/1020 1935/2101/1020 
f 1739/1867/1020 1936/2102/1020 1935/2101/1020 1938/2104/1020 
f 1939/2105/1020 1940/2106/1020 1941/2107/1020 1942/2108/1020 
f 1939/2105/1020 1942/2108/1020 1746/1874/1020 1744/1872/1020 
f 1745/1873/1020 1940/2106/1020 1939/2105/1020 1744/1872/1020 
f 1938/2104/1020 1943/2109/1020 1944/2110/1020 1739/1867/1020 
f 1943/2109/1020 1938/2104/1020 1937/2103/1020 1945/2111/1020 
f 1916/2082/1020 1944/2110/1020 1943/2109/1020 1945/2111/1020 
f 1915/2081/1020 1761/1889/1020 1905/2070/1020 1946/2112/1020 
f 1946/2112/1020 1905/2070/1020 1739/1867/1020 1944/2110/1020 
f 1916/2082/1020 1915/2081/1020 1946/2112/1020 1944/2110/1020 
f 1928/2094/1020 1947/2113/1020 1948/2114/1020 1731/1859/1020 
f 1927/2093/1020 1949/2115/1020 1947/2113/1020 1928/2094/1020 
f 1948/2114/1020 1947/2113/1020 1949/2115/1020 1922/2088/1020 
f 1950/2116/1020 1921/2087/1020 1745/1873/1020 1872/2024/1020 
f 1948/2114/1020 1950/2116/1020 1872/2024/1020 1731/1859/1020 
f 1950/2116/1020 1948/2114/1020 1922/2088/1020 1921/2087/1020 
f 1728/1856/1020 1727/1855/1020 1951/2117/1020 1952/2118/1020 
f 1952/2118/1020 1951/2117/1020 1925/2091/1020 1924/2090/1020 
f 1731/1859/1020 1728/1856/1020 1952/2118/1020 1924/2090/1020 
f 1912/2078/1020 1911/2077/1020 1953/2119/1020 1954/2120/1020 
f 1954/2120/1020 1953/2119/1020 1929/2095/1020 1932/2098/1020 
f 1761/1889/1020 1912/2078/1020 1954/2120/1020 1932/2098/1020 
f 1738/1866/1020 1955/2121/1020 1956/2122/1020 1737/1865/1020 
f 1956/2122/1020 1955/2121/1020 1933/2099/1020 1936/2102/1020 
f 1739/1867/1020 1737/1865/1020 1956/2122/1020 1936/2102/1020 
f 1917/2083/1020 1957/2123/1020 1958/2124/1020 1918/2084/1020 
f 1958/2124/1020 1957/2123/1020 1941/2107/1020 1940/2106/1020 
f 1745/1873/1020 1918/2084/1020 1958/2124/1020 1940/2106/1020 
f 1959/2125/1077 1725/1853/1077 1723/1851/1078 1960/2126/1078 
f 1714/1842/1079 1961/2127/1080 1960/2126/1078 1723/1851/1078 
f 1962/2128/1078 1960/2126/1078 1961/2127/1080 1963/2129/1080 
f 1962/2128/1078 1964/2130/1081 1959/2125/1077 1960/2126/1078 
f 1697/1825/1082 1694/1822/1083 1965/2131/1083 1966/2132/1082 
f 1967/2133/1084 1965/2131/1083 1694/1822/1083 1695/1823/1085 
f 1968/2134/1083 1965/2131/1083 1967/2133/1084 1969/2135/1084 
f 1970/2136/1082 1966/2132/1082 1965/2131/1083 1968/2134/1083 
f 1757/1885/1086 1971/2137/1086 1972/2138/1087 1703/1831/1087 
f 1966/2132/1082 1971/2137/1086 1757/1885/1086 1697/1825/1082 
f 1973/2139/1086 1971/2137/1086 1966/2132/1082 1970/2136/1082 
f 1974/2140/1087 1972/2138/1087 1971/2137/1086 1973/2139/1086 
f 1714/1842/1079 1713/1841/1088 1975/2141/1088 1961/2127/1080 
f 1975/2141/1088 1713/1841/1088 1712/1840/1089 1976/2142/1089 
f 1977/2143/1089 1978/2144/1088 1975/2141/1088 1976/2142/1089 
f 1975/2141/1088 1978/2144/1088 1963/2129/1080 1961/2127/1080 
f 1979/2145/1090 1693/1821/1090 1692/1820/1091 1980/2146/1091 
f 1698/1826/1092 1981/2147/1092 1980/2146/1091 1692/1820/1091 
f 1982/2148/1091 1980/2146/1091 1981/2147/1092 1983/2149/1092 
f 1982/2148/1091 1984/2150/1090 1979/2145/1090 1980/2146/1091 
f 1914/2080/1083 1985/2151/1083 1986/2152/1082 1911/2077/1082 
f 1985/2151/1083 1914/2080/1083 1916/2082/1084 1987/2153/1084 
f 1985/2151/1083 1987/2153/1084 1988/2154/1084 1989/2155/1083 
f 1990/2156/1082 1986/2152/1082 1985/2151/1083 1989/2155/1083 
f 1933/2099/1093 1955/2121/1094 1991/2157/1094 1992/2158/1093 
f 1738/1866/1095 1993/2159/1095 1991/2157/1094 1955/2121/1094 
f 1994/2160/1095 1995/2161/1096 1991/2157/1094 1993/2159/1095 
f 1996/2162/1093 1992/2158/1093 1991/2157/1094 1995/2161/1096 
f 1759/1887/1097 1997/2163/1097 1998/2164/1098 1753/1881/1099 
f 1997/2163/1097 1759/1887/1097 1708/1836/1093 1999/2165/1093 
f 1997/2163/1097 1999/2165/1093 2000/2166/1100 2001/2167/1097 
f 2002/2168/1098 1998/2164/1098 1997/2163/1097 2001/2167/1097 
f 1754/1882/1101 2003/2169/1101 1967/2133/1084 1695/1823/1085 
f 2003/2169/1101 1754/1882/1101 1753/1881/1099 1998/2164/1098 
f 2003/2169/1101 1998/2164/1098 2002/2168/1098 2004/2170/1101 
f 1969/2135/1084 1967/2133/1084 2003/2169/1101 2004/2170/1101 
f 2005/2171/1102 1917/2083/1102 1920/2086/1103 2006/2172/1103 
f 2006/2172/1103 1920/2086/1103 1922/2088/1090 2007/2173/1090 
f 2008/2174/1090 2009/2175/1103 2006/2172/1103 2007/2173/1090 
f 2006/2172/1103 2009/2175/1103 2010/2176/1102 2005/2171/1102 
f 1712/1840/1089 1760/1888/1104 2011/2177/1104 1976/2142/1089 
f 2012/2178/1102 2011/2177/1104 1760/1888/1104 1749/1877/1102 
f 2013/2179/1104 2011/2177/1104 2012/2178/1102 2014/2180/1102 
f 2011/2177/1104 2013/2179/1104 1977/2143/1089 1976/2142/1089 
f 1765/1893/1105 1930/2096/1106 2015/2181/1106 2016/2182/1107 
f 1930/2096/1106 1929/2095/1087 2017/2183/1087 2015/2181/1106 
f 2017/2183/1087 2018/2184/1087 2019/2185/1106 2015/2181/1106 
f 2020/2186/1107 2016/2182/1107 2015/2181/1106 2019/2185/1106 
f 1945/2111/1101 2021/2187/1101 1987/2153/1084 1916/2082/1084 
f 1937/2103/1099 2022/2188/1099 2021/2187/1101 1945/2111/1101 
f 2023/2189/1101 2021/2187/1101 2022/2188/1099 2024/2190/1099 
f 1988/2154/1084 1987/2153/1084 2021/2187/1101 2023/2189/1101 
f 1722/1850/1108 2025/2191/1108 2026/2192/1095 1716/1844/1095 
f 2025/2191/1108 1722/1850/1108 1726/1854/1077 2027/2193/1077 
f 2025/2191/1108 2027/2193/1077 2028/2194/1081 2029/2195/1108 
f 2030/2196/1095 2026/2192/1095 2025/2191/1108 2029/2195/1108 
f 1711/1839/1094 2031/2197/1094 1999/2165/1093 1708/1836/1093 
f 2031/2197/1094 1711/1839/1094 1716/1844/1095 2026/2192/1095 
f 2031/2197/1094 2026/2192/1095 2030/2196/1095 2032/2198/1094 
f 2000/2166/1100 1999/2165/1093 2031/2197/1094 2032/2198/1094 
f 2033/2199/1092 1927/2093/1092 1926/2092/1109 2034/2200/1109 
f 2034/2200/1109 1926/2092/1109 1925/2091/1110 2035/2201/1110 
f 2034/2200/1109 2035/2201/1110 2036/2202/1110 2037/2203/1109 
f 2034/2200/1109 2037/2203/1109 2038/2204/1111 2033/2199/1092 
f 1922/2088/1090 1949/2115/1091 2039/2205/1091 2007/2173/1090 
f 1949/2115/1091 1927/2093/1092 2033/2199/1092 2039/2205/1091 
f 2038/2204/1111 2040/2206/1091 2039/2205/1091 2033/2199/1092 
f 2039/2205/1091 2040/2206/1091 2008/2174/1090 2007/2173/1090 
f 2041/2207/1112 1707/1835/1112 1718/1846/1113 2042/2208/1113 
f 2042/2208/1113 1718/1846/1113 1720/1848/1114 2043/2209/1114 
f 2042/2208/1113 2043/2209/1114 2044/2210/1114 2045/2211/1113 
f 2045/2211/1113 2046/2212/1112 2041/2207/1112 2042/2208/1113 
f 1953/2119/1086 2047/2213/1086 2017/2183/1087 1929/2095/1087 
f 1911/2077/1082 1986/2152/1082 2047/2213/1086 1953/2119/1086 
f 1990/2156/1082 2048/2214/1086 2047/2213/1086 1986/2152/1082 
f 2018/2184/1087 2017/2183/1087 2047/2213/1086 2048/2214/1086 
f 1746/1874/1080 1942/2108/1088 2049/2215/1088 2050/2216/1080 
f 2049/2215/1088 1942/2108/1088 1941/2107/1089 2051/2217/1089 
f 2052/2218/1088 2049/2215/1088 2051/2217/1089 2053/2219/1089 
f 2054/2220/1080 2050/2216/1080 2049/2215/1088 2052/2218/1088 
f 1771/1899/1078 2055/2221/1078 2027/2193/1077 1726/1854/1077 
f 2055/2221/1078 1771/1899/1078 1746/1874/1080 2050/2216/1080 
f 2056/2222/1078 2055/2221/1078 2050/2216/1080 2054/2220/1080 
f 2028/2194/1081 2027/2193/1077 2055/2221/1078 2056/2222/1078 
f 1727/1855/1112 1730/1858/1113 2057/2223/1113 2058/2224/1112 
f 2057/2223/1113 1730/1858/1113 1733/1861/1114 2059/2225/1114 
f 2057/2223/1113 2059/2225/1114 2060/2226/1114 2061/2227/1113 
f 2057/2223/1113 2061/2227/1113 2062/2228/1112 2058/2224/1112 
f 2063/2229/1115 2035/2201/1110 1925/2091/1110 1951/2117/1115 
f 1951/2117/1115 1727/1855/1112 2058/2224/1112 2063/2229/1115 
f 2058/2224/1112 2062/2228/1112 2064/2230/1115 2063/2229/1115 
f 2036/2202/1110 2035/2201/1110 2063/2229/1115 2064/2230/1115 
f 1981/2147/1092 1698/1826/1092 1756/1884/1109 2065/2231/1109 
f 2065/2231/1109 1756/1884/1109 1702/1830/1110 2066/2232/1110 
f 2067/2233/1110 2068/2234/1109 2065/2231/1109 2066/2232/1110 
f 2068/2234/1109 1983/2149/1092 1981/2147/1092 2065/2231/1109 
f 2043/2209/1114 1720/1848/1114 1766/1894/1116 2069/2235/1116 
f 2069/2235/1116 1766/1894/1116 1765/1893/1105 2016/2182/1107 
f 2069/2235/1116 2016/2182/1107 2020/2186/1107 2070/2236/1116 
f 2070/2236/1116 2044/2210/1114 2043/2209/1114 2069/2235/1116 
f 1734/1862/1108 2071/2237/1108 1993/2159/1095 1738/1866/1095 
f 1959/2125/1077 2071/2237/1108 1734/1862/1108 1725/1853/1077 
f 2072/2238/1108 2071/2237/1108 1959/2125/1077 1964/2130/1081 
f 1993/2159/1095 2071/2237/1108 2072/2238/1108 1994/2160/1095 
f 1941/2107/1089 1957/2123/1104 2073/2239/1104 2051/2217/1089 
f 1917/2083/1102 2005/2171/1102 2073/2239/1104 1957/2123/1104 
f 2074/2240/1117 2073/2239/1104 2005/2171/1102 2010/2176/1102 
f 2053/2219/1089 2051/2217/1089 2073/2239/1104 2074/2240/1117 
f 1704/1832/1106 2075/2241/1106 2076/2242/1107 1705/1833/1107 
f 1703/1831/1087 1972/2138/1087 2075/2241/1106 1704/1832/1106 
f 1974/2140/1087 2077/2243/1106 2075/2241/1106 1972/2138/1087 
f 2078/2244/1107 2076/2242/1107 2075/2241/1106 2077/2243/1106 
f 1733/1861/1114 1769/1897/1116 2079/2245/1116 2059/2225/1114 
f 2076/2242/1107 2079/2245/1116 1769/1897/1116 1705/1833/1107 
f 2078/2244/1107 2080/2246/1116 2079/2245/1116 2076/2242/1107 
f 2060/2226/1114 2059/2225/1114 2079/2245/1116 2080/2246/1116 
f 2081/2247/1103 2012/2178/1102 1749/1877/1102 1752/1880/1103 
f 1693/1821/1090 1979/2145/1090 2081/2247/1103 1752/1880/1103 
f 2082/2248/1103 2081/2247/1103 1979/2145/1090 1984/2150/1090 
f 2081/2247/1103 2082/2248/1103 2014/2180/1102 2012/2178/1102 
f 1701/1829/1118 2083/2249/1115 2066/2232/1110 1702/1830/1110 
f 1701/1829/1118 1707/1835/1112 2041/2207/1112 2083/2249/1115 
f 2041/2207/1112 2046/2212/1112 2084/2250/1115 2083/2249/1115 
f 2067/2233/1110 2066/2232/1110 2083/2249/1115 2084/2250/1115 
f 2022/2188/1099 1937/2103/1099 1934/2100/1097 2085/2251/1097 
f 1992/2158/1093 2085/2251/1097 1934/2100/1097 1933/2099/1093 
f 2086/2252/1097 2085/2251/1097 1992/2158/1093 1996/2162/1093 
f 2086/2252/1097 2024/2190/1099 2022/2188/1099 2085/2251/1097 
f 2087/2253/1119 1828/1971/1119 1826/1969/1119 2088/2254/1119 
f 2089/2255/1119 2088/2254/1119 1826/1969/1119 1827/1970/1119 
f 1821/1961/1119 2088/2254/1119 2089/2255/1119 1822/1962/1119 
f 1821/1961/1119 1820/1960/1119 2087/2253/1119 2088/2254/1119 
f 1830/1974/1120 2090/2256/1120 2089/2255/1120 1827/1970/1120 
f 1830/1974/1120 1812/1947/1120 2091/2257/1120 2090/2256/1120 
f 1814/1954/1120 1817/1957/1120 2090/2256/1120 2091/2257/1120 
f 1817/1957/1120 1822/1962/1120 2089/2255/1120 2090/2256/1120 
f 2092/2258/1121 2091/2257/1121 1812/1947/1121 1811/1946/1121 
f 2093/2259/1121 2092/2258/1121 1811/1946/1121 1810/1945/1121 
f 1815/1955/1121 2092/2258/1121 2093/2259/1121 1818/1958/1121 
f 1814/1954/1121 2091/2257/1121 2092/2258/1121 1815/1955/1121 
f 1832/1977/1122 2094/2260/1122 2093/2259/1122 1810/1945/1122 
f 1828/1971/1122 2087/2253/1122 2094/2260/1122 1832/1977/1122 
f 1820/1960/1122 1819/1959/1122 2094/2260/1122 2087/2253/1122 
f 2093/2259/1122 2094/2260/1122 1819/1959/1122 1818/1958/1122 
f 2095/2261/1123 2096/2262/1124 2097/2263/1125 2098/2264/1126 
f 2095/2261/1123 2098/2264/1126 2099/2265/1127 2100/2266/1128 
f 2101/2267/1129 2102/2268/1130 2095/2261/1123 2100/2266/1128 
f 2103/2269/1131 2096/2262/1124 2095/2261/1123 2102/2268/1130 
f 2104/2270/1132 2105/2271/1133 2106/2272/1134 2107/2273/1135 
f 2105/2271/1133 2108/2274/1136 2109/2275/1137 2106/2272/1134 
f 2110/2276/1138 2111/2277/1139 2106/2272/1134 2109/2275/1137 
f 2112/2278/1140 2107/2273/1135 2106/2272/1134 2111/2277/1139 
f 2099/2265/1127 2113/2279/1141 2114/2280/1142 2100/2266/1128 
f 2114/2280/1142 2113/2279/1141 2104/2270/1132 2107/2273/1135 
f 2112/2278/1140 2115/2281/1143 2114/2280/1142 2107/2273/1135 
f 2115/2281/1143 2101/2267/1129 2100/2266/1128 2114/2280/1142 
f 2116/2282/1144 2117/2283/1145 2112/2278/1140 2111/2277/1139 
f 2118/2284/1146 2116/2282/1144 2111/2277/1139 2110/2276/1138 
f 2119/2285/1147 2116/2282/1144 2118/2284/1146 2120/2286/1148 
f 2119/2285/1147 2121/2287/1149 2117/2283/1145 2116/2282/1144 
f 2115/2281/1143 2122/2288/1150 2123/2289/1151 2101/2267/1129 
f 2112/2278/1140 2117/2283/1145 2122/2288/1150 2115/2281/1143 
f 2122/2288/1150 2117/2283/1145 2121/2287/1149 2124/2290/1152 
f 2122/2288/1150 2124/2290/1152 2125/2291/1153 2123/2289/1151 
f 2126/2292/1154 2127/2293/1155 2103/2269/1131 2102/2268/1130 
f 2126/2292/1154 2102/2268/1130 2101/2267/1129 2123/2289/1151 
f 2126/2292/1154 2123/2289/1151 2125/2291/1153 2128/2294/1156 
f 2129/2295/1157 2127/2293/1155 2126/2292/1154 2128/2294/1156 
f 2130/2296/1158 2131/2297/1159 2121/2287/1149 2119/2285/1147 
f 2119/2285/1147 2120/2286/1148 2132/2298/1160 2130/2296/1158 
f 2133/2299/1161 2134/2300/1162 2130/2296/1158 2132/2298/1160 
f 2134/2300/1162 2135/2301/1163 2131/2297/1159 2130/2296/1158 
f 2125/2291/1153 2124/2290/1152 2136/2302/1164 2137/2303/1165 
f 2121/2287/1149 2131/2297/1159 2136/2302/1164 2124/2290/1152 
f 2136/2302/1164 2131/2297/1159 2135/2301/1163 2138/2304/1166 
f 2136/2302/1164 2138/2304/1166 2139/2305/1167 2137/2303/1165 
f 2140/2306/1168 2141/2307/1169 2129/2295/1157 2128/2294/1156 
f 2125/2291/1153 2137/2303/1165 2140/2306/1168 2128/2294/1156 
f 2140/2306/1168 2137/2303/1165 2139/2305/1167 2142/2308/1170 
f 2142/2308/1170 2143/2309/1171 2141/2307/1169 2140/2306/1168 
f 2138/2304/1166 2144/2310/1172 2145/2311/1173 2139/2305/1167 
f 2144/2310/1172 2138/2304/1166 2135/2301/1163 2146/2312/1174 
f 2146/2312/1174 2147/2313/1175 2148/2314/1176 2144/2310/1172 
f 2145/2311/1173 2144/2310/1172 2148/2314/1176 2149/2315/1177 
f 2150/2316/1178 2151/2317/1179 2143/2309/1171 2142/2308/1170 
f 2150/2316/1178 2142/2308/1170 2139/2305/1167 2145/2311/1173 
f 2150/2316/1178 2145/2311/1173 2149/2315/1177 2152/2318/1180 
f 2150/2316/1178 2152/2318/1180 2153/2319/1181 2151/2317/1179 
f 2154/2320/1182 2146/2312/1174 2135/2301/1163 2134/2300/1162 
f 2133/2299/1161 2155/2321/1183 2154/2320/1182 2134/2300/1162 
f 2156/2322/1184 2157/2323/1185 2154/2320/1182 2155/2321/1183 
f 2154/2320/1182 2157/2323/1185 2147/2313/1175 2146/2312/1174 
f 2158/2324/1186 2159/2325/1187 2147/2313/1175 2157/2323/1185 
f 2156/2322/1184 2160/2326/1188 2158/2324/1186 2157/2323/1185 
f 2158/2324/1186 2160/2326/1188 2161/2327/1189 2162/2328/1190 
f 2162/2328/1190 2163/2329/1191 2159/2325/1187 2158/2324/1186 
f 2149/2315/1177 2148/2314/1176 2164/2330/1192 2165/2331/1193 
f 2147/2313/1175 2159/2325/1187 2164/2330/1192 2148/2314/1176 
f 2164/2330/1192 2159/2325/1187 2163/2329/1191 2166/2332/1194 
f 2164/2330/1192 2166/2332/1194 2167/2333/1195 2165/2331/1193 
f 2153/2319/1181 2152/2318/1180 2168/2334/1196 2169/2335/1197 
f 2149/2315/1177 2165/2331/1193 2168/2334/1196 2152/2318/1180 
f 2168/2334/1196 2165/2331/1193 2167/2333/1195 2170/2336/1198 
f 2168/2334/1196 2170/2336/1198 2171/2337/1199 2169/2335/1197 
f 2172/2338/1200 2173/2339/1201 2171/2337/1199 2170/2336/1198 
f 2167/2333/1195 2174/2340/1202 2172/2338/1200 2170/2336/1198 
f 2175/2341/1203 2172/2338/1200 2174/2340/1202 2176/2342/1204 
f 2175/2341/1203 2177/2343/1205 2173/2339/1201 2172/2338/1200 
f 2163/2329/1191 2162/2328/1190 2178/2344/1206 2179/2345/1207 
f 2180/2346/1208 2178/2344/1206 2162/2328/1190 2161/2327/1189 
f 2181/2347/1209 2182/2348/1210 2178/2344/1206 2180/2346/1208 
f 2183/2349/1211 2179/2345/1207 2178/2344/1206 2182/2348/1210 
f 2167/2333/1195 2166/2332/1194 2184/2350/1212 2174/2340/1202 
f 2184/2350/1212 2166/2332/1194 2163/2329/1191 2179/2345/1207 
f 2184/2350/1212 2179/2345/1207 2183/2349/1211 2185/2351/1213 
f 2176/2342/1204 2174/2340/1202 2184/2350/1212 2185/2351/1213 
f 2183/2349/1211 2182/2348/1210 2186/2352/1214 2187/2353/1215 
f 2188/2354/1216 2186/2352/1214 2182/2348/1210 2181/2347/1209 
f 2189/2355/1217 2190/2356/1218 2186/2352/1214 2188/2354/1216 
f 2190/2356/1218 2191/2357/1219 2187/2353/1215 2186/2352/1214 
f 2185/2351/1213 2192/2358/1220 2193/2359/1221 2176/2342/1204 
f 2183/2349/1211 2187/2353/1215 2192/2358/1220 2185/2351/1213 
f 2192/2358/1220 2187/2353/1215 2191/2357/1219 2194/2360/1222 
f 2192/2358/1220 2194/2360/1222 2195/2361/1223 2193/2359/1221 
f 2196/2362/1224 2197/2363/1225 2177/2343/1205 2175/2341/1203 
f 2196/2362/1224 2175/2341/1203 2176/2342/1204 2193/2359/1221 
f 2196/2362/1224 2193/2359/1221 2195/2361/1223 2198/2364/1226 
f 2199/2365/1227 2197/2363/1225 2196/2362/1224 2198/2364/1226 
f 2200/2366/1228 2201/2367/1229 2191/2357/1219 2190/2356/1218 
f 2189/2355/1217 2202/2368/1230 2200/2366/1228 2190/2356/1218 
f 2203/2369/1231 2204/2370/1232 2200/2366/1228 2202/2368/1230 
f 2201/2367/1229 2200/2366/1228 2204/2370/1232 2205/2371/1233 
f 2195/2361/1223 2194/2360/1222 2206/2372/1234 2207/2373/1235 
f 2191/2357/1219 2201/2367/1229 2206/2372/1234 2194/2360/1222 
f 2206/2372/1234 2201/2367/1229 2205/2371/1233 2208/2374/1236 
f 2206/2372/1234 2208/2374/1236 2209/2375/1237 2207/2373/1235 
f 2199/2365/1227 2198/2364/1226 2210/2376/1238 2211/2377/1239 
f 2195/2361/1223 2207/2373/1235 2210/2376/1238 2198/2364/1226 
f 2210/2376/1238 2207/2373/1235 2209/2375/1237 2212/2378/1240 
f 2210/2376/1238 2212/2378/1240 2213/2379/1241 2211/2377/1239 
f 2214/2380/1242 2215/2381/1243 2213/2379/1241 2212/2378/1240 
f 2214/2380/1242 2212/2378/1240 2209/2375/1237 2216/2382/1244 
f 2216/2382/1244 2217/2383/1245 2218/2384/1246 2214/2380/1242 
f 2215/2381/1243 2214/2380/1242 2218/2384/1246 2219/2385/1247 
f 2205/2371/1233 2204/2370/1232 2220/2386/1248 2221/2387/1249 
f 2204/2370/1232 2203/2369/1231 2222/2388/1250 2220/2386/1248 
f 2223/2389/1251 2220/2386/1248 2222/2388/1250 2224/2390/1252 
f 2225/2391/1253 2221/2387/1249 2220/2386/1248 2223/2389/1251 
f 2226/2392/1254 2216/2382/1244 2209/2375/1237 2208/2374/1236 
f 2205/2371/1233 2221/2387/1249 2226/2392/1254 2208/2374/1236 
f 2226/2392/1254 2221/2387/1249 2225/2391/1253 2227/2393/1255 
f 2217/2383/1245 2216/2382/1244 2226/2392/1254 2227/2393/1255 
f 2225/2391/1253 2223/2389/1251 2228/2394/1256 2229/2395/1257 
f 2230/2396/1258 2228/2394/1256 2223/2389/1251 2224/2390/1252 
f 2231/2397/1259 2232/2398/1260 2228/2394/1256 2230/2396/1258 
f 2232/2398/1260 2233/2399/1261 2229/2395/1257 2228/2394/1256 
f 2227/2393/1255 2234/2400/1262 2235/2401/1263 2217/2383/1245 
f 2225/2391/1253 2229/2395/1257 2234/2400/1262 2227/2393/1255 
f 2234/2400/1262 2229/2395/1257 2233/2399/1261 2236/2402/1264 
f 2234/2400/1262 2236/2402/1264 2237/2403/1265 2235/2401/1263 
f 2238/2404/1266 2239/2405/1267 2219/2385/1247 2218/2384/1246 
f 2238/2404/1266 2218/2384/1246 2217/2383/1245 2235/2401/1263 
f 2238/2404/1266 2235/2401/1263 2237/2403/1265 2240/2406/1268 
f 2241/2407/1269 2239/2405/1267 2238/2404/1266 2240/2406/1268 
f 2242/2408/1270 2243/2409/1271 2233/2399/1261 2232/2398/1260 
f 2231/2397/1259 2244/2410/1272 2242/2408/1270 2232/2398/1260 
f 2245/2411/1273 2246/2412/1274 2242/2408/1270 2244/2410/1272 
f 2243/2409/1271 2242/2408/1270 2246/2412/1274 2247/2413/1275 
f 2237/2403/1265 2236/2402/1264 2248/2414/1276 2249/2415/1277 
f 2233/2399/1261 2243/2409/1271 2248/2414/1276 2236/2402/1264 
f 2248/2414/1276 2243/2409/1271 2247/2413/1275 2250/2416/1278 
f 2248/2414/1276 2250/2416/1278 2251/2417/1279 2249/2415/1277 
f 2241/2407/1269 2240/2406/1268 2252/2418/1280 2253/2419/1281 
f 2237/2403/1265 2249/2415/1277 2252/2418/1280 2240/2406/1268 
f 2252/2418/1280 2249/2415/1277 2251/2417/1279 2254/2420/1282 
f 2252/2418/1280 2254/2420/1282 2255/2421/1283 2253/2419/1281 
f 2256/2422/1284 2257/2423/1285 2255/2421/1283 2254/2420/1282 
f 2256/2422/1284 2254/2420/1282 2251/2417/1279 2258/2424/1286 
f 2258/2424/1286 2259/2425/1287 2260/2426/1288 2256/2422/1284 
f 2257/2423/1285 2256/2422/1284 2260/2426/1288 2261/2427/1289 
f 2247/2413/1275 2246/2412/1274 2262/2428/1290 2263/2429/1291 
f 2246/2412/1274 2245/2411/1273 2264/2430/1292 2262/2428/1290 
f 2265/2431/1293 2262/2428/1290 2264/2430/1292 2266/2432/1294 
f 2267/2433/1295 2263/2429/1291 2262/2428/1290 2265/2431/1293 
f 2268/2434/1296 2258/2424/1286 2251/2417/1279 2250/2416/1278 
f 2247/2413/1275 2263/2429/1291 2268/2434/1296 2250/2416/1278 
f 2268/2434/1296 2263/2429/1291 2267/2433/1295 2269/2435/1297 
f 2259/2425/1287 2258/2424/1286 2268/2434/1296 2269/2435/1297 
f 2267/2433/1295 2265/2431/1293 2270/2436/1298 2271/2437/1299 
f 2272/2438/1300 2270/2436/1298 2265/2431/1293 2266/2432/1294 
f 2273/2439/1301 2274/2440/1302 2270/2436/1298 2272/2438/1300 
f 2274/2440/1302 2275/2441/1303 2271/2437/1299 2270/2436/1298 
f 2269/2435/1297 2276/2442/1304 2277/2443/1305 2259/2425/1287 
f 2267/2433/1295 2271/2437/1299 2276/2442/1304 2269/2435/1297 
f 2276/2442/1304 2271/2437/1299 2275/2441/1303 2278/2444/1306 
f 2276/2442/1304 2278/2444/1306 2279/2445/1307 2277/2443/1305 
f 2280/2446/1308 2281/2447/1309 2261/2427/1289 2260/2426/1288 
f 2280/2446/1308 2260/2426/1288 2259/2425/1287 2277/2443/1305 
f 2280/2446/1308 2277/2443/1305 2279/2445/1307 2282/2448/1310 
f 2283/2449/1311 2281/2447/1309 2280/2446/1308 2282/2448/1310 
f 2284/2450/1312 2285/2451/1313 2275/2441/1303 2274/2440/1302 
f 2273/2439/1301 2286/2452/1314 2284/2450/1312 2274/2440/1302 
f 2287/2453/1315 2288/2454/1316 2284/2450/1312 2286/2452/1314 
f 2285/2451/1313 2284/2450/1312 2288/2454/1316 2289/2455/1317 
f 2279/2445/1307 2278/2444/1306 2290/2456/1318 2291/2457/1319 
f 2275/2441/1303 2285/2451/1313 2290/2456/1318 2278/2444/1306 
f 2290/2456/1318 2285/2451/1313 2289/2455/1317 2292/2458/1320 
f 2290/2456/1318 2292/2458/1320 2293/2459/1321 2291/2457/1319 
f 2283/2449/1311 2282/2448/1310 2294/2460/1322 2295/2461/1323 
f 2279/2445/1307 2291/2457/1319 2294/2460/1322 2282/2448/1310 
f 2294/2460/1322 2291/2457/1319 2293/2459/1321 2296/2462/1324 
f 2294/2460/1322 2296/2462/1324 2297/2463/1325 2295/2461/1323 
f 2292/2458/1320 2298/2464/1326 2299/2465/1327 2293/2459/1321 
f 2298/2464/1326 2292/2458/1320 2289/2455/1317 2300/2466/1328 
f 2300/2466/1328 2301/2467/1329 2302/2468/1330 2298/2464/1326 
f 2299/2465/1327 2298/2464/1326 2302/2468/1330 2303/2469/1331 
f 2304/2470/1332 2305/2471/1333 2297/2463/1325 2296/2462/1324 
f 2304/2470/1332 2296/2462/1324 2293/2459/1321 2299/2465/1327 
f 2304/2470/1332 2299/2465/1327 2303/2469/1331 2306/2472/1334 
f 2304/2470/1332 2306/2472/1334 2307/2473/1335 2305/2471/1333 
f 2289/2455/1317 2288/2454/1316 2308/2474/1336 2300/2466/1328 
f 2309/2475/1337 2308/2474/1336 2288/2454/1316 2287/2453/1315 
f 2310/2476/1338 2308/2474/1336 2309/2475/1337 2311/2477/1339 
f 2301/2467/1329 2300/2466/1328 2308/2474/1336 2310/2476/1338 
f 2301/2467/1329 2310/2476/1338 2312/2478/1340 2313/2479/1341 
f 2314/2480/1342 2312/2478/1340 2310/2476/1338 2311/2477/1339 
f 2108/2274/1136 2105/2271/1133 2312/2478/1340 2314/2480/1342 
f 2312/2478/1340 2105/2271/1133 2104/2270/1132 2313/2479/1341 
f 2315/2481/1343 2316/2482/1344 2303/2469/1331 2302/2468/1330 
f 2301/2467/1329 2313/2479/1341 2315/2481/1343 2302/2468/1330 
f 2104/2270/1132 2113/2279/1141 2315/2481/1343 2313/2479/1341 
f 2316/2482/1344 2315/2481/1343 2113/2279/1141 2099/2265/1127 
f 2306/2472/1334 2317/2483/1345 2318/2484/1346 2307/2473/1335 
f 2317/2483/1345 2306/2472/1334 2303/2469/1331 2316/2482/1344 
f 2098/2264/1126 2317/2483/1345 2316/2482/1344 2099/2265/1127 
f 2317/2483/1345 2098/2264/1126 2097/2263/1125 2318/2484/1346 
f 2319/2485/1020 2320/2486/1020 2321/2487/1020 2322/2488/1020 
f 2180/2346/1020 2321/2487/1020 2320/2486/1020 2181/2347/1020 
f 2321/2487/1020 2180/2346/1020 2161/2327/1020 2323/2489/1020 
f 2324/2490/1020 2322/2488/1020 2321/2487/1020 2323/2489/1020 
f 2325/2491/1020 2326/2492/1020 2327/2493/1020 2328/2494/1020 
f 2245/2411/1020 2244/2410/1020 2327/2493/1020 2326/2492/1020 
f 2327/2493/1020 2244/2410/1020 2231/2397/1020 2329/2495/1020 
f 2327/2493/1020 2329/2495/1020 2330/2496/1020 2328/2494/1020 
f 2331/2497/1020 2332/2498/1020 2333/2499/1020 2334/2500/1020 
f 2287/2453/1020 2286/2452/1020 2333/2499/1020 2332/2498/1020 
f 2333/2499/1020 2286/2452/1020 2273/2439/1020 2335/2501/1020 
f 2325/2491/1020 2334/2500/1020 2333/2499/1020 2335/2501/1020 
f 2230/2396/1020 2224/2390/1020 2336/2502/1020 2337/2503/1020 
f 2338/2504/1020 2337/2503/1020 2336/2502/1020 2339/2505/1020 
f 2338/2504/1020 2330/2496/1020 2329/2495/1020 2337/2503/1020 
f 2231/2397/1020 2230/2396/1020 2337/2503/1020 2329/2495/1020 
f 2340/2506/1020 2188/2354/1020 2181/2347/1020 2320/2486/1020 
f 2319/2485/1020 2341/2507/1020 2340/2506/1020 2320/2486/1020 
f 2342/2508/1020 2343/2509/1020 2340/2506/1020 2341/2507/1020 
f 2189/2355/1020 2188/2354/1020 2340/2506/1020 2343/2509/1020 
f 2344/2510/1020 2345/2511/1020 2324/2490/1020 2346/2512/1020 
f 2344/2510/1020 2346/2512/1020 2133/2299/1020 2132/2298/1020 
f 2132/2298/1020 2120/2286/1020 2347/2513/1020 2344/2510/1020 
f 2344/2510/1020 2347/2513/1020 2348/2514/1020 2345/2511/1020 
f 2349/2515/1020 2350/2516/1020 2348/2514/1020 2347/2513/1020 
f 2349/2515/1020 2347/2513/1020 2120/2286/1020 2118/2284/1020 
f 2110/2276/1020 2351/2517/1020 2349/2515/1020 2118/2284/1020 
f 2352/2518/1020 2350/2516/1020 2349/2515/1020 2351/2517/1020 
f 2353/2519/1020 2354/2520/1020 2355/2521/1020 2356/2522/1020 
f 2309/2475/1020 2355/2521/1020 2354/2520/1020 2311/2477/1020 
f 2355/2521/1020 2309/2475/1020 2287/2453/1020 2332/2498/1020 
f 2332/2498/1020 2331/2497/1020 2356/2522/1020 2355/2521/1020 
f 2357/2523/1020 2358/2524/1020 2352/2518/1020 2351/2517/1020 
f 2110/2276/1020 2109/2275/1020 2357/2523/1020 2351/2517/1020 
f 2357/2523/1020 2109/2275/1020 2108/2274/1020 2359/2525/1020 
f 2360/2526/1020 2358/2524/1020 2357/2523/1020 2359/2525/1020 
f 2361/2527/1020 2362/2528/1020 2360/2526/1020 2359/2525/1020 
f 2108/2274/1020 2314/2480/1020 2361/2527/1020 2359/2525/1020 
f 2361/2527/1020 2314/2480/1020 2311/2477/1020 2354/2520/1020 
f 2354/2520/1020 2353/2519/1020 2362/2528/1020 2361/2527/1020 
f 2363/2529/1020 2335/2501/1020 2273/2439/1020 2272/2438/1020 
f 2266/2432/1020 2264/2430/1020 2363/2529/1020 2272/2438/1020 
f 2363/2529/1020 2264/2430/1020 2245/2411/1020 2326/2492/1020 
f 2325/2491/1020 2335/2501/1020 2363/2529/1020 2326/2492/1020 
f 2160/2326/1020 2364/2530/1020 2323/2489/1020 2161/2327/1020 
f 2156/2322/1020 2155/2321/1020 2364/2530/1020 2160/2326/1020 
f 2133/2299/1020 2346/2512/1020 2364/2530/1020 2155/2321/1020 
f 2346/2512/1020 2324/2490/1020 2323/2489/1020 2364/2530/1020 
f 2365/2531/1020 2366/2532/1020 2367/2533/1020 2368/2534/1020 
f 2203/2369/1020 2202/2368/1020 2368/2534/1020 2367/2533/1020 
f 2189/2355/1020 2343/2509/1020 2368/2534/1020 2202/2368/1020 
f 2368/2534/1020 2343/2509/1020 2342/2508/1020 2365/2531/1020 
f 2369/2535/1020 2370/2536/1020 2339/2505/1020 2336/2502/1020 
f 2224/2390/1020 2222/2388/1020 2369/2535/1020 2336/2502/1020 
f 2369/2535/1020 2222/2388/1020 2203/2369/1020 2367/2533/1020 
f 2370/2536/1020 2369/2535/1020 2367/2533/1020 2366/2532/1020 
f 2371/2537/1347 2372/2538/1348 2373/2539/1349 2374/2540/1350 
f 2371/2537/1347 2319/2485/1351 2322/2488/1352 2372/2538/1348 
f 2372/2538/1348 2322/2488/1352 2324/2490/1353 2375/2541/1354 
f 2373/2539/1349 2372/2538/1348 2375/2541/1354 2376/2542/1355 
f 2376/2542/1355 2375/2541/1354 2377/2543/1356 2378/2544/1357 
f 2324/2490/1353 2345/2511/1358 2377/2543/1356 2375/2541/1354 
f 2377/2543/1356 2345/2511/1358 2348/2514/1359 2379/2545/1360 
f 2378/2544/1357 2377/2543/1356 2379/2545/1360 2380/2546/1361 
f 2381/2547/1362 2380/2546/1361 2379/2545/1360 2382/2548/1363 
f 2348/2514/1359 2350/2516/1364 2382/2548/1363 2379/2545/1360 
f 2352/2518/1365 2383/2549/1366 2382/2548/1363 2350/2516/1364 
f 2384/2550/1367 2381/2547/1362 2382/2548/1363 2383/2549/1366 
f 2385/2551/1368 2386/2552/1020 2387/2553/1020 2388/2554/1369 
f 2389/2555/1020 2387/2553/1020 2386/2552/1020 2390/2556/1020 
f 2384/2550/1367 2391/2557/1370 2387/2553/1020 2389/2555/1020 
f 2388/2554/1369 2387/2553/1020 2391/2557/1370 2392/2558/1371 
f 2381/2547/1362 2393/2559/1020 2394/2560/1020 2380/2546/1361 
f 2389/2555/1020 2393/2559/1020 2381/2547/1362 2384/2550/1367 
f 2395/2561/1020 2393/2559/1020 2389/2555/1020 2390/2556/1020 
f 2393/2559/1020 2395/2561/1020 2396/2562/1020 2394/2560/1020 
f 2378/2544/1357 2397/2563/1372 2398/2564/1373 2376/2542/1355 
f 2394/2560/1020 2397/2563/1372 2378/2544/1357 2380/2546/1361 
f 2399/2565/1374 2397/2563/1372 2394/2560/1020 2396/2562/1020 
f 2398/2564/1373 2397/2563/1372 2399/2565/1374 2400/2566/1375 
f 2401/2567/1376 2402/2568/1377 2374/2540/1350 2373/2539/1349 
f 2376/2542/1355 2398/2564/1373 2401/2567/1376 2373/2539/1349 
f 2400/2566/1375 2403/2569/1378 2401/2567/1376 2398/2564/1373 
f 2403/2569/1378 2404/2570/1379 2402/2568/1377 2401/2567/1376 
f 2405/2571/1380 2406/2572/1381 2407/2573/1382 2408/2574/1383 
f 2407/2573/1382 2406/2572/1381 2409/2575/1384 2410/2576/1385 
f 2407/2573/1382 2410/2576/1385 2411/2577/1386 2412/2578/1387 
f 2407/2573/1382 2412/2578/1387 2413/2579/1388 2408/2574/1383 
f 2414/2580/1389 2404/2570/1379 2403/2569/1378 2415/2581/1390 
f 2400/2566/1375 2416/2582/1391 2415/2581/1390 2403/2569/1378 
f 2417/2583/1392 2418/2584/1393 2415/2581/1390 2416/2582/1391 
f 2415/2581/1390 2418/2584/1393 2419/2585/1394 2414/2580/1389 
f 2416/2582/1391 2400/2566/1375 2399/2565/1374 2420/2586/1395 
f 2399/2565/1374 2396/2562/1020 2421/2587/1020 2420/2586/1395 
f 2422/2588/1396 2420/2586/1395 2421/2587/1020 2423/2589/1397 
f 2417/2583/1392 2416/2582/1391 2420/2586/1395 2422/2588/1396 
f 2395/2561/1020 2424/2590/1020 2421/2587/1020 2396/2562/1020 
f 2424/2590/1020 2395/2561/1020 2390/2556/1020 2386/2552/1020 
f 2385/2551/1368 2425/2591/1398 2424/2590/1020 2386/2552/1020 
f 2424/2590/1020 2425/2591/1398 2423/2589/1397 2421/2587/1020 
f 2330/2496/1399 2426/2592/1400 2427/2593/1401 2328/2494/1402 
f 2419/2585/1394 2418/2584/1393 2427/2593/1401 2426/2592/1400 
f 2427/2593/1401 2418/2584/1393 2417/2583/1392 2428/2594/1403 
f 2325/2491/1404 2328/2494/1402 2427/2593/1401 2428/2594/1403 
f 2325/2491/1404 2428/2594/1403 2429/2595/1405 2334/2500/1406 
f 2422/2588/1396 2429/2595/1405 2428/2594/1403 2417/2583/1392 
f 2423/2589/1397 2430/2596/1407 2429/2595/1405 2422/2588/1396 
f 2331/2497/1408 2334/2500/1406 2429/2595/1405 2430/2596/1407 
f 2431/2597/1409 2432/2598/1410 2433/2599/1411 2434/2600/1412 
f 2419/2585/1413 2426/2592/1414 2431/2597/1409 2434/2600/1412 
f 2431/2597/1409 2426/2592/1414 2330/2496/1415 2435/2601/1416 
f 2436/2602/1417 2432/2598/1410 2431/2597/1409 2435/2601/1416 
f 2356/2522/1418 2331/2497/1408 2430/2596/1407 2437/2603/1419 
f 2437/2603/1419 2430/2596/1407 2423/2589/1397 2425/2591/1398 
f 2385/2551/1368 2438/2604/1420 2437/2603/1419 2425/2591/1398 
f 2438/2604/1420 2353/2519/1421 2356/2522/1418 2437/2603/1419 
f 2360/2526/1422 2439/2605/1423 2440/2606/1424 2358/2524/1425 
f 2391/2557/1370 2440/2606/1424 2439/2605/1423 2392/2558/1371 
f 2440/2606/1424 2391/2557/1370 2384/2550/1367 2383/2549/1366 
f 2440/2606/1424 2383/2549/1366 2352/2518/1365 2358/2524/1425 
f 2353/2519/1421 2438/2604/1420 2441/2607/1426 2362/2528/1427 
f 2438/2604/1420 2385/2551/1368 2388/2554/1369 2441/2607/1426 
f 2439/2605/1423 2441/2607/1426 2388/2554/1369 2392/2558/1371 
f 2360/2526/1422 2362/2528/1427 2441/2607/1426 2439/2605/1423 
f 2442/2608/1428 2443/2609/1429 2444/2610/1430 2445/2611/1431 
f 2443/2609/1429 2446/2612/1432 2447/2613/1433 2444/2610/1430 
f 2412/2578/1387 2444/2610/1430 2447/2613/1433 2413/2579/1388 
f 2411/2577/1386 2445/2611/1431 2444/2610/1430 2412/2578/1387 
f 2448/2614/1434 2449/2615/1435 2436/2602/1417 2450/2616/1436 
f 2450/2616/1436 2451/2617/1437 2452/2618/1438 2448/2614/1434 
f 2445/2611/1431 2448/2614/1434 2452/2618/1438 2442/2608/1428 
f 2411/2577/1386 2449/2615/1435 2448/2614/1434 2445/2611/1431 
f 2453/2619/1439 2319/2485/1440 2371/2537/1441 2454/2620/1442 
f 2374/2540/1443 2455/2621/1444 2454/2620/1442 2371/2537/1441 
f 2405/2571/1380 2408/2574/1383 2454/2620/1442 2455/2621/1444 
f 2453/2619/1439 2454/2620/1442 2408/2574/1383 2413/2579/1388 
f 2456/2622/1445 2457/2623/1446 2410/2576/1385 2409/2575/1384 
f 2433/2599/1411 2432/2598/1410 2457/2623/1446 2456/2622/1445 
f 2436/2602/1417 2449/2615/1435 2457/2623/1446 2432/2598/1410 
f 2457/2623/1446 2449/2615/1435 2411/2577/1386 2410/2576/1385 
f 2458/2624/1447 2366/2532/1448 2365/2531/1449 2459/2625/1450 
f 2459/2625/1450 2365/2531/1449 2342/2508/1451 2460/2626/1452 
f 2446/2612/1432 2443/2609/1429 2459/2625/1450 2460/2626/1452 
f 2442/2608/1428 2458/2624/1447 2459/2625/1450 2443/2609/1429 
f 2342/2508/1451 2341/2507/1453 2461/2627/1454 2460/2626/1452 
f 2341/2507/1453 2319/2485/1440 2453/2619/1439 2461/2627/1454 
f 2453/2619/1439 2413/2579/1388 2447/2613/1433 2461/2627/1454 
f 2447/2613/1433 2446/2612/1432 2460/2626/1452 2461/2627/1454 
f 2435/2601/1416 2330/2496/1415 2338/2504/1455 2462/2628/1456 
f 2462/2628/1456 2338/2504/1455 2339/2505/1457 2463/2629/1458 
f 2463/2629/1458 2451/2617/1437 2450/2616/1436 2462/2628/1456 
f 2450/2616/1436 2436/2602/1417 2435/2601/1416 2462/2628/1456 
f 2339/2505/1457 2370/2536/1459 2464/2630/1460 2463/2629/1458 
f 2366/2532/1448 2458/2624/1447 2464/2630/1460 2370/2536/1459 
f 2442/2608/1428 2452/2618/1438 2464/2630/1460 2458/2624/1447 
f 2451/2617/1437 2463/2629/1458 2464/2630/1460 2452/2618/1438 
f 2465/2631/1461 2455/2621/1444 2374/2540/1443 2402/2568/1462 
f 2404/2570/1463 2466/2632/1464 2465/2631/1461 2402/2568/1462 
f 2466/2632/1464 2409/2575/1384 2406/2572/1381 2465/2631/1461 
f 2455/2621/1444 2465/2631/1461 2406/2572/1381 2405/2571/1380 
f 2466/2632/1464 2404/2570/1463 2414/2580/1465 2467/2633/1466 
f 2419/2585/1413 2434/2600/1412 2467/2633/1466 2414/2580/1465 
f 2433/2599/1411 2456/2622/1445 2467/2633/1466 2434/2600/1412 
f 2467/2633/1466 2456/2622/1445 2409/2575/1384 2466/2632/1464 
f 2468/2264/1126 2469/2261/1123 2470/2262/1124 2471/2263/1125 
f 2468/2264/1126 2472/2265/1127 2473/2266/1128 2469/2261/1123 
f 2474/2267/1129 2475/2268/1130 2469/2261/1123 2473/2266/1128 
f 2475/2268/1130 2476/2269/1131 2470/2262/1124 2469/2261/1123 
f 2477/2273/1135 2478/2270/1132 2479/2271/1133 2480/2272/1134 
f 2481/2274/1136 2482/2275/1137 2480/2272/1134 2479/2271/1133 
f 2483/2276/1138 2484/2277/1139 2480/2272/1134 2482/2275/1137 
f 2485/2278/1140 2477/2273/1135 2480/2272/1134 2484/2277/1139 
f 2473/2266/1128 2472/2265/1127 2486/2279/1141 2487/2280/1142 
f 2478/2270/1132 2477/2273/1135 2487/2280/1142 2486/2279/1141 
f 2488/2281/1143 2487/2280/1142 2477/2273/1135 2485/2278/1140 
f 2488/2281/1143 2474/2267/1129 2473/2266/1128 2487/2280/1142 
f 2485/2278/1140 2484/2277/1139 2489/2282/1144 2490/2283/1145 
f 2483/2276/1138 2491/2284/1146 2489/2282/1144 2484/2277/1139 
f 2492/2286/1148 2493/2285/1147 2489/2282/1144 2491/2284/1146 
f 2493/2285/1147 2494/2287/1149 2490/2283/1145 2489/2282/1144 
f 2488/2281/1143 2495/2288/1150 2496/2289/1467 2474/2267/1129 
f 2485/2278/1140 2490/2283/1145 2495/2288/1150 2488/2281/1143 
f 2495/2288/1150 2490/2283/1145 2494/2287/1149 2497/2290/1152 
f 2495/2288/1150 2497/2290/1152 2498/2291/1153 2496/2289/1467 
f 2499/2292/1154 2500/2293/1155 2476/2269/1131 2475/2268/1130 
f 2499/2292/1154 2475/2268/1130 2474/2267/1129 2496/2289/1467 
f 2499/2292/1154 2496/2289/1467 2498/2291/1153 2501/2294/1156 
f 2502/2295/1157 2500/2293/1155 2499/2292/1154 2501/2294/1156 
f 2503/2296/1158 2504/2297/1159 2494/2287/1149 2493/2285/1147 
f 2493/2285/1147 2492/2286/1148 2505/2298/1160 2503/2296/1158 
f 2506/2299/1161 2507/2300/1162 2503/2296/1158 2505/2298/1160 
f 2507/2300/1162 2508/2301/1163 2504/2297/1159 2503/2296/1158 
f 2498/2291/1153 2497/2290/1152 2509/2302/1164 2510/2303/1165 
f 2494/2287/1149 2504/2297/1159 2509/2302/1164 2497/2290/1152 
f 2509/2302/1164 2504/2297/1159 2508/2301/1163 2511/2304/1166 
f 2509/2302/1164 2511/2304/1166 2512/2305/1167 2510/2303/1165 
f 2513/2306/1168 2514/2307/1169 2502/2295/1157 2501/2294/1156 
f 2498/2291/1153 2510/2303/1165 2513/2306/1168 2501/2294/1156 
f 2513/2306/1168 2510/2303/1165 2512/2305/1167 2515/2308/1170 
f 2515/2308/1170 2516/2309/1171 2514/2307/1169 2513/2306/1168 
f 2511/2304/1166 2517/2310/1172 2518/2311/1173 2512/2305/1167 
f 2517/2310/1172 2511/2304/1166 2508/2301/1163 2519/2312/1174 
f 2519/2312/1174 2520/2313/1175 2521/2314/1176 2517/2310/1172 
f 2518/2311/1173 2517/2310/1172 2521/2314/1176 2522/2315/1177 
f 2523/2316/1178 2524/2317/1179 2516/2309/1171 2515/2308/1170 
f 2523/2316/1178 2515/2308/1170 2512/2305/1167 2518/2311/1173 
f 2523/2316/1178 2518/2311/1173 2522/2315/1177 2525/2318/1180 
f 2523/2316/1178 2525/2318/1180 2526/2319/1181 2524/2317/1179 
f 2527/2320/1182 2519/2312/1174 2508/2301/1163 2507/2300/1162 
f 2506/2299/1161 2528/2321/1183 2527/2320/1182 2507/2300/1162 
f 2529/2322/1184 2530/2323/1185 2527/2320/1182 2528/2321/1183 
f 2527/2320/1182 2530/2323/1185 2520/2313/1175 2519/2312/1174 
f 2531/2324/1186 2532/2325/1187 2520/2313/1175 2530/2323/1185 
f 2529/2322/1184 2533/2326/1188 2531/2324/1186 2530/2323/1185 
f 2531/2324/1186 2533/2326/1188 2534/2327/1189 2535/2328/1190 
f 2535/2328/1190 2536/2329/1191 2532/2325/1187 2531/2324/1186 
f 2522/2315/1177 2521/2314/1176 2537/2330/1192 2538/2331/1193 
f 2520/2313/1175 2532/2325/1187 2537/2330/1192 2521/2314/1176 
f 2537/2330/1192 2532/2325/1187 2536/2329/1191 2539/2332/1194 
f 2537/2330/1192 2539/2332/1194 2540/2333/1195 2538/2331/1193 
f 2526/2319/1181 2525/2318/1180 2541/2334/1196 2542/2335/1197 
f 2522/2315/1177 2538/2331/1193 2541/2334/1196 2525/2318/1180 
f 2541/2334/1196 2538/2331/1193 2540/2333/1195 2543/2336/1198 
f 2541/2334/1196 2543/2336/1198 2544/2337/1199 2542/2335/1197 
f 2545/2338/1200 2546/2339/1201 2544/2337/1199 2543/2336/1198 
f 2540/2333/1195 2547/2340/1202 2545/2338/1200 2543/2336/1198 
f 2548/2341/1203 2545/2338/1200 2547/2340/1202 2549/2342/1204 
f 2548/2341/1203 2550/2343/1205 2546/2339/1201 2545/2338/1200 
f 2536/2329/1191 2535/2328/1190 2551/2344/1206 2552/2345/1207 
f 2553/2346/1208 2551/2344/1206 2535/2328/1190 2534/2327/1189 
f 2554/2347/1209 2555/2348/1210 2551/2344/1206 2553/2346/1208 
f 2556/2349/1211 2552/2345/1207 2551/2344/1206 2555/2348/1210 
f 2540/2333/1195 2539/2332/1194 2557/2350/1212 2547/2340/1202 
f 2557/2350/1212 2539/2332/1194 2536/2329/1191 2552/2345/1207 
f 2557/2350/1212 2552/2345/1207 2556/2349/1211 2558/2351/1213 
f 2549/2342/1204 2547/2340/1202 2557/2350/1212 2558/2351/1213 
f 2556/2349/1211 2555/2348/1210 2559/2352/1214 2560/2353/1215 
f 2561/2354/1216 2559/2352/1214 2555/2348/1210 2554/2347/1209 
f 2562/2355/1217 2563/2356/1218 2559/2352/1214 2561/2354/1216 
f 2563/2356/1218 2564/2357/1219 2560/2353/1215 2559/2352/1214 
f 2558/2351/1213 2565/2358/1220 2566/2359/1221 2549/2342/1204 
f 2556/2349/1211 2560/2353/1215 2565/2358/1220 2558/2351/1213 
f 2565/2358/1220 2560/2353/1215 2564/2357/1219 2567/2360/1222 
f 2565/2358/1220 2567/2360/1222 2568/2361/1223 2566/2359/1221 
f 2569/2362/1224 2570/2363/1225 2550/2343/1205 2548/2341/1203 
f 2569/2362/1224 2548/2341/1203 2549/2342/1204 2566/2359/1221 
f 2569/2362/1224 2566/2359/1221 2568/2361/1223 2571/2364/1226 
f 2572/2365/1227 2570/2363/1225 2569/2362/1224 2571/2364/1226 
f 2573/2366/1228 2574/2367/1229 2564/2357/1219 2563/2356/1218 
f 2562/2355/1217 2575/2368/1468 2573/2366/1228 2563/2356/1218 
f 2576/2369/1231 2577/2370/1232 2573/2366/1228 2575/2368/1468 
f 2574/2367/1229 2573/2366/1228 2577/2370/1232 2578/2371/1233 
f 2568/2361/1223 2567/2360/1222 2579/2372/1234 2580/2373/1235 
f 2564/2357/1219 2574/2367/1229 2579/2372/1234 2567/2360/1222 
f 2579/2372/1234 2574/2367/1229 2578/2371/1233 2581/2374/1236 
f 2579/2372/1234 2581/2374/1236 2582/2375/1237 2580/2373/1235 
f 2572/2365/1227 2571/2364/1226 2583/2376/1238 2584/2377/1239 
f 2568/2361/1223 2580/2373/1235 2583/2376/1238 2571/2364/1226 
f 2583/2376/1238 2580/2373/1235 2582/2375/1237 2585/2378/1240 
f 2583/2376/1238 2585/2378/1240 2586/2379/1241 2584/2377/1239 
f 2587/2380/1242 2588/2381/1243 2586/2379/1241 2585/2378/1240 
f 2587/2380/1242 2585/2378/1240 2582/2375/1237 2589/2382/1244 
f 2589/2382/1244 2590/2383/1245 2591/2384/1246 2587/2380/1242 
f 2588/2381/1243 2587/2380/1242 2591/2384/1246 2592/2385/1247 
f 2578/2371/1233 2577/2370/1232 2593/2386/1248 2594/2387/1249 
f 2577/2370/1232 2576/2369/1231 2595/2388/1250 2593/2386/1248 
f 2596/2389/1251 2593/2386/1248 2595/2388/1250 2597/2390/1252 
f 2598/2391/1253 2594/2387/1249 2593/2386/1248 2596/2389/1251 
f 2599/2392/1254 2589/2382/1244 2582/2375/1237 2581/2374/1236 
f 2578/2371/1233 2594/2387/1249 2599/2392/1254 2581/2374/1236 
f 2599/2392/1254 2594/2387/1249 2598/2391/1253 2600/2393/1255 
f 2590/2383/1245 2589/2382/1244 2599/2392/1254 2600/2393/1255 
f 2598/2391/1253 2596/2389/1251 2601/2394/1256 2602/2395/1257 
f 2603/2396/1258 2601/2394/1256 2596/2389/1251 2597/2390/1252 
f 2604/2397/1259 2605/2398/1260 2601/2394/1256 2603/2396/1258 
f 2605/2398/1260 2606/2399/1469 2602/2395/1257 2601/2394/1256 
f 2600/2393/1255 2607/2400/1262 2608/2401/1263 2590/2383/1245 
f 2598/2391/1253 2602/2395/1257 2607/2400/1262 2600/2393/1255 
f 2607/2400/1262 2602/2395/1257 2606/2399/1469 2609/2402/1264 
f 2607/2400/1262 2609/2402/1264 2610/2403/1265 2608/2401/1263 
f 2611/2404/1266 2612/2405/1267 2592/2385/1247 2591/2384/1246 
f 2611/2404/1266 2591/2384/1246 2590/2383/1245 2608/2401/1263 
f 2611/2404/1266 2608/2401/1263 2610/2403/1265 2613/2406/1268 
f 2614/2407/1269 2612/2405/1267 2611/2404/1266 2613/2406/1268 
f 2615/2408/1270 2616/2409/1271 2606/2399/1469 2605/2398/1260 
f 2604/2397/1259 2617/2410/1272 2615/2408/1270 2605/2398/1260 
f 2618/2411/1273 2619/2412/1274 2615/2408/1270 2617/2410/1272 
f 2616/2409/1271 2615/2408/1270 2619/2412/1274 2620/2413/1275 
f 2610/2403/1265 2609/2402/1264 2621/2414/1470 2622/2415/1277 
f 2606/2399/1469 2616/2409/1271 2621/2414/1470 2609/2402/1264 
f 2621/2414/1470 2616/2409/1271 2620/2413/1275 2623/2416/1278 
f 2621/2414/1470 2623/2416/1278 2624/2417/1279 2622/2415/1277 
f 2614/2407/1269 2613/2406/1268 2625/2418/1280 2626/2419/1281 
f 2610/2403/1265 2622/2415/1277 2625/2418/1280 2613/2406/1268 
f 2625/2418/1280 2622/2415/1277 2624/2417/1279 2627/2420/1282 
f 2625/2418/1280 2627/2420/1282 2628/2421/1283 2626/2419/1281 
f 2629/2422/1284 2630/2423/1285 2628/2421/1283 2627/2420/1282 
f 2629/2422/1284 2627/2420/1282 2624/2417/1279 2631/2424/1286 
f 2631/2424/1286 2632/2425/1287 2633/2426/1288 2629/2422/1284 
f 2630/2423/1285 2629/2422/1284 2633/2426/1288 2634/2427/1289 
f 2620/2413/1275 2619/2412/1274 2635/2428/1290 2636/2429/1291 
f 2619/2412/1274 2618/2411/1273 2637/2430/1292 2635/2428/1290 
f 2638/2431/1293 2635/2428/1290 2637/2430/1292 2639/2432/1294 
f 2640/2433/1295 2636/2429/1291 2635/2428/1290 2638/2431/1293 
f 2641/2434/1296 2631/2424/1286 2624/2417/1279 2623/2416/1278 
f 2620/2413/1275 2636/2429/1291 2641/2434/1296 2623/2416/1278 
f 2641/2434/1296 2636/2429/1291 2640/2433/1295 2642/2435/1297 
f 2632/2425/1287 2631/2424/1286 2641/2434/1296 2642/2435/1297 
f 2640/2433/1295 2638/2431/1293 2643/2436/1298 2644/2437/1299 
f 2645/2438/1300 2643/2436/1298 2638/2431/1293 2639/2432/1294 
f 2646/2439/1301 2647/2440/1302 2643/2436/1298 2645/2438/1300 
f 2647/2440/1302 2648/2441/1303 2644/2437/1299 2643/2436/1298 
f 2642/2435/1297 2649/2442/1304 2650/2443/1305 2632/2425/1287 
f 2640/2433/1295 2644/2437/1299 2649/2442/1304 2642/2435/1297 
f 2649/2442/1304 2644/2437/1299 2648/2441/1303 2651/2444/1306 
f 2649/2442/1304 2651/2444/1306 2652/2445/1307 2650/2443/1305 
f 2653/2446/1308 2654/2447/1309 2634/2427/1289 2633/2426/1288 
f 2653/2446/1308 2633/2426/1288 2632/2425/1287 2650/2443/1305 
f 2653/2446/1308 2650/2443/1305 2652/2445/1307 2655/2448/1310 
f 2656/2449/1311 2654/2447/1309 2653/2446/1308 2655/2448/1310 
f 2657/2450/1312 2658/2451/1313 2648/2441/1303 2647/2440/1302 
f 2646/2439/1301 2659/2452/1314 2657/2450/1312 2647/2440/1302 
f 2660/2453/1315 2661/2454/1316 2657/2450/1312 2659/2452/1314 
f 2658/2451/1313 2657/2450/1312 2661/2454/1316 2662/2455/1317 
f 2652/2445/1307 2651/2444/1306 2663/2456/1318 2664/2457/1319 
f 2648/2441/1303 2658/2451/1313 2663/2456/1318 2651/2444/1306 
f 2663/2456/1318 2658/2451/1313 2662/2455/1317 2665/2458/1320 
f 2663/2456/1318 2665/2458/1320 2666/2459/1321 2664/2457/1319 
f 2656/2449/1311 2655/2448/1310 2667/2460/1322 2668/2461/1323 
f 2652/2445/1307 2664/2457/1319 2667/2460/1322 2655/2448/1310 
f 2667/2460/1322 2664/2457/1319 2666/2459/1321 2669/2462/1324 
f 2667/2460/1322 2669/2462/1324 2670/2463/1325 2668/2461/1323 
f 2665/2458/1320 2671/2464/1326 2672/2465/1471 2666/2459/1321 
f 2671/2464/1326 2665/2458/1320 2662/2455/1317 2673/2466/1328 
f 2673/2466/1328 2674/2467/1329 2675/2468/1330 2671/2464/1326 
f 2672/2465/1471 2671/2464/1326 2675/2468/1330 2676/2469/1331 
f 2677/2470/1332 2678/2471/1333 2670/2463/1325 2669/2462/1324 
f 2677/2470/1332 2669/2462/1324 2666/2459/1321 2672/2465/1471 
f 2677/2470/1332 2672/2465/1471 2676/2469/1331 2679/2472/1334 
f 2677/2470/1332 2679/2472/1334 2680/2473/1335 2678/2471/1333 
f 2662/2455/1317 2661/2454/1316 2681/2474/1336 2673/2466/1328 
f 2682/2475/1337 2681/2474/1336 2661/2454/1316 2660/2453/1315 
f 2683/2476/1338 2681/2474/1336 2682/2475/1337 2684/2477/1339 
f 2674/2467/1329 2673/2466/1328 2681/2474/1336 2683/2476/1338 
f 2674/2467/1329 2683/2476/1338 2685/2478/1340 2686/2479/1341 
f 2687/2480/1342 2685/2478/1340 2683/2476/1338 2684/2477/1339 
f 2481/2274/1136 2479/2271/1133 2685/2478/1340 2687/2480/1342 
f 2685/2478/1340 2479/2271/1133 2478/2270/1132 2686/2479/1341 
f 2688/2481/1343 2689/2482/1344 2676/2469/1331 2675/2468/1330 
f 2674/2467/1329 2686/2479/1341 2688/2481/1343 2675/2468/1330 
f 2486/2279/1141 2688/2481/1343 2686/2479/1341 2478/2270/1132 
f 2486/2279/1141 2472/2265/1127 2689/2482/1344 2688/2481/1343 
f 2679/2472/1334 2690/2483/1345 2691/2484/1346 2680/2473/1335 
f 2690/2483/1345 2679/2472/1334 2676/2469/1331 2689/2482/1344 
f 2472/2265/1127 2468/2264/1126 2690/2483/1345 2689/2482/1344 
f 2468/2264/1126 2471/2263/1125 2691/2484/1346 2690/2483/1345 
f 2692/2485/1020 2693/2486/1020 2694/2487/1020 2695/2488/1020 
f 2553/2346/1020 2694/2487/1020 2693/2486/1020 2554/2347/1020 
f 2694/2487/1020 2553/2346/1020 2534/2327/1020 2696/2489/1020 
f 2697/2490/1020 2695/2488/1020 2694/2487/1020 2696/2489/1020 
f 2698/2491/1020 2699/2492/1020 2700/2493/1020 2701/2494/1020 
f 2618/2411/1020 2617/2410/1020 2700/2493/1020 2699/2492/1020 
f 2700/2493/1020 2617/2410/1020 2604/2397/1020 2702/2495/1020 
f 2700/2493/1020 2702/2495/1020 2703/2496/1020 2701/2494/1020 
f 2704/2497/1020 2705/2498/1020 2706/2499/1020 2707/2500/1020 
f 2660/2453/1020 2659/2452/1020 2706/2499/1020 2705/2498/1020 
f 2706/2499/1020 2659/2452/1020 2646/2439/1020 2708/2501/1020 
f 2698/2491/1020 2707/2500/1020 2706/2499/1020 2708/2501/1020 
f 2603/2396/1020 2597/2390/1020 2709/2502/1020 2710/2503/1020 
f 2711/2504/1020 2710/2503/1020 2709/2502/1020 2712/2505/1020 
f 2711/2504/1020 2703/2496/1020 2702/2495/1020 2710/2503/1020 
f 2604/2397/1020 2603/2396/1020 2710/2503/1020 2702/2495/1020 
f 2713/2506/1020 2561/2354/1020 2554/2347/1020 2693/2486/1020 
f 2692/2485/1020 2714/2507/1020 2713/2506/1020 2693/2486/1020 
f 2715/2508/1020 2716/2509/1020 2713/2506/1020 2714/2507/1020 
f 2562/2355/1020 2561/2354/1020 2713/2506/1020 2716/2509/1020 
f 2717/2510/1020 2718/2511/1020 2697/2490/1020 2719/2512/1020 
f 2717/2510/1020 2719/2512/1020 2506/2299/1020 2505/2298/1020 
f 2505/2298/1020 2492/2286/1020 2720/2513/1020 2717/2510/1020 
f 2717/2510/1020 2720/2513/1020 2721/2514/1020 2718/2511/1020 
f 2722/2515/1020 2723/2516/1020 2721/2514/1020 2720/2513/1020 
f 2722/2515/1020 2720/2513/1020 2492/2286/1020 2491/2284/1020 
f 2483/2276/1020 2724/2517/1020 2722/2515/1020 2491/2284/1020 
f 2725/2518/1020 2723/2516/1020 2722/2515/1020 2724/2517/1020 
f 2726/2519/1020 2727/2520/1020 2728/2521/1020 2729/2522/1020 
f 2682/2475/1020 2728/2521/1020 2727/2520/1020 2684/2477/1020 
f 2728/2521/1020 2682/2475/1020 2660/2453/1020 2705/2498/1020 
f 2705/2498/1020 2704/2497/1020 2729/2522/1020 2728/2521/1020 
f 2730/2523/1020 2731/2524/1020 2725/2518/1020 2724/2517/1020 
f 2483/2276/1020 2482/2275/1020 2730/2523/1020 2724/2517/1020 
f 2730/2523/1020 2482/2275/1020 2481/2274/1020 2732/2525/1020 
f 2733/2526/1020 2731/2524/1020 2730/2523/1020 2732/2525/1020 
f 2734/2527/1020 2735/2528/1020 2733/2526/1020 2732/2525/1020 
f 2481/2274/1020 2687/2480/1020 2734/2527/1020 2732/2525/1020 
f 2734/2527/1020 2687/2480/1020 2684/2477/1020 2727/2520/1020 
f 2727/2520/1020 2726/2519/1020 2735/2528/1020 2734/2527/1020 
f 2736/2529/1020 2708/2501/1020 2646/2439/1020 2645/2438/1020 
f 2639/2432/1020 2637/2430/1020 2736/2529/1020 2645/2438/1020 
f 2736/2529/1020 2637/2430/1020 2618/2411/1020 2699/2492/1020 
f 2698/2491/1020 2708/2501/1020 2736/2529/1020 2699/2492/1020 
f 2533/2326/1020 2737/2530/1020 2696/2489/1020 2534/2327/1020 
f 2529/2322/1020 2528/2321/1020 2737/2530/1020 2533/2326/1020 
f 2506/2299/1020 2719/2512/1020 2737/2530/1020 2528/2321/1020 
f 2719/2512/1020 2697/2490/1020 2696/2489/1020 2737/2530/1020 
f 2738/2531/1020 2739/2532/1020 2740/2533/1020 2741/2534/1020 
f 2576/2369/1020 2575/2368/1020 2741/2534/1020 2740/2533/1020 
f 2562/2355/1020 2716/2509/1020 2741/2534/1020 2575/2368/1020 
f 2741/2534/1020 2716/2509/1020 2715/2508/1020 2738/2531/1020 
f 2742/2535/1020 2743/2536/1020 2712/2505/1020 2709/2502/1020 
f 2597/2390/1020 2595/2388/1020 2742/2535/1020 2709/2502/1020 
f 2742/2535/1020 2595/2388/1020 2576/2369/1020 2740/2533/1020 
f 2743/2536/1020 2742/2535/1020 2740/2533/1020 2739/2532/1020 
f 2744/2537/1347 2745/2538/1348 2746/2539/1349 2747/2540/1350 
f 2744/2537/1347 2692/2485/1351 2695/2488/1352 2745/2538/1348 
f 2745/2538/1348 2695/2488/1352 2697/2490/1353 2748/2541/1354 
f 2746/2539/1349 2745/2538/1348 2748/2541/1354 2749/2542/1355 
f 2749/2542/1355 2748/2541/1354 2750/2543/1356 2751/2544/1357 
f 2697/2490/1353 2718/2511/1358 2750/2543/1356 2748/2541/1354 
f 2750/2543/1356 2718/2511/1358 2721/2514/1359 2752/2545/1360 
f 2751/2544/1357 2750/2543/1356 2752/2545/1360 2753/2546/1361 
f 2754/2547/1362 2753/2546/1361 2752/2545/1360 2755/2548/1363 
f 2721/2514/1359 2723/2516/1364 2755/2548/1363 2752/2545/1360 
f 2725/2518/1365 2756/2549/1366 2755/2548/1363 2723/2516/1364 
f 2757/2550/1367 2754/2547/1362 2755/2548/1363 2756/2549/1366 
f 2758/2551/1368 2759/2552/1020 2760/2553/1020 2761/2554/1369 
f 2762/2555/1020 2760/2553/1020 2759/2552/1020 2763/2556/1020 
f 2757/2550/1367 2764/2557/1370 2760/2553/1020 2762/2555/1020 
f 2761/2554/1369 2760/2553/1020 2764/2557/1370 2765/2558/1371 
f 2754/2547/1362 2766/2559/1020 2767/2560/1020 2753/2546/1361 
f 2762/2555/1020 2766/2559/1020 2754/2547/1362 2757/2550/1367 
f 2768/2561/1020 2766/2559/1020 2762/2555/1020 2763/2556/1020 
f 2766/2559/1020 2768/2561/1020 2769/2562/1020 2767/2560/1020 
f 2751/2544/1357 2770/2563/1372 2771/2564/1373 2749/2542/1355 
f 2767/2560/1020 2770/2563/1372 2751/2544/1357 2753/2546/1361 
f 2772/2565/1374 2770/2563/1372 2767/2560/1020 2769/2562/1020 
f 2771/2564/1373 2770/2563/1372 2772/2565/1374 2773/2566/1375 
f 2774/2567/1376 2775/2568/1377 2747/2540/1350 2746/2539/1349 
f 2749/2542/1355 2771/2564/1373 2774/2567/1376 2746/2539/1349 
f 2773/2566/1375 2776/2569/1378 2774/2567/1376 2771/2564/1373 
f 2776/2569/1378 2777/2570/1379 2775/2568/1377 2774/2567/1376 
f 2778/2571/1380 2779/2572/1381 2780/2573/1382 2781/2574/1383 
f 2780/2573/1382 2779/2572/1381 2782/2575/1472 2783/2576/1385 
f 2780/2573/1382 2783/2576/1385 2784/2577/1386 2785/2578/1387 
f 2780/2573/1382 2785/2578/1387 2786/2579/1388 2781/2574/1383 
f 2787/2580/1389 2777/2570/1379 2776/2569/1378 2788/2581/1390 
f 2773/2566/1375 2789/2582/1391 2788/2581/1390 2776/2569/1378 
f 2790/2583/1392 2791/2584/1393 2788/2581/1390 2789/2582/1391 
f 2788/2581/1390 2791/2584/1393 2792/2585/1394 2787/2580/1389 
f 2789/2582/1391 2773/2566/1375 2772/2565/1374 2793/2586/1395 
f 2772/2565/1374 2769/2562/1020 2794/2587/1020 2793/2586/1395 
f 2795/2588/1396 2793/2586/1395 2794/2587/1020 2796/2589/1397 
f 2790/2583/1392 2789/2582/1391 2793/2586/1395 2795/2588/1396 
f 2768/2561/1020 2797/2590/1020 2794/2587/1020 2769/2562/1020 
f 2797/2590/1020 2768/2561/1020 2763/2556/1020 2759/2552/1020 
f 2758/2551/1368 2798/2591/1398 2797/2590/1020 2759/2552/1020 
f 2797/2590/1020 2798/2591/1398 2796/2589/1397 2794/2587/1020 
f 2703/2496/1399 2799/2592/1400 2800/2593/1401 2701/2494/1402 
f 2792/2585/1394 2791/2584/1393 2800/2593/1401 2799/2592/1400 
f 2800/2593/1401 2791/2584/1393 2790/2583/1392 2801/2594/1403 
f 2698/2491/1404 2701/2494/1402 2800/2593/1401 2801/2594/1403 
f 2698/2491/1404 2801/2594/1403 2802/2595/1405 2707/2500/1406 
f 2795/2588/1396 2802/2595/1405 2801/2594/1403 2790/2583/1392 
f 2796/2589/1397 2803/2596/1407 2802/2595/1405 2795/2588/1396 
f 2704/2497/1408 2707/2500/1406 2802/2595/1405 2803/2596/1407 
f 2804/2597/1409 2805/2598/1410 2806/2599/1411 2807/2600/1412 
f 2792/2585/1413 2799/2592/1414 2804/2597/1409 2807/2600/1412 
f 2804/2597/1409 2799/2592/1414 2703/2496/1415 2808/2601/1416 
f 2809/2602/1417 2805/2598/1410 2804/2597/1409 2808/2601/1416 
f 2729/2522/1418 2704/2497/1408 2803/2596/1407 2810/2603/1419 
f 2810/2603/1419 2803/2596/1407 2796/2589/1397 2798/2591/1398 
f 2758/2551/1368 2811/2604/1420 2810/2603/1419 2798/2591/1398 
f 2811/2604/1420 2726/2519/1421 2729/2522/1418 2810/2603/1419 
f 2733/2526/1422 2812/2605/1423 2813/2606/1424 2731/2524/1425 
f 2764/2557/1370 2813/2606/1424 2812/2605/1423 2765/2558/1371 
f 2813/2606/1424 2764/2557/1370 2757/2550/1367 2756/2549/1366 
f 2813/2606/1424 2756/2549/1366 2725/2518/1365 2731/2524/1425 
f 2726/2519/1421 2811/2604/1420 2814/2607/1426 2735/2528/1427 
f 2811/2604/1420 2758/2551/1368 2761/2554/1369 2814/2607/1426 
f 2812/2605/1423 2814/2607/1426 2761/2554/1369 2765/2558/1371 
f 2733/2526/1422 2735/2528/1427 2814/2607/1426 2812/2605/1423 
f 2815/2608/1428 2816/2609/1429 2817/2610/1430 2818/2611/1431 
f 2816/2609/1429 2819/2612/1432 2820/2613/1433 2817/2610/1430 
f 2785/2578/1387 2817/2610/1430 2820/2613/1433 2786/2579/1388 
f 2784/2577/1386 2818/2611/1431 2817/2610/1430 2785/2578/1387 
f 2821/2614/1434 2822/2615/1435 2809/2602/1417 2823/2616/1436 
f 2823/2616/1436 2824/2617/1437 2825/2618/1438 2821/2614/1434 
f 2818/2611/1431 2821/2614/1434 2825/2618/1438 2815/2608/1428 
f 2784/2577/1386 2822/2615/1435 2821/2614/1434 2818/2611/1431 
f 2826/2619/1439 2692/2485/1440 2744/2537/1441 2827/2620/1442 
f 2747/2540/1443 2828/2621/1444 2827/2620/1442 2744/2537/1441 
f 2778/2571/1380 2781/2574/1383 2827/2620/1442 2828/2621/1444 
f 2826/2619/1439 2827/2620/1442 2781/2574/1383 2786/2579/1388 
f 2829/2622/1445 2830/2623/1446 2783/2576/1385 2782/2575/1472 
f 2806/2599/1411 2805/2598/1410 2830/2623/1446 2829/2622/1445 
f 2809/2602/1417 2822/2615/1435 2830/2623/1446 2805/2598/1410 
f 2830/2623/1446 2822/2615/1435 2784/2577/1386 2783/2576/1385 
f 2831/2624/1473 2739/2532/1448 2738/2531/1449 2832/2625/1450 
f 2832/2625/1450 2738/2531/1449 2715/2508/1451 2833/2626/1452 
f 2819/2612/1432 2816/2609/1429 2832/2625/1450 2833/2626/1452 
f 2815/2608/1428 2831/2624/1473 2832/2625/1450 2816/2609/1429 
f 2715/2508/1451 2714/2507/1453 2834/2627/1454 2833/2626/1452 
f 2714/2507/1453 2692/2485/1440 2826/2619/1439 2834/2627/1454 
f 2826/2619/1439 2786/2579/1388 2820/2613/1433 2834/2627/1454 
f 2820/2613/1433 2819/2612/1432 2833/2626/1452 2834/2627/1454 
f 2808/2601/1416 2703/2496/1415 2711/2504/1455 2835/2628/1456 
f 2835/2628/1456 2711/2504/1455 2712/2505/1457 2836/2629/1458 
f 2836/2629/1458 2824/2617/1437 2823/2616/1436 2835/2628/1456 
f 2823/2616/1436 2809/2602/1417 2808/2601/1416 2835/2628/1456 
f 2712/2505/1457 2743/2536/1459 2837/2630/1460 2836/2629/1458 
f 2739/2532/1448 2831/2624/1473 2837/2630/1460 2743/2536/1459 
f 2815/2608/1428 2825/2618/1438 2837/2630/1460 2831/2624/1473 
f 2824/2617/1437 2836/2629/1458 2837/2630/1460 2825/2618/1438 
f 2838/2631/1461 2828/2621/1444 2747/2540/1443 2775/2568/1462 
f 2777/2570/1463 2839/2632/1464 2838/2631/1461 2775/2568/1462 
f 2839/2632/1464 2782/2575/1472 2779/2572/1381 2838/2631/1461 
f 2828/2621/1444 2838/2631/1461 2779/2572/1381 2778/2571/1380 
f 2839/2632/1464 2777/2570/1463 2787/2580/1465 2840/2633/1466 
f 2792/2585/1413 2807/2600/1412 2840/2633/1466 2787/2580/1465 
f 2806/2599/1411 2829/2622/1445 2840/2633/1466 2807/2600/1412 
f 2840/2633/1466 2829/2622/1445 2782/2575/1472 2839/2632/1464 
# 1156 polygons

#
# object Plane_003_Plane_016
#

v  -0.8670 0.0144 4.6353
v  -0.8851 -0.0420 4.5984
v  -0.8866 -0.0733 4.6099
v  -0.8766 -0.0501 4.6358
v  -0.8813 -0.0147 4.5850
v  -0.8568 0.0616 4.6316
v  -0.8596 0.0365 4.6624
v  -0.8716 -0.0400 4.6584
v  -0.8389 0.1210 4.6758
v  -0.9054 -0.1204 4.5646
v  -0.8985 -0.1317 4.5949
v  -0.9254 -0.2117 4.5345
v  -0.9140 -0.2183 4.5749
v  -0.9073 -0.1054 4.5406
v  -0.9320 -0.2038 4.5006
v  -0.8892 -0.1293 4.6273
v  -0.8849 -0.1259 4.6511
v  -0.9026 -0.2184 4.6142
v  -0.8981 -0.2182 4.6417
v  -0.9999 -0.9091 4.4422
v  -0.9893 -0.9095 4.4859
v  -0.9747 -0.8195 4.5132
v  -0.9873 -0.8185 4.4650
v  -0.9876 -0.9105 4.5148
v  -0.9720 -0.8212 4.5448
v  -1.0051 -0.9835 4.4533
v  -1.0132 -0.9835 4.4160
v  -1.0045 -0.9843 4.4781
v  -0.9613 -0.7194 4.5362
v  -0.9753 -0.7176 4.4854
v  -0.9488 -0.6147 4.5556
v  -0.9637 -0.6124 4.5040
v  -0.9578 -0.7217 4.5692
v  -0.9447 -0.6177 4.5892
v  -0.9926 -0.7170 4.4293
v  -1.0031 -0.8189 4.4117
v  -1.0057 -0.7182 4.3805
v  -1.0149 -0.8211 4.3651
v  -0.9818 -0.6111 4.4469
v  -0.9956 -0.6115 4.3972
v  -1.0136 -0.9107 4.3929
v  -1.0247 -0.9864 4.3721
v  -1.0238 -0.9143 4.3496
v  -1.0332 -0.9917 4.3326
v  -2.4000 0.4988 2.1847
v  -2.4354 0.5102 2.1723
v  -2.4842 0.4208 2.0920
v  -2.4474 0.4111 2.1061
v  -2.4616 0.5236 2.1485
v  -2.5116 0.4315 2.0663
v  -2.3720 0.5938 2.2754
v  -2.3384 0.5810 2.2855
v  -2.3964 0.6092 2.2542
v  -2.5198 0.3239 2.0327
v  -2.4821 0.3164 2.0482
v  -2.5436 0.2182 1.9925
v  -2.5053 0.2129 2.0091
v  -2.5481 0.3317 2.0056
v  -2.5725 0.2230 1.9644
v  -2.4425 0.3101 2.0534
v  -2.4087 0.4034 2.1102
v  -2.4084 0.3058 2.0497
v  -2.3751 0.3985 2.1057
v  -2.4651 0.2081 2.0153
v  -2.4305 0.2046 2.0124
v  -2.3623 0.4900 2.1873
v  -2.3025 0.5714 2.2864
v  -2.3296 0.4845 2.1819
v  -2.2709 0.5658 2.2799
v  -0.9522 -0.5088 4.5216
v  -0.9372 -0.5115 4.5725
v  -0.9261 -0.4104 4.5875
v  -0.9404 -0.4079 4.5388
v  -0.9328 -0.5147 4.6058
v  -0.9215 -0.4133 4.6197
v  -0.9147 -0.3124 4.6012
v  -0.9278 -0.3107 4.5564
v  -0.9101 -0.3142 4.6314
v  -0.9425 -0.3069 4.5084
v  -0.9572 -0.4055 4.4857
v  -0.9526 -0.3034 4.4673
v  -0.9697 -0.4044 4.4396
v  -0.9702 -0.5071 4.4654
v  -0.9838 -0.5070 4.4166
v  -2.4782 -0.3543 2.0548
v  -2.5173 -0.3593 2.0368
v  -2.4845 -0.4554 2.0921
v  -2.4461 -0.4486 2.1090
v  -2.5127 -0.4653 2.0652
v  -2.5462 -0.3672 2.0088
v  -2.5010 -0.2521 2.0164
v  -2.5405 -0.2552 1.9978
v  -2.5697 -0.2610 1.9691
v  -2.4409 -0.5465 2.1656
v  -2.4035 -0.5379 2.1807
v  -2.3494 -0.6253 2.2720
v  -2.3855 -0.6358 2.2591
v  -2.4682 -0.5584 2.1402
v  -2.4114 -0.6497 2.2360
v  -2.3636 -0.5324 2.1865
v  -2.4052 -0.4446 2.1163
v  -2.3287 -0.5300 2.1840
v  -2.3697 -0.4432 2.1149
v  -2.3106 -0.6182 2.2758
v  -2.2766 -0.6148 2.2718
v  -2.4367 -0.3518 2.0632
v  -2.4592 -0.2510 2.0252
v  -2.4008 -0.3513 2.0625
v  -2.4232 -0.2514 2.0248
v  -0.9070 -0.1396 4.6502
v  -0.9189 -0.1294 4.6429
v  -0.8943 -0.0473 4.6574
v  -0.8936 -0.0790 4.6574
v  -0.9272 -0.1129 4.6400
v  -0.8945 -0.0161 4.6605
v  -0.9249 -0.2280 4.6381
v  -0.9430 -0.2245 4.6255
v  -0.9585 -0.2178 4.6168
v  -0.8716 0.0120 4.6669
v  -0.8803 -0.0536 4.6629
v  -0.8635 0.0639 4.6752
v  -0.8932 -0.1338 4.6558
v  -0.9077 -0.2237 4.6466
v  -2.2825 -0.7138 2.3847
v  -2.3170 -0.7263 2.3747
v  -2.2365 -0.8147 2.5104
v  -2.2040 -0.8003 2.5172
v  -2.3412 -0.7423 2.3544
v  -2.2587 -0.8326 2.4934
v  -2.1451 -0.8977 2.6645
v  -2.1148 -0.8819 2.6677
v  -2.0158 -0.9553 2.8345
v  -2.0439 -0.9719 2.8352
v  -2.1651 -0.9171 2.6513
v  -2.0615 -0.9920 2.8261
v  -2.0809 -0.8704 2.6632
v  -2.1683 -0.7901 2.5158
v  -2.1365 -0.7846 2.5082
v  -2.0503 -0.8641 2.6536
v  -1.9839 -0.9431 2.8268
v  -1.9546 -0.9364 2.8149
v  -2.2452 -0.7051 2.3861
v  -2.2122 -0.7006 2.3805
v  -1.7954 -1.0686 3.2062
v  -1.9082 -1.0175 3.0160
v  -1.9339 -1.0341 3.0207
v  -1.8187 -1.0844 3.2149
v  -1.8314 -1.1031 3.2140
v  -1.9490 -1.0538 3.0157
v  -1.7021 -1.1233 3.4115
v  -1.6810 -1.1085 3.3991
v  -1.5877 -1.1510 3.6044
v  -1.5684 -1.1373 3.5890
v  -1.7125 -1.1406 3.4147
v  -1.5959 -1.1668 3.6113
v  -1.6548 -1.0975 3.3818
v  -1.7675 -1.0568 3.1917
v  -1.6292 -1.0917 3.3637
v  -1.7408 -1.0505 3.1755
v  -1.5435 -1.1271 3.5694
v  -1.5186 -1.1219 3.5501
v  -1.8783 -1.0053 3.0048
v  -1.8504 -0.9986 2.9907
v  -2.5183 0.0990 1.9872
v  -2.5571 0.1021 1.9696
v  -2.5608 -0.0192 1.9634
v  -2.5215 -0.0201 1.9817
v  -2.5864 0.1039 1.9410
v  -2.5903 -0.0200 1.9344
v  -2.5156 -0.1389 1.9917
v  -2.5551 -0.1400 1.9730
v  -2.5846 -0.1434 1.9440
v  -2.4739 -0.1393 2.0004
v  -2.4802 -0.0220 1.9899
v  -2.4380 -0.1405 1.9998
v  -2.4446 -0.0240 1.9886
v  -2.4775 0.0956 1.9945
v  -2.4423 0.0928 1.9925
v  -1.4612 -1.1549 3.7698
v  -1.4791 -1.1677 3.7876
v  -1.3800 -1.1740 3.9558
v  -1.3628 -1.1618 3.9371
v  -1.4853 -1.1825 3.7977
v  -1.3842 -1.1879 3.9688
v  -1.2940 -1.1702 4.1040
v  -1.2767 -1.1587 4.0863
v  -1.2248 -1.1569 4.2272
v  -1.2087 -1.1462 4.2106
v  -1.2957 -1.1832 4.1196
v  -1.2233 -1.1686 4.2450
v  -1.2469 -1.1494 4.0729
v  -1.3375 -1.1527 3.9176
v  -1.2175 -1.1451 4.0584
v  -1.3118 -1.1484 3.8991
v  -1.1769 -1.1370 4.2027
v  -1.1225 -1.1277 4.2199
v  -1.4371 -1.1454 3.7489
v  -1.4125 -1.1408 3.7291
v  -1.4729 1.0730 3.6524
v  -1.6197 1.0215 3.4319
v  -1.6019 1.0143 3.4402
v  -1.4441 1.0720 3.6835
v  -1.4898 1.0782 3.6316
v  -1.6303 1.0321 3.4234
v  -1.3500 1.1141 3.8375
v  -1.3036 1.1199 3.9015
v  -1.3954 1.1065 3.7709
v  -1.7824 0.9594 3.1881
v  -1.7656 0.9489 3.1882
v  -1.9418 0.8911 2.9478
v  -1.9212 0.8790 2.9479
v  -1.7926 0.9734 3.1827
v  -1.9548 0.9070 2.9405
v  -1.7458 0.9424 3.1842
v  -1.5832 1.0099 3.4427
v  -1.7267 0.9404 3.1773
v  -1.5657 1.0091 3.4409
v  -1.8976 0.8712 2.9425
v  -1.8755 0.8680 2.9334
v  -1.4210 1.0708 3.7010
v  -1.2705 1.1223 3.9421
v  -1.4023 1.0714 3.7088
v  -1.2463 1.1244 3.9655
v  -2.1674 0.7349 2.5609
v  -2.0546 0.8079 2.7395
v  -2.0789 0.8210 2.7379
v  -2.1953 0.7485 2.5567
v  -2.2144 0.7658 2.5427
v  -2.0950 0.8380 2.7275
v  -2.2615 0.6595 2.4103
v  -2.2924 0.6730 2.4031
v  -2.3144 0.6898 2.3853
v  -2.2279 0.6497 2.4089
v  -2.1368 0.7254 2.5573
v  -2.1093 0.7205 2.5482
v  -2.1982 0.6443 2.4010
v  -2.0273 0.7991 2.7344
v  -2.0024 0.7949 2.7247
v  -0.9493 -0.8638 4.6324
v  -0.9685 -0.9463 4.6004
v  -0.8987 -0.9579 4.6427
v  -0.8761 -0.8771 4.6805
v  -0.7977 -0.8911 4.7307
v  -0.8239 -0.9701 4.6865
v  -0.9914 -1.0189 4.5614
v  -0.9260 -1.0293 4.5968
v  -0.8555 -1.0402 4.6332
v  -0.9326 -0.7731 4.6591
v  -0.8571 -0.7881 4.7118
v  -0.8406 -0.6922 4.7380
v  -0.9169 -0.6761 4.6826
v  -0.7763 -0.8040 4.7668
v  -0.7590 -0.7091 4.7959
v  -0.9973 -0.7598 4.6111
v  -1.0119 -0.8520 4.5882
v  -1.0458 -0.7490 4.5700
v  -1.0587 -0.8426 4.5502
v  -0.9823 -0.6618 4.6322
v  -1.0315 -0.6500 4.5892
v  -1.0279 -0.9361 4.5614
v  -1.0468 -1.0097 4.5283
v  -1.0719 -0.9279 4.5271
v  -1.0871 -1.0021 4.4983
v  -2.4691 0.5536 2.0646
v  -2.4586 0.5696 2.0112
v  -2.5113 0.4653 1.9231
v  -2.5210 0.4538 1.9785
v  -2.4440 0.5859 1.9544
v  -2.4974 0.4768 1.8644
v  -2.4013 0.6456 2.1760
v  -2.3898 0.6656 2.1256
v  -2.3743 0.6861 2.0718
v  -2.5494 0.3523 1.8591
v  -2.5587 0.3458 1.9155
v  -2.5743 0.2304 1.8170
v  -2.5836 0.2288 1.8735
v  -2.5358 0.3587 1.7995
v  -2.5608 0.2318 1.7573
v  -2.5596 0.3390 1.9654
v  -2.5225 0.4426 2.0273
v  -2.5844 0.2264 1.9237
v  -2.4715 0.5381 2.1115
v  -2.4048 0.6267 2.2200
v  -0.8834 -0.4660 4.7262
v  -0.9009 -0.5745 4.7047
v  -0.8257 -0.5904 4.7607
v  -0.8112 -0.4803 4.7810
v  -0.7452 -0.6071 4.8192
v  -0.7339 -0.4953 4.8382
v  -0.8633 -0.3480 4.7483
v  -0.7960 -0.3593 4.8003
v  -0.7792 -0.2250 4.8199
v  -0.8393 -0.2181 4.7718
v  -0.7242 -0.3713 4.8545
v  -0.7152 -0.2325 4.8697
v  -0.9213 -0.3381 4.7007
v  -0.9455 -0.4532 4.6763
v  -0.9655 -0.3303 4.6596
v  -0.9925 -0.4428 4.6337
v  -0.8915 -0.2126 4.7275
v  -0.9319 -0.2089 4.6885
v  -0.9655 -0.5603 4.6537
v  -1.0141 -0.5487 4.6103
v  -2.5417 -0.4074 1.8720
v  -2.5071 -0.5114 1.9304
v  -2.5195 -0.4941 1.9816
v  -2.5538 -0.3921 1.9237
v  -2.5251 -0.4236 1.8176
v  -2.4902 -0.5296 1.8765
v  -2.5782 -0.2814 1.8827
v  -2.5665 -0.2944 1.8303
v  -2.5502 -0.3082 1.7752
v  -2.4609 -0.6100 2.0083
v  -2.4737 -0.5909 2.0588
v  -2.4150 -0.6859 2.1578
v  -2.4014 -0.7068 2.1086
v  -2.4436 -0.6299 1.9551
v  -2.3835 -0.7285 2.0565
v  -2.4776 -0.5734 2.1037
v  -2.5229 -0.4785 2.0274
v  -2.4198 -0.6666 2.2012
v  -2.5568 -0.3784 1.9702
v  -2.5808 -0.2700 1.9298
v  -2.2559 -0.8768 2.4261
v  -2.3420 -0.7827 2.2810
v  -2.3271 -0.8056 2.2339
v  -2.2394 -0.9014 2.3818
v  -2.3079 -0.8292 2.1838
v  -2.2186 -0.9269 2.3344
v  -2.1399 -0.9896 2.5497
v  -2.1582 -0.9638 2.5908
v  -2.0503 -1.0394 2.7728
v  -2.0299 -1.0652 2.7350
v  -2.1172 -1.0161 2.5054
v  -2.0053 -1.0918 2.6941
v  -2.1681 -0.9394 2.6257
v  -2.2638 -0.8536 2.4643
v  -2.0622 -1.0147 2.8042
v  -2.3481 -0.7613 2.3221
v  -1.8114 -1.1447 3.1756
v  -1.9335 -1.0991 2.9698
v  -1.9111 -1.1235 2.9354
v  -1.7870 -1.1668 3.1448
v  -1.8846 -1.1485 2.8977
v  -1.7584 -1.1893 3.1105
v  -1.6877 -1.1778 3.3842
v  -1.6609 -1.1973 3.3573
v  -1.5661 -1.2001 3.5894
v  -1.5365 -1.2173 3.5671
v  -1.6300 -1.2170 3.3271
v  -1.5028 -1.2346 3.5416
v  -1.8276 -1.1233 3.1998
v  -1.7063 -1.1588 3.4045
v  -1.5873 -1.1832 3.6052
v  -1.9475 -1.0757 2.9977
v  -2.5877 0.0993 1.7945
v  -2.5903 -0.0355 1.7901
v  -2.6006 -0.0288 1.8449
v  -2.5973 0.1021 1.8503
v  -2.5737 0.0961 1.7356
v  -2.5756 -0.0428 1.7325
v  -2.5829 -0.1686 1.8025
v  -2.5940 -0.1585 1.8560
v  -2.5674 -0.1794 1.7463
v  -2.5960 -0.1498 1.9041
v  -2.6020 -0.0234 1.8939
v  -2.5983 0.1038 1.9002
v  -1.3427 -1.2171 3.9661
v  -1.4500 -1.2133 3.7851
v  -1.4172 -1.2291 3.7683
v  -1.3061 -1.2320 3.9556
v  -1.3800 -1.2450 3.7486
v  -1.2650 -1.2470 3.9425
v  -1.2064 -1.2252 4.1238
v  -1.2472 -1.2109 4.1273
v  -1.1211 -1.2080 4.2676
v  -1.1666 -1.1944 4.2637
v  -1.1609 -1.2397 4.1181
v  -1.0709 -1.2218 4.2700
v  -1.2786 -1.1968 4.1266
v  -1.3703 -1.2023 3.9714
v  -1.2022 -1.1812 4.2566
v  -1.4742 -1.1978 3.7959
v  -1.4321 1.1252 3.6832
v  -1.6016 1.0819 3.4096
v  -1.6153 1.0641 3.4170
v  -1.4525 1.1093 3.6694
v  -1.4138 1.1403 3.6916
v  -1.5868 1.1001 3.3999
v  -1.2743 1.1599 3.9392
v  -1.3078 1.1443 3.8954
v  -1.2463 1.1737 3.9742
v  -1.7724 1.0307 3.1341
v  -1.7851 1.0098 3.1541
v  -1.9341 0.9721 2.8729
v  -1.9480 0.9484 2.9007
v  -1.7572 1.0524 3.1125
v  -1.9172 0.9966 2.8428
v  -1.7926 0.9904 3.1709
v  -1.6268 1.0469 3.4200
v  -1.9559 0.9264 2.9240
v  -1.4774 1.0920 3.6447
v  -1.3523 1.1249 3.8336
v  -1.0003 -1.1403 4.4713
v  -1.0559 -1.1291 4.4515
v  -1.1039 -1.1672 4.3699
v  -1.0534 -1.1797 4.3818
v  -0.9981 -1.1924 4.3927
v  -0.9398 -1.1519 4.4910
v  -0.9588 -1.0902 4.5413
v  -1.0195 -1.0798 4.5135
v  -0.8932 -1.1010 4.5696
v  -1.1015 -1.1186 4.4312
v  -1.0701 -1.0703 4.4867
v  -1.1059 -1.0621 4.4612
v  -1.1322 -1.1092 4.4103
v  -1.1444 -1.1553 4.3564
v  -1.1701 -1.1443 4.3401
v  -2.0761 0.9065 2.6418
v  -2.1991 0.8338 2.4405
v  -2.2127 0.8092 2.4816
v  -2.0903 0.8816 2.6767
v  -2.0587 0.9322 2.6042
v  -2.1819 0.8591 2.3964
v  -2.3161 0.7307 2.3148
v  -2.3035 0.7536 2.2685
v  -2.2870 0.7771 2.2190
v  -2.3211 0.7092 2.3548
v  -2.2190 0.7863 2.5167
v  -2.0977 0.8585 2.7062
v  -1.1429 1.1615 4.1493
v  -1.0289 1.1923 4.3381
v  -1.1007 1.1829 4.2247
v  -1.1920 1.1558 4.0777
v  -0.9760 1.1979 4.4163
v  -1.1075 1.1651 4.1956
v  -0.9188 1.2185 4.5241
v  -1.0214 1.2045 4.3550
v  -0.8107 1.2425 4.7087
v  -0.9481 1.2232 4.4770
v  -0.8419 1.2269 4.6451
v  -0.6767 1.2601 4.9347
v  -1.1386 1.1857 4.1616
v  -1.1921 1.1679 4.0788
v  -1.0921 1.2008 4.2341
v  -1.2595 1.1449 3.9752
v  -1.0953 -0.9224 4.4992
v  -1.0843 -0.8362 4.5201
v  -1.0920 -0.8321 4.4998
v  -1.1014 -0.9188 4.4796
v  -1.1072 -0.9967 4.4727
v  -1.1109 -0.9930 4.4537
v  -1.0727 -0.7416 4.5382
v  -1.0812 -0.7367 4.5171
v  -1.0589 -0.6418 4.5562
v  -1.0679 -0.6363 4.5345
v  -1.0849 -0.8296 4.4906
v  -1.0744 -0.7335 4.5081
v  -1.0663 -0.8278 4.4944
v  -1.0556 -0.7311 4.5128
v  -1.0614 -0.6324 4.5255
v  -1.0426 -0.6295 4.5305
v  -1.0937 -0.9166 4.4702
v  -1.1018 -0.9902 4.4436
v  -1.0754 -0.9149 4.4727
v  -1.0834 -0.9878 4.4450
v  -1.0231 -0.9117 4.5083
v  -1.0499 -0.9131 4.4890
v  -1.0394 -0.8260 4.5126
v  -1.0106 -0.8242 4.5342
v  -1.0353 -0.9835 4.4770
v  -1.0595 -0.9852 4.4599
v  -1.0278 -0.7288 4.5325
v  -0.9977 -0.7264 4.5561
v  -1.0147 -0.6265 4.5510
v  -0.9845 -0.6236 4.5753
v  -0.9721 -0.7241 4.5721
v  -0.9860 -0.8227 4.5484
v  -0.9589 -0.6206 4.5919
v  -1.0006 -0.9110 4.5196
v  -1.0158 -0.9837 4.4845
v  -1.0507 -0.5347 4.5551
v  -1.0415 -0.5404 4.5770
v  -1.0192 -0.4355 4.6007
v  -1.0288 -0.4306 4.5786
v  -0.9912 -0.3253 4.6273
v  -1.0013 -0.3226 4.6048
v  -0.9675 -0.2092 4.6336
v  -0.9564 -0.2079 4.6568
v  -0.9984 -0.3215 4.5933
v  -1.0240 -0.4273 4.5684
v  -0.9852 -0.3217 4.5937
v  -1.0079 -0.4249 4.5714
v  -0.9674 -0.2126 4.6198
v  -1.0448 -0.5307 4.5457
v  -1.0269 -0.5275 4.5502
v  -0.9709 -0.5211 4.5931
v  -1.0000 -0.5243 4.5697
v  -0.9833 -0.4227 4.5886
v  -0.9566 -0.4201 4.6095
v  -0.9644 -0.3225 4.6073
v  -0.9413 -0.3220 4.6245
v  -0.9211 -0.3183 4.6359
v  -0.9338 -0.4167 4.6234
v  -0.9462 -0.5179 4.6089
v  -1.0273 -1.0356 4.3859
v  -1.0368 -1.0401 4.3481
v  -1.0497 -1.0750 4.3267
v  -1.0390 -1.0619 4.3609
v  -1.0438 -1.0475 4.3129
v  -1.0586 -1.0856 4.2897
v  -1.0636 -1.0945 4.3133
v  -1.0412 -1.0712 4.3684
v  -1.0741 -1.1000 4.3162
v  -1.0452 -1.0737 4.3801
v  -1.0805 -1.1101 4.2623
v  -1.0221 -1.0358 4.4146
v  -1.0229 -1.0369 4.4336
v  -2.1439 1.2205 2.4605
v  -2.0557 1.1595 2.6091
v  -1.8998 1.1684 2.8721
v  -1.8730 1.2040 2.9173
v  -2.2046 1.1276 2.3582
v  -2.3573 1.1976 2.1006
v  -1.7656 1.2384 3.0983
v  -2.1007 1.2705 2.5332
v  -2.6413 1.3264 1.6216
v  -1.7702 1.1404 3.0905
v  -1.9187 1.1045 2.8402
v  -2.0590 1.0612 2.6035
v  -1.6351 1.1753 3.3184
v  -1.4909 1.2061 3.5617
v  -2.2887 1.0664 2.2162
v  -2.4228 1.1084 1.9900
v  -2.4006 0.9904 2.0275
v  -2.3185 1.0000 2.1660
v  -2.4777 0.9405 1.8976
v  -2.5304 1.0737 1.8087
v  -2.3507 0.8815 2.1116
v  -2.2631 0.9418 2.2593
v  -2.4258 0.8121 1.9850
v  -2.1699 1.0044 2.4166
v  -2.5695 0.9059 1.7428
v  -2.5683 0.6910 1.7447
v  -2.5387 0.7164 1.7947
v  -2.5223 0.8363 1.8224
v  -2.6080 0.8206 1.6777
v  -2.5933 0.5638 1.7025
v  -2.5551 0.5151 1.7670
v  -2.5229 0.6204 1.8213
v  -2.5774 0.3796 1.7294
v  -2.4815 0.7222 1.8911
v  -1.1154 1.2484 4.1949
v  -1.2879 1.2740 3.9039
v  -1.5587 1.2602 3.4474
v  -1.3150 1.2299 3.8583
v  -0.9893 1.2845 4.4075
v  -0.9000 1.2635 4.5581
v  -0.6767 1.2767 4.9346
v  -0.6767 1.2933 4.9346
v  -1.0786 1.3054 4.2569
v  -1.4709 1.3001 3.5954
v  -1.1679 1.3264 4.1063
v  -1.6591 1.3264 3.2780
v  -0.6768 1.3099 4.9345
v  -0.6768 1.3264 4.9345
v  -1.8440 1.2927 2.9662
v  -2.1502 1.3264 2.4498
v  -2.5626 -0.7309 1.7544
v  -2.5343 -0.7547 1.8020
v  -2.5170 -0.6645 1.8312
v  -2.5466 -0.5675 1.7814
v  -2.5692 -0.4394 1.7432
v  -2.5878 -0.6067 1.7119
v  -2.5676 -0.9334 1.7460
v  -2.5215 -0.8678 1.8237
v  -2.5360 -1.0967 1.7992
v  -2.4839 -0.9700 1.8871
v  -2.6055 -0.8460 1.6821
v  -2.6413 -1.3316 1.6216
v  -2.4811 -0.7595 1.8918
v  -2.4333 -0.8480 1.9724
v  -2.3681 -0.9256 2.0824
v  -2.4167 -1.0280 2.0004
v  -2.3453 -1.0488 2.1209
v  -2.2934 -0.9985 2.2083
v  -2.4423 -1.1424 1.9573
v  -2.3237 -1.1185 2.1573
v  -2.2589 -1.1844 2.2665
v  -2.3936 -1.2324 2.0393
v  -2.2174 -1.0727 2.3366
v  -2.1305 -1.1378 2.4830
v  -2.1419 -1.2199 2.4637
v  -2.2194 -1.2615 2.3331
v  -1.9976 -1.2551 2.7071
v  -2.0168 -1.2306 2.6747
v  -2.1725 -1.2952 2.4123
v  -1.9014 -1.2757 2.8694
v  -1.9106 -1.2146 2.8538
v  -1.8062 -1.2386 3.0299
v  -1.6877 -1.2553 3.2297
v  -2.0235 -1.1830 2.6634
v  -2.6073 -0.0229 1.6789
v  -2.6054 0.3035 1.6822
v  -2.6230 0.4701 1.6525
v  -2.6241 -0.0128 1.6506
v  -2.6413 0.6619 1.6216
v  -2.6413 -0.0026 1.6216
v  -2.6213 -0.4953 1.6553
v  -2.6021 -0.3485 1.6878
v  -2.6413 -0.6671 1.6216
v  -2.5844 -0.2515 1.7177
v  -2.5913 -0.0329 1.7060
v  -2.5892 0.1872 1.7095
v  -1.1382 -1.0942 4.3703
v  -1.1649 -1.1254 4.3031
v  -1.1760 -1.1344 4.3202
v  -1.1431 -1.1012 4.3886
v  -1.1217 -1.0558 4.4376
v  -1.1217 -1.0507 4.4189
v  -1.1101 -1.0463 4.4082
v  -1.1217 -1.0877 4.3599
v  -1.0910 -1.0420 4.4086
v  -1.0988 -1.0808 4.3624
v  -1.1396 -1.1172 4.2949
v  -1.1078 -1.1072 4.3052
v  -0.8908 0.0085 4.6739
v  -0.9303 -0.0996 4.6477
v  -0.9264 -0.0892 4.6645
v  -0.8821 0.0278 4.6951
v  -0.9137 -0.0816 4.6893
v  -0.8674 0.0429 4.7220
v  -0.8906 -0.0767 4.7207
v  -0.8455 0.0559 4.7534
v  -0.8218 0.1548 4.7521
v  -0.8386 0.1318 4.7225
v  -0.7809 0.2434 4.7770
v  -0.7997 0.2137 4.7448
v  -0.8006 0.1784 4.7842
v  -0.7605 0.2752 4.8094
v  -0.8525 0.1027 4.6954
v  -0.8183 0.1756 4.7118
v  -1.0835 -1.1221 4.2285
v  -1.0576 -1.0959 4.2666
v  -1.0494 -1.1063 4.2543
v  -1.0769 -1.1326 4.2093
v  -1.1221 -1.1484 4.1345
v  -1.1286 -1.1385 4.1584
v  -1.0419 -1.0562 4.2917
v  -1.0334 -1.0658 4.2809
v  -1.0321 -0.9989 4.3089
v  -1.0239 -1.0074 4.2970
v  -1.0203 -1.0760 4.2772
v  -1.0365 -1.1170 4.2498
v  -1.0051 -1.0865 4.2769
v  -1.0214 -1.1279 4.2493
v  -1.0109 -1.0169 4.2930
v  -0.9956 -1.0268 4.2929
v  -1.0648 -1.1435 4.2022
v  -1.1104 -1.1593 4.1253
v  -1.0500 -1.1547 4.2012
v  -1.0960 -1.1706 4.1236
v  -2.3088 0.4832 2.1702
v  -2.3540 0.3971 2.0942
v  -2.3422 0.3984 2.0775
v  -2.2970 0.4850 2.1537
v  -2.2388 0.5671 2.2517
v  -2.2507 0.5647 2.2679
v  -2.3754 0.3053 2.0216
v  -2.3871 0.3044 2.0385
v  -2.4090 0.2032 2.0016
v  -2.3973 0.2036 1.9847
v  -2.3701 0.3075 2.0010
v  -2.3367 0.4014 2.0573
v  -2.3680 0.3105 1.9785
v  -2.3343 0.4053 2.0354
v  -2.3921 0.2050 1.9638
v  -2.3903 0.2070 1.9410
v  -2.2912 0.4888 2.1341
v  -2.2326 0.5716 2.2329
v  -2.2883 0.4936 2.1130
v  -2.2292 0.5774 2.2127
v  -2.1467 1.3411 2.4297
v  -1.6515 1.3411 3.2648
v  -1.6439 1.3558 3.2516
v  -2.1432 1.3558 2.4096
v  -2.6425 1.3558 1.5676
v  -2.6419 1.3411 1.5946
v  -1.1447 1.3558 4.0935
v  -1.1563 1.3411 4.0999
v  -0.6611 1.3411 4.9350
v  -0.6454 1.3558 4.9355
v  -1.6364 1.3705 3.2383
v  -1.1330 1.3705 4.0871
v  -1.1214 1.3852 4.0808
v  -1.6288 1.3852 3.2251
v  -0.6297 1.3705 4.9360
v  -0.6140 1.3852 4.9365
v  -2.1397 1.3705 2.3895
v  -2.6431 1.3705 1.5407
v  -2.1362 1.3852 2.3694
v  -2.6437 1.3852 1.5137
v  -1.0084 -0.8322 4.3233
v  -1.0159 -0.9276 4.3106
v  -1.0237 -0.9201 4.3236
v  -1.0158 -0.8258 4.3372
v  -1.0074 -0.7218 4.3513
v  -1.0004 -0.7272 4.3368
v  -0.9977 -0.6143 4.3676
v  -0.9908 -0.6187 4.3530
v  -0.9877 -0.7338 4.3322
v  -0.9957 -0.8398 4.3188
v  -0.9721 -0.7410 4.3325
v  -0.9802 -0.8480 4.3189
v  -0.9781 -0.6242 4.3484
v  -0.9624 -0.6303 4.3488
v  -1.0031 -0.9362 4.3063
v  -0.9876 -0.9453 4.3063
v  -2.3661 -0.3547 2.0373
v  -2.3784 -0.3524 2.0531
v  -2.3475 -0.4441 2.1053
v  -2.3351 -0.4467 2.0896
v  -2.3885 -0.2545 1.9994
v  -2.4007 -0.2527 2.0154
v  -2.3067 -0.5307 2.1740
v  -2.2942 -0.5336 2.1584
v  -2.2423 -0.6184 2.2460
v  -2.2549 -0.6152 2.2614
v  -2.2882 -0.5381 2.1392
v  -2.3293 -0.4506 2.0698
v  -2.2853 -0.5434 2.1180
v  -2.3268 -0.4550 2.0480
v  -2.2359 -0.6236 2.2273
v  -2.2325 -0.6297 2.2070
v  -2.3606 -0.3578 2.0171
v  -2.3832 -0.2568 1.9789
v  -2.3584 -0.3613 1.9948
v  -2.3812 -0.2593 1.9562
v  -0.7908 0.2201 4.7226
v  -0.7691 0.2638 4.7598
v  -0.7449 0.2904 4.7694
v  -0.7683 0.2434 4.7297
v  -0.7952 0.1820 4.6841
v  -0.8150 0.1630 4.6802
v  -0.7492 0.2979 4.7937
v  -0.7242 0.3268 4.8044
v  -0.7297 0.3306 4.8256
v  -0.7056 0.3576 4.8355
v  -0.7038 0.3386 4.8110
v  -0.7247 0.3012 4.7757
v  -0.7066 0.3041 4.7802
v  -0.6856 0.3419 4.8156
v  -0.6856 0.3690 4.8417
v  -0.6676 0.3726 4.8460
v  -0.7489 0.2528 4.7349
v  -0.7768 0.1895 4.6879
v  -0.7310 0.2552 4.7391
v  -0.7591 0.1914 4.6917
v  -0.7825 1.2269 4.7035
v  -0.8021 1.2286 4.6941
v  -0.9417 1.2016 4.4567
v  -0.9194 1.2043 4.4721
v  -0.6477 1.2464 4.9315
v  -0.6622 1.2532 4.9331
v  -1.0808 1.1698 4.2222
v  -1.0607 1.1752 4.2339
v  -1.2266 1.1292 3.9778
v  -1.2104 1.1360 3.9818
v  -1.0449 1.1811 4.2358
v  -0.9026 1.2068 4.4758
v  -1.0313 1.1873 4.2327
v  -0.8885 1.2092 4.4735
v  -1.1964 1.1443 3.9802
v  -1.1836 1.1532 3.9759
v  -0.7664 1.2250 4.7054
v  -0.6333 1.2395 4.9299
v  -0.7521 1.2229 4.7036
v  -0.6188 1.2326 4.9283
v  -0.6614 1.3192 4.9345
v  -0.6616 1.2972 4.9340
v  -0.6466 1.3011 4.9335
v  -0.6460 1.3285 4.9345
v  -0.6619 1.2752 4.9336
v  -0.6471 1.2737 4.9325
v  -0.6324 1.2722 4.9314
v  -0.6315 1.3050 4.9330
v  -0.6176 1.2707 4.9304
v  -0.6164 1.3089 4.9324
v  -0.6306 1.3377 4.9345
v  -0.6152 1.3470 4.9344
v  -0.9633 -0.4077 4.3992
v  -0.9787 -0.5125 4.3733
v  -0.9857 -0.5090 4.3875
v  -0.9708 -0.4053 4.4124
v  -0.9523 -0.3025 4.4431
v  -0.9440 -0.3035 4.4317
v  -0.9200 -0.1989 4.4720
v  -0.9295 -0.1999 4.4810
v  -0.9305 -0.3058 4.4287
v  -0.9502 -0.4112 4.3954
v  -0.9144 -0.3088 4.4299
v  -0.9343 -0.4152 4.3963
v  -0.9060 -0.1998 4.4701
v  -0.8896 -0.2018 4.4717
v  -0.9659 -0.5170 4.3690
v  -0.9501 -0.5221 4.3697
v  -2.1026 -0.7882 2.4817
v  -2.1781 -0.7042 2.3542
v  -2.1908 -0.7007 2.3694
v  -2.1155 -0.7844 2.4965
v  -2.0297 -0.8638 2.6412
v  -2.0165 -0.8679 2.6267
v  -1.9344 -0.9360 2.8019
v  -1.9210 -0.9405 2.7879
v  -2.0951 -0.7947 2.4648
v  -2.0084 -0.8749 2.6109
v  -2.0028 -0.8835 2.5944
v  -2.0903 -0.8024 2.4468
v  -1.9122 -0.9482 2.7732
v  -1.9056 -0.9574 2.7583
v  -2.1712 -0.7100 2.3364
v  -2.1672 -0.7169 2.3172
v  -0.9018 -0.0968 4.5270
v  -0.8719 0.0014 4.5779
v  -0.8585 0.0092 4.5757
v  -0.8907 -0.0929 4.5213
v  -0.8425 0.0890 4.6305
v  -0.8259 0.1024 4.6314
v  -0.8089 0.1076 4.6338
v  -0.8427 0.0119 4.5767
v  -0.7915 0.1086 4.6370
v  -0.8257 0.0121 4.5794
v  -0.8759 -0.0922 4.5208
v  -0.8592 -0.0931 4.5229
v  -2.6425 -0.0013 1.5676
v  -2.6425 -0.6798 1.5676
v  -2.6419 -0.6735 1.5946
v  -2.6419 -0.0019 1.5946
v  -2.6419 -1.3450 1.5946
v  -2.6425 -1.3584 1.5676
v  -2.6419 0.6696 1.5946
v  -2.6425 0.6773 1.5676
v  -2.6431 0.6849 1.5407
v  -2.6431 -0.0006 1.5407
v  -2.6437 0.6926 1.5137
v  -2.6437 -0.0000 1.5137
v  -2.6431 -0.6862 1.5407
v  -2.6431 -1.3718 1.5407
v  -2.6437 -0.6926 1.5137
v  -2.6437 -1.3852 1.5137
v  -1.8306 -0.9985 2.9770
v  -1.7213 -1.0509 3.1611
v  -1.7073 -1.0562 3.1483
v  -1.8169 -1.0035 2.9635
v  -1.6099 -1.0926 3.3491
v  -1.5954 -1.0984 3.3370
v  -1.4994 -1.1233 3.5354
v  -1.4843 -1.1295 3.5243
v  -1.6968 -1.0650 3.1364
v  -1.5840 -1.1076 3.3266
v  -1.6882 -1.0754 3.1250
v  -1.5743 -1.1184 3.3170
v  -1.4721 -1.1390 3.5154
v  -1.4612 -1.1501 3.5077
v  -1.8072 -1.0117 2.9502
v  -1.7997 -1.0216 2.9370
v  -1.5386 1.0201 3.4297
v  -1.3726 1.0833 3.7089
v  -1.3864 1.0759 3.7110
v  -1.5510 1.0129 3.4364
v  -1.7117 0.9432 3.1686
v  -1.6998 0.9497 3.1586
v  -1.8476 0.8754 2.9101
v  -1.8593 0.8698 2.9224
v  -1.6901 0.9586 3.1478
v  -1.5276 1.0295 3.4217
v  -1.5174 1.0401 3.4130
v  -1.6813 0.9688 3.1365
v  -1.8389 0.8835 2.8968
v  -1.8316 0.8928 2.8831
v  -1.3602 1.0926 3.7040
v  -1.3486 1.1028 3.6977
v  -2.4088 0.0913 1.9653
v  -2.4205 0.0915 1.9820
v  -2.4225 -0.0253 1.9787
v  -2.4106 -0.0261 1.9621
v  -2.4157 -0.1418 1.9902
v  -2.4036 -0.1432 1.9740
v  -2.4055 -0.0265 1.9413
v  -2.3984 -0.1446 1.9532
v  -2.4038 -0.0268 1.9182
v  -2.3966 -0.1460 1.9303
v  -2.4037 0.0919 1.9444
v  -2.4019 0.0928 1.9213
v  -1.3929 -1.1425 3.7149
v  -1.2929 -1.1508 3.8836
v  -1.2782 -1.1580 3.8719
v  -1.3772 -1.1491 3.7048
v  -1.2016 -1.1488 4.0374
v  -1.1912 -1.1574 4.0186
v  -1.1786 -1.1678 4.0104
v  -1.2647 -1.1680 3.8652
v  -1.2518 -1.1794 3.8609
v  -1.1648 -1.1792 4.0075
v  -1.3641 -1.1588 3.6975
v  -1.3521 -1.1701 3.6916
v  -2.0791 0.7244 2.5207
v  -1.9734 0.8004 2.6986
v  -1.9851 0.7958 2.7126
v  -2.0908 0.7205 2.5357
v  -2.1787 0.6437 2.3886
v  -2.1669 0.6467 2.3729
v  -2.1602 0.6521 2.3550
v  -2.0718 0.7307 2.5040
v  -2.0668 0.7382 2.4864
v  -2.1561 0.6588 2.3360
v  -1.9654 0.8076 2.6834
v  -1.9594 0.8161 2.6676
v  -0.7597 -0.0748 4.8410
v  -0.7381 0.0874 4.8632
v  -0.7782 0.0799 4.8253
v  -0.8105 -0.0739 4.7978
v  -0.6963 0.0931 4.9016
v  -0.7059 -0.0762 4.8855
v  -0.7441 0.2386 4.8535
v  -0.7152 0.2575 4.8862
v  -0.7090 0.3998 4.8820
v  -0.6915 0.4315 4.9096
v  -0.6866 0.2711 4.9180
v  -0.6768 0.4534 4.9345
v  -0.7736 0.2093 4.8187
v  -0.8149 0.0688 4.7883
v  -0.7319 0.3484 4.8489
v  -0.8551 -0.0744 4.7573
v  -1.0574 -1.0602 4.4063
v  -1.0512 -1.0702 4.3943
v  -1.0775 -1.0929 4.3435
v  -1.0751 -1.0722 4.3832
v  -1.0472 -1.0343 4.4389
v  -1.0685 -1.0373 4.4233
v  -1.0316 -1.0353 4.4420
v  -0.7096 0.3704 4.8568
v  -0.6907 0.4084 4.8859
v  -0.6728 0.4160 4.8895
v  -0.6884 0.3879 4.8638
v  -0.6751 0.4358 4.9113
v  -0.6587 0.4402 4.9131
v  -0.6611 0.4580 4.9350
v  -0.6454 0.4625 4.9355
v  -0.6422 0.4445 4.9148
v  -0.6554 0.4212 4.8926
v  -0.6258 0.4489 4.9165
v  -0.6383 0.4253 4.8955
v  -0.6297 0.4671 4.9360
v  -0.6140 0.4716 4.9365
v  -0.6696 0.3963 4.8686
v  -0.6520 0.4002 4.8723
v  -0.8655 -0.5221 4.3196
v  -0.9078 -0.5221 4.3446
v  -0.8920 -0.4152 4.3712
v  -0.8498 -0.4152 4.3462
v  -0.8779 -0.6303 4.2987
v  -0.9202 -0.6303 4.3238
v  -0.8721 -0.3088 4.4048
v  -0.8298 -0.3088 4.3798
v  -0.8051 -0.2018 4.4216
v  -0.8473 -0.2018 4.4466
v  -0.7876 -0.3088 4.3547
v  -0.8075 -0.4152 4.3211
v  -0.7652 -0.4152 4.2960
v  -0.7453 -0.3088 4.3296
v  -0.7628 -0.2018 4.3965
v  -0.7205 -0.2018 4.3714
v  -0.8233 -0.5221 4.2945
v  -0.8356 -0.6303 4.2736
v  -0.7810 -0.5221 4.2694
v  -0.7934 -0.6303 4.2486
v  -2.1249 -0.7169 2.2921
v  -2.0481 -0.8024 2.4217
v  -2.0058 -0.8024 2.3967
v  -2.0827 -0.7169 2.2670
v  -2.1480 -0.6297 2.1569
v  -2.1902 -0.6297 2.1820
v  -1.9606 -0.8835 2.5693
v  -1.9183 -0.8835 2.5443
v  -1.8211 -0.9574 2.7082
v  -1.8634 -0.9574 2.7332
v  -1.8760 -0.8835 2.5192
v  -1.9635 -0.8024 2.3716
v  -1.8338 -0.8835 2.4941
v  -1.9213 -0.8024 2.3466
v  -1.7788 -0.9574 2.6831
v  -1.7366 -0.9574 2.6580
v  -2.0404 -0.7169 2.2420
v  -2.1057 -0.6297 2.1319
v  -1.9981 -0.7169 2.2169
v  -2.0634 -0.6297 2.1068
v  -0.5294 -0.4568 4.8864
v  -0.5294 0.0074 4.8864
v  -0.5717 0.0074 4.9114
v  -0.5717 -0.4568 4.9114
v  -0.6140 0.0074 4.9365
v  -0.6140 -0.4568 4.9365
v  -0.5294 0.4716 4.8864
v  -0.5717 0.4716 4.9114
v  -0.5717 -0.9210 4.9114
v  -0.5294 -0.9210 4.8864
v  -0.5717 -1.3852 4.9114
v  -0.5294 -1.3852 4.8864
v  -0.6140 -0.9210 4.9365
v  -0.6140 -1.3852 4.9365
v  -0.4872 -0.9210 4.8613
v  -0.4872 -0.4568 4.8613
v  -0.4449 -0.4568 4.8362
v  -0.4449 -0.9210 4.8362
v  -0.4872 -1.3852 4.8613
v  -0.4449 -1.3852 4.8362
v  -0.4872 0.0074 4.8613
v  -0.4872 0.4716 4.8613
v  -0.4449 0.0074 4.8362
v  -0.4449 0.4716 4.8362
v  -2.3193 -0.0268 1.8681
v  -2.3174 0.0928 1.8712
v  -2.3597 0.0928 1.8963
v  -2.3615 -0.0268 1.8931
v  -2.3057 0.2070 1.8909
v  -2.3480 0.2070 1.9159
v  -2.3121 -0.1460 1.8802
v  -2.3544 -0.1460 1.9052
v  -2.3390 -0.2593 1.9312
v  -2.2967 -0.2593 1.9061
v  -2.2698 -0.1460 1.8551
v  -2.2770 -0.0268 1.8430
v  -2.2276 -0.1460 1.8300
v  -2.2347 -0.0268 1.8179
v  -2.2544 -0.2593 1.8811
v  -2.2122 -0.2593 1.8560
v  -2.2751 0.0928 1.8461
v  -2.2635 0.2070 1.8658
v  -2.2329 0.0928 1.8211
v  -2.2212 0.2070 1.8407
v  -1.7151 -1.0216 2.8868
v  -1.7574 -1.0216 2.9119
v  -1.6459 -1.0754 3.0999
v  -1.6036 -1.0754 3.0749
v  -1.5320 -1.1184 3.2920
v  -1.4898 -1.1184 3.2669
v  -1.3767 -1.1501 3.4576
v  -1.4189 -1.1501 3.4827
v  -1.4475 -1.1184 3.2419
v  -1.5614 -1.0754 3.0498
v  -1.4052 -1.1184 3.2168
v  -1.5191 -1.0754 3.0247
v  -1.3344 -1.1501 3.4325
v  -1.2922 -1.1501 3.4075
v  -1.6729 -1.0216 2.8618
v  -1.6306 -1.0216 2.8367
v  -0.5538 0.4253 4.8453
v  -0.5675 0.4002 4.8222
v  -0.6097 0.4002 4.8473
v  -0.5960 0.4253 4.8704
v  -0.6253 0.3726 4.8210
v  -0.5831 0.3726 4.7959
v  -0.5413 0.4489 4.8664
v  -0.5835 0.4489 4.8914
v  -0.4990 0.4489 4.8413
v  -0.5115 0.4253 4.8203
v  -0.4692 0.4253 4.7952
v  -0.4568 0.4489 4.8162
v  -0.5252 0.4002 4.7971
v  -0.5408 0.3726 4.7709
v  -0.4829 0.4002 4.7721
v  -0.4985 0.3726 4.7458
v  -1.0791 -1.3852 4.0557
v  -1.5865 -1.3852 3.2000
v  -1.5443 -1.3852 3.1750
v  -1.0369 -1.3852 4.0307
v  -1.6288 -1.3852 3.2251
v  -1.1214 -1.3852 4.0808
v  -2.0940 -1.3852 2.3443
v  -2.0517 -1.3852 2.3193
v  -2.6014 -1.3852 1.4886
v  -2.5591 -1.3852 1.4636
v  -2.1362 -1.3852 2.3694
v  -1.5020 -1.3852 3.1499
v  -2.0094 -1.3852 2.2942
v  -1.9672 -1.3852 2.2691
v  -1.4598 -1.3852 3.1248
v  -2.5169 -1.3852 1.4385
v  -2.4746 -1.3852 1.4134
v  -0.9946 -1.3852 4.0056
v  -0.9523 -1.3852 3.9805
v  -2.2920 0.4053 2.0103
v  -2.2498 0.4053 1.9853
v  -2.2038 0.4936 2.0628
v  -2.2460 0.4936 2.0879
v  -2.1446 0.5774 2.1625
v  -2.1869 0.5774 2.1876
v  -2.3257 0.3105 1.9535
v  -2.2835 0.3105 1.9284
v  -2.2412 0.3105 1.9034
v  -2.2075 0.4053 1.9602
v  -2.1652 0.4053 1.9351
v  -2.1990 0.3105 1.8783
v  -2.1615 0.4936 2.0378
v  -2.1024 0.5774 2.1375
v  -2.1192 0.4936 2.0127
v  -2.0601 0.5774 2.1124
v  -2.2739 -0.3613 1.9446
v  -2.3161 -0.3613 1.9697
v  -2.2846 -0.4550 2.0229
v  -2.2423 -0.4550 1.9979
v  -2.2430 -0.5434 2.0930
v  -2.2008 -0.5434 2.0679
v  -2.1585 -0.5434 2.0428
v  -2.2000 -0.4550 1.9728
v  -2.1162 -0.5434 2.0178
v  -2.1578 -0.4550 1.9477
v  -2.2316 -0.3613 1.9196
v  -2.1893 -0.3613 1.8945
v  -2.6014 -0.6926 1.4886
v  -2.6014 -0.0000 1.4886
v  -2.5591 -0.0000 1.4636
v  -2.5591 -0.6926 1.4636
v  -2.5591 0.6926 1.4636
v  -2.6014 0.6926 1.4886
v  -2.6014 1.3852 1.4886
v  -2.5591 1.3852 1.4636
v  -2.5169 0.6926 1.4385
v  -2.5169 -0.0000 1.4385
v  -2.4746 -0.0000 1.4134
v  -2.4746 0.6926 1.4134
v  -2.5169 1.3852 1.4385
v  -2.4746 1.3852 1.4134
v  -2.5169 -0.6926 1.4385
v  -2.4746 -0.6926 1.4134
v  -0.6857 -0.7120 4.9195
v  -0.6843 -0.4016 4.9218
v  -0.6903 -0.3652 4.9117
v  -0.6937 -0.5242 4.9059
v  -0.6768 -0.8854 4.9345
v  -0.6768 -0.4391 4.9345
v  -0.6997 -0.6745 4.8958
v  -0.6913 -0.9198 4.9099
v  -0.6768 -1.3316 4.9345
v  -0.6850 -0.0704 4.9207
v  -0.6928 -0.1685 4.9074
v  -0.6768 0.0071 4.9345
v  -0.7002 -0.3074 4.8950
v  -0.7076 -0.4486 4.8826
v  -0.7037 -0.9429 4.8892
v  -0.7082 -0.7418 4.8815
v  -0.7168 -0.7483 4.8670
v  -0.7186 -0.8577 4.8639
v  -0.7267 -0.9583 4.8504
v  -0.7098 -1.0925 4.8789
v  -0.7238 -0.6434 4.8552
v  -0.7155 -0.5534 4.8692
v  -0.7322 -0.7404 4.8410
v  -0.7430 -0.8318 4.8229
v  -0.7617 -1.0240 4.7913
v  -0.7666 -1.0914 4.7831
v  -0.7343 -1.1261 4.8375
v  -0.7431 -1.0102 4.8226
v  -0.7867 -1.1555 4.7492
v  -0.7546 -1.2165 4.8033
v  -0.7581 -0.9045 4.7973
v  -0.7763 -0.9691 4.7667
v  -0.7959 -1.0359 4.7336
v  -0.8206 -1.0971 4.6920
v  -0.8783 -1.2052 4.5947
v  -0.9100 -1.2378 4.5411
v  -0.8271 -1.2455 4.6811
v  -0.8273 -1.1922 4.6806
v  -1.0159 -1.2673 4.3626
v  -0.9266 -1.2891 4.5132
v  -0.8537 -1.1450 4.6361
v  -0.8994 -1.1839 4.5590
v  -0.9619 -1.2181 4.4538
v  -1.0558 -1.2447 4.2954
v  -1.6515 -1.3450 3.2648
v  -1.6439 -1.3584 3.2516
v  -1.1447 -1.3584 4.0935
v  -1.1563 -1.3450 4.0999
v  -1.1679 -1.3316 4.1063
v  -1.6591 -1.3316 3.2780
v  -0.6454 -1.3584 4.9355
v  -0.6611 -1.3450 4.9350
v  -2.1432 -1.3584 2.4096
v  -2.1467 -1.3450 2.4297
v  -2.1502 -1.3316 2.4498
v  -2.1397 -1.3718 2.3895
v  -1.6364 -1.3718 3.2383
v  -1.1330 -1.3718 4.0871
v  -0.6297 -1.3718 4.9360
v  -0.6454 0.0073 4.9355
v  -0.6611 0.0072 4.9350
v  -0.6611 -0.4435 4.9350
v  -0.6454 -0.4479 4.9355
v  -0.6611 -0.8943 4.9350
v  -0.6454 -0.9032 4.9355
v  -0.6297 -0.9121 4.9360
v  -0.6297 -0.4524 4.9360
v  -0.6297 0.0074 4.9360
v  -1.3063 1.1035 3.6726
v  -1.4751 1.0402 3.3879
v  -1.4329 1.0404 3.3628
v  -1.2640 1.1041 3.6476
v  -1.0991 1.1564 3.9258
v  -1.1413 1.1548 3.9508
v  -1.5968 0.9688 3.0864
v  -1.6391 0.9688 3.1114
v  -1.7893 0.8928 2.8580
v  -1.7471 0.8928 2.8330
v  -1.3906 1.0406 3.3378
v  -1.5546 0.9688 3.0613
v  -1.5123 0.9688 3.0362
v  -1.3483 1.0407 3.3127
v  -1.7048 0.8928 2.8079
v  -1.6626 0.8928 2.7828
v  -1.2218 1.1048 3.6225
v  -1.0568 1.1581 3.9007
v  -1.1795 1.1054 3.5974
v  -1.0145 1.1597 3.8756
v  -0.6465 0.2552 4.6890
v  -0.6887 0.2552 4.7141
v  -0.6644 0.3041 4.7551
v  -0.6221 0.3041 4.7301
v  -0.6746 0.1914 4.6415
v  -0.7169 0.1914 4.6666
v  -0.6011 0.3419 4.7655
v  -0.6434 0.3419 4.7905
v  -0.5798 0.3041 4.7050
v  -0.5589 0.3419 4.7404
v  -0.5166 0.3419 4.7153
v  -0.5376 0.3041 4.6799
v  -0.6042 0.2552 4.6639
v  -0.6323 0.1914 4.6165
v  -0.5619 0.2552 4.6389
v  -0.5901 0.1914 4.5914
v  -1.2676 -1.1701 3.6415
v  -1.3099 -1.1701 3.6666
v  -1.2095 -1.1794 3.8358
v  -1.1673 -1.1794 3.8108
v  -1.1226 -1.1792 3.9824
v  -1.0803 -1.1792 3.9574
v  -1.0537 -1.1706 4.0985
v  -1.0115 -1.1706 4.0735
v  -1.0380 -1.1792 3.9323
v  -1.1250 -1.1794 3.7857
v  -0.9958 -1.1792 3.9073
v  -1.0827 -1.1794 3.7606
v  -0.9692 -1.1706 4.0484
v  -0.9269 -1.1706 4.0233
v  -1.2254 -1.1701 3.6164
v  -1.1831 -1.1701 3.5914
v  -1.8749 0.8161 2.6175
v  -1.9171 0.8161 2.6425
v  -2.0246 0.7382 2.4614
v  -1.9823 0.7382 2.4363
v  -2.1138 0.6588 2.3109
v  -2.0715 0.6588 2.2858
v  -2.0293 0.6588 2.2608
v  -1.9400 0.7382 2.4112
v  -1.9870 0.6588 2.2357
v  -1.8978 0.7382 2.3862
v  -1.8326 0.8161 2.5924
v  -1.7903 0.8161 2.5673
v  -2.0517 1.3852 2.3193
v  -2.0940 1.3852 2.3443
v  -1.5865 1.3852 3.2000
v  -1.5443 1.3852 3.1750
v  -1.0791 1.3852 4.0557
v  -1.0369 1.3852 4.0307
v  -0.5717 1.3852 4.9114
v  -0.5294 1.3852 4.8864
v  -0.9946 1.3852 4.0056
v  -1.5020 1.3852 3.1499
v  -1.4598 1.3852 3.1248
v  -0.9523 1.3852 3.9805
v  -0.4872 1.3852 4.8613
v  -0.4449 1.3852 4.8362
v  -2.0094 1.3852 2.2942
v  -1.9672 1.3852 2.2691
v  -0.6675 1.2384 4.6535
v  -0.7098 1.2307 4.6785
v  -0.8462 1.2145 4.4484
v  -0.8040 1.2198 4.4234
v  -0.5343 1.2532 4.8782
v  -0.5765 1.2429 4.9033
v  -0.9468 1.1938 4.1826
v  -0.9890 1.1905 4.2076
v  -0.7617 1.2252 4.3983
v  -0.9045 1.1970 4.1575
v  -0.8622 1.2002 4.1324
v  -0.7195 1.2305 4.3732
v  -0.6253 1.2462 4.6284
v  -0.4920 1.2636 4.8532
v  -0.5830 1.2539 4.6033
v  -0.4497 1.2739 4.8281
v  -0.9654 -1.1547 4.1511
v  -1.0077 -1.1547 4.1761
v  -0.9792 -1.1279 4.2243
v  -0.9369 -1.1279 4.1992
v  -0.9628 -1.0865 4.2518
v  -0.9206 -1.0865 4.2268
v  -0.9533 -1.0268 4.2678
v  -0.9111 -1.0268 4.2428
v  -0.8783 -1.0865 4.2017
v  -0.8946 -1.1279 4.1741
v  -0.8360 -1.0865 4.1766
v  -0.8524 -1.1279 4.1491
v  -0.8688 -1.0268 4.2177
v  -0.8265 -1.0268 4.1927
v  -0.9232 -1.1547 4.1260
v  -0.8809 -1.1547 4.1010
v  -0.5318 1.3192 4.8823
v  -0.5306 1.3522 4.8843
v  -0.5729 1.3496 4.9094
v  -0.5741 1.3140 4.9073
v  -0.5753 1.2785 4.9053
v  -0.5330 1.2862 4.8803
v  -0.4908 1.2940 4.8552
v  -0.4896 1.3244 4.8572
v  -0.4485 1.3017 4.8301
v  -0.4473 1.3296 4.8322
v  -0.4884 1.3548 4.8593
v  -0.4461 1.3574 4.8342
v  -0.7747 -0.0931 4.4728
v  -0.8169 -0.0931 4.4978
v  -0.7834 0.0121 4.5543
v  -0.7412 0.0121 4.5293
v  -0.7493 0.1086 4.6120
v  -0.7070 0.1086 4.5869
v  -0.6647 0.1086 4.5619
v  -0.6989 0.0121 4.5042
v  -0.6225 0.1086 4.5368
v  -0.6566 0.0121 4.4792
v  -0.7324 -0.0931 4.4477
v  -0.6902 -0.0931 4.4227
v  -0.9454 -0.9453 4.2813
v  -0.9379 -0.8480 4.2939
v  -0.8956 -0.8480 4.2688
v  -0.9031 -0.9453 4.2562
v  -0.9299 -0.7410 4.3074
v  -0.8876 -0.7410 4.2824
v  -0.8453 -0.7410 4.2573
v  -0.8534 -0.8480 4.2437
v  -0.8031 -0.7410 4.2323
v  -0.8111 -0.8480 4.2187
v  -0.8608 -0.9453 4.2311
v  -0.8186 -0.9453 4.2061
v  -1.4596 -1.2881 3.6144
v  -1.5589 -1.3097 3.4469
v  -1.1995 -1.3068 4.0529
v  -1.2145 -1.2829 4.0278
v  -1.1960 -1.2609 4.0589
v  -1.3619 -1.2674 3.7791
v  -1.7053 -1.2862 3.2001
v  -1.5327 -1.2652 3.4911
v  -1.9178 -1.3085 2.8418
v  -0.4756 0.0658 4.7844
v  -0.4649 0.0950 4.8025
v  -0.4621 -0.1540 4.8073
v  -0.4672 -0.2665 4.7986
v  -0.4881 0.0245 4.7634
v  -0.4775 -0.3404 4.7812
v  -0.4542 -0.2908 4.8205
v  -0.4548 0.0658 4.8196
v  -0.4566 -0.5948 4.8165
v  -0.4666 -0.7388 4.7997
v  -0.5037 0.0173 4.7372
v  -0.4935 -0.3033 4.7543
v  -0.5100 -0.2144 4.7265
v  -0.5212 0.0049 4.7076
v  -0.4888 -0.6158 4.7621
v  -0.5158 -0.3466 4.7167
v  -0.5011 -0.8032 4.7414
v  -0.5323 -0.4491 4.6888
v  -0.5396 -0.0520 4.6765
v  -0.5617 -0.1221 4.6393
v  -0.5417 -0.7486 4.6731
v  -0.5944 -0.5569 4.5841
v  -0.5918 -0.4167 4.5885
v  -0.5618 -0.4592 4.6392
v  -0.5457 -0.9424 4.6662
v  -0.6081 -0.6796 4.5610
v  -0.6191 -0.2354 4.5424
v  -0.6432 -0.3330 4.5018
v  -0.6655 -0.4359 4.4642
v  -0.5901 -0.1742 4.5914
v  -0.6363 -0.7218 4.5134
v  -0.5899 -0.9408 4.5917
v  -0.6540 -0.8264 4.4837
v  -0.6665 -0.7117 4.4626
v  -0.5740 -1.1013 4.6186
v  -0.6520 -0.9350 4.4869
v  -0.7176 -0.6818 4.3764
v  -0.7085 -0.5870 4.3917
v  -0.7242 -0.7799 4.3652
v  -0.6892 -0.5128 4.4242
v  -0.6794 -1.0922 4.4408
v  -0.6991 -1.0101 4.4076
v  -0.6716 -0.9934 4.4540
v  -0.6125 -1.1347 4.5536
v  -0.6748 -1.1668 4.4485
v  -0.5967 -1.2404 4.5802
v  -0.7484 -1.0250 4.3244
v  -0.7463 -0.9431 4.3280
v  -0.7511 -1.0960 4.3198
v  -0.7360 -0.8642 4.3454
v  -0.7557 -1.2375 4.3120
v  -0.7472 -1.2049 4.3265
v  -0.7012 -1.2007 4.4040
v  -0.6621 -1.2630 4.4699
v  -0.7325 -1.3121 4.3513
v  -0.8399 -1.2649 4.1702
v  -0.7866 -1.1739 4.2601
v  -0.8245 -1.1993 4.1960
v  -0.8962 -1.2177 4.0752
v  -0.7630 -1.1426 4.2999
v  -1.0733 1.3065 3.7765
v  -1.2638 1.3456 3.4552
v  -0.8600 1.3524 4.1362
v  -0.7677 1.3196 4.2919
v  -0.6753 1.2867 4.4476
v  -0.8937 1.2683 4.0794
v  -1.3496 1.2874 3.3106
v  -1.0951 1.2429 3.7398
v  -1.2710 1.2072 3.4431
v  -1.5585 1.2546 2.9583
v  -1.6475 1.3354 2.8082
v  -1.9082 1.3020 2.3686
v  -1.9429 1.2257 2.3101
v  -1.6623 1.2007 2.7833
v  -1.6825 1.1455 2.7492
v  -1.8401 1.1325 2.4834
v  -1.9846 1.0912 2.2398
v  -2.1559 1.1992 1.9510
v  -1.4130 1.1576 3.2036
v  -1.5444 1.1021 2.9821
v  -1.6884 1.0484 2.7392
v  -1.8215 0.9902 2.5148
v  -2.0702 0.9356 2.0953
v  -2.1523 0.9383 1.9570
v  -2.2023 1.0880 1.8727
v  -2.0556 1.0154 2.1201
v  -2.2238 0.9009 1.8363
v  -2.3103 1.0730 1.6905
v  -1.9201 0.9212 2.3485
v  -1.9998 0.8528 2.2141
v  -2.0762 0.7965 2.0853
v  -2.1411 0.7371 1.9759
v  -2.3299 0.9046 1.6575
v  -2.2558 0.8030 1.7824
v  -2.2588 0.6843 1.7773
v  -2.2981 0.6772 1.7111
v  -2.3323 0.5666 1.6534
v  -2.3884 0.8410 1.5589
v  -2.1864 0.6589 1.8995
v  -2.2206 0.5717 1.8418
v  -2.2521 0.4850 1.7887
v  -2.2767 0.3679 1.7472
v  -2.4110 0.4892 1.5207
v  -2.3490 0.3125 1.6252
v  -2.3523 -0.0136 1.6197
v  -2.4130 -0.0068 1.5173
v  -2.2902 0.1893 1.7245
v  -2.2931 -0.0202 1.7195
v  -2.2861 -0.2297 1.7314
v  -2.3462 -0.3399 1.6299
v  -2.2697 -0.4084 1.7591
v  -2.3275 -0.5952 1.6615
v  -2.4096 -0.5030 1.5231
v  -2.3860 -0.8572 1.5629
v  -2.3275 -0.9274 1.6615
v  -2.2927 -0.7083 1.7202
v  -2.2541 -0.7187 1.7852
v  -2.2536 -0.8345 1.7861
v  -2.2265 -0.9326 1.8318
v  -2.3137 -1.0933 1.6848
v  -2.2444 -0.5257 1.8016
v  -2.2144 -0.6124 1.8522
v  -2.1839 -0.6995 1.9037
v  -2.1438 -0.7793 1.9712
v  -2.0881 -0.9796 2.0652
v  -2.0816 -1.0567 2.0762
v  -2.2163 -1.1162 1.8490
v  -2.1619 -0.9757 1.9409
v  -2.0313 -1.1279 2.1610
v  -2.1887 -1.2197 1.8957
v  -2.0855 -0.8441 2.0697
v  -2.0192 -0.9056 2.1814
v  -1.9555 -0.9755 2.2889
v  -1.8820 -1.0413 2.4129
v  -2.0185 -1.2406 2.1826
v  -1.9221 -1.1626 2.3452
v  -1.7991 -1.1692 2.5525
v  -1.7910 -1.2125 2.5663
v  -1.7046 -1.2519 2.7119
v  -1.9846 -1.3030 2.2398
v  -1.7862 -1.0906 2.5743
v  -1.6840 -1.1307 2.7467
v  -1.5912 -1.1692 2.9033
v  -1.4836 -1.2010 3.0846
v  -1.1755 -1.2294 3.6041
v  -1.0208 -1.2281 3.8650
v  -1.0279 -1.2783 3.8531
v  -1.2691 -1.2801 3.4464
v  -1.3641 -1.3323 3.2862
v  -0.9991 -1.3311 3.9017
v  -1.7295 -1.3283 2.6699
v  -1.5127 -1.2729 3.0356
v  -1.3375 -1.2207 3.3311
v  -0.5459 0.7818 4.6887
v  -0.5241 0.7995 4.7254
v  -0.5241 0.5723 4.7254
v  -0.5459 0.5457 4.6887
v  -0.5459 0.3096 4.6887
v  -0.5241 0.3451 4.7254
v  -0.5023 0.8172 4.7622
v  -0.5023 0.5989 4.7622
v  -0.5023 0.3806 4.7622
v  -0.5677 0.5191 4.6520
v  -0.5677 0.7640 4.6520
v  -0.5895 0.4925 4.6152
v  -0.5895 0.7463 4.6152
v  -0.5677 0.2741 4.6520
v  -0.5895 0.2387 4.6152
v  -0.5459 1.0178 4.6887
v  -0.5677 1.0090 4.6520
v  -0.5459 1.2539 4.6887
v  -0.5677 1.2539 4.6520
v  -0.5895 1.0001 4.6152
v  -0.5895 1.2539 4.6152
v  -0.5241 1.0267 4.7254
v  -0.5023 1.0356 4.7622
v  -0.5241 1.2539 4.7254
v  -0.5023 1.2539 4.7622
v  -0.6020 0.8286 4.8484
v  -0.6020 0.6160 4.8484
v  -0.5902 0.6331 4.8683
v  -0.5902 0.8400 4.8683
v  -0.6020 0.4034 4.8484
v  -0.5902 0.4261 4.8683
v  -0.6139 0.5989 4.8284
v  -0.6139 0.8172 4.8284
v  -0.6139 0.3806 4.8284
v  -0.5783 0.8514 4.8883
v  -0.5783 0.6501 4.8883
v  -0.5665 0.6672 4.9083
v  -0.5665 0.8628 4.9083
v  -0.5783 0.4489 4.8883
v  -0.5665 0.4716 4.9083
v  -0.5902 1.0469 4.8683
v  -0.5783 1.0526 4.8883
v  -0.5783 1.2539 4.8883
v  -0.5902 1.2539 4.8683
v  -0.5665 1.0583 4.9083
v  -0.5665 1.2539 4.9083
v  -0.6020 1.0413 4.8484
v  -0.6139 1.0356 4.8284
v  -0.6020 1.2539 4.8484
v  -0.6139 1.2539 4.8284
v  -0.6793 0.7640 4.7181
v  -0.6793 0.5191 4.7181
v  -0.6575 0.5457 4.7549
v  -0.6575 0.7818 4.7549
v  -0.6793 0.2741 4.7181
v  -0.6575 0.3096 4.7549
v  -0.7011 0.7463 4.6814
v  -0.7011 0.4925 4.6814
v  -0.7011 0.2387 4.6814
v  -0.6357 0.5723 4.7916
v  -0.6357 0.7995 4.7916
v  -0.6357 0.3451 4.7916
v  -0.6357 1.0267 4.7916
v  -0.6575 1.0178 4.7549
v  -0.6357 1.2539 4.7916
v  -0.6575 1.2539 4.7549
v  -0.6793 1.0090 4.7181
v  -0.7011 1.0001 4.6814
v  -0.6793 1.2539 4.7181
v  -0.7011 1.2539 4.6814
v  -0.5386 0.8628 4.8918
v  -0.5386 0.6672 4.8918
v  -0.5107 0.6672 4.8752
v  -0.5107 0.8628 4.8752
v  -0.5386 0.4716 4.8918
v  -0.5107 0.4716 4.8752
v  -0.4828 0.6672 4.8587
v  -0.4828 0.8628 4.8587
v  -0.4549 0.6672 4.8421
v  -0.4549 0.8628 4.8421
v  -0.4828 0.4716 4.8587
v  -0.4549 0.4716 4.8421
v  -0.4828 1.0583 4.8587
v  -0.5107 1.0583 4.8752
v  -0.4828 1.2539 4.8587
v  -0.5107 1.2539 4.8752
v  -0.4549 1.0583 4.8421
v  -0.4549 1.2539 4.8421
v  -0.5386 1.0583 4.8918
v  -0.5386 1.2539 4.8918
v  -0.6174 0.7463 4.6318
v  -0.6174 0.4925 4.6318
v  -0.6453 0.4925 4.6483
v  -0.6453 0.7463 4.6483
v  -0.6174 0.2387 4.6318
v  -0.6453 0.2387 4.6483
v  -0.6732 0.4925 4.6648
v  -0.6732 0.7463 4.6648
v  -0.6732 0.2387 4.6648
v  -0.6732 1.0001 4.6648
v  -0.6453 1.0001 4.6483
v  -0.6732 1.2539 4.6648
v  -0.6453 1.2539 4.6483
v  -0.6174 1.0001 4.6318
v  -0.6174 1.2539 4.6318
v  -0.4667 0.8514 4.8222
v  -0.4667 0.6501 4.8222
v  -0.4786 0.6331 4.8022
v  -0.4786 0.8400 4.8022
v  -0.4667 0.4489 4.8222
v  -0.4786 0.4261 4.8022
v  -0.4904 0.8286 4.7822
v  -0.4904 0.6160 4.7822
v  -0.4904 0.4034 4.7822
v  -0.4786 1.0469 4.8022
v  -0.4904 1.0413 4.7822
v  -0.4904 1.2539 4.7822
v  -0.4786 1.2539 4.8022
v  -0.4667 1.0526 4.8222
v  -0.4667 1.2539 4.8222
v  -2.3323 -0.0249 2.0388
v  -2.3298 -0.2399 2.0429
v  -2.2860 -0.2841 2.1168
v  -2.2868 -0.0249 2.1155
v  -2.2317 -0.3279 2.2085
v  -2.2308 -0.0262 2.2099
v  -2.2875 0.2343 2.1142
v  -2.3336 0.1902 2.0366
v  -2.2300 0.2756 2.2113
v  -2.3701 0.1424 1.9750
v  -2.3700 -0.0256 1.9752
v  -2.3653 -0.1935 1.9831
v  -2.0786 -0.0321 2.4666
v  -2.0845 -0.4173 2.4567
v  -1.9920 -0.4586 2.6127
v  -1.9811 -0.0337 2.6310
v  -1.8686 -0.0323 2.8207
v  -1.8871 -0.4949 2.7895
v  -1.9703 0.3912 2.6493
v  -2.0727 0.3531 2.4765
v  -1.8501 0.4303 2.8519
v  -2.1616 -0.0291 2.3266
v  -2.1588 0.3148 2.3313
v  -2.1644 -0.3730 2.3219
v  -1.2682 -0.5421 3.8332
v  -1.1489 -0.5009 4.0343
v  -1.1176 -0.2144 4.0872
v  -1.2207 -0.1243 3.9134
v  -1.2839 -0.8709 3.8068
v  -1.1608 -0.7466 4.0143
v  -1.3359 -0.0573 3.7190
v  -1.3951 -0.5817 3.6192
v  -1.0455 -0.5011 4.2087
v  -1.0236 -0.3127 4.2456
v  -1.0568 -0.6752 4.1896
v  -1.0759 0.0661 4.1574
v  -0.9937 -0.1308 4.2960
v  -0.9584 0.0238 4.3557
v  -1.0271 0.2794 4.2397
v  -1.1638 0.3009 4.0093
v  -1.2703 0.4861 3.8297
v  -1.0959 0.5951 4.1237
v  -1.0550 -0.8142 4.1927
v  -1.1440 -0.9045 4.0427
v  -1.1091 -1.0037 4.1014
v  -1.0435 -0.9242 4.2121
v  -1.2450 -1.0288 3.8723
v  -1.1793 -1.0899 3.9831
v  -1.0671 -1.0732 4.1723
v  -1.1144 -1.1280 4.0925
v  -1.0258 -1.0111 4.2419
v  -1.7701 -0.5240 2.9868
v  -1.6463 -0.5499 3.1956
v  -1.6040 -0.0228 3.2669
v  -1.7405 -0.0264 3.0367
v  -1.5212 -0.5767 3.4065
v  -1.4665 -0.0283 3.4989
v  -1.5609 0.5078 3.3396
v  -1.4083 0.5339 3.5969
v  -1.7109 0.4712 3.0866
v  -1.0154 0.6200 4.2596
v  -0.9743 0.3643 4.3287
v  -0.9306 0.3569 4.4026
v  -0.9331 0.4874 4.3983
v  -0.9212 0.5881 4.4184
v  -1.0169 0.7936 4.2570
v  -0.8852 0.2162 4.4791
v  -0.9201 0.1302 4.4202
v  -0.8600 0.3094 4.5216
v  -0.8372 0.3883 4.5600
v  -0.8421 0.5785 4.5517
v  -0.8586 0.6613 4.5239
v  -0.9527 0.7817 4.3653
v  -0.8846 0.6073 4.4801
v  -0.8557 0.7391 4.5289
v  -0.9769 0.9197 4.3245
v  -0.8095 0.4316 4.6067
v  -0.7848 0.4638 4.6485
v  -0.7706 0.5095 4.6723
v  -0.7562 0.5564 4.6966
v  -0.7573 0.8155 4.6947
v  -0.6889 0.8359 4.8100
v  -0.7205 1.0294 4.7568
v  -0.8219 1.0121 4.5858
v  -0.6164 0.8521 4.9324
v  -0.6176 1.0423 4.9304
v  -0.8174 0.7869 4.5934
v  -0.9203 0.9860 4.4198
v  -0.7307 0.5924 4.7397
v  -0.6968 0.6201 4.7968
v  -0.6574 0.6424 4.8633
v  -0.6152 0.6619 4.9344
v  -2.2527 -0.2841 2.0970
v  -2.2965 -0.2399 2.0232
v  -2.2989 -0.0249 2.0191
v  -2.2535 -0.0249 2.0957
v  -2.2935 -0.4550 2.0282
v  -2.2519 -0.5434 2.0983
v  -2.1983 -0.3279 2.1887
v  -2.1975 -0.0262 2.1901
v  -2.1992 -0.6297 2.1873
v  -2.3366 -0.0256 1.9555
v  -2.3320 -0.1935 1.9633
v  -2.3704 -0.0268 1.8984
v  -2.3633 -0.1460 1.9105
v  -2.3250 -0.3613 1.9750
v  -2.3479 -0.2593 1.9365
v  -2.3368 0.1424 1.9552
v  -2.3002 0.1902 2.0169
v  -2.3347 0.3105 1.9588
v  -2.3010 0.4053 2.0156
v  -2.3686 0.0928 1.9015
v  -2.3569 0.2070 1.9212
v  -2.2542 0.2343 2.0944
v  -2.1967 0.2756 2.1915
v  -2.2550 0.4936 2.0932
v  -2.1958 0.5774 2.1929
v  -2.0452 -0.0321 2.4468
v  -1.9478 -0.0337 2.6112
v  -1.9586 -0.4586 2.5929
v  -2.0511 -0.4173 2.4369
v  -2.0570 -0.8024 2.4270
v  -1.9695 -0.8835 2.5746
v  -1.8353 -0.0323 2.8009
v  -1.8538 -0.4949 2.7697
v  -1.8723 -0.9574 2.7385
v  -2.1311 -0.3730 2.3021
v  -2.1283 -0.0291 2.3068
v  -2.1339 -0.7169 2.2974
v  -2.0394 0.3531 2.4567
v  -2.1255 0.3148 2.3115
v  -2.1227 0.6588 2.3162
v  -2.0335 0.7382 2.4666
v  -1.9369 0.3912 2.6295
v  -1.8168 0.4303 2.8321
v  -1.9261 0.8161 2.6478
v  -1.7983 0.8928 2.8633
v  -1.1156 -0.5009 4.0146
v  -1.2349 -0.5421 3.8134
v  -1.1873 -0.1243 3.8936
v  -1.0842 -0.2144 4.0674
v  -1.3617 -0.5817 3.5995
v  -1.3026 -0.0573 3.6992
v  -1.2505 -0.8709 3.7870
v  -1.1274 -0.7466 3.9946
v  -1.4279 -1.1501 3.4879
v  -1.0426 0.0661 4.1376
v  -1.1304 0.3009 3.9895
v  -0.9938 0.2794 4.2199
v  -1.0626 0.5951 4.1040
v  -1.2369 0.4861 3.8099
v  -1.1502 1.1532 3.9561
v  -0.9604 -0.1308 4.2763
v  -0.9903 -0.3127 4.2258
v  -0.9009 -0.4152 4.3765
v  -0.8810 -0.3088 4.4101
v  -0.9250 0.0238 4.3359
v  -0.8562 -0.2018 4.4519
v  -1.0122 -0.5011 4.1889
v  -1.0235 -0.6752 4.1699
v  -0.9167 -0.5221 4.3499
v  -0.9291 -0.6303 4.3291
v  -1.0217 -0.8142 4.1729
v  -1.0102 -0.9242 4.1923
v  -1.0758 -1.0037 4.0816
v  -1.1106 -0.9045 4.0229
v  -0.9468 -0.8480 4.2992
v  -0.9388 -0.7410 4.3127
v  -0.9925 -1.0111 4.2221
v  -1.0338 -1.0732 4.1525
v  -0.9881 -1.1279 4.2295
v  -0.9717 -1.0865 4.2571
v  -0.9543 -0.9453 4.2866
v  -0.9622 -1.0268 4.2731
v  -1.0811 -1.1280 4.0727
v  -1.1460 -1.0899 3.9633
v  -1.2184 -1.1794 3.8411
v  -1.1315 -1.1792 3.9877
v  -1.0166 -1.1547 4.1814
v  -1.0627 -1.1706 4.1038
v  -1.2117 -1.0288 3.8525
v  -1.3188 -1.1701 3.6719
v  -1.5707 -0.0228 3.2471
v  -1.6130 -0.5499 3.1758
v  -1.7367 -0.5240 2.9671
v  -1.7072 -0.0264 3.0169
v  -1.7663 -1.0216 2.9172
v  -1.6548 -1.0754 3.1052
v  -1.5276 0.5078 3.3198
v  -1.6776 0.4712 3.0668
v  -1.6480 0.9688 3.1167
v  -1.4841 1.0401 3.3932
v  -1.3750 0.5339 3.5771
v  -1.4331 -0.0283 3.4791
v  -1.3152 1.1028 3.6779
v  -1.4879 -0.5767 3.3868
v  -1.5409 -1.1184 3.2973
v  -0.9820 0.6200 4.2398
v  -0.8997 0.4874 4.3786
v  -0.8972 0.3569 4.3828
v  -0.9410 0.3643 4.3090
v  -0.9835 0.7936 4.2372
v  -0.8878 0.5881 4.3987
v  -0.8266 0.3094 4.5018
v  -0.8519 0.2162 4.4593
v  -0.7924 0.0121 4.5596
v  -0.7582 0.1086 4.6173
v  -0.8039 0.3883 4.5402
v  -0.7258 0.1914 4.6719
v  -0.8867 0.1302 4.4005
v  -0.8259 -0.0931 4.5031
v  -0.9193 0.7817 4.3455
v  -0.8253 0.6613 4.5042
v  -0.8088 0.5785 4.5320
v  -0.8513 0.6073 4.4603
v  -0.9435 0.9197 4.3047
v  -0.8223 0.7391 4.5091
v  -0.7514 0.4638 4.6287
v  -0.7373 0.5095 4.6525
v  -0.6523 0.3419 4.7958
v  -0.6733 0.3041 4.7604
v  -0.7229 0.5564 4.6768
v  -0.6342 0.3726 4.8263
v  -0.7762 0.4316 4.5869
v  -0.6976 0.2552 4.7194
v  -0.6556 0.8359 4.7903
v  -0.7240 0.8155 4.6749
v  -0.7886 1.0121 4.5660
v  -0.6872 1.0294 4.7370
v  -0.5842 1.0423 4.9106
v  -0.5830 0.8521 4.9126
v  -0.7187 1.2229 4.6838
v  -0.8552 1.2092 4.4537
v  -0.5854 1.2326 4.9086
v  -0.6635 0.6201 4.7770
v  -0.6240 0.6424 4.8435
v  -0.5925 0.4489 4.8967
v  -0.6049 0.4253 4.8757
v  -0.5818 0.6619 4.9147
v  -0.5806 0.4716 4.9167
v  -0.7841 0.7869 4.5736
v  -0.6973 0.5924 4.7199
v  -0.6187 0.4002 4.8525
v  -0.8870 0.9860 4.4001
v  -0.9980 1.1873 4.2129
v  -0.5997 0.8521 4.9225
v  -0.6080 0.8521 4.9275
v  -0.6068 0.6619 4.9295
v  -0.5985 0.6619 4.9246
v  -0.6056 0.4716 4.9315
v  -0.5973 0.4716 4.9266
v  -0.5902 0.6619 4.9196
v  -0.5914 0.8521 4.9176
v  -0.5889 0.4716 4.9217
v  -0.5926 1.0423 4.9155
v  -0.6009 1.0423 4.9205
v  -0.6021 1.2326 4.9185
v  -0.5938 1.2326 4.9135
v  -0.6092 1.0423 4.9254
v  -0.6104 1.2326 4.9234
v  -0.9176 -0.4152 4.3864
v  -0.9259 -0.4152 4.3914
v  -0.9417 -0.5221 4.3647
v  -0.9334 -0.5221 4.3598
v  -0.9541 -0.6303 4.3439
v  -0.9458 -0.6303 4.3389
v  -0.9251 -0.5221 4.3549
v  -0.9093 -0.4152 4.3815
v  -0.9374 -0.6303 4.3340
v  -0.8894 -0.3088 4.4151
v  -0.8977 -0.3088 4.4200
v  -0.8729 -0.2018 4.4618
v  -0.8646 -0.2018 4.4569
v  -0.9060 -0.3088 4.4249
v  -0.8812 -0.2018 4.4667
v  -2.3500 -0.3613 1.9898
v  -2.3417 -0.3613 1.9849
v  -2.3102 -0.4550 2.0381
v  -2.3185 -0.4550 2.0430
v  -2.3729 -0.2593 1.9513
v  -2.3646 -0.2593 1.9464
v  -2.3334 -0.3613 1.9799
v  -2.3018 -0.4550 2.0332
v  -2.3562 -0.2593 1.9414
v  -2.2603 -0.5434 2.1032
v  -2.2686 -0.5434 2.1081
v  -2.2075 -0.6297 2.1922
v  -2.2158 -0.6297 2.1972
v  -2.2770 -0.5434 2.1131
v  -2.2242 -0.6297 2.2021
v  -2.3955 -0.0268 1.9132
v  -2.3936 0.0928 1.9164
v  -2.3853 0.0928 1.9114
v  -2.3871 -0.0268 1.9083
v  -2.3819 0.2070 1.9360
v  -2.3736 0.2070 1.9311
v  -2.3769 0.0928 1.9065
v  -2.3788 -0.0268 1.9034
v  -2.3653 0.2070 1.9262
v  -2.3716 -0.1460 1.9154
v  -2.3800 -0.1460 1.9204
v  -2.3883 -0.1460 1.9253
v  -2.1589 -0.7169 2.3122
v  -2.1505 -0.7169 2.3073
v  -2.0737 -0.8024 2.4369
v  -2.0820 -0.8024 2.4419
v  -2.1422 -0.7169 2.3023
v  -2.0653 -0.8024 2.4320
v  -1.9778 -0.8835 2.5796
v  -1.9861 -0.8835 2.5845
v  -1.8806 -0.9574 2.7435
v  -1.8889 -0.9574 2.7484
v  -1.9945 -0.8835 2.5894
v  -1.8973 -0.9574 2.7533
v  -0.6437 0.4002 4.8674
v  -0.6353 0.4002 4.8624
v  -0.6216 0.4253 4.8856
v  -0.6299 0.4253 4.8905
v  -0.6592 0.3726 4.8411
v  -0.6509 0.3726 4.8362
v  -0.6133 0.4253 4.8806
v  -0.6270 0.4002 4.8575
v  -0.6426 0.3726 4.8312
v  -0.6008 0.4489 4.9017
v  -0.6091 0.4489 4.9066
v  -0.6175 0.4489 4.9115
v  -0.7226 0.2552 4.7342
v  -0.7143 0.2552 4.7292
v  -0.6900 0.3041 4.7703
v  -0.6983 0.3041 4.7753
v  -0.7425 0.1914 4.6818
v  -0.7508 0.1914 4.6867
v  -0.6816 0.3041 4.7654
v  -0.7060 0.2552 4.7243
v  -0.7341 0.1914 4.6768
v  -0.6690 0.3419 4.8057
v  -0.6606 0.3419 4.8008
v  -0.6773 0.3419 4.8106
v  -1.6715 -1.0754 3.1151
v  -1.6798 -1.0754 3.1201
v  -1.7913 -1.0216 2.9320
v  -1.7830 -1.0216 2.9271
v  -1.7747 -1.0216 2.9221
v  -1.6632 -1.0754 3.1102
v  -1.5493 -1.1184 3.3022
v  -1.5576 -1.1184 3.3072
v  -1.4445 -1.1501 3.4978
v  -1.4362 -1.1501 3.4929
v  -1.5659 -1.1184 3.3121
v  -1.4529 -1.1501 3.5028
v  -0.8802 1.2092 4.4685
v  -0.7437 1.2229 4.6986
v  -0.7354 1.2229 4.6937
v  -0.8718 1.2092 4.4636
v  -0.7271 1.2229 4.6888
v  -0.8635 1.2092 4.4587
v  -1.0063 1.1873 4.2179
v  -1.0146 1.1873 4.2228
v  -1.1586 1.1532 3.9611
v  -1.1669 1.1532 3.9660
v  -1.0230 1.1873 4.2278
v  -1.1753 1.1532 3.9709
v  -1.2351 -1.1794 3.8510
v  -1.2434 -1.1794 3.8559
v  -1.3438 -1.1701 3.6867
v  -1.3355 -1.1701 3.6817
v  -1.3271 -1.1701 3.6768
v  -1.2268 -1.1794 3.8460
v  -1.1482 -1.1792 3.9976
v  -1.1398 -1.1792 3.9927
v  -1.0710 -1.1706 4.1088
v  -1.0793 -1.1706 4.1137
v  -1.1565 -1.1792 4.0026
v  -1.0877 -1.1706 4.1186
v  -1.3402 1.1028 3.6928
v  -1.3319 1.1028 3.6878
v  -1.5007 1.0401 3.4031
v  -1.5091 1.0401 3.4080
v  -1.3235 1.1028 3.6829
v  -1.4924 1.0401 3.3981
v  -1.6563 0.9688 3.1217
v  -1.6647 0.9688 3.1266
v  -1.8066 0.8928 2.8683
v  -1.8149 0.8928 2.8732
v  -1.6730 0.9688 3.1315
v  -1.8233 0.8928 2.8782
v  -0.8174 0.0121 4.5745
v  -0.8509 -0.0931 4.5180
v  -0.8425 -0.0931 4.5130
v  -0.8090 0.0121 4.5695
v  -0.8342 -0.0931 4.5081
v  -0.8007 0.0121 4.5646
v  -0.7665 0.1086 4.6222
v  -0.7749 0.1086 4.6272
v  -0.7832 0.1086 4.6321
v  -1.0416 -1.1547 4.1963
v  -1.0333 -1.1547 4.1913
v  -1.0048 -1.1279 4.2394
v  -1.0131 -1.1279 4.2444
v  -1.0250 -1.1547 4.1864
v  -0.9964 -1.1279 4.2345
v  -0.9884 -1.0865 4.2670
v  -0.9801 -1.0865 4.2621
v  -0.9706 -1.0268 4.2781
v  -0.9789 -1.0268 4.2830
v  -0.9968 -1.0865 4.2720
v  -0.9873 -1.0268 4.2880
v  -1.9511 0.8161 2.6627
v  -1.9427 0.8161 2.6577
v  -2.0502 0.7382 2.4765
v  -2.0585 0.7382 2.4815
v  -1.9344 0.8161 2.6528
v  -2.0418 0.7382 2.4716
v  -2.1310 0.6588 2.3211
v  -2.1394 0.6588 2.3261
v  -2.2125 0.5774 2.2028
v  -2.2042 0.5774 2.1978
v  -2.1477 0.6588 2.3310
v  -2.2208 0.5774 2.2077
v  -0.9793 -0.9453 4.3014
v  -0.9710 -0.9453 4.2964
v  -0.9635 -0.8480 4.3090
v  -0.9718 -0.8480 4.3140
v  -0.9626 -0.9453 4.2915
v  -0.9552 -0.8480 4.3041
v  -0.9471 -0.7410 4.3177
v  -0.9554 -0.7410 4.3226
v  -0.9638 -0.7410 4.3276
v  -2.3176 0.4053 2.0255
v  -2.3260 0.4053 2.0304
v  -2.2800 0.4936 2.1080
v  -2.2716 0.4936 2.1031
v  -2.2633 0.4936 2.0981
v  -2.3093 0.4053 2.0206
v  -2.3430 0.3105 1.9637
v  -2.3513 0.3105 1.9686
v  -2.3597 0.3105 1.9736
# 2071 vertices

vn -0.3668 0.1850 0.9117
vn -0.3167 0.1705 0.9330
vn -0.2654 0.1317 0.9551
vn -0.3220 0.1399 0.9363
vn -0.3602 0.2080 0.9094
vn -0.4064 0.2201 0.8868
vn -0.4060 0.2024 0.8912
vn -0.3700 0.1436 0.9178
vn -0.4170 0.2211 0.8816
vn -0.2970 0.1467 0.9435
vn -0.2565 0.1179 0.9593
vn -0.2748 0.1175 0.9543
vn -0.2459 0.0975 0.9644
vn -0.3366 0.1724 0.9257
vn -0.3031 0.1321 0.9437
vn -0.3119 0.1237 0.9420
vn -0.3650 0.1324 0.9215
vn -0.3071 0.1053 0.9458
vn -0.3646 0.1156 0.9239
vn -0.2775 0.0788 0.9575
vn -0.3748 0.1319 0.9177
vn -0.3535 0.1008 0.9300
vn -0.2608 0.0637 0.9633
vn -0.4452 0.1614 0.8807
vn -0.4249 0.1249 0.8966
vn -0.3989 0.2020 0.8944
vn -0.2975 0.1153 0.9477
vn -0.4657 0.2324 0.8538
vn -0.3364 0.0852 0.9378
vn -0.2474 0.0573 0.9672
vn -0.3236 0.0777 0.9430
vn -0.2382 0.0560 0.9696
vn -0.4074 0.1049 0.9072
vn -0.3933 0.0939 0.9146
vn -0.2528 0.0517 0.9661
vn -0.2660 0.0554 0.9624
vn -0.2722 0.0522 0.9608
vn -0.2871 0.0559 0.9562
vn -0.2444 0.0538 0.9681
vn -0.2631 0.0554 0.9632
vn -0.2826 0.0677 0.9568
vn -0.3020 0.0993 0.9481
vn -0.3069 0.0704 0.9491
vn -0.3323 0.1112 0.9366
vn 0.4809 -0.5815 0.6562
vn 0.3166 -0.3711 0.8729
vn 0.3525 -0.2975 0.8872
vn 0.5490 -0.4737 0.6886
vn 0.2044 -0.2247 0.9527
vn 0.2246 -0.1796 0.9577
vn 0.2806 -0.4317 0.8573
vn 0.4157 -0.6640 0.6215
vn 0.1837 -0.2622 0.9474
vn 0.3823 -0.2149 0.8987
vn 0.6071 -0.3453 0.7157
vn 0.4017 -0.1324 0.9062
vn 0.6443 -0.2118 0.7348
vn 0.2407 -0.1298 0.9619
vn 0.2506 -0.0801 0.9648
vn 0.7400 -0.4187 0.5264
vn 0.6580 -0.5680 0.4944
vn 0.7882 -0.4483 0.4216
vn 0.6938 -0.6050 0.3906
vn 0.7944 -0.2565 0.5506
vn 0.8521 -0.2732 0.4463
vn 0.5659 -0.6860 0.4573
vn 0.4815 -0.7706 0.4176
vn 0.5912 -0.7241 0.3552
vn 0.4998 -0.8061 0.3168
vn -0.2339 0.0590 0.9705
vn -0.3152 0.0760 0.9460
vn -0.3100 0.0799 0.9474
vn -0.2339 0.0665 0.9700
vn -0.3826 0.0896 0.9195
vn -0.3746 0.0915 0.9226
vn -0.3072 0.0894 0.9474
vn -0.2379 0.0790 0.9680
vn -0.3684 0.0999 0.9243
vn -0.2572 0.0913 0.9620
vn -0.2463 0.0730 0.9664
vn -0.2801 0.1002 0.9547
vn -0.2665 0.0787 0.9606
vn -0.2422 0.0610 0.9683
vn -0.2610 0.0644 0.9632
vn 0.5981 0.3274 0.7314
vn 0.3760 0.2035 0.9040
vn 0.3553 0.2793 0.8920
vn 0.5577 0.4424 0.7023
vn 0.2237 0.1708 0.9596
vn 0.2358 0.1242 0.9638
vn 0.6270 0.2147 0.7488
vn 0.3918 0.1320 0.9105
vn 0.2448 0.0807 0.9662
vn 0.3310 0.3500 0.8763
vn 0.5096 0.5431 0.6673
vn 0.4620 0.6192 0.6349
vn 0.3059 0.4075 0.8604
vn 0.2094 0.2154 0.9538
vn 0.1945 0.2534 0.9476
vn 0.6045 0.6430 0.4702
vn 0.6731 0.5334 0.5122
vn 0.6312 0.6837 0.3662
vn 0.7094 0.5751 0.4074
vn 0.5394 0.7217 0.4338
vn 0.5600 0.7589 0.3322
vn 0.7325 0.4016 0.5497
vn 0.7743 0.2680 0.5732
vn 0.7797 0.4389 0.4465
vn 0.8300 0.2962 0.4726
vn -0.5264 0.0189 -0.8500
vn -0.5057 0.0275 -0.8622
vn -0.6221 0.0421 -0.7818
vn -0.5653 0.0134 -0.8248
vn -0.5925 0.0628 -0.8031
vn -0.7709 0.1194 -0.6256
vn -0.4819 0.0258 -0.8758
vn -0.4493 0.0299 -0.8928
vn -0.4852 0.0463 -0.8732
vn -0.9503 0.1426 -0.2768
vn -0.9224 0.0983 -0.3735
vn -0.9574 0.2366 0.1654
vn -0.9851 0.1366 0.1040
vn -0.9612 0.2469 0.1231
vn -0.9523 0.2503 0.1745
vn -0.9091 0.1131 -0.4010
vn -0.8735 0.1123 -0.4736
vn -0.9782 0.1653 0.1257
vn -0.9857 0.1650 0.0328
vn 0.4165 0.6757 0.6082
vn 0.2801 0.4522 0.8467
vn 0.2523 0.4916 0.8335
vn 0.3699 0.7225 0.5840
vn 0.1797 0.2841 0.9418
vn 0.1635 0.3124 0.9358
vn 0.2221 0.5295 0.8187
vn 0.3212 0.7642 0.5593
vn 0.2691 0.8039 0.5304
vn 0.1888 0.5700 0.7996
vn 0.1457 0.3413 0.9286
vn 0.1259 0.3749 0.9185
vn 0.3639 0.8597 0.3583
vn 0.4224 0.8222 0.3814
vn 0.4358 0.8538 0.2849
vn 0.3751 0.8884 0.2647
vn 0.3031 0.8929 0.3330
vn 0.3128 0.9183 0.2427
vn 0.4803 0.7777 0.4055
vn 0.4967 0.8121 0.3063
vn 0.1770 0.8710 0.4583
vn 0.2197 0.8402 0.4958
vn 0.1567 0.6139 0.7736
vn 0.1288 0.6575 0.7423
vn 0.0892 0.4613 0.8827
vn 0.1061 0.4153 0.9035
vn 0.1019 0.6985 0.7083
vn 0.1373 0.8962 0.4219
vn 0.0735 0.7321 0.6772
vn 0.0974 0.9149 0.3917
vn 0.0721 0.5108 0.8566
vn 0.0523 0.5556 0.8298
vn 0.1523 0.9572 0.2463
vn 0.1972 0.9413 0.2741
vn 0.1588 0.9727 0.1690
vn 0.2048 0.9597 0.1925
vn 0.1078 0.9685 0.2244
vn 0.1133 0.9821 0.1505
vn 0.2461 0.9203 0.3040
vn 0.2547 0.9421 0.2180
vn 0.6588 -0.0909 0.7468
vn 0.4098 -0.0582 0.9103
vn 0.4090 0.0067 0.9125
vn 0.6570 0.0142 0.7537
vn 0.2546 -0.0355 0.9664
vn 0.2541 0.0039 0.9671
vn 0.6459 0.1125 0.7551
vn 0.4028 0.0680 0.9127
vn 0.2508 0.0414 0.9671
vn 0.8007 0.1443 0.5814
vn 0.8155 0.0235 0.5782
vn 0.8610 0.1626 0.4818
vn 0.8779 0.0317 0.4778
vn 0.8165 -0.1067 0.5674
vn 0.8784 -0.1099 0.4650
vn 0.0546 0.9263 0.3728
vn 0.0408 0.7538 0.6558
vn 0.0010 0.7604 0.6494
vn 0.0062 0.9310 0.3649
vn 0.0265 0.5834 0.8117
vn -0.0077 0.5827 0.8126
vn -0.0501 0.7477 0.6621
vn -0.0539 0.9312 0.3606
vn -0.1245 0.6955 0.7076
vn -0.1466 0.9213 0.3601
vn -0.0517 0.5359 0.8426
vn -0.1014 0.4006 0.9106
vn -0.0561 0.9783 0.1995
vn 0.0086 0.9785 0.2059
vn -0.0564 0.9897 0.1312
vn 0.0111 0.9910 0.1332
vn -0.1472 0.9734 0.1752
vn -0.1950 0.9781 0.0726
vn 0.0608 0.9755 0.2114
vn 0.0651 0.9881 0.1391
vn 0.1294 -0.4371 0.8900
vn 0.1483 -0.5053 0.8501
vn 0.1890 -0.7909 0.5819
vn 0.1647 -0.7151 0.6793
vn 0.1017 -0.2583 0.9607
vn 0.1124 -0.2944 0.9490
vn 0.0950 -0.2636 0.9599
vn 0.1271 -0.5456 0.8283
vn 0.0538 0.0174 0.9984
vn 0.1641 -0.5377 0.8270
vn 0.2112 -0.8190 0.5335
vn 0.1808 -0.5478 0.8168
vn 0.2373 -0.8198 0.5212
vn 0.1218 -0.3188 0.9399
vn 0.1306 -0.3304 0.9347
vn 0.2274 -0.9343 0.2744
vn 0.2042 -0.9300 0.3056
vn 0.2289 -0.9619 0.1493
vn 0.2033 -0.9657 0.1615
vn 0.2579 -0.9245 0.2806
vn 0.2618 -0.9503 0.1686
vn 0.1816 -0.8948 0.4079
vn 0.1505 -0.7973 0.5845
vn 0.1780 -0.9491 0.2600
vn 0.1433 -0.8680 0.4754
vn 0.3107 -0.7716 0.5550
vn 0.2705 -0.8027 0.5314
vn 0.1997 -0.5387 0.8184
vn 0.2222 -0.5151 0.8278
vn 0.1511 -0.3140 0.9373
vn 0.1397 -0.3276 0.9344
vn 0.3590 -0.7258 0.5867
vn 0.2489 -0.4792 0.8416
vn 0.1655 -0.2920 0.9420
vn 0.4096 -0.8309 0.3766
vn 0.3487 -0.8744 0.3372
vn 0.3584 -0.9033 0.2355
vn 0.4232 -0.8630 0.2759
vn 0.2985 -0.9046 0.3041
vn 0.3051 -0.9312 0.1992
vn 0.3986 -0.1577 0.9034
vn 0.4158 -0.2282 0.8803
vn 0.4259 -0.2783 0.8609
vn 0.4107 -0.1964 0.8903
vn 0.4108 -0.2071 0.8878
vn 0.4243 -0.2868 0.8589
vn 0.4255 -0.3354 0.8405
vn 0.4328 -0.3941 0.8107
vn 0.4313 -0.3961 0.8106
vn 0.3823 -0.1129 0.9171
vn 0.3960 -0.1410 0.9073
vn 0.3849 -0.1043 0.9170
vn 0.3699 -0.0852 0.9251
vn 0.3979 -0.1509 0.9049
vn 0.3883 -0.1118 0.9147
vn 0.3439 -0.0829 0.9353
vn 0.3592 -0.1182 0.9257
vn 0.3162 -0.0675 0.9463
vn 0.3295 -0.0988 0.9390
vn 0.3315 -0.0623 0.9414
vn 0.3046 -0.0499 0.9511
vn 0.3741 -0.1761 0.9105
vn 0.3808 -0.2684 0.8848
vn 0.3406 -0.1513 0.9279
vn 0.3398 -0.2374 0.9100
vn -0.4045 0.4912 0.7714
vn -0.4582 0.5388 0.7070
vn -0.5392 0.4378 0.7194
vn -0.4757 0.3991 0.7839
vn -0.4836 0.5389 0.6897
vn -0.5648 0.4343 0.7017
vn -0.3312 0.5592 0.7600
vn -0.3744 0.6130 0.6957
vn -0.3975 0.6178 0.6785
vn -0.6054 0.3175 0.7299
vn -0.5336 0.2898 0.7945
vn -0.6496 0.1934 0.7353
vn -0.5720 0.1784 0.8006
vn -0.6297 0.3123 0.7113
vn -0.6727 0.1877 0.7156
vn -0.3622 0.2049 0.9093
vn -0.3240 0.2841 0.9023
vn -0.2254 0.1350 0.9648
vn -0.2022 0.1904 0.9607
vn -0.3864 0.1261 0.9137
vn -0.2399 0.0823 0.9673
vn -0.2761 0.3523 0.8942
vn -0.2262 0.4039 0.8863
vn -0.1724 0.2400 0.9553
vn -0.1410 0.2790 0.9499
vn 0.3565 -0.0481 0.9330
vn 0.3619 -0.0656 0.9299
vn 0.3782 -0.0785 0.9224
vn 0.3734 -0.0589 0.9258
vn 0.3824 -0.0837 0.9202
vn 0.3781 -0.0631 0.9236
vn 0.3493 -0.0319 0.9365
vn 0.3670 -0.0439 0.9292
vn 0.3539 -0.0320 0.9347
vn 0.3347 -0.0155 0.9422
vn 0.3720 -0.0487 0.9269
vn 0.1822 -0.0196 0.9831
vn 0.3088 -0.0116 0.9510
vn 0.3173 -0.0303 0.9478
vn 0.2820 -0.0004 0.9594
vn 0.2906 -0.0201 0.9566
vn 0.2915 0.0106 0.9565
vn 0.2647 0.0236 0.9640
vn 0.3233 -0.0472 0.9451
vn 0.2966 -0.0366 0.9543
vn -0.6087 -0.3258 0.7234
vn -0.5494 -0.4271 0.7181
vn -0.4866 -0.3819 0.7857
vn -0.5373 -0.2897 0.7921
vn -0.6290 -0.3329 0.7024
vn -0.5695 -0.4339 0.6981
vn -0.5744 -0.1945 0.7951
vn -0.6519 -0.2218 0.7251
vn -0.6724 -0.2297 0.7035
vn -0.4863 -0.5114 0.7085
vn -0.4331 -0.4589 0.7757
vn -0.3857 -0.5159 0.7649
vn -0.4305 -0.5730 0.6973
vn -0.5052 -0.5193 0.6892
vn -0.4469 -0.5833 0.6782
vn -0.2984 -0.3201 0.8991
vn -0.3321 -0.2642 0.9055
vn -0.1905 -0.2107 0.9588
vn -0.2087 -0.1715 0.9628
vn -0.2683 -0.3621 0.8926
vn -0.1741 -0.2409 0.9548
vn -0.3637 -0.1983 0.9102
vn -0.3865 -0.1309 0.9129
vn -0.2258 -0.1267 0.9658
vn -0.2389 -0.0824 0.9675
vn -0.3023 -0.5996 0.7410
vn -0.3439 -0.5596 0.7540
vn -0.3815 -0.6196 0.6859
vn -0.3328 -0.6616 0.6719
vn -0.3959 -0.6312 0.6669
vn -0.3450 -0.6741 0.6531
vn -0.2813 -0.7039 0.6522
vn -0.2586 -0.6405 0.7231
vn -0.2105 -0.6870 0.6955
vn -0.2241 -0.7506 0.6215
vn -0.2913 -0.7167 0.6336
vn -0.2317 -0.7629 0.6035
vn -0.1869 -0.4612 0.8673
vn -0.2150 -0.4275 0.8780
vn -0.1257 -0.3151 0.9407
vn -0.1426 -0.2892 0.9466
vn -0.1562 -0.5017 0.8508
vn -0.1072 -0.3476 0.9315
vn -0.2417 -0.3958 0.8859
vn -0.1586 -0.2655 0.9509
vn -0.1274 -0.7868 0.6038
vn -0.1648 -0.7371 0.6554
vn -0.1697 -0.7984 0.5776
vn -0.1260 -0.8428 0.5232
vn -0.1729 -0.8105 0.5596
vn -0.1259 -0.8539 0.5050
vn -0.0949 -0.8326 0.5456
vn -0.0900 -0.8811 0.4642
vn -0.0652 -0.8684 0.4915
vn -0.0600 -0.9093 0.4117
vn -0.0876 -0.8911 0.4453
vn -0.0570 -0.9183 0.3917
vn -0.1031 -0.6002 0.7932
vn -0.0808 -0.6537 0.7524
vn -0.0627 -0.4857 0.8719
vn -0.0764 -0.4347 0.8973
vn -0.0580 -0.7006 0.7111
vn -0.0474 -0.5325 0.8451
vn -0.1271 -0.5484 0.8265
vn -0.0904 -0.3878 0.9173
vn -0.6735 0.0790 0.7350
vn -0.6815 -0.0244 0.7314
vn -0.5997 -0.0157 0.8000
vn -0.5925 0.0764 0.8019
vn -0.6959 0.0727 0.7144
vn -0.7034 -0.0316 0.7101
vn -0.6751 -0.1227 0.7274
vn -0.5944 -0.1042 0.7974
vn -0.6963 -0.1308 0.7057
vn -0.3988 -0.0680 0.9145
vn -0.4023 -0.0074 0.9155
vn -0.2463 -0.0418 0.9683
vn -0.2488 -0.0033 0.9685
vn -0.3984 0.0557 0.9155
vn -0.2469 0.0369 0.9683
vn 0.0071 -0.8997 0.4364
vn -0.0332 -0.8907 0.4533
vn -0.0293 -0.9261 0.3760
vn 0.0102 -0.9322 0.3617
vn -0.0264 -0.9342 0.3556
vn 0.0143 -0.9395 0.3423
vn 0.0636 -0.9263 0.3713
vn 0.0609 -0.8945 0.4428
vn 0.1413 -0.8995 0.4133
vn 0.1380 -0.8661 0.4804
vn 0.0711 -0.9321 0.3552
vn 0.1553 -0.9012 0.4044
vn 0.0477 -0.7586 0.6497
vn 0.0025 -0.7527 0.6583
vn 0.0276 -0.6110 0.7911
vn -0.0047 -0.5937 0.8047
vn 0.1133 -0.7441 0.6583
vn 0.0753 -0.6172 0.7832
vn -0.0314 -0.7338 0.6786
vn -0.0287 -0.5685 0.8221
vn -0.0632 0.6202 0.7819
vn -0.0843 0.6738 0.7340
vn -0.0691 0.6093 0.7898
vn -0.0473 0.5492 0.8343
vn -0.0641 0.6255 0.7775
vn -0.0885 0.6908 0.7176
vn -0.0408 0.4986 0.8659
vn -0.0208 0.4077 0.9128
vn -0.0392 0.4669 0.8834
vn -0.1080 0.6968 0.7090
vn -0.0916 0.6343 0.7676
vn -0.1406 0.7056 0.6945
vn -0.1219 0.6447 0.7547
vn -0.1147 0.7140 0.6906
vn -0.1497 0.7213 0.6762
vn -0.0490 0.4610 0.8860
vn -0.0325 0.4386 0.8981
vn -0.0157 0.3224 0.9464
vn -0.0043 0.3036 0.9528
vn -0.0732 0.4725 0.8783
vn -0.0337 0.3339 0.9420
vn -0.0159 0.3904 0.9205
vn 0.0119 0.2441 0.9697
vn 0.0044 0.2788 0.9603
vn 0.3440 -0.7104 0.6140
vn 0.3420 -0.6600 0.6689
vn 0.2401 -0.7935 0.5592
vn 0.2429 -0.8329 0.4971
vn 0.2603 -0.8276 0.4973
vn 0.3576 -0.6983 0.6200
vn 0.4114 -0.5476 0.7286
vn 0.4075 -0.4884 0.7716
vn 0.4160 -0.5383 0.7329
vn 0.2983 -0.5640 0.7700
vn 0.3614 -0.4060 0.8394
vn 0.3093 -0.3652 0.8780
vn 0.2380 -0.5040 0.8302
vn 0.2038 -0.6852 0.6992
vn 0.1480 -0.5922 0.7920
vn -0.1834 0.7031 0.6870
vn -0.2355 0.6894 0.6850
vn -0.2084 0.6306 0.7476
vn -0.1613 0.6434 0.7483
vn -0.1950 0.7173 0.6689
vn -0.2504 0.7017 0.6671
vn -0.2648 0.6041 0.7516
vn -0.2988 0.6614 0.6879
vn -0.3177 0.6706 0.6703
vn -0.1802 0.4395 0.8800
vn -0.1395 0.4617 0.8760
vn -0.0827 0.3258 0.9418
vn -0.1108 0.3074 0.9451
vn -0.1041 0.4725 0.8751
vn -0.0571 0.3347 0.9406
vn 0.1082 -0.6414 0.7595
vn 0.0692 -0.4941 0.8666
vn 0.0376 -0.1384 0.9897
vn 0.0780 -0.3201 0.9441
vn 0.0699 -0.6267 0.7761
vn 0.1014 -0.7285 0.6774
vn 0.0421 -0.3811 0.9236
vn 0.0116 -0.0219 0.9997
vn 0.0409 -0.4930 0.8690
vn 0.0118 -0.1054 0.9944
vn 0.0418 -0.5001 0.8650
vn 0.0412 -0.4975 0.8665
vn -0.0146 0.2731 0.9619
vn 0.0087 0.1667 0.9860
vn -0.0114 0.1909 0.9815
vn 0.0474 -0.0182 0.9987
vn -0.0375 -0.0188 0.9991
vn -0.0048 -0.0039 1.0000
vn -0.6005 0.1355 0.7880
vn -0.6235 0.1646 0.7643
vn 0.1471 -0.0695 0.9867
vn 0.1604 -0.0417 0.9861
vn -0.1019 -0.0164 0.9946
vn -0.6468 0.2530 0.7195
vn 0.1097 -0.0989 0.9890
vn 0.0083 0.0137 0.9998
vn -0.5827 0.1372 0.8010
vn 0.0126 0.0305 0.9995
vn -0.5595 0.1580 0.8136
vn 0.1613 -0.0204 0.9867
vn 0.1574 -0.0053 0.9875
vn -0.9633 0.2327 -0.1340
vn -0.9673 0.2080 -0.1453
vn -0.7424 0.1842 -0.6442
vn -0.7195 0.1459 -0.6789
vn -0.9657 0.2246 -0.1301
vn -0.7132 0.1469 -0.6854
vn -0.9450 0.3098 -0.1044
vn -0.8866 0.4602 -0.0461
vn -0.7678 0.2719 -0.5800
vn -0.7706 0.4319 -0.4686
vn -0.4694 0.2337 -0.8515
vn -0.4232 0.2046 -0.8826
vn -0.4070 0.1245 -0.9049
vn -0.4418 0.1447 -0.8853
vn -0.4495 0.2193 -0.8659
vn -0.4318 0.1314 -0.8924
vn -0.4851 0.3978 -0.7787
vn -0.4274 0.3565 -0.8307
vn -0.4559 0.3937 -0.7982
vn -0.3894 0.0819 -0.9174
vn -0.4187 0.0958 -0.9030
vn -0.3791 0.0636 -0.9232
vn -0.4066 0.0715 -0.9108
vn -0.4127 0.0862 -0.9067
vn -0.4010 0.0680 -0.9135
vn -0.7582 0.1887 -0.6240
vn -0.7704 0.2536 -0.5849
vn -0.9314 0.2325 -0.2801
vn -0.9254 0.2992 -0.2327
vn -0.7557 0.1529 -0.6368
vn -0.9384 0.1951 -0.2852
vn -0.7774 0.3605 -0.5155
vn -0.7444 0.5282 -0.4084
vn -0.9015 0.4074 -0.1458
vn -0.8157 0.5774 -0.0335
vn -0.5177 0.1863 0.8350
vn 0.0173 0.0490 0.9986
vn 0.0217 0.0729 0.9971
vn -0.4615 0.2120 0.8614
vn 0.1539 0.0101 0.9880
vn 0.1502 0.0316 0.9881
vn 0.0215 0.1019 0.9945
vn -0.3950 0.2343 0.8883
vn -0.3319 0.2558 0.9079
vn 0.0095 0.1372 0.9905
vn 0.1410 0.0591 0.9882
vn 0.1180 0.0947 0.9885
vn -0.9376 0.3292 0.1122
vn -0.9552 0.2959 -0.0022
vn -0.8330 0.2228 -0.5064
vn -0.7704 0.1875 -0.6093
vn -0.8875 0.3605 0.2870
vn -0.8993 0.2715 -0.3427
vn -0.9619 0.2609 -0.0816
vn -0.7298 0.1643 -0.6636
vn -0.4082 0.0581 -0.9110
vn -0.3805 0.0555 -0.9231
vn -0.3925 0.0466 -0.9185
vn -0.4219 0.0461 -0.9055
vn -0.4016 0.0629 -0.9136
vn -0.4139 0.0566 -0.9085
vn -0.4143 0.0374 -0.9094
vn -0.4463 0.0352 -0.8942
vn -0.4382 0.0497 -0.8975
vn -0.8336 0.1129 -0.5406
vn -0.7969 0.1199 -0.5921
vn -0.9707 0.1614 -0.1779
vn -0.9842 0.1579 -0.0798
vn -0.7691 0.1331 -0.6251
vn -0.9527 0.1738 -0.2492
vn -0.3190 0.2017 0.9260
vn -0.3225 0.1800 0.9293
vn -0.3469 0.3843 0.8555
vn -0.3250 0.3123 0.8926
vn -0.3583 0.2325 0.9042
vn -0.3644 0.5328 0.7638
vn -0.3566 0.7577 0.5466
vn -0.3918 0.5918 0.7044
vn -0.3193 0.9017 0.2914
vn -0.4499 0.6495 0.6130
vn -0.2963 0.9145 0.2755
vn -0.2770 0.9413 0.1927
vn -0.4181 0.3572 0.8352
vn -0.4801 0.3792 0.7910
vn 0.0000 0.0000 1.0000
vn -0.4998 0.7083 0.4984
vn -0.3024 0.8685 0.3927
vn -0.2214 0.5444 0.8090
vn -0.2615 0.2721 0.9261
vn -0.1108 0.1657 0.9799
vn -0.0465 -0.0303 0.9984
vn -0.1934 0.0564 0.9795
vn -0.6282 0.4516 0.6335
vn 0.0414 -0.1037 0.9937
vn -0.7462 0.6648 0.0323
vn -0.5318 0.8417 0.0934
vn -0.7019 0.6471 -0.2978
vn -0.5454 0.8296 -0.1194
vn -0.3132 0.9409 0.1288
vn -0.3585 0.9335 0.0015
vn -0.6326 0.3887 0.6699
vn -0.7642 0.3799 0.5212
vn -0.2924 0.2788 0.9147
vn -0.2907 0.3109 0.9049
vn -0.8897 0.3838 0.2473
vn -0.9386 0.3273 -0.1089
vn -0.0222 0.1777 0.9838
vn -0.0799 0.2264 0.9707
vn 0.0703 0.1381 0.9879
vn -0.0158 0.1963 0.9804
vn -0.1701 0.2947 0.9403
vn -0.3324 0.3650 0.8696
vn -0.2015 0.3166 0.9269
vn -0.3063 0.3755 0.8747
vn -0.1568 0.2883 0.9446
vn -0.1859 0.3068 0.9334
vn -0.5384 0.4047 0.7391
vn -0.7555 0.4129 0.5086
vn -0.4710 0.4253 0.7728
vn -0.6316 0.4257 0.6479
vn -0.3390 0.9263 -0.1645
vn -0.6487 0.7575 0.0732
vn -0.5608 0.7034 -0.4367
vn -0.2598 0.8292 -0.4948
vn -0.4529 0.8725 0.1834
vn -0.6328 0.5729 0.5209
vn -0.0998 0.8600 -0.5005
vn -0.1288 0.9521 -0.2774
vn -0.2152 0.9748 -0.0590
vn -0.8132 0.4297 0.3925
vn -0.8483 0.4559 -0.2693
vn -0.7922 0.2163 0.5707
vn -0.9644 0.2548 -0.0711
vn -0.6286 0.2898 0.7217
vn -0.5729 0.1551 0.8048
vn -0.7154 0.3757 -0.5890
vn -0.4701 0.5924 -0.6542
vn -0.6519 0.3674 -0.6634
vn -0.4431 0.5579 -0.7017
vn -0.8398 0.2142 -0.4988
vn -0.7699 0.2057 -0.6040
vn -0.2238 0.7271 -0.6490
vn -0.0878 0.7731 -0.6282
vn -0.2294 0.6840 -0.6925
vn -0.0942 0.7361 -0.6703
vn 0.6310 -0.7624 -0.1431
vn 0.7490 -0.6448 -0.1521
vn 0.6500 -0.5548 -0.5193
vn 0.5604 -0.6712 -0.4852
vn 0.6395 -0.7668 0.0547
vn 0.7588 -0.6480 0.0656
vn 0.4766 -0.7491 -0.4601
vn 0.5275 -0.8372 -0.1442
vn 0.5345 -0.8444 0.0363
vn 0.7294 -0.4051 -0.5511
vn 0.8606 -0.4823 -0.1635
vn 0.9406 -0.2947 -0.1684
vn 0.7846 -0.2428 -0.5705
vn 0.8710 -0.4858 0.0732
vn 0.9507 -0.2991 0.0821
vn 0.5818 -0.3220 -0.7468
vn 0.5309 -0.4513 -0.7173
vn 0.5325 -0.2819 -0.7981
vn 0.4923 -0.3990 -0.7736
vn 0.6158 -0.1898 -0.7647
vn 0.5584 -0.1660 -0.8128
vn 0.4700 -0.5600 -0.6822
vn 0.4094 -0.6394 -0.6508
vn 0.4421 -0.5033 -0.7425
vn 0.3894 -0.5847 -0.7116
vn 0.0000 0.6700 0.7423
vn -0.9832 0.1514 0.1017
vn -0.9836 0.1754 0.0411
vn -0.7459 0.1397 0.6512
vn -0.7103 0.1151 0.6944
vn -0.5260 0.1026 0.8442
vn -0.4921 0.0837 0.8665
vn -0.6872 0.1160 0.7171
vn -0.9785 0.1590 0.1309
vn -0.6784 0.1372 0.7217
vn -0.9721 0.1929 0.1330
vn -0.4693 0.0822 0.8792
vn -0.4589 0.0943 0.8834
vn -0.8958 0.1428 -0.4208
vn -0.8939 0.1341 -0.4277
vn -0.8115 0.1272 -0.5702
vn -0.8136 0.1215 -0.5686
vn -0.8877 0.1744 -0.4261
vn -0.8015 0.1548 -0.5776
vn -0.8797 0.1523 -0.4505
vn -0.8043 0.1420 -0.5770
vn 0.7349 0.4034 -0.5450
vn 0.8663 0.4780 -0.1448
vn 0.7745 0.6147 -0.1491
vn 0.6675 0.5266 -0.5264
vn 0.8762 0.4714 0.1000
vn 0.7876 0.6112 0.0784
vn 0.7830 0.2759 -0.5574
vn 0.9333 0.3294 -0.1423
vn 0.9396 0.3228 0.1136
vn 0.6769 0.7202 -0.1519
vn 0.5931 0.6275 -0.5043
vn 0.5253 0.6998 -0.4840
vn 0.5917 0.7916 -0.1527
vn 0.6902 0.7214 0.0565
vn 0.6029 0.7968 0.0395
vn 0.4905 0.5167 -0.7017
vn 0.5403 0.4243 -0.7266
vn 0.4562 0.4642 -0.7591
vn 0.4974 0.3765 -0.7815
vn 0.4423 0.5871 -0.6780
vn 0.4143 0.5346 -0.7366
vn 0.5832 0.3188 -0.7472
vn 0.6129 0.2153 -0.7602
vn 0.5313 0.2808 -0.7993
vn 0.5542 0.1895 -0.8105
vn -0.6829 0.6194 0.3871
vn -0.5894 0.6252 0.5116
vn -0.6865 0.7238 0.0692
vn -0.7334 0.6782 -0.0451
vn -0.5428 0.5429 0.6408
vn -0.6454 0.5293 0.5506
vn -0.7683 0.6277 -0.1250
vn -0.7464 0.5852 0.3169
vn -0.6584 0.4820 0.5781
vn -0.5178 0.6054 0.6044
vn -0.6536 0.7439 0.1394
vn -0.5707 0.6679 0.4777
vn -0.6488 0.7607 -0.0179
vn -0.4222 0.5040 0.7534
vn -0.3923 0.4791 0.7852
vn -0.6347 0.7215 -0.2766
vn -0.6527 0.6824 -0.3290
vn -0.6110 0.6462 -0.4573
vn -0.5982 0.6837 -0.4179
vn -0.6116 0.7129 -0.3431
vn -0.5954 0.6926 -0.4070
vn -0.6753 0.6260 -0.3899
vn -0.6962 0.5707 -0.4355
vn -0.6321 0.5952 -0.4961
vn -0.6535 0.5433 -0.5270
vn 0.0749 -0.9686 0.2370
vn 0.0845 -0.9466 0.3110
vn 0.1045 -0.9884 0.1102
vn 0.0926 -0.9949 -0.0400
vn 0.0951 -0.9385 0.3319
vn 0.1189 -0.9824 0.1441
vn 0.0652 -0.9290 0.3642
vn 0.0758 -0.9100 0.4076
vn 0.0793 -0.8915 0.4459
vn 0.1269 -0.9881 -0.0871
vn 0.1119 -0.9558 -0.2719
vn 0.1489 -0.9610 -0.2331
vn 0.1325 -0.8984 -0.4186
vn 0.1433 -0.9889 -0.0386
vn 0.1644 -0.9747 -0.1511
vn 0.0987 -0.9321 -0.3485
vn 0.0779 -0.9918 -0.1017
vn 0.0909 -0.9293 -0.3579
vn 0.0685 -0.9926 -0.0999
vn 0.1209 -0.8587 -0.4979
vn 0.1146 -0.8500 -0.5142
vn 0.0600 -0.9779 0.2000
vn 0.0498 -0.9380 0.3431
vn 0.0501 -0.9746 0.2183
vn 0.0435 -0.9404 0.3372
vn 0.8666 -0.0203 0.4986
vn 0.8802 -0.0206 0.4742
vn 0.8817 -0.0364 0.4703
vn 0.8709 -0.0360 0.4900
vn 0.8805 -0.0109 0.4740
vn 0.8667 -0.0107 0.4986
vn 0.8668 -0.0388 0.4971
vn 0.8617 -0.0247 0.5068
vn 0.8563 -0.0106 0.5163
vn 0.8935 -0.0208 0.4485
vn 0.8923 -0.0369 0.4498
vn 0.8995 -0.0237 0.4362
vn 0.8972 -0.0388 0.4399
vn 0.8936 -0.0111 0.4487
vn 0.9012 -0.0112 0.4331
vn 0.8914 -0.0475 0.4506
vn 0.8826 -0.0470 0.4677
vn 0.8912 -0.0518 0.4506
vn 0.8823 -0.0513 0.4678
vn 0.8955 -0.0488 0.4423
vn 0.8950 -0.0520 0.4431
vn 0.8737 -0.0465 0.4842
vn 0.8701 -0.0484 0.4905
vn 0.8734 -0.0508 0.4843
vn 0.8708 -0.0506 0.4890
vn -0.9498 0.3056 0.0661
vn -0.9632 0.2448 0.1106
vn -0.6839 0.1742 0.7084
vn -0.7029 0.2243 0.6750
vn -0.4624 0.1176 0.8788
vn -0.4808 0.1519 0.8635
vn -0.7312 0.2879 0.6184
vn -0.9283 0.3716 0.0012
vn -0.8956 0.4378 -0.0787
vn -0.7615 0.3631 0.5368
vn -0.5146 0.1999 0.8338
vn -0.5610 0.2632 0.7848
vn -0.8159 0.3321 -0.4733
vn -0.8461 0.2753 -0.4564
vn -0.7457 0.3066 -0.5915
vn -0.7668 0.2502 -0.5911
vn -0.7819 0.3892 -0.4870
vn -0.7233 0.3652 -0.5861
vn -0.8704 0.2217 -0.4396
vn -0.7856 0.1988 -0.5859
vn 0.4094 0.7922 -0.4525
vn 0.4659 0.7515 -0.4671
vn 0.5195 0.8408 -0.1521
vn 0.4526 0.8788 -0.1512
vn 0.5288 0.8483 0.0278
vn 0.4601 0.8877 0.0188
vn 0.3875 0.9093 -0.1515
vn 0.3531 0.8254 -0.4404
vn 0.3218 0.9340 -0.1550
vn 0.2952 0.8525 -0.4314
vn 0.3931 0.9194 0.0099
vn 0.3256 0.9455 -0.0017
vn 0.3536 0.6823 -0.6399
vn 0.3081 0.7180 -0.6240
vn 0.2939 0.6688 -0.6829
vn 0.3354 0.6316 -0.6990
vn 0.2599 0.7482 -0.6105
vn 0.2493 0.7007 -0.6684
vn 0.3978 0.6396 -0.6578
vn 0.3750 0.5877 -0.7168
vn -0.7858 0.4389 0.4357
vn -0.7880 0.5017 0.3569
vn -0.8196 0.5380 -0.1969
vn -0.8554 0.4933 -0.1578
vn -0.6098 0.3304 0.7203
vn -0.6426 0.3891 0.6600
vn -0.7727 0.5469 0.3223
vn -0.7937 0.5817 -0.1779
vn -0.6506 0.4390 0.6196
vn -0.7122 0.5224 -0.4689
vn -0.7278 0.4803 -0.4895
vn -0.6716 0.4975 -0.5491
vn -0.6868 0.4581 -0.5643
vn -0.7504 0.4387 -0.4943
vn -0.7031 0.4164 -0.5763
vn -0.4912 0.0000 0.8710
vn 0.2609 0.9514 -0.1631
vn 0.2086 0.9622 -0.1748
vn 0.1930 0.8833 -0.4273
vn 0.2406 0.8717 -0.4269
vn 0.2631 0.9646 -0.0176
vn 0.2096 0.9771 -0.0361
vn 0.1608 0.9690 -0.1874
vn 0.1490 0.8903 -0.4303
vn 0.1139 0.9735 -0.1983
vn 0.1056 0.8943 -0.4346
vn 0.1609 0.9855 -0.0539
vn 0.1132 0.9912 -0.0683
vn 0.1721 0.7852 -0.5947
vn 0.1333 0.7945 -0.5924
vn 0.1649 0.7423 -0.6495
vn 0.1273 0.7530 -0.6455
vn 0.0946 0.7999 -0.5926
vn 0.0896 0.7593 -0.6445
vn 0.2134 0.7707 -0.6004
vn 0.2048 0.7257 -0.6568
vn 0.1755 -0.8467 -0.5022
vn 0.1535 -0.8599 -0.4867
vn 0.1701 -0.9369 -0.3052
vn 0.1932 -0.9305 -0.3112
vn 0.1827 -0.9650 -0.1879
vn 0.2029 -0.9622 -0.1817
vn 0.2214 -0.9333 -0.2825
vn 0.2022 -0.8476 -0.4906
vn 0.2373 -0.8498 -0.4705
vn 0.2587 -0.9347 -0.2438
vn 0.2288 -0.9619 -0.1492
vn 0.2649 -0.9584 -0.1057
vn 0.1856 -0.7747 -0.6045
vn 0.1622 -0.7845 -0.5985
vn 0.1574 -0.7627 -0.6272
vn 0.1805 -0.7471 -0.6398
vn 0.2158 -0.7679 -0.6031
vn 0.2102 -0.7346 -0.6451
vn 0.1421 -0.8090 -0.5702
vn 0.1372 -0.7936 -0.5927
vn 0.8125 -0.0937 -0.5754
vn 0.9797 -0.1160 -0.1635
vn 0.9872 0.0405 -0.1539
vn 0.8192 0.0354 -0.5723
vn 0.9882 -0.1207 0.0944
vn 0.9936 0.0355 0.1073
vn 0.9719 0.1852 -0.1455
vn 0.8097 0.1552 -0.5658
vn 0.9770 0.1794 0.1153
vn 0.6359 0.0277 -0.7713
vn 0.6295 0.1205 -0.7676
vn 0.5726 0.0243 -0.8194
vn 0.5672 0.1060 -0.8167
vn 0.6324 -0.0724 -0.7712
vn 0.5706 -0.0637 -0.8188
vn 0.0662 0.9749 -0.2125
vn 0.0156 0.9708 -0.2395
vn 0.0193 0.8859 -0.4634
vn 0.0623 0.8940 -0.4436
vn 0.0642 0.9944 -0.0832
vn 0.0103 0.9942 -0.1072
vn -0.0434 0.9605 -0.2748
vn -0.0279 0.8733 -0.4863
vn -0.0573 0.9865 -0.1535
vn -0.0240 0.7884 -0.6146
vn 0.0186 0.7969 -0.6037
vn 0.0154 0.7595 -0.6503
vn -0.0279 0.7530 -0.6574
vn 0.0564 0.8010 -0.5959
vn 0.0524 0.7614 -0.6462
vn 0.3372 -0.8290 -0.4462
vn 0.2823 -0.8449 -0.4542
vn 0.3072 -0.9286 -0.2083
vn 0.3673 -0.9126 -0.1793
vn 0.3129 -0.9476 -0.0635
vn 0.3731 -0.9274 -0.0254
vn 0.4408 -0.8837 -0.1572
vn 0.4025 -0.7984 -0.4477
vn 0.4469 -0.8945 0.0087
vn 0.3525 -0.6943 -0.6274
vn 0.2999 -0.7319 -0.6118
vn 0.2906 -0.6868 -0.6661
vn 0.3391 -0.6436 -0.6861
vn 0.2541 -0.7553 -0.6041
vn 0.2473 -0.7161 -0.6527
vn 0.3273 -0.0207 0.9447
vn 0.2754 -0.0065 0.9613
vn 0.2448 0.0261 0.9692
vn 0.3047 0.0024 0.9525
vn 0.1415 -0.0098 0.9899
vn 0.1686 -0.0153 0.9855
vn 0.1214 0.0653 0.9904
vn 0.1682 0.0172 0.9856
vn 0.0746 0.0612 0.9953
vn 0.1083 0.0162 0.9940
vn 0.0830 -0.0005 0.9965
vn 0.1015 0.0061 0.9948
vn 0.0204 0.1434 0.9894
vn 0.1836 0.0744 0.9802
vn 0.0509 0.1455 0.9880
vn 0.1680 0.0894 0.9817
vn -0.0032 0.1266 0.9919
vn -0.1566 0.2312 0.9602
vn 0.2556 0.0373 0.9661
vn 0.2305 0.0528 0.9716
vn -0.4071 0.7438 -0.5300
vn -0.4598 0.8745 -0.1540
vn -0.3408 0.9298 -0.1389
vn -0.3717 0.7931 -0.4825
vn -0.2725 0.9608 -0.0510
vn -0.3485 0.8545 -0.3851
vn -0.2778 0.9606 0.0080
vn -0.4152 0.9077 0.0595
vn -0.2598 0.9656 0.0003
vn -0.4573 0.6083 -0.6487
vn -0.4073 0.5721 -0.7119
vn -0.4250 0.6352 -0.6449
vn -0.6390 0.7227 -0.2632
vn -0.6377 0.7671 0.0696
vn -0.7404 0.6719 0.0194
vn -0.6967 0.6961 -0.1732
vn -0.6603 0.7171 -0.2231
vn -0.6859 0.7163 -0.1281
vn -0.7426 0.6494 -0.1636
vn -0.7672 0.6016 0.2223
vn -0.6934 0.7129 0.1052
vn -0.7510 0.6043 0.2660
vn -0.7581 0.5889 0.2801
vn -0.6374 0.7461 -0.1925
vn -0.6413 0.7360 -0.2166
vn -0.6220 0.7636 -0.1729
vn -0.6427 0.7409 -0.1949
vn -0.6547 0.7280 -0.2033
vn -0.6075 0.7784 -0.1580
vn -0.6531 0.7161 -0.2461
vn -0.6429 0.7071 -0.2945
vn -0.6648 0.7055 -0.2454
vn -0.6466 0.6970 -0.3099
vn -0.6634 0.7159 -0.2175
vn -0.6696 0.7079 -0.2245
vn -0.6379 0.7076 -0.3039
vn -0.6487 0.7266 -0.2262
vn -0.6263 0.6919 -0.3591
vn -0.6119 0.6903 -0.3862
vn -0.9686 0.2485 0.0000
vn -0.9502 0.3116 0.0000
vn -0.9810 0.1939 0.0000
vn -0.9253 0.3792 0.0000
vn -0.8944 0.4472 0.0000
vn 0.5287 0.8488 0.0000
vn 0.4606 0.8876 0.0000
vn 0.6025 0.7981 0.0000
vn 0.3947 0.9188 0.0000
vn 0.3286 0.9445 0.0000
vn 0.3285 0.9445 0.0000
vn 1.0000 0.0000 0.0000
vn 0.3875 0.9219 0.0000
vn 0.9991 0.0434 0.0000
vn 0.9935 -0.1137 0.0000
vn 0.9558 -0.2939 0.0000
vn 0.9822 0.1877 0.0000
vn 0.9437 0.3307 0.0000
vn 0.2671 0.9637 0.0000
vn 0.2142 0.9768 0.0000
vn 0.1655 0.9862 0.0000
vn 0.1174 0.9931 0.0000
vn -0.6883 0.7253 0.0000
vn -0.6763 0.7366 0.0000
vn -0.6623 0.7492 0.0000
vn -0.6967 0.7173 0.0000
vn 0.0000 -1.0000 0.0000
vn 0.7632 -0.6461 0.0000
vn 0.6443 -0.7648 0.0000
vn 0.5406 -0.8413 0.0000
vn 0.8757 -0.4829 0.0000
vn 0.8781 0.4784 0.0000
vn 0.7875 0.6163 0.0000
vn 0.6895 0.7243 0.0000
vn -1.0000 0.0000 0.0000
vn 0.0000 -0.7033 0.7109
vn 0.0000 -0.7033 0.7108
vn 0.8434 0.0000 0.5372
vn 0.1722 -0.9849 -0.0154
vn 0.2024 -0.9793 -0.0048
vn 0.2033 -0.9791 -0.0048
vn 0.1744 -0.9846 -0.0154
vn 0.2019 -0.9794 -0.0048
vn 0.1712 -0.9851 -0.0154
vn 0.1418 -0.9892 -0.0358
vn 0.1377 -0.9898 -0.0358
vn 0.1357 -0.9901 -0.0358
vn 0.2336 -0.9723 -0.0008
vn 0.2333 -0.9724 -0.0008
vn 0.2713 -0.9625 0.0000
vn 0.2332 -0.9724 -0.0008
vn 0.2042 -0.9789 -0.0048
vn 0.2338 -0.9723 -0.0008
vn 0.2339 -0.9722 -0.0008
vn 0.2047 -0.9788 -0.0048
vn 0.1765 -0.9842 -0.0154
vn 0.1458 -0.9886 -0.0358
vn 0.1775 -0.9840 -0.0154
vn 0.1478 -0.9883 -0.0358
vn -0.7363 0.6767 0.0000
vn -0.6963 0.7177 0.0000
vn -0.7753 0.6316 0.0000
vn -0.6660 0.7459 0.0000
vn 0.0702 0.9975 0.0000
vn 0.0230 0.9997 0.0000
vn -0.0324 0.9995 0.0000
vn -0.1187 0.9929 0.0000
vn 0.3199 -0.9474 0.0000
vn 0.3804 -0.9248 0.0000
vn 0.4542 -0.8909 0.0000
vn 0.0000 1.0000 0.0000
vn 0.0622 -0.9857 -0.1562
vn 0.0529 -0.9863 -0.1563
vn 0.0724 -0.9914 -0.1091
vn 0.0805 -0.9908 -0.1090
vn 0.0483 -0.9865 -0.1563
vn 0.0684 -0.9917 -0.1090
vn 0.7012 -0.7012 -0.1291
vn 0.6996 -0.7027 -0.1293
vn 0.6503 -0.7471 -0.1375
vn 0.1081 -0.9918 -0.0676
vn 0.1018 -0.9925 -0.0677
vn 0.0987 -0.9928 -0.0676
vn 0.0887 -0.9901 -0.1090
vn 0.1145 -0.9911 -0.0676
vn 0.1176 -0.9908 -0.0677
vn 0.0927 -0.9897 -0.1091
vn 0.0715 -0.9851 -0.1561
vn 0.7024 -0.7000 -0.1288
vn 0.0761 -0.9848 -0.1563
vn 0.7423 -0.6590 -0.1213
vn -0.3058 0.9521 0.0000
vn -0.6284 0.7778 0.0000
vn -0.8867 0.4624 0.0000
vn -0.9699 0.2433 0.0000
vn 0.9974 -0.0716 -0.0075
vn 0.9974 -0.0716 -0.0038
vn 0.9978 -0.0664 -0.0035
vn 0.9977 -0.0664 -0.0070
vn 0.9979 -0.0640 -0.0068
vn 0.9979 -0.0640 -0.0034
vn 0.9974 -0.0716 -0.0019
vn 0.9978 -0.0664 -0.0017
vn 0.9979 -0.0640 -0.0017
vn 0.9977 -0.0664 -0.0105
vn 0.9973 -0.0716 -0.0113
vn 0.9979 -0.0640 -0.0103
vn 0.9969 -0.0777 -0.0122
vn 0.9969 -0.0777 -0.0081
vn 0.9966 -0.0809 -0.0125
vn 0.9967 -0.0809 -0.0084
vn 0.9969 -0.0777 -0.0041
vn 0.9969 -0.0777 -0.0020
vn 0.9967 -0.0809 -0.0042
vn 0.9967 -0.0809 -0.0021
vn -0.8629 0.5053 0.0000
vn -0.8351 0.5501 0.0000
vn -0.8077 0.5896 0.0000
vn -0.9857 0.1684 0.0000
vn -0.9891 0.1473 0.0000
vn -0.9875 0.1574 0.0000
vn 0.0000 0.0000 -1.0000
vn -0.7071 0.0000 -0.7071
vn -0.8730 0.0000 -0.4878
vn 0.7071 0.0000 0.7071
vn 0.5564 0.0000 0.8309
vn -0.7071 0.0000 0.7071
vn -0.8730 0.0000 0.4878
vn 0.7071 0.0000 -0.7071
vn 0.5564 0.0000 -0.8309
vn 0.9999 0.0124 0.0000
vn 0.9502 -0.3116 0.0000
vn 0.9686 -0.2485 0.0000
vn 0.9758 -0.2186 0.0000
vn 0.9253 -0.3792 0.0000
vn 0.9106 -0.4134 0.0000
vn 0.9106 -0.4133 0.0000
vn -0.8781 -0.4784 0.0000
vn -0.7875 -0.6163 0.0000
vn -0.9156 -0.4021 0.0000
vn -0.6895 -0.7243 0.0000
vn -0.6404 -0.7680 0.0000
vn -0.9991 -0.0434 0.0000
vn -0.9935 0.1137 0.0000
vn -0.9805 0.1962 0.0000
vn -0.9822 -0.1877 0.0000
vn -0.9663 -0.2574 0.0000
vn -0.5287 -0.8488 0.0000
vn -0.4606 -0.8876 0.0000
vn -0.5631 -0.8263 0.0000
vn -0.3947 -0.9188 0.0000
vn -0.3617 -0.9322 0.0000
vn 0.6763 -0.7366 0.0000
vn 0.6883 -0.7253 0.0000
vn 0.6695 -0.7428 0.0000
vn 0.6967 -0.7173 0.0000
vn 0.6997 -0.7144 0.0000
vn 0.7363 -0.6767 0.0000
vn 0.6963 -0.7177 0.0000
vn 0.7565 -0.6539 0.0000
vn 0.7566 -0.6539 0.0000
vn 0.7363 -0.6766 0.0000
vn 0.6660 -0.7459 0.0000
vn 0.6551 -0.7555 0.0000
vn -0.2142 -0.9768 0.0000
vn -0.2671 -0.9637 0.0000
vn -0.2950 -0.9555 0.0000
vn -0.1655 -0.9862 0.0000
vn -0.1417 -0.9899 0.0000
vn -0.0646 0.9979 0.0000
vn -0.0441 0.9990 0.0000
vn -0.0369 0.9993 0.0000
vn -0.0956 0.9954 0.0000
vn -0.1134 0.9935 0.0000
vn -0.0230 -0.9997 0.0000
vn -0.0702 -0.9975 0.0000
vn -0.0930 -0.9957 0.0000
vn 0.0324 -0.9995 0.0000
vn 0.0637 -0.9980 0.0000
vn -0.1701 0.9854 0.0000
vn -0.2014 0.9795 0.0000
vn -0.1539 0.9881 0.0000
vn -0.2331 0.9724 0.0000
vn -0.2496 0.9683 0.0000
vn 0.8351 -0.5501 0.0000
vn 0.8629 -0.5053 0.0000
vn 0.8770 -0.4805 0.0000
vn 0.8769 -0.4805 0.0000
vn 0.8077 -0.5896 0.0000
vn 0.7934 -0.6087 0.0000
vn 0.3058 -0.9521 0.0000
vn 0.6284 -0.7778 0.0000
vn 0.1735 -0.9848 0.0000
vn 0.8867 -0.4624 0.0000
vn 0.9546 -0.2980 0.0000
vn -0.3199 0.9474 0.0000
vn -0.3804 0.9248 0.0000
vn -0.2928 0.9561 0.0000
vn -0.4542 0.8909 0.0000
vn -0.4939 0.8695 0.0000
vn 0.9857 -0.1684 0.0000
vn 0.9891 -0.1473 0.0000
vn 0.9822 -0.1879 0.0000
vn 0.9875 -0.1574 0.0000
vn 0.9856 -0.1690 0.0000
vn -0.7632 0.6461 0.0000
vn -0.6443 0.7648 0.0000
vn -0.5857 0.8105 0.0000
vn -0.8757 0.4829 0.0000
vn -0.9214 0.3886 0.0000
# 1199 vertex normals

vt 0.2148 0.3915 0.0000
vt 0.2158 0.3938 0.0000
vt 0.2169 0.3939 0.0000
vt 0.2167 0.3926 0.0000
vt 0.2146 0.3938 0.0000
vt 0.2131 0.3908 0.0000
vt 0.2148 0.3897 0.0000
vt 0.2170 0.3912 0.0000
vt 0.2122 0.3879 0.0000
vt 0.2174 0.3962 0.0000
vt 0.2183 0.3954 0.0000
vt 0.2194 0.3986 0.0000
vt 0.2202 0.3974 0.0000
vt 0.2165 0.3968 0.0000
vt 0.2186 0.3996 0.0000
vt 0.2188 0.3941 0.0000
vt 0.2194 0.3928 0.0000
vt 0.2210 0.3959 0.0000
vt 0.2217 0.3945 0.0000
vt 0.2359 0.4099 0.0000
vt 0.2366 0.4083 0.0000
vt 0.2345 0.4065 0.0000
vt 0.2338 0.4082 0.0000
vt 0.2375 0.4069 0.0000
vt 0.2355 0.4049 0.0000
vt 0.2383 0.4102 0.0000
vt 0.2378 0.4116 0.0000
vt 0.2391 0.4090 0.0000
vt 0.2323 0.4047 0.0000
vt 0.2314 0.4065 0.0000
vt 0.2299 0.4029 0.0000
vt 0.2290 0.4048 0.0000
vt 0.2332 0.4030 0.0000
vt 0.2309 0.4012 0.0000
vt 0.2307 0.4083 0.0000
vt 0.2331 0.4100 0.0000
vt 0.2301 0.4098 0.0000
vt 0.2326 0.4115 0.0000
vt 0.2282 0.4065 0.0000
vt 0.2276 0.4080 0.0000
vt 0.2354 0.4116 0.0000
vt 0.2373 0.4132 0.0000
vt 0.2349 0.4131 0.0000
vt 0.2370 0.4146 0.0000
vt 0.1338 0.5571 0.0000
vt 0.1314 0.5609 0.0000
vt 0.1387 0.5698 0.0000
vt 0.1407 0.5657 0.0000
vt 0.1290 0.5652 0.0000
vt 0.1366 0.5743 0.0000
vt 0.1243 0.5495 0.0000
vt 0.1268 0.5459 0.0000
vt 0.1216 0.5535 0.0000
vt 0.1461 0.5763 0.0000
vt 0.1478 0.5721 0.0000
vt 0.1541 0.5810 0.0000
vt 0.1554 0.5767 0.0000
vt 0.1445 0.5810 0.0000
vt 0.1528 0.5856 0.0000
vt 0.1494 0.5685 0.0000
vt 0.1426 0.5622 0.0000
vt 0.1509 0.5655 0.0000
vt 0.1444 0.5594 0.0000
vt 0.1566 0.5729 0.0000
vt 0.1578 0.5699 0.0000
vt 0.1359 0.5538 0.0000
vt 0.1292 0.5429 0.0000
vt 0.1379 0.5511 0.0000
vt 0.1314 0.5405 0.0000
vt 0.2267 0.4030 0.0000
vt 0.2276 0.4012 0.0000
vt 0.2254 0.3995 0.0000
vt 0.2245 0.4012 0.0000
vt 0.2286 0.3995 0.0000
vt 0.2263 0.3978 0.0000
vt 0.2232 0.3977 0.0000
vt 0.2223 0.3993 0.0000
vt 0.2240 0.3961 0.0000
vt 0.2215 0.4008 0.0000
vt 0.2236 0.4028 0.0000
vt 0.2208 0.4020 0.0000
vt 0.2229 0.4042 0.0000
vt 0.2259 0.4047 0.0000
vt 0.2252 0.4062 0.0000
vt 0.1952 0.5777 0.0000
vt 0.1958 0.5816 0.0000
vt 0.2026 0.5777 0.0000
vt 0.2017 0.5741 0.0000
vt 0.2037 0.5816 0.0000
vt 0.1966 0.5857 0.0000
vt 0.1881 0.5801 0.0000
vt 0.1883 0.5841 0.0000
vt 0.1888 0.5884 0.0000
vt 0.2091 0.5725 0.0000
vt 0.2079 0.5691 0.0000
vt 0.2138 0.5627 0.0000
vt 0.2153 0.5657 0.0000
vt 0.2105 0.5761 0.0000
vt 0.2169 0.5690 0.0000
vt 0.2068 0.5661 0.0000
vt 0.2009 0.5709 0.0000
vt 0.2058 0.5637 0.0000
vt 0.2002 0.5682 0.0000
vt 0.2125 0.5600 0.0000
vt 0.2113 0.5578 0.0000
vt 0.1947 0.5743 0.0000
vt 0.1879 0.5765 0.0000
vt 0.1942 0.5715 0.0000
vt 0.1877 0.5735 0.0000
vt 0.2209 0.3911 0.0000
vt 0.2210 0.3902 0.0000
vt 0.2184 0.3894 0.0000
vt 0.2191 0.3903 0.0000
vt 0.2208 0.3893 0.0000
vt 0.2176 0.3883 0.0000
vt 0.2234 0.3924 0.0000
vt 0.2239 0.3915 0.0000
vt 0.2241 0.3907 0.0000
vt 0.2162 0.3891 0.0000
vt 0.2180 0.3905 0.0000
vt 0.2147 0.3877 0.0000
vt 0.2202 0.3919 0.0000
vt 0.2226 0.3934 0.0000
vt 0.2198 0.5547 0.0000
vt 0.2215 0.5574 0.0000
vt 0.2275 0.5475 0.0000
vt 0.2255 0.5452 0.0000
vt 0.2234 0.5603 0.0000
vt 0.2296 0.5501 0.0000
vt 0.2330 0.5364 0.0000
vt 0.2308 0.5345 0.0000
vt 0.2355 0.5226 0.0000
vt 0.2378 0.5241 0.0000
vt 0.2353 0.5385 0.0000
vt 0.2402 0.5257 0.0000
vt 0.2289 0.5328 0.0000
vt 0.2237 0.5432 0.0000
vt 0.2222 0.5416 0.0000
vt 0.2272 0.5316 0.0000
vt 0.2334 0.5213 0.0000
vt 0.2316 0.5203 0.0000
vt 0.2182 0.5523 0.0000
vt 0.2168 0.5504 0.0000
vt 0.2423 0.4960 0.0000
vt 0.2393 0.5096 0.0000
vt 0.2417 0.5107 0.0000
vt 0.2447 0.4967 0.0000
vt 0.2472 0.4976 0.0000
vt 0.2442 0.5119 0.0000
vt 0.2469 0.4825 0.0000
vt 0.2445 0.4822 0.0000
vt 0.2485 0.4687 0.0000
vt 0.2461 0.4687 0.0000
vt 0.2495 0.4830 0.0000
vt 0.2510 0.4688 0.0000
vt 0.2423 0.4820 0.0000
vt 0.2401 0.4955 0.0000
vt 0.2405 0.4818 0.0000
vt 0.2382 0.4951 0.0000
vt 0.2439 0.4687 0.0000
vt 0.2420 0.4687 0.0000
vt 0.2371 0.5087 0.0000
vt 0.2353 0.5080 0.0000
vt 0.1635 0.5796 0.0000
vt 0.1626 0.5839 0.0000
vt 0.1714 0.5854 0.0000
vt 0.1719 0.5811 0.0000
vt 0.1618 0.5886 0.0000
vt 0.1710 0.5900 0.0000
vt 0.1802 0.5812 0.0000
vt 0.1801 0.5854 0.0000
vt 0.1802 0.5898 0.0000
vt 0.1804 0.5775 0.0000
vt 0.1724 0.5774 0.0000
vt 0.1805 0.5744 0.0000
vt 0.1729 0.5742 0.0000
vt 0.1644 0.5759 0.0000
vt 0.1653 0.5727 0.0000
vt 0.2470 0.4557 0.0000
vt 0.2493 0.4555 0.0000
vt 0.2497 0.4434 0.0000
vt 0.2474 0.4438 0.0000
vt 0.2518 0.4553 0.0000
vt 0.2522 0.4429 0.0000
vt 0.2497 0.4327 0.0000
vt 0.2474 0.4332 0.0000
vt 0.2494 0.4238 0.0000
vt 0.2472 0.4243 0.0000
vt 0.2521 0.4319 0.0000
vt 0.2517 0.4227 0.0000
vt 0.2451 0.4331 0.0000
vt 0.2452 0.4441 0.0000
vt 0.2432 0.4333 0.0000
vt 0.2433 0.4444 0.0000
vt 0.2450 0.4241 0.0000
vt 0.2426 0.4222 0.0000
vt 0.2448 0.4560 0.0000
vt 0.2430 0.4562 0.0000
vt 0.0676 0.3872 0.0000
vt 0.0752 0.4138 0.0000
vt 0.0768 0.4117 0.0000
vt 0.0680 0.3826 0.0000
vt 0.0668 0.3901 0.0000
vt 0.0735 0.4155 0.0000
vt 0.0614 0.3648 0.0000
vt 0.0607 0.3565 0.0000
vt 0.0625 0.3731 0.0000
vt 0.0840 0.4432 0.0000
vt 0.0862 0.4417 0.0000
vt 0.0931 0.4719 0.0000
vt 0.0957 0.4700 0.0000
vt 0.0816 0.4447 0.0000
vt 0.0903 0.4738 0.0000
vt 0.0883 0.4403 0.0000
vt 0.0783 0.4099 0.0000
vt 0.0902 0.4391 0.0000
vt 0.0799 0.4085 0.0000
vt 0.0981 0.4685 0.0000
vt 0.1003 0.4672 0.0000
vt 0.0689 0.3795 0.0000
vt 0.0608 0.3510 0.0000
vt 0.0701 0.3773 0.0000
vt 0.0615 0.3473 0.0000
vt 0.1123 0.5149 0.0000
vt 0.1043 0.4944 0.0000
vt 0.1015 0.4966 0.0000
vt 0.1095 0.5176 0.0000
vt 0.1064 0.5206 0.0000
vt 0.0986 0.4991 0.0000
vt 0.1197 0.5320 0.0000
vt 0.1170 0.5351 0.0000
vt 0.1141 0.5387 0.0000
vt 0.1223 0.5293 0.0000
vt 0.1149 0.5126 0.0000
vt 0.1172 0.5109 0.0000
vt 0.1246 0.5272 0.0000
vt 0.1069 0.4925 0.0000
vt 0.1092 0.4910 0.0000
vt 0.2455 0.3917 0.0000
vt 0.2482 0.3944 0.0000
vt 0.2498 0.3909 0.0000
vt 0.2470 0.3881 0.0000
vt 0.2486 0.3844 0.0000
vt 0.2515 0.3873 0.0000
vt 0.2505 0.3976 0.0000
vt 0.2522 0.3943 0.0000
vt 0.2541 0.3909 0.0000
vt 0.2426 0.3894 0.0000
vt 0.2440 0.3858 0.0000
vt 0.2408 0.3840 0.0000
vt 0.2396 0.3874 0.0000
vt 0.2454 0.3821 0.0000
vt 0.2421 0.3803 0.0000
vt 0.2414 0.3925 0.0000
vt 0.2442 0.3948 0.0000
vt 0.2404 0.3950 0.0000
vt 0.2430 0.3974 0.0000
vt 0.2385 0.3905 0.0000
vt 0.2376 0.3930 0.0000
vt 0.2467 0.3975 0.0000
vt 0.2489 0.4005 0.0000
vt 0.2454 0.4000 0.0000
vt 0.2474 0.4030 0.0000
vt 0.1241 0.5746 0.0000
vt 0.1217 0.5795 0.0000
vt 0.1306 0.5893 0.0000
vt 0.1326 0.5841 0.0000
vt 0.1192 0.5845 0.0000
vt 0.1287 0.5945 0.0000
vt 0.1159 0.5621 0.0000
vt 0.1130 0.5667 0.0000
vt 0.1101 0.5713 0.0000
vt 0.1400 0.5963 0.0000
vt 0.1415 0.5910 0.0000
vt 0.1499 0.6010 0.0000
vt 0.1508 0.5957 0.0000
vt 0.1386 0.6017 0.0000
vt 0.1491 0.6063 0.0000
vt 0.1429 0.5859 0.0000
vt 0.1346 0.5791 0.0000
vt 0.1518 0.5906 0.0000
vt 0.1266 0.5698 0.0000
vt 0.1188 0.5577 0.0000
vt 0.2329 0.3844 0.0000
vt 0.2364 0.3858 0.0000
vt 0.2374 0.3824 0.0000
vt 0.2337 0.3812 0.0000
vt 0.2385 0.3789 0.0000
vt 0.2345 0.3778 0.0000
vt 0.2290 0.3832 0.0000
vt 0.2296 0.3802 0.0000
vt 0.2249 0.3792 0.0000
vt 0.2247 0.3820 0.0000
vt 0.2302 0.3770 0.0000
vt 0.2252 0.3764 0.0000
vt 0.2285 0.3858 0.0000
vt 0.2322 0.3873 0.0000
vt 0.2281 0.3880 0.0000
vt 0.2316 0.3896 0.0000
vt 0.2244 0.3844 0.0000
vt 0.2243 0.3865 0.0000
vt 0.2354 0.3888 0.0000
vt 0.2347 0.3912 0.0000
vt 0.2002 0.5982 0.0000
vt 0.2082 0.5935 0.0000
vt 0.2066 0.5895 0.0000
vt 0.1989 0.5940 0.0000
vt 0.2017 0.6025 0.0000
vt 0.2099 0.5975 0.0000
vt 0.1904 0.5971 0.0000
vt 0.1914 0.6016 0.0000
vt 0.1926 0.6060 0.0000
vt 0.2157 0.5873 0.0000
vt 0.2138 0.5835 0.0000
vt 0.2208 0.5759 0.0000
vt 0.2229 0.5794 0.0000
vt 0.2176 0.5911 0.0000
vt 0.2250 0.5829 0.0000
vt 0.2121 0.5798 0.0000
vt 0.2051 0.5855 0.0000
vt 0.2188 0.5724 0.0000
vt 0.1976 0.5898 0.0000
vt 0.1895 0.5927 0.0000
vt 0.2343 0.5555 0.0000
vt 0.2277 0.5665 0.0000
vt 0.2300 0.5696 0.0000
vt 0.2368 0.5583 0.0000
vt 0.2323 0.5728 0.0000
vt 0.2393 0.5611 0.0000
vt 0.2429 0.5455 0.0000
vt 0.2403 0.5431 0.0000
vt 0.2455 0.5295 0.0000
vt 0.2482 0.5315 0.0000
vt 0.2456 0.5479 0.0000
vt 0.2509 0.5336 0.0000
vt 0.2378 0.5407 0.0000
vt 0.2319 0.5527 0.0000
vt 0.2428 0.5276 0.0000
vt 0.2255 0.5633 0.0000
vt 0.2525 0.4998 0.0000
vt 0.2495 0.5150 0.0000
vt 0.2522 0.5166 0.0000
vt 0.2552 0.5011 0.0000
vt 0.2549 0.5183 0.0000
vt 0.2579 0.5024 0.0000
vt 0.2546 0.4845 0.0000
vt 0.2573 0.4854 0.0000
vt 0.2560 0.4695 0.0000
vt 0.2586 0.4700 0.0000
vt 0.2599 0.4864 0.0000
vt 0.2612 0.4705 0.0000
vt 0.2498 0.4986 0.0000
vt 0.2520 0.4837 0.0000
vt 0.2535 0.4691 0.0000
vt 0.2468 0.5134 0.0000
vt 0.1604 0.6037 0.0000
vt 0.1711 0.6045 0.0000
vt 0.1710 0.5996 0.0000
vt 0.1608 0.5985 0.0000
vt 0.1601 0.6089 0.0000
vt 0.1714 0.6095 0.0000
vt 0.1816 0.6037 0.0000
vt 0.1810 0.5990 0.0000
vt 0.1823 0.6085 0.0000
vt 0.1805 0.5944 0.0000
vt 0.1709 0.5947 0.0000
vt 0.1612 0.5935 0.0000
vt 0.2571 0.4419 0.0000
vt 0.2569 0.4551 0.0000
vt 0.2594 0.4551 0.0000
vt 0.2596 0.4413 0.0000
vt 0.2619 0.4552 0.0000
vt 0.2621 0.4408 0.0000
vt 0.2594 0.4289 0.0000
vt 0.2569 0.4300 0.0000
vt 0.2587 0.4184 0.0000
vt 0.2564 0.4200 0.0000
vt 0.2619 0.4278 0.0000
vt 0.2611 0.4167 0.0000
vt 0.2545 0.4310 0.0000
vt 0.2546 0.4424 0.0000
vt 0.2540 0.4215 0.0000
vt 0.2543 0.4552 0.0000
vt 0.0603 0.3831 0.0000
vt 0.0666 0.4160 0.0000
vt 0.0689 0.4159 0.0000
vt 0.0624 0.3853 0.0000
vt 0.0584 0.3815 0.0000
vt 0.0642 0.4163 0.0000
vt 0.0552 0.3523 0.0000
vt 0.0572 0.3578 0.0000
vt 0.0534 0.3478 0.0000
vt 0.0735 0.4490 0.0000
vt 0.0763 0.4476 0.0000
vt 0.0810 0.4801 0.0000
vt 0.0842 0.4780 0.0000
vt 0.0707 0.4504 0.0000
vt 0.0777 0.4822 0.0000
vt 0.0791 0.4462 0.0000
vt 0.0713 0.4159 0.0000
vt 0.0873 0.4759 0.0000
vt 0.0648 0.3885 0.0000
vt 0.0599 0.3655 0.0000
vt 0.2562 0.4035 0.0000
vt 0.2541 0.4061 0.0000
vt 0.2554 0.4121 0.0000
vt 0.2577 0.4100 0.0000
vt 0.2599 0.4078 0.0000
vt 0.2583 0.4008 0.0000
vt 0.2544 0.3984 0.0000
vt 0.2525 0.4013 0.0000
vt 0.2564 0.3952 0.0000
vt 0.2521 0.4084 0.0000
vt 0.2507 0.4040 0.0000
vt 0.2490 0.4063 0.0000
vt 0.2502 0.4104 0.0000
vt 0.2532 0.4141 0.0000
vt 0.2511 0.4157 0.0000
vt 0.0887 0.5073 0.0000
vt 0.0965 0.5307 0.0000
vt 0.0999 0.5272 0.0000
vt 0.0921 0.5045 0.0000
vt 0.0852 0.5102 0.0000
vt 0.0931 0.5342 0.0000
vt 0.1079 0.5464 0.0000
vt 0.1047 0.5505 0.0000
vt 0.1014 0.5546 0.0000
vt 0.1110 0.5424 0.0000
vt 0.1032 0.5238 0.0000
vt 0.0954 0.5017 0.0000
vt 0.0548 0.3264 0.0000
vt 0.0502 0.3040 0.0000
vt 0.0514 0.3179 0.0000
vt 0.0553 0.3355 0.0000
vt 0.0500 0.2941 0.0000
vt 0.0551 0.3202 0.0000
vt 0.0465 0.2819 0.0000
vt 0.0485 0.3023 0.0000
vt 0.0432 0.2601 0.0000
vt 0.0460 0.2878 0.0000
vt 0.0456 0.2671 0.0000
vt 0.0405 0.2330 0.0000
vt 0.0513 0.3256 0.0000
vt 0.0536 0.3356 0.0000
vt 0.0494 0.3168 0.0000
vt 0.0569 0.3481 0.0000
vt 0.2443 0.4018 0.0000
vt 0.2421 0.3992 0.0000
vt 0.2413 0.4004 0.0000
vt 0.2434 0.4030 0.0000
vt 0.2461 0.4047 0.0000
vt 0.2450 0.4059 0.0000
vt 0.2396 0.3968 0.0000
vt 0.2389 0.3979 0.0000
vt 0.2369 0.3947 0.0000
vt 0.2363 0.3958 0.0000
vt 0.2406 0.4011 0.0000
vt 0.2383 0.3987 0.0000
vt 0.2398 0.4017 0.0000
vt 0.2376 0.3993 0.0000
vt 0.2358 0.3965 0.0000
vt 0.2351 0.3971 0.0000
vt 0.2425 0.4038 0.0000
vt 0.2440 0.4067 0.0000
vt 0.2416 0.4043 0.0000
vt 0.2430 0.4071 0.0000
vt 0.2395 0.4052 0.0000
vt 0.2406 0.4047 0.0000
vt 0.2388 0.4023 0.0000
vt 0.2377 0.4029 0.0000
vt 0.2409 0.4075 0.0000
vt 0.2420 0.4073 0.0000
vt 0.2366 0.4000 0.0000
vt 0.2355 0.4008 0.0000
vt 0.2342 0.3979 0.0000
vt 0.2332 0.3987 0.0000
vt 0.2344 0.4018 0.0000
vt 0.2365 0.4038 0.0000
vt 0.2320 0.3998 0.0000
vt 0.2384 0.4059 0.0000
vt 0.2400 0.4081 0.0000
vt 0.2337 0.3939 0.0000
vt 0.2341 0.3928 0.0000
vt 0.2311 0.3911 0.0000
vt 0.2308 0.3922 0.0000
vt 0.2279 0.3895 0.0000
vt 0.2277 0.3906 0.0000
vt 0.2242 0.3890 0.0000
vt 0.2242 0.3880 0.0000
vt 0.2275 0.3914 0.0000
vt 0.2304 0.3929 0.0000
vt 0.2271 0.3921 0.0000
vt 0.2299 0.3936 0.0000
vt 0.2242 0.3899 0.0000
vt 0.2332 0.3946 0.0000
vt 0.2326 0.3952 0.0000
vt 0.2308 0.3969 0.0000
vt 0.2318 0.3960 0.0000
vt 0.2292 0.3943 0.0000
vt 0.2284 0.3953 0.0000
vt 0.2266 0.3929 0.0000
vt 0.2259 0.3938 0.0000
vt 0.2250 0.3949 0.0000
vt 0.2274 0.3964 0.0000
vt 0.2297 0.3981 0.0000
vt 0.2391 0.4133 0.0000
vt 0.2388 0.4147 0.0000
vt 0.2399 0.4160 0.0000
vt 0.2398 0.4145 0.0000
vt 0.2385 0.4161 0.0000
vt 0.2398 0.4176 0.0000
vt 0.2409 0.4169 0.0000
vt 0.2404 0.4144 0.0000
vt 0.2418 0.4169 0.0000
vt 0.2411 0.4138 0.0000
vt 0.2410 0.4194 0.0000
vt 0.2396 0.4122 0.0000
vt 0.2402 0.4113 0.0000
vt 0.0608 0.5271 0.0000
vt 0.0651 0.5097 0.0000
vt 0.0622 0.4786 0.0000
vt 0.0587 0.4731 0.0000
vt 0.0699 0.5393 0.0000
vt 0.0656 0.5696 0.0000
vt 0.0542 0.4514 0.0000
vt 0.0557 0.5183 0.0000
vt 0.0580 0.6262 0.0000
vt 0.0630 0.4528 0.0000
vt 0.0682 0.4825 0.0000
vt 0.0738 0.5104 0.0000
vt 0.0582 0.4256 0.0000
vt 0.0536 0.3966 0.0000
vt 0.0763 0.5559 0.0000
vt 0.0743 0.5824 0.0000
vt 0.0843 0.5777 0.0000
vt 0.0825 0.5616 0.0000
vt 0.0893 0.5926 0.0000
vt 0.0783 0.6034 0.0000
vt 0.0931 0.5675 0.0000
vt 0.0869 0.5505 0.0000
vt 0.0998 0.5819 0.0000
vt 0.0803 0.5323 0.0000
vt 0.0927 0.6105 0.0000
vt 0.1106 0.6094 0.0000
vt 0.1086 0.6036 0.0000
vt 0.0985 0.6009 0.0000
vt 0.0992 0.6179 0.0000
vt 0.1207 0.6140 0.0000
vt 0.1254 0.6061 0.0000
vt 0.1167 0.6001 0.0000
vt 0.1363 0.6102 0.0000
vt 0.1079 0.5924 0.0000
vt 0.0454 0.3211 0.0000
vt 0.0449 0.3555 0.0000
vt 0.0496 0.4098 0.0000
vt 0.0494 0.3612 0.0000
vt 0.0401 0.2956 0.0000
vt 0.0416 0.2779 0.0000
vt 0.0379 0.2330 0.0000
vt 0.0352 0.2330 0.0000
vt 0.0385 0.3134 0.0000
vt 0.0444 0.3920 0.0000
vt 0.0370 0.3312 0.0000
vt 0.0440 0.4295 0.0000
vt 0.0326 0.2329 0.0000
vt 0.0300 0.2329 0.0000
vt 0.0502 0.4668 0.0000
vt 0.0510 0.5279 0.0000
vt 0.2236 0.6076 0.0000
vt 0.2259 0.6036 0.0000
vt 0.2195 0.6012 0.0000
vt 0.2119 0.6054 0.0000
vt 0.2016 0.6088 0.0000
vt 0.2134 0.6115 0.0000
vt 0.2385 0.6081 0.0000
vt 0.2343 0.6017 0.0000
vt 0.2507 0.6038 0.0000
vt 0.2419 0.5966 0.0000
vt 0.2309 0.6138 0.0000
vt 0.2674 0.6179 0.0000
vt 0.2268 0.5962 0.0000
vt 0.2334 0.5897 0.0000
vt 0.2390 0.5810 0.0000
vt 0.2462 0.5876 0.0000
vt 0.2477 0.5782 0.0000
vt 0.2443 0.5712 0.0000
vt 0.2542 0.5913 0.0000
vt 0.2526 0.5755 0.0000
vt 0.2573 0.5676 0.0000
vt 0.2606 0.5865 0.0000
vt 0.2495 0.5613 0.0000
vt 0.2541 0.5502 0.0000
vt 0.2599 0.5536 0.0000
vt 0.2629 0.5678 0.0000
vt 0.2627 0.5417 0.0000
vt 0.2608 0.5396 0.0000
vt 0.2662 0.5807 0.0000
vt 0.2648 0.5437 0.0000
vt 0.2596 0.5236 0.0000
vt 0.2615 0.5143 0.0000
vt 0.2632 0.5069 0.0000
vt 0.2573 0.5366 0.0000
vt 0.1671 0.6156 0.0000
vt 0.1413 0.6158 0.0000
vt 0.1268 0.6199 0.0000
vt 0.1649 0.6188 0.0000
vt 0.1103 0.6241 0.0000
vt 0.1627 0.6221 0.0000
vt 0.2030 0.6170 0.0000
vt 0.1929 0.6141 0.0000
vt 0.2150 0.6200 0.0000
vt 0.1866 0.6113 0.0000
vt 0.1692 0.6125 0.0000
vt 0.1517 0.6122 0.0000
vt 0.2467 0.4128 0.0000
vt 0.2471 0.4177 0.0000
vt 0.2490 0.4170 0.0000
vt 0.2484 0.4119 0.0000
vt 0.2475 0.4079 0.0000
vt 0.2461 0.4091 0.0000
vt 0.2449 0.4097 0.0000
vt 0.2452 0.4133 0.0000
vt 0.2438 0.4100 0.0000
vt 0.2440 0.4132 0.0000
vt 0.2452 0.4177 0.0000
vt 0.2436 0.4169 0.0000
vt 0.2169 0.3871 0.0000
vt 0.2206 0.3884 0.0000
vt 0.2203 0.3875 0.0000
vt 0.2163 0.3860 0.0000
vt 0.2201 0.3863 0.0000
vt 0.2158 0.3847 0.0000
vt 0.2199 0.3848 0.0000
vt 0.2153 0.3832 0.0000
vt 0.2118 0.3833 0.0000
vt 0.2126 0.3847 0.0000
vt 0.2085 0.3821 0.0000
vt 0.2095 0.3837 0.0000
vt 0.2109 0.3817 0.0000
vt 0.2073 0.3806 0.0000
vt 0.2136 0.3862 0.0000
vt 0.2107 0.3856 0.0000
vt 0.2405 0.4213 0.0000
vt 0.2395 0.4188 0.0000
vt 0.2390 0.4197 0.0000
vt 0.2399 0.4226 0.0000
vt 0.2405 0.4275 0.0000
vt 0.2414 0.4260 0.0000
vt 0.2382 0.4171 0.0000
vt 0.2378 0.4178 0.0000
vt 0.2366 0.4157 0.0000
vt 0.2362 0.4164 0.0000
vt 0.2374 0.4184 0.0000
vt 0.2385 0.4203 0.0000
vt 0.2369 0.4188 0.0000
vt 0.2380 0.4207 0.0000
vt 0.2359 0.4170 0.0000
vt 0.2355 0.4175 0.0000
vt 0.2392 0.4233 0.0000
vt 0.2397 0.4283 0.0000
vt 0.2386 0.4237 0.0000
vt 0.2390 0.4286 0.0000
vt 0.1397 0.5494 0.0000
vt 0.1459 0.5574 0.0000
vt 0.1473 0.5561 0.0000
vt 0.1413 0.5482 0.0000
vt 0.1350 0.5380 0.0000
vt 0.1333 0.5390 0.0000
vt 0.1534 0.5619 0.0000
vt 0.1522 0.5634 0.0000
vt 0.1588 0.5676 0.0000
vt 0.1597 0.5660 0.0000
vt 0.1544 0.5608 0.0000
vt 0.1486 0.5552 0.0000
vt 0.1554 0.5599 0.0000
vt 0.1498 0.5545 0.0000
vt 0.1605 0.5647 0.0000
vt 0.1613 0.5637 0.0000
vt 0.1427 0.5475 0.0000
vt 0.1366 0.5375 0.0000
vt 0.1441 0.5470 0.0000
vt 0.1381 0.5372 0.0000
vt 0.0492 0.5296 0.0000
vt 0.0422 0.4305 0.0000
vt 0.0404 0.4314 0.0000
vt 0.0475 0.5314 0.0000
vt 0.0546 0.6313 0.0000
vt 0.0563 0.6288 0.0000
vt 0.0332 0.3314 0.0000
vt 0.0351 0.3313 0.0000
vt 0.0280 0.2322 0.0000
vt 0.0261 0.2315 0.0000
vt 0.0385 0.4323 0.0000
vt 0.0314 0.3316 0.0000
vt 0.0295 0.3317 0.0000
vt 0.0367 0.4332 0.0000
vt 0.0242 0.2308 0.0000
vt 0.0222 0.2301 0.0000
vt 0.0457 0.5331 0.0000
vt 0.0529 0.6339 0.0000
vt 0.0440 0.5348 0.0000
vt 0.0512 0.6364 0.0000
vt 0.2319 0.4133 0.0000
vt 0.2342 0.4150 0.0000
vt 0.2346 0.4142 0.0000
vt 0.2322 0.4126 0.0000
vt 0.2297 0.4109 0.0000
vt 0.2294 0.4116 0.0000
vt 0.2271 0.4091 0.0000
vt 0.2268 0.4098 0.0000
vt 0.2291 0.4121 0.0000
vt 0.2316 0.4139 0.0000
vt 0.2289 0.4125 0.0000
vt 0.2314 0.4143 0.0000
vt 0.2266 0.4102 0.0000
vt 0.2264 0.4106 0.0000
vt 0.2339 0.4155 0.0000
vt 0.2336 0.4160 0.0000
vt 0.1932 0.5679 0.0000
vt 0.1937 0.5694 0.0000
vt 0.1994 0.5663 0.0000
vt 0.1987 0.5650 0.0000
vt 0.1872 0.5697 0.0000
vt 0.1875 0.5713 0.0000
vt 0.2049 0.5620 0.0000
vt 0.2039 0.5608 0.0000
vt 0.2091 0.5553 0.0000
vt 0.2102 0.5563 0.0000
vt 0.2031 0.5600 0.0000
vt 0.1979 0.5640 0.0000
vt 0.2022 0.5594 0.0000
vt 0.1972 0.5632 0.0000
vt 0.2081 0.5547 0.0000
vt 0.2072 0.5542 0.0000
vt 0.1926 0.5668 0.0000
vt 0.1868 0.5684 0.0000
vt 0.1920 0.5658 0.0000
vt 0.1865 0.5674 0.0000
vt 0.2087 0.3852 0.0000
vt 0.2074 0.3832 0.0000
vt 0.2059 0.3829 0.0000
vt 0.2074 0.3850 0.0000
vt 0.2090 0.3875 0.0000
vt 0.2102 0.3876 0.0000
vt 0.2062 0.3815 0.0000
vt 0.2047 0.3812 0.0000
vt 0.2049 0.3800 0.0000
vt 0.2035 0.3797 0.0000
vt 0.2037 0.3811 0.0000
vt 0.2050 0.3828 0.0000
vt 0.2043 0.3828 0.0000
vt 0.2029 0.3811 0.0000
vt 0.2025 0.3796 0.0000
vt 0.2018 0.3796 0.0000
vt 0.2065 0.3849 0.0000
vt 0.2082 0.3875 0.0000
vt 0.2058 0.3850 0.0000
vt 0.2076 0.3876 0.0000
vt 0.0470 0.2583 0.0000
vt 0.0459 0.2605 0.0000
vt 0.0505 0.2885 0.0000
vt 0.0514 0.2856 0.0000
vt 0.0430 0.2314 0.0000
vt 0.0418 0.2322 0.0000
vt 0.0558 0.3161 0.0000
vt 0.0569 0.3136 0.0000
vt 0.0626 0.3447 0.0000
vt 0.0638 0.3429 0.0000
vt 0.0582 0.3121 0.0000
vt 0.0527 0.2840 0.0000
vt 0.0596 0.3111 0.0000
vt 0.0541 0.2831 0.0000
vt 0.0652 0.3418 0.0000
vt 0.0667 0.3409 0.0000
vt 0.0482 0.2571 0.0000
vt 0.0442 0.2306 0.0000
vt 0.0495 0.2562 0.0000
vt 0.0455 0.2298 0.0000
vt 0.0304 0.2287 0.0000
vt 0.0347 0.2290 0.0000
vt 0.0342 0.2250 0.0000
vt 0.0281 0.2244 0.0000
vt 0.0221 0.2237 0.0000
vt 0.0260 0.2283 0.0000
vt 0.0391 0.2294 0.0000
vt 0.0402 0.2257 0.0000
vt 0.0434 0.2297 0.0000
vt 0.0463 0.2264 0.0000
vt 0.0414 0.2220 0.0000
vt 0.0337 0.2211 0.0000
vt 0.0426 0.2184 0.0000
vt 0.0331 0.2171 0.0000
vt 0.0491 0.2230 0.0000
vt 0.0520 0.2197 0.0000
vt 0.0259 0.2201 0.0000
vt 0.0182 0.2192 0.0000
vt 0.0237 0.2159 0.0000
vt 0.0142 0.2146 0.0000
vt 0.2221 0.4057 0.0000
vt 0.2244 0.4079 0.0000
vt 0.2247 0.4072 0.0000
vt 0.2224 0.4051 0.0000
vt 0.2202 0.4028 0.0000
vt 0.2198 0.4034 0.0000
vt 0.2175 0.4006 0.0000
vt 0.2180 0.4002 0.0000
vt 0.2194 0.4037 0.0000
vt 0.2218 0.4061 0.0000
vt 0.2192 0.4040 0.0000
vt 0.2216 0.4064 0.0000
vt 0.2171 0.4009 0.0000
vt 0.2168 0.4011 0.0000
vt 0.2242 0.4083 0.0000
vt 0.2240 0.4086 0.0000
vt 0.2196 0.5399 0.0000
vt 0.2144 0.5483 0.0000
vt 0.2156 0.5492 0.0000
vt 0.2208 0.5406 0.0000
vt 0.2257 0.5307 0.0000
vt 0.2245 0.5302 0.0000
vt 0.2301 0.5197 0.0000
vt 0.2288 0.5193 0.0000
vt 0.2185 0.5395 0.0000
vt 0.2234 0.5299 0.0000
vt 0.2223 0.5297 0.0000
vt 0.2175 0.5393 0.0000
vt 0.2277 0.5191 0.0000
vt 0.2267 0.5189 0.0000
vt 0.2134 0.5478 0.0000
vt 0.2123 0.5474 0.0000
vt 0.2158 0.3971 0.0000
vt 0.2137 0.3939 0.0000
vt 0.2130 0.3940 0.0000
vt 0.2152 0.3974 0.0000
vt 0.2119 0.3906 0.0000
vt 0.2109 0.3906 0.0000
vt 0.2102 0.3907 0.0000
vt 0.2124 0.3941 0.0000
vt 0.2096 0.3908 0.0000
vt 0.2119 0.3943 0.0000
vt 0.2147 0.3976 0.0000
vt 0.2143 0.3978 0.0000
vt 0.1628 0.6270 0.0000
vt 0.2163 0.6247 0.0000
vt 0.2156 0.6223 0.0000
vt 0.1627 0.6245 0.0000
vt 0.2686 0.6202 0.0000
vt 0.2697 0.6224 0.0000
vt 0.1098 0.6267 0.0000
vt 0.1093 0.6293 0.0000
vt 0.0569 0.6289 0.0000
vt 0.0558 0.6315 0.0000
vt 0.1088 0.6318 0.0000
vt 0.1628 0.6294 0.0000
vt 0.1083 0.6344 0.0000
vt 0.1629 0.6319 0.0000
vt 0.0548 0.6342 0.0000
vt 0.0537 0.6369 0.0000
vt 0.2169 0.6271 0.0000
vt 0.2709 0.6247 0.0000
vt 0.2175 0.6294 0.0000
vt 0.2721 0.6269 0.0000
vt 0.2338 0.5076 0.0000
vt 0.2367 0.4948 0.0000
vt 0.2355 0.4946 0.0000
vt 0.2325 0.5073 0.0000
vt 0.2390 0.4817 0.0000
vt 0.2377 0.4816 0.0000
vt 0.2405 0.4687 0.0000
vt 0.2394 0.4687 0.0000
vt 0.2344 0.4944 0.0000
vt 0.2367 0.4815 0.0000
vt 0.2334 0.4943 0.0000
vt 0.2358 0.4814 0.0000
vt 0.2384 0.4687 0.0000
vt 0.2375 0.4686 0.0000
vt 0.2314 0.5071 0.0000
vt 0.2304 0.5070 0.0000
vt 0.0831 0.4067 0.0000
vt 0.0728 0.3745 0.0000
vt 0.0714 0.3757 0.0000
vt 0.0815 0.4075 0.0000
vt 0.0920 0.4383 0.0000
vt 0.0937 0.4376 0.0000
vt 0.1040 0.4658 0.0000
vt 0.1022 0.4664 0.0000
vt 0.0954 0.4372 0.0000
vt 0.0847 0.4060 0.0000
vt 0.0862 0.4054 0.0000
vt 0.0970 0.4368 0.0000
vt 0.1057 0.4655 0.0000
vt 0.1073 0.4652 0.0000
vt 0.0743 0.3736 0.0000
vt 0.0759 0.3729 0.0000
vt 0.1665 0.5687 0.0000
vt 0.1660 0.5704 0.0000
vt 0.1733 0.5719 0.0000
vt 0.1736 0.5702 0.0000
vt 0.1806 0.5722 0.0000
vt 0.1806 0.5705 0.0000
vt 0.1738 0.5688 0.0000
vt 0.1805 0.5691 0.0000
vt 0.1740 0.5677 0.0000
vt 0.1804 0.5680 0.0000
vt 0.1671 0.5674 0.0000
vt 0.1675 0.5663 0.0000
vt 0.2415 0.4564 0.0000
vt 0.2419 0.4448 0.0000
vt 0.2408 0.4451 0.0000
vt 0.2404 0.4564 0.0000
vt 0.2418 0.4342 0.0000
vt 0.2408 0.4353 0.0000
vt 0.2400 0.4358 0.0000
vt 0.2399 0.4453 0.0000
vt 0.2391 0.4454 0.0000
vt 0.2392 0.4360 0.0000
vt 0.2394 0.4565 0.0000
vt 0.2386 0.4565 0.0000
vt 0.1211 0.5091 0.0000
vt 0.1131 0.4895 0.0000
vt 0.1112 0.4900 0.0000
vt 0.1193 0.5097 0.0000
vt 0.1266 0.5259 0.0000
vt 0.1284 0.5252 0.0000
vt 0.1301 0.5247 0.0000
vt 0.1228 0.5088 0.0000
vt 0.1245 0.5086 0.0000
vt 0.1316 0.5245 0.0000
vt 0.1148 0.4892 0.0000
vt 0.1164 0.4890 0.0000
vt 0.2197 0.3784 0.0000
vt 0.2139 0.3775 0.0000
vt 0.2143 0.3795 0.0000
vt 0.2197 0.3808 0.0000
vt 0.2136 0.3754 0.0000
vt 0.2197 0.3759 0.0000
vt 0.2086 0.3783 0.0000
vt 0.2078 0.3767 0.0000
vt 0.2028 0.3771 0.0000
vt 0.2016 0.3758 0.0000
vt 0.2071 0.3750 0.0000
vt 0.2006 0.3747 0.0000
vt 0.2097 0.3801 0.0000
vt 0.2148 0.3815 0.0000
vt 0.2047 0.3787 0.0000
vt 0.2197 0.3829 0.0000
vt 0.2422 0.4117 0.0000
vt 0.2418 0.4128 0.0000
vt 0.2425 0.4151 0.0000
vt 0.2429 0.4125 0.0000
vt 0.2418 0.4099 0.0000
vt 0.2428 0.4099 0.0000
vt 0.2410 0.4104 0.0000
vt 0.2035 0.3785 0.0000
vt 0.2020 0.3771 0.0000
vt 0.2013 0.3771 0.0000
vt 0.2023 0.3783 0.0000
vt 0.2009 0.3759 0.0000
vt 0.2003 0.3760 0.0000
vt 0.2000 0.3748 0.0000
vt 0.1994 0.3749 0.0000
vt 0.1997 0.3761 0.0000
vt 0.2005 0.3771 0.0000
vt 0.1990 0.3761 0.0000
vt 0.1999 0.3772 0.0000
vt 0.1988 0.3750 0.0000
vt 0.1982 0.3751 0.0000
vt 0.2015 0.3783 0.0000
vt 0.2008 0.3783 0.0000
vt 0.2222 0.4108 0.0000
vt 0.2231 0.4097 0.0000
vt 0.2206 0.4075 0.0000
vt 0.2197 0.4086 0.0000
vt 0.2247 0.4127 0.0000
vt 0.2256 0.4117 0.0000
vt 0.2182 0.4051 0.0000
vt 0.2172 0.4062 0.0000
vt 0.2146 0.4033 0.0000
vt 0.2157 0.4022 0.0000
vt 0.2161 0.4073 0.0000
vt 0.2188 0.4097 0.0000
vt 0.2178 0.4108 0.0000
vt 0.2151 0.4084 0.0000
vt 0.2135 0.4045 0.0000
vt 0.2124 0.4056 0.0000
vt 0.2213 0.4119 0.0000
vt 0.2238 0.4138 0.0000
vt 0.2204 0.4129 0.0000
vt 0.2230 0.4148 0.0000
vt 0.2106 0.5459 0.0000
vt 0.2155 0.5379 0.0000
vt 0.2135 0.5365 0.0000
vt 0.2088 0.5444 0.0000
vt 0.2041 0.5508 0.0000
vt 0.2056 0.5525 0.0000
vt 0.2202 0.5285 0.0000
vt 0.2181 0.5274 0.0000
vt 0.2222 0.5169 0.0000
vt 0.2245 0.5179 0.0000
vt 0.2160 0.5262 0.0000
vt 0.2116 0.5352 0.0000
vt 0.2139 0.5250 0.0000
vt 0.2096 0.5338 0.0000
vt 0.2200 0.5159 0.0000
vt 0.2177 0.5149 0.0000
vt 0.2071 0.5428 0.0000
vt 0.2026 0.5491 0.0000
vt 0.2053 0.5413 0.0000
vt 0.2010 0.5474 0.0000
vt 0.2344 0.3667 0.0000
vt 0.2170 0.3675 0.0000
vt 0.2171 0.3695 0.0000
vt 0.2345 0.3687 0.0000
vt 0.2172 0.3714 0.0000
vt 0.2345 0.3707 0.0000
vt 0.1996 0.3682 0.0000
vt 0.1997 0.3702 0.0000
vt 0.1998 0.3722 0.0000
vt 0.2519 0.3680 0.0000
vt 0.2518 0.3660 0.0000
vt 0.2692 0.3672 0.0000
vt 0.2692 0.3652 0.0000
vt 0.2519 0.3700 0.0000
vt 0.2693 0.3692 0.0000
vt 0.2517 0.3640 0.0000
vt 0.2343 0.3647 0.0000
vt 0.2343 0.3627 0.0000
vt 0.2516 0.3620 0.0000
vt 0.2691 0.3632 0.0000
vt 0.2690 0.3613 0.0000
vt 0.2170 0.3655 0.0000
vt 0.1996 0.3662 0.0000
vt 0.2169 0.3635 0.0000
vt 0.1995 0.3642 0.0000
vt 0.1748 0.5632 0.0000
vt 0.1692 0.5618 0.0000
vt 0.1684 0.5641 0.0000
vt 0.1744 0.5655 0.0000
vt 0.1638 0.5593 0.0000
vt 0.1625 0.5615 0.0000
vt 0.1804 0.5636 0.0000
vt 0.1804 0.5658 0.0000
vt 0.1861 0.5652 0.0000
vt 0.1858 0.5631 0.0000
vt 0.1805 0.5614 0.0000
vt 0.1753 0.5610 0.0000
vt 0.1805 0.5592 0.0000
vt 0.1757 0.5588 0.0000
vt 0.1854 0.5609 0.0000
vt 0.1851 0.5588 0.0000
vt 0.1701 0.5596 0.0000
vt 0.1651 0.5571 0.0000
vt 0.1709 0.5574 0.0000
vt 0.1663 0.5549 0.0000
vt 0.2258 0.5053 0.0000
vt 0.2281 0.5061 0.0000
vt 0.2311 0.4936 0.0000
vt 0.2287 0.4929 0.0000
vt 0.2334 0.4808 0.0000
vt 0.2310 0.4803 0.0000
vt 0.2328 0.4679 0.0000
vt 0.2352 0.4682 0.0000
vt 0.2286 0.4798 0.0000
vt 0.2263 0.4923 0.0000
vt 0.2263 0.4793 0.0000
vt 0.2239 0.4916 0.0000
vt 0.2305 0.4675 0.0000
vt 0.2281 0.4672 0.0000
vt 0.2234 0.5044 0.0000
vt 0.2211 0.5036 0.0000
vt 0.1971 0.3798 0.0000
vt 0.1981 0.3809 0.0000
vt 0.1994 0.3796 0.0000
vt 0.1985 0.3785 0.0000
vt 0.2004 0.3809 0.0000
vt 0.1991 0.3821 0.0000
vt 0.1963 0.3787 0.0000
vt 0.1977 0.3774 0.0000
vt 0.1955 0.3778 0.0000
vt 0.1968 0.3765 0.0000
vt 0.1949 0.3800 0.0000
vt 0.1958 0.3811 0.0000
vt 0.1944 0.3824 0.0000
vt 0.1936 0.3813 0.0000
vt 0.1941 0.3791 0.0000
vt 0.1928 0.3804 0.0000
vt 0.1967 0.3822 0.0000
vt 0.1977 0.3834 0.0000
vt 0.1953 0.3834 0.0000
vt 0.1963 0.3847 0.0000
vt 0.2747 0.4332 0.0000
vt 0.2747 0.4968 0.0000
vt 0.2776 0.4968 0.0000
vt 0.2776 0.4332 0.0000
vt 0.2718 0.4968 0.0000
vt 0.2718 0.4332 0.0000
vt 0.2747 0.3697 0.0000
vt 0.2776 0.3697 0.0000
vt 0.2718 0.3697 0.0000
vt 0.2747 0.5604 0.0000
vt 0.2776 0.5604 0.0000
vt 0.2747 0.6239 0.0000
vt 0.2777 0.6239 0.0000
vt 0.2718 0.5604 0.0000
vt 0.2718 0.6239 0.0000
vt 0.2806 0.4968 0.0000
vt 0.2806 0.5604 0.0000
vt 0.2835 0.5604 0.0000
vt 0.2835 0.4968 0.0000
vt 0.2806 0.6239 0.0000
vt 0.2835 0.6239 0.0000
vt 0.2806 0.4332 0.0000
vt 0.2806 0.3697 0.0000
vt 0.2835 0.4332 0.0000
vt 0.2835 0.3697 0.0000
vt 0.1519 0.5524 0.0000
vt 0.1540 0.5503 0.0000
vt 0.1491 0.5430 0.0000
vt 0.1466 0.5450 0.0000
vt 0.1439 0.5333 0.0000
vt 0.1410 0.5352 0.0000
vt 0.1571 0.5578 0.0000
vt 0.1588 0.5556 0.0000
vt 0.1605 0.5534 0.0000
vt 0.1561 0.5482 0.0000
vt 0.1582 0.5461 0.0000
vt 0.1622 0.5513 0.0000
vt 0.1516 0.5410 0.0000
vt 0.1467 0.5313 0.0000
vt 0.1541 0.5389 0.0000
vt 0.1496 0.5294 0.0000
vt 0.1906 0.5617 0.0000
vt 0.1913 0.5638 0.0000
vt 0.1962 0.5612 0.0000
vt 0.1952 0.5593 0.0000
vt 0.2009 0.5575 0.0000
vt 0.1996 0.5557 0.0000
vt 0.1983 0.5539 0.0000
vt 0.1942 0.5573 0.0000
vt 0.1970 0.5520 0.0000
vt 0.1932 0.5553 0.0000
vt 0.1899 0.5596 0.0000
vt 0.1892 0.5575 0.0000
vt 0.2176 0.6337 0.0000
vt 0.1631 0.6363 0.0000
vt 0.1632 0.6406 0.0000
vt 0.2178 0.6380 0.0000
vt 0.2724 0.6353 0.0000
vt 0.2722 0.6311 0.0000
vt 0.1086 0.6432 0.0000
vt 0.1085 0.6388 0.0000
vt 0.0539 0.6414 0.0000
vt 0.0540 0.6459 0.0000
vt 0.1088 0.6477 0.0000
vt 0.1634 0.6449 0.0000
vt 0.1636 0.6493 0.0000
vt 0.1090 0.6521 0.0000
vt 0.0542 0.6504 0.0000
vt 0.0544 0.6549 0.0000
vt 0.2180 0.6422 0.0000
vt 0.2726 0.6395 0.0000
vt 0.2182 0.6465 0.0000
vt 0.2728 0.6437 0.0000
vt 0.2440 0.3735 0.0000
vt 0.2324 0.3738 0.0000
vt 0.2309 0.3743 0.0000
vt 0.2367 0.3743 0.0000
vt 0.2507 0.3726 0.0000
vt 0.2340 0.3733 0.0000
vt 0.2422 0.3746 0.0000
vt 0.2516 0.3736 0.0000
vt 0.2674 0.3718 0.0000
vt 0.2200 0.3744 0.0000
vt 0.2234 0.3748 0.0000
vt 0.2173 0.3740 0.0000
vt 0.2285 0.3751 0.0000
vt 0.2335 0.3755 0.0000
vt 0.2521 0.3747 0.0000
vt 0.2445 0.3752 0.0000
vt 0.2445 0.3760 0.0000
vt 0.2486 0.3762 0.0000
vt 0.2522 0.3770 0.0000
vt 0.2577 0.3753 0.0000
vt 0.2404 0.3767 0.0000
vt 0.2372 0.3760 0.0000
vt 0.2438 0.3775 0.0000
vt 0.2471 0.3786 0.0000
vt 0.2543 0.3807 0.0000
vt 0.2569 0.3813 0.0000
vt 0.2587 0.3778 0.0000
vt 0.2540 0.3787 0.0000
vt 0.2594 0.3833 0.0000
vt 0.2623 0.3792 0.0000
vt 0.2496 0.3802 0.0000
vt 0.2519 0.3822 0.0000
vt 0.2544 0.3843 0.0000
vt 0.2567 0.3872 0.0000
vt 0.2612 0.3912 0.0000
vt 0.2628 0.3914 0.0000
vt 0.2633 0.3842 0.0000
vt 0.2607 0.3872 0.0000
vt 0.2647 0.3920 0.0000
vt 0.2661 0.3817 0.0000
vt 0.2585 0.3910 0.0000
vt 0.2600 0.3953 0.0000
vt 0.2616 0.3994 0.0000
vt 0.2631 0.4035 0.0000
vt 0.2685 0.4954 0.0000
vt 0.2696 0.4958 0.0000
vt 0.2696 0.4333 0.0000
vt 0.2685 0.4333 0.0000
vt 0.2674 0.4334 0.0000
vt 0.2674 0.4949 0.0000
vt 0.2696 0.3708 0.0000
vt 0.2685 0.3713 0.0000
vt 0.2696 0.5584 0.0000
vt 0.2685 0.5574 0.0000
vt 0.2685 0.6194 0.0000
vt 0.2696 0.6209 0.0000
vt 0.2674 0.5564 0.0000
vt 0.2707 0.5594 0.0000
vt 0.2707 0.4963 0.0000
vt 0.2707 0.6224 0.0000
vt 0.2707 0.4333 0.0000
vt 0.2707 0.3702 0.0000
vt 0.2172 0.3727 0.0000
vt 0.2172 0.3733 0.0000
vt 0.2341 0.3726 0.0000
vt 0.2343 0.3720 0.0000
vt 0.2002 0.3734 0.0000
vt 0.2004 0.3741 0.0000
vt 0.2510 0.3719 0.0000
vt 0.2513 0.3713 0.0000
vt 0.2679 0.3712 0.0000
vt 0.2684 0.3705 0.0000
vt 0.2516 0.3706 0.0000
vt 0.2344 0.3713 0.0000
vt 0.2688 0.3699 0.0000
vt 0.2172 0.3721 0.0000
vt 0.2000 0.3728 0.0000
vt 0.0802 0.3715 0.0000
vt 0.0905 0.4039 0.0000
vt 0.0947 0.4024 0.0000
vt 0.0846 0.3701 0.0000
vt 0.0756 0.3383 0.0000
vt 0.0712 0.3396 0.0000
vt 0.1052 0.4336 0.0000
vt 0.1011 0.4352 0.0000
vt 0.1113 0.4635 0.0000
vt 0.1152 0.4619 0.0000
vt 0.0989 0.4009 0.0000
vt 0.1093 0.4320 0.0000
vt 0.1134 0.4304 0.0000
vt 0.1032 0.3994 0.0000
vt 0.1191 0.4602 0.0000
vt 0.1231 0.4585 0.0000
vt 0.0889 0.3687 0.0000
vt 0.0800 0.3370 0.0000
vt 0.0932 0.3673 0.0000
vt 0.0844 0.3357 0.0000
vt 0.2031 0.3874 0.0000
vt 0.2044 0.3862 0.0000
vt 0.2029 0.3841 0.0000
vt 0.2015 0.3853 0.0000
vt 0.2049 0.3900 0.0000
vt 0.2062 0.3888 0.0000
vt 0.2002 0.3836 0.0000
vt 0.2016 0.3823 0.0000
vt 0.2001 0.3865 0.0000
vt 0.1988 0.3848 0.0000
vt 0.1974 0.3861 0.0000
vt 0.1988 0.3877 0.0000
vt 0.2017 0.3886 0.0000
vt 0.2035 0.3911 0.0000
vt 0.2003 0.3898 0.0000
vt 0.2022 0.3923 0.0000
vt 0.2340 0.4561 0.0000
vt 0.2363 0.4563 0.0000
vt 0.2370 0.4454 0.0000
vt 0.2348 0.4454 0.0000
vt 0.2372 0.4361 0.0000
vt 0.2352 0.4363 0.0000
vt 0.2372 0.4289 0.0000
vt 0.2353 0.4292 0.0000
vt 0.2332 0.4364 0.0000
vt 0.2327 0.4454 0.0000
vt 0.2312 0.4366 0.0000
vt 0.2305 0.4454 0.0000
vt 0.2335 0.4295 0.0000
vt 0.2317 0.4298 0.0000
vt 0.2318 0.4559 0.0000
vt 0.2295 0.4557 0.0000
vt 0.1239 0.4855 0.0000
vt 0.1202 0.4873 0.0000
vt 0.1280 0.5068 0.0000
vt 0.1314 0.5050 0.0000
vt 0.1348 0.5226 0.0000
vt 0.1380 0.5208 0.0000
vt 0.1412 0.5189 0.0000
vt 0.1349 0.5032 0.0000
vt 0.1444 0.5170 0.0000
vt 0.1384 0.5013 0.0000
vt 0.1276 0.4837 0.0000
vt 0.1313 0.4820 0.0000
vt 0.0347 0.5356 0.0000
vt 0.0393 0.5352 0.0000
vt 0.0321 0.4336 0.0000
vt 0.0274 0.4340 0.0000
vt 0.0419 0.6372 0.0000
vt 0.0466 0.6368 0.0000
vt 0.0248 0.3320 0.0000
vt 0.0202 0.3324 0.0000
vt 0.0176 0.2305 0.0000
vt 0.0130 0.2308 0.0000
vt 0.0156 0.3328 0.0000
vt 0.0228 0.4344 0.0000
vt 0.0182 0.4348 0.0000
vt 0.0109 0.3332 0.0000
vt 0.0083 0.2312 0.0000
vt 0.0037 0.2316 0.0000
vt 0.0301 0.5360 0.0000
vt 0.0373 0.6376 0.0000
vt 0.0254 0.5364 0.0000
vt 0.0327 0.6380 0.0000
vt 0.0586 0.2542 0.0000
vt 0.0541 0.2552 0.0000
vt 0.0586 0.2820 0.0000
vt 0.0631 0.2809 0.0000
vt 0.0546 0.2280 0.0000
vt 0.0500 0.2289 0.0000
vt 0.0686 0.3088 0.0000
vt 0.0641 0.3099 0.0000
vt 0.0676 0.2798 0.0000
vt 0.0731 0.3076 0.0000
vt 0.0775 0.3064 0.0000
vt 0.0722 0.2787 0.0000
vt 0.0632 0.2532 0.0000
vt 0.0592 0.2271 0.0000
vt 0.0677 0.2522 0.0000
vt 0.0638 0.2263 0.0000
vt 0.2353 0.4246 0.0000
vt 0.2370 0.4242 0.0000
vt 0.2365 0.4212 0.0000
vt 0.2350 0.4218 0.0000
vt 0.2356 0.4195 0.0000
vt 0.2343 0.4202 0.0000
vt 0.2344 0.4183 0.0000
vt 0.2332 0.4190 0.0000
vt 0.2330 0.4208 0.0000
vt 0.2335 0.4224 0.0000
vt 0.2317 0.4215 0.0000
vt 0.2321 0.4229 0.0000
vt 0.2321 0.4198 0.0000
vt 0.2309 0.4205 0.0000
vt 0.2337 0.4250 0.0000
vt 0.2320 0.4255 0.0000
vt 0.0338 0.1892 0.0000
vt 0.0254 0.1879 0.0000
vt 0.0246 0.2019 0.0000
vt 0.0334 0.2031 0.0000
vt 0.0171 0.1867 0.0000
vt 0.0157 0.2006 0.0000
vt 0.0423 0.2044 0.0000
vt 0.0421 0.1904 0.0000
vt 0.0512 0.2056 0.0000
vt 0.0504 0.1916 0.0000
vt 0.0418 0.1764 0.0000
vt 0.0341 0.1752 0.0000
vt 0.0416 0.1624 0.0000
vt 0.0344 0.1612 0.0000
vt 0.0496 0.1776 0.0000
vt 0.0488 0.1636 0.0000
vt 0.0263 0.1740 0.0000
vt 0.0186 0.1727 0.0000
vt 0.0272 0.1600 0.0000
vt 0.0200 0.1588 0.0000
vt 0.2120 0.4000 0.0000
vt 0.2131 0.3989 0.0000
vt 0.2107 0.3954 0.0000
vt 0.2094 0.3965 0.0000
vt 0.2083 0.3919 0.0000
vt 0.2070 0.3931 0.0000
vt 0.2058 0.3942 0.0000
vt 0.2082 0.3977 0.0000
vt 0.2045 0.3954 0.0000
vt 0.2070 0.3988 0.0000
vt 0.2108 0.4012 0.0000
vt 0.2097 0.4023 0.0000
vt 0.2326 0.4168 0.0000
vt 0.2304 0.4152 0.0000
vt 0.2295 0.4162 0.0000
vt 0.2316 0.4177 0.0000
vt 0.2281 0.4135 0.0000
vt 0.2272 0.4145 0.0000
vt 0.2263 0.4155 0.0000
vt 0.2286 0.4171 0.0000
vt 0.2254 0.4165 0.0000
vt 0.2276 0.4181 0.0000
vt 0.2305 0.4185 0.0000
vt 0.2295 0.4194 0.0000
vt 0.2649 0.4675 0.0000
vt 0.2661 0.4807 0.0000
vt 0.2661 0.4308 0.0000
vt 0.2649 0.4294 0.0000
vt 0.2661 0.3809 0.0000
vt 0.2649 0.3912 0.0000
vt 0.2673 0.4940 0.0000
vt 0.2673 0.4323 0.0000
vt 0.2673 0.3706 0.0000
vt 0.2637 0.4279 0.0000
vt 0.2637 0.4543 0.0000
vt 0.2624 0.4265 0.0000
vt 0.2625 0.4410 0.0000
vt 0.2636 0.4016 0.0000
vt 0.2624 0.4119 0.0000
vt 0.2649 0.5056 0.0000
vt 0.2637 0.4806 0.0000
vt 0.2649 0.5438 0.0000
vt 0.2637 0.5070 0.0000
vt 0.2625 0.4556 0.0000
vt 0.2625 0.4702 0.0000
vt 0.2661 0.5306 0.0000
vt 0.2673 0.5557 0.0000
vt 0.2661 0.5806 0.0000
vt 0.2673 0.6173 0.0000
vt 0.2951 0.7668 0.0000
vt 0.2966 0.7646 0.0000
vt 0.2960 0.7834 0.0000
vt 0.2941 0.7915 0.0000
vt 0.2941 0.7409 0.0000
vt 0.2960 0.7389 0.0000
vt 0.2934 0.7700 0.0000
vt 0.2915 0.7966 0.0000
vt 0.2919 0.7430 0.0000
vt 0.2959 0.7934 0.0000
vt 0.2980 0.7668 0.0000
vt 0.2994 0.7713 0.0000
vt 0.2950 0.8051 0.0000
vt 0.2978 0.7371 0.0000
vt 0.2994 0.7353 0.0000
vt 0.2889 0.8135 0.0000
vt 0.2830 0.8225 0.0000
vt 0.2816 0.8343 0.0000
vt 0.2549 0.8568 0.0000
vt 0.2912 0.7706 0.0000
vt 0.2904 0.7943 0.0000
vt 0.2893 0.7880 0.0000
vt 0.2887 0.7715 0.0000
vt 0.2864 0.7483 0.0000
vt 0.2894 0.7454 0.0000
vt 0.2843 0.8152 0.0000
vt 0.2872 0.7977 0.0000
vt 0.2782 0.8275 0.0000
vt 0.2838 0.8051 0.0000
vt 0.2861 0.7760 0.0000
vt 0.2830 0.7521 0.0000
vt 0.2830 0.7814 0.0000
vt 0.2790 0.7571 0.0000
vt 0.2769 0.8255 0.0000
vt 0.2762 0.8140 0.0000
vt 0.2778 0.8037 0.0000
vt 0.2808 0.8064 0.0000
vt 0.2719 0.8383 0.0000
vt 0.2732 0.8229 0.0000
vt 0.2749 0.7902 0.0000
vt 0.2716 0.7977 0.0000
vt 0.2650 0.7791 0.0000
vt 0.2697 0.7710 0.0000
vt 0.2684 0.8057 0.0000
vt 0.2607 0.7876 0.0000
vt 0.2790 0.7854 0.0000
vt 0.2745 0.7635 0.0000
vt 0.2703 0.8268 0.0000
vt 0.2701 0.8404 0.0000
vt 0.2678 0.8349 0.0000
vt 0.2673 0.8266 0.0000
vt 0.2679 0.8506 0.0000
vt 0.2670 0.8428 0.0000
vt 0.2611 0.8248 0.0000
vt 0.2624 0.8174 0.0000
vt 0.2544 0.8041 0.0000
vt 0.2522 0.8124 0.0000
vt 0.2602 0.8324 0.0000
vt 0.2505 0.8208 0.0000
vt 0.2651 0.8117 0.0000
vt 0.2572 0.7959 0.0000
vt 0.2643 0.8555 0.0000
vt 0.2627 0.8498 0.0000
vt 0.2654 0.8478 0.0000
vt 0.2670 0.8554 0.0000
vt 0.2638 0.8607 0.0000
vt 0.2647 0.8614 0.0000
vt 0.2568 0.8514 0.0000
vt 0.2571 0.8451 0.0000
vt 0.2480 0.8377 0.0000
vt 0.2469 0.8452 0.0000
vt 0.2564 0.8569 0.0000
vt 0.2458 0.8516 0.0000
vt 0.2585 0.8389 0.0000
vt 0.2491 0.8294 0.0000
vt 0.2535 0.8668 0.0000
vt 0.2560 0.8649 0.0000
vt 0.2612 0.8639 0.0000
vt 0.2600 0.8654 0.0000
vt 0.2456 0.8669 0.0000
vt 0.2406 0.8683 0.0000
vt 0.2514 0.8630 0.0000
vt 0.2461 0.8649 0.0000
vt 0.2382 0.8615 0.0000
vt 0.2422 0.8594 0.0000
vt 0.2360 0.8664 0.0000
vt 0.2317 0.8627 0.0000
vt 0.2547 0.8605 0.0000
vt 0.2445 0.8562 0.0000
vt 0.2117 0.6710 0.0000
vt 0.1866 0.6692 0.0000
vt 0.2411 0.6670 0.0000
vt 0.2541 0.6696 0.0000
vt 0.2993 0.6667 0.0000
vt 0.2991 0.6688 0.0000
vt 0.1613 0.6679 0.0000
vt 0.2281 0.6645 0.0000
vt 0.2994 0.6645 0.0000
vt 0.2671 0.6721 0.0000
vt 0.2364 0.6736 0.0000
vt 0.2800 0.6747 0.0000
vt 0.2608 0.6765 0.0000
vt 0.2989 0.6710 0.0000
vt 0.2988 0.6731 0.0000
vt 0.1745 0.6738 0.0000
vt 0.2081 0.6755 0.0000
vt 0.1833 0.6783 0.0000
vt 0.1463 0.6771 0.0000
vt 0.2408 0.6788 0.0000
vt 0.2194 0.6820 0.0000
vt 0.1393 0.6751 0.0000
vt 0.1033 0.6779 0.0000
vt 0.1071 0.6810 0.0000
vt 0.0587 0.6981 0.0000
vt 0.0978 0.6836 0.0000
vt 0.1306 0.6805 0.0000
vt 0.1265 0.6838 0.0000
vt 0.1056 0.6858 0.0000
vt 0.0864 0.6898 0.0000
vt 0.0723 0.6890 0.0000
vt 0.1634 0.6821 0.0000
vt 0.1449 0.6865 0.0000
vt 0.1962 0.6862 0.0000
vt 0.1725 0.6912 0.0000
vt 0.1247 0.6906 0.0000
vt 0.1059 0.6951 0.0000
vt 0.1494 0.6968 0.0000
vt 0.1283 0.7027 0.0000
vt 0.0720 0.7001 0.0000
vt 0.0617 0.7008 0.0000
vt 0.0613 0.6943 0.0000
vt 0.0753 0.6949 0.0000
vt 0.0527 0.7046 0.0000
vt 0.0506 0.6988 0.0000
vt 0.0921 0.7005 0.0000
vt 0.0809 0.7058 0.0000
vt 0.1103 0.7086 0.0000
vt 0.0952 0.7147 0.0000
vt 0.0702 0.7101 0.0000
vt 0.0610 0.7148 0.0000
vt 0.0827 0.7208 0.0000
vt 0.0724 0.7271 0.0000
vt 0.0434 0.7085 0.0000
vt 0.0471 0.7113 0.0000
vt 0.0455 0.7196 0.0000
vt 0.0412 0.7211 0.0000
vt 0.0375 0.7305 0.0000
vt 0.0396 0.7168 0.0000
vt 0.0547 0.7208 0.0000
vt 0.0499 0.7276 0.0000
vt 0.0576 0.7405 0.0000
vt 0.0641 0.7336 0.0000
vt 0.0454 0.7343 0.0000
vt 0.0420 0.7434 0.0000
vt 0.0529 0.7478 0.0000
vt 0.0498 0.7559 0.0000
vt 0.0320 0.7407 0.0000
vt 0.0340 0.7494 0.0000
vt 0.0325 0.7730 0.0000
vt 0.0273 0.7724 0.0000
vt 0.0231 0.7719 0.0000
vt 0.0320 0.7316 0.0000
vt 0.0401 0.7572 0.0000
vt 0.0397 0.7735 0.0000
vt 0.0481 0.7647 0.0000
vt 0.0479 0.7740 0.0000
vt 0.0406 0.7897 0.0000
vt 0.0344 0.7966 0.0000
vt 0.0430 0.8036 0.0000
vt 0.0382 0.8156 0.0000
vt 0.0489 0.7832 0.0000
vt 0.0510 0.7920 0.0000
vt 0.0322 0.8042 0.0000
vt 0.0320 0.8122 0.0000
vt 0.0400 0.8283 0.0000
vt 0.0587 0.8458 0.0000
vt 0.0437 0.8371 0.0000
vt 0.0419 0.8252 0.0000
vt 0.0461 0.8269 0.0000
vt 0.0474 0.8350 0.0000
vt 0.0524 0.8417 0.0000
vt 0.0501 0.8466 0.0000
vt 0.0465 0.8127 0.0000
vt 0.0507 0.8194 0.0000
vt 0.0542 0.7999 0.0000
vt 0.0587 0.8072 0.0000
vt 0.0550 0.8262 0.0000
vt 0.0606 0.8324 0.0000
vt 0.0645 0.8141 0.0000
vt 0.0719 0.8208 0.0000
vt 0.0695 0.8471 0.0000
vt 0.0716 0.8522 0.0000
vt 0.0594 0.8518 0.0000
vt 0.0603 0.8459 0.0000
vt 0.0798 0.8569 0.0000
vt 0.0677 0.8564 0.0000
vt 0.0688 0.8374 0.0000
vt 0.0782 0.8422 0.0000
vt 0.0919 0.8342 0.0000
vt 0.0811 0.8275 0.0000
vt 0.0871 0.8476 0.0000
vt 0.0975 0.8527 0.0000
vt 0.1042 0.8404 0.0000
vt 0.1179 0.8462 0.0000
vt 0.0872 0.8614 0.0000
vt 0.0940 0.8604 0.0000
vt 0.1101 0.8619 0.0000
vt 0.1125 0.8643 0.0000
vt 0.1257 0.8665 0.0000
vt 0.0964 0.8629 0.0000
vt 0.1109 0.8565 0.0000
vt 0.1253 0.8596 0.0000
vt 0.1485 0.8553 0.0000
vt 0.1328 0.8511 0.0000
vt 0.1383 0.8626 0.0000
vt 0.1534 0.8651 0.0000
vt 0.1645 0.8587 0.0000
vt 0.1804 0.8611 0.0000
vt 0.1967 0.8673 0.0000
vt 0.2185 0.8672 0.0000
vt 0.2153 0.8699 0.0000
vt 0.1836 0.8705 0.0000
vt 0.2220 0.8634 0.0000
vt 0.2098 0.8634 0.0000
vt 0.1702 0.8724 0.0000
vt 0.2126 0.8707 0.0000
vt 0.1568 0.8737 0.0000
vt 0.2103 0.8703 0.0000
vt 0.1278 0.8682 0.0000
vt 0.1516 0.8690 0.0000
vt 0.1033 0.8659 0.0000
vt 0.1740 0.8666 0.0000
vt 0.1957 0.8627 0.0000
vt 0.0611 0.0914 0.0000
vt 0.0592 0.0947 0.0000
vt 0.0600 0.0670 0.0000
vt 0.0623 0.0621 0.0000
vt 0.0635 0.0328 0.0000
vt 0.0608 0.0393 0.0000
vt 0.0574 0.0981 0.0000
vt 0.0577 0.0720 0.0000
vt 0.0581 0.0459 0.0000
vt 0.0646 0.0571 0.0000
vt 0.0630 0.0880 0.0000
vt 0.0669 0.0522 0.0000
vt 0.0648 0.0846 0.0000
vt 0.0662 0.0263 0.0000
vt 0.0689 0.0197 0.0000
vt 0.0599 0.1206 0.0000
vt 0.0613 0.1189 0.0000
vt 0.0587 0.1499 0.0000
vt 0.0597 0.1497 0.0000
vt 0.0628 0.1171 0.0000
vt 0.0607 0.1496 0.0000
vt 0.0584 0.1224 0.0000
vt 0.0570 0.1242 0.0000
vt 0.0576 0.1501 0.0000
vt 0.0566 0.1503 0.0000
vt 0.0650 0.1045 0.0000
vt 0.0684 0.0797 0.0000
vt 0.0672 0.0818 0.0000
vt 0.0641 0.1057 0.0000
vt 0.0719 0.0549 0.0000
vt 0.0703 0.0579 0.0000
vt 0.0697 0.0776 0.0000
vt 0.0659 0.1033 0.0000
vt 0.0734 0.0519 0.0000
vt 0.0632 0.1069 0.0000
vt 0.0660 0.0839 0.0000
vt 0.0648 0.0860 0.0000
vt 0.0623 0.1081 0.0000
vt 0.0688 0.0610 0.0000
vt 0.0673 0.0640 0.0000
vt 0.0610 0.1295 0.0000
vt 0.0604 0.1298 0.0000
vt 0.0576 0.1528 0.0000
vt 0.0579 0.1534 0.0000
vt 0.0598 0.1301 0.0000
vt 0.0574 0.1522 0.0000
vt 0.0616 0.1292 0.0000
vt 0.0622 0.1290 0.0000
vt 0.0582 0.1540 0.0000
vt 0.0585 0.1547 0.0000
vt 0.0631 0.0927 0.0000
vt 0.0663 0.0633 0.0000
vt 0.0674 0.0681 0.0000
vt 0.0641 0.0962 0.0000
vt 0.0694 0.0339 0.0000
vt 0.0708 0.0399 0.0000
vt 0.0622 0.0891 0.0000
vt 0.0652 0.0585 0.0000
vt 0.0681 0.0280 0.0000
vt 0.0685 0.0728 0.0000
vt 0.0650 0.0997 0.0000
vt 0.0721 0.0459 0.0000
vt 0.0615 0.1266 0.0000
vt 0.0607 0.1243 0.0000
vt 0.0579 0.1536 0.0000
vt 0.0574 0.1525 0.0000
vt 0.0600 0.1220 0.0000
vt 0.0592 0.1197 0.0000
vt 0.0568 0.1514 0.0000
vt 0.0563 0.1503 0.0000
vt 0.0614 0.1076 0.0000
vt 0.0636 0.0855 0.0000
vt 0.0624 0.0850 0.0000
vt 0.0606 0.1072 0.0000
vt 0.0658 0.0635 0.0000
vt 0.0643 0.0629 0.0000
vt 0.0612 0.0846 0.0000
vt 0.0597 0.1067 0.0000
vt 0.0601 0.0841 0.0000
vt 0.0588 0.1063 0.0000
vt 0.0628 0.0624 0.0000
vt 0.0613 0.0619 0.0000
vt 0.0581 0.1289 0.0000
vt 0.0587 0.1293 0.0000
vt 0.0566 0.1510 0.0000
vt 0.0576 0.1284 0.0000
vt 0.0563 0.1506 0.0000
vt 0.0593 0.1297 0.0000
vt 0.0571 0.1518 0.0000
vt 0.0642 0.0858 0.0000
vt 0.0664 0.0538 0.0000
vt 0.0660 0.0554 0.0000
vt 0.0635 0.0869 0.0000
vt 0.0687 0.0218 0.0000
vt 0.0685 0.0238 0.0000
vt 0.0656 0.0570 0.0000
vt 0.0629 0.0880 0.0000
vt 0.0683 0.0259 0.0000
vt 0.0601 0.1190 0.0000
vt 0.0610 0.1184 0.0000
vt 0.0574 0.1501 0.0000
vt 0.0585 0.1499 0.0000
vt 0.0619 0.1177 0.0000
vt 0.0596 0.1497 0.0000
vt 0.0584 0.1042 0.0000
vt 0.0595 0.0810 0.0000
vt 0.0589 0.0780 0.0000
vt 0.0581 0.1022 0.0000
vt 0.0605 0.0579 0.0000
vt 0.0597 0.0539 0.0000
vt 0.0577 0.1001 0.0000
vt 0.0583 0.0750 0.0000
vt 0.0589 0.0499 0.0000
vt 0.0573 0.1263 0.0000
vt 0.0571 0.1253 0.0000
vt 0.0565 0.1504 0.0000
vt 0.0564 0.1505 0.0000
vt 0.0574 0.1274 0.0000
vt 0.0564 0.1506 0.0000
vt 0.1823 0.5381 0.0000
vt 0.1909 0.5373 0.0000
vt 0.1924 0.5335 0.0000
vt 0.1820 0.5342 0.0000
vt 0.1939 0.5287 0.0000
vt 0.1818 0.5295 0.0000
vt 0.1995 0.5365 0.0000
vt 0.2028 0.5327 0.0000
vt 0.2060 0.5280 0.0000
vt 0.1716 0.5350 0.0000
vt 0.1736 0.5388 0.0000
vt 0.1612 0.5357 0.0000
vt 0.1650 0.5394 0.0000
vt 0.1697 0.5302 0.0000
vt 0.1576 0.5309 0.0000
vt 0.1757 0.5418 0.0000
vt 0.1825 0.5413 0.0000
vt 0.1779 0.5443 0.0000
vt 0.1827 0.5442 0.0000
vt 0.1690 0.5420 0.0000
vt 0.1732 0.5436 0.0000
vt 0.1892 0.5404 0.0000
vt 0.1959 0.5394 0.0000
vt 0.1874 0.5432 0.0000
vt 0.1919 0.5416 0.0000
vt 0.1813 0.5165 0.0000
vt 0.1968 0.5160 0.0000
vt 0.1980 0.5080 0.0000
vt 0.1809 0.5082 0.0000
vt 0.1803 0.4986 0.0000
vt 0.1990 0.4989 0.0000
vt 0.2123 0.5154 0.0000
vt 0.2151 0.5078 0.0000
vt 0.2176 0.4993 0.0000
vt 0.1638 0.5084 0.0000
vt 0.1658 0.5170 0.0000
vt 0.1504 0.5175 0.0000
vt 0.1467 0.5086 0.0000
vt 0.1617 0.4983 0.0000
vt 0.1430 0.4979 0.0000
vt 0.1816 0.5236 0.0000
vt 0.1678 0.5242 0.0000
vt 0.1540 0.5249 0.0000
vt 0.1954 0.5229 0.0000
vt 0.2092 0.5222 0.0000
vt 0.1979 0.4462 0.0000
vt 0.1957 0.4361 0.0000
vt 0.1840 0.4342 0.0000
vt 0.1809 0.4432 0.0000
vt 0.2111 0.4466 0.0000
vt 0.2056 0.4365 0.0000
vt 0.1788 0.4532 0.0000
vt 0.2001 0.4568 0.0000
vt 0.2232 0.4610 0.0000
vt 0.1952 0.4273 0.0000
vt 0.1875 0.4259 0.0000
vt 0.1912 0.4181 0.0000
vt 0.1956 0.4191 0.0000
vt 0.2022 0.4278 0.0000
vt 0.2000 0.4199 0.0000
vt 0.1726 0.4314 0.0000
vt 0.1801 0.4239 0.0000
vt 0.1737 0.4213 0.0000
vt 0.1638 0.4278 0.0000
vt 0.1868 0.4166 0.0000
vt 0.1824 0.4148 0.0000
vt 0.1636 0.4395 0.0000
vt 0.1566 0.4490 0.0000
vt 0.1514 0.4345 0.0000
vt 0.1295 0.4435 0.0000
vt 0.2078 0.4273 0.0000
vt 0.2118 0.4347 0.0000
vt 0.2156 0.4315 0.0000
vt 0.2122 0.4261 0.0000
vt 0.2088 0.4209 0.0000
vt 0.2045 0.4205 0.0000
vt 0.2173 0.4429 0.0000
vt 0.2194 0.4372 0.0000
vt 0.2235 0.4517 0.0000
vt 0.2233 0.4431 0.0000
vt 0.2182 0.4277 0.0000
vt 0.2206 0.4316 0.0000
vt 0.2214 0.4261 0.0000
vt 0.2202 0.4237 0.0000
vt 0.2229 0.4357 0.0000
vt 0.2222 0.4299 0.0000
vt 0.2156 0.4244 0.0000
vt 0.2128 0.4213 0.0000
vt 0.2185 0.4225 0.0000
vt 0.2161 0.4218 0.0000
vt 0.1996 0.4889 0.0000
vt 0.2000 0.4783 0.0000
vt 0.1787 0.4761 0.0000
vt 0.1795 0.4877 0.0000
vt 0.2213 0.4805 0.0000
vt 0.2197 0.4901 0.0000
vt 0.2005 0.4676 0.0000
vt 0.1782 0.4644 0.0000
vt 0.2225 0.4707 0.0000
vt 0.1572 0.4738 0.0000
vt 0.1554 0.4609 0.0000
vt 0.1356 0.4715 0.0000
vt 0.1323 0.4573 0.0000
vt 0.1593 0.4865 0.0000
vt 0.1392 0.4853 0.0000
vt 0.1500 0.4277 0.0000
vt 0.1601 0.4235 0.0000
vt 0.1602 0.4198 0.0000
vt 0.1549 0.4203 0.0000
vt 0.1508 0.4196 0.0000
vt 0.1431 0.4283 0.0000
vt 0.1656 0.4155 0.0000
vt 0.1692 0.4183 0.0000
vt 0.1735 0.4099 0.0000
vt 0.1779 0.4125 0.0000
vt 0.1617 0.4136 0.0000
vt 0.1584 0.4119 0.0000
vt 0.1694 0.4073 0.0000
vt 0.1660 0.4048 0.0000
vt 0.1508 0.4129 0.0000
vt 0.1476 0.4145 0.0000
vt 0.1432 0.4228 0.0000
vt 0.1499 0.4165 0.0000
vt 0.1444 0.4145 0.0000
vt 0.1378 0.4252 0.0000
vt 0.1566 0.4097 0.0000
vt 0.1551 0.4077 0.0000
vt 0.1632 0.4025 0.0000
vt 0.1611 0.4006 0.0000
vt 0.1532 0.4066 0.0000
vt 0.1512 0.4055 0.0000
vt 0.1595 0.3989 0.0000
vt 0.1582 0.3975 0.0000
vt 0.1409 0.4064 0.0000
vt 0.1397 0.4006 0.0000
vt 0.1322 0.4038 0.0000
vt 0.1334 0.4124 0.0000
vt 0.1246 0.4070 0.0000
vt 0.1258 0.4186 0.0000
vt 0.1387 0.3945 0.0000
vt 0.1312 0.3951 0.0000
vt 0.1236 0.3957 0.0000
vt 0.1423 0.4114 0.0000
vt 0.1349 0.4206 0.0000
vt 0.1274 0.4306 0.0000
vt 0.1497 0.4035 0.0000
vt 0.1484 0.4007 0.0000
vt 0.1559 0.3952 0.0000
vt 0.1570 0.3963 0.0000
vt 0.1473 0.3974 0.0000
vt 0.1463 0.3939 0.0000
vt 0.1549 0.3943 0.0000
vt 0.1539 0.3933 0.0000
vt 0.0837 0.7938 0.0000
vt 0.0785 0.7910 0.0000
vt 0.0782 0.7772 0.0000
vt 0.0836 0.7772 0.0000
vt 0.0787 0.8049 0.0000
vt 0.0837 0.8104 0.0000
vt 0.0900 0.7966 0.0000
vt 0.0901 0.7773 0.0000
vt 0.0899 0.8159 0.0000
vt 0.0737 0.7772 0.0000
vt 0.0740 0.7883 0.0000
vt 0.0695 0.7773 0.0000
vt 0.0699 0.7857 0.0000
vt 0.0744 0.7995 0.0000
vt 0.0704 0.7940 0.0000
vt 0.0733 0.7661 0.0000
vt 0.0780 0.7633 0.0000
vt 0.0729 0.7550 0.0000
vt 0.0778 0.7494 0.0000
vt 0.0690 0.7689 0.0000
vt 0.0685 0.7606 0.0000
vt 0.0835 0.7606 0.0000
vt 0.0902 0.7579 0.0000
vt 0.0834 0.7439 0.0000
vt 0.0903 0.7386 0.0000
vt 0.1078 0.7777 0.0000
vt 0.1191 0.7778 0.0000
vt 0.1178 0.8050 0.0000
vt 0.1071 0.8023 0.0000
vt 0.1064 0.8270 0.0000
vt 0.1165 0.8322 0.0000
vt 0.1322 0.7777 0.0000
vt 0.1300 0.8073 0.0000
vt 0.1278 0.8370 0.0000
vt 0.0978 0.7995 0.0000
vt 0.0981 0.7775 0.0000
vt 0.0974 0.8215 0.0000
vt 0.1085 0.7530 0.0000
vt 0.0985 0.7554 0.0000
vt 0.0988 0.7334 0.0000
vt 0.1092 0.7283 0.0000
vt 0.1204 0.7505 0.0000
vt 0.1343 0.7480 0.0000
vt 0.1217 0.7233 0.0000
vt 0.1365 0.7184 0.0000
vt 0.2157 0.8078 0.0000
vt 0.2019 0.8104 0.0000
vt 0.2074 0.7837 0.0000
vt 0.2194 0.7895 0.0000
vt 0.1871 0.8130 0.0000
vt 0.1940 0.7794 0.0000
vt 0.2000 0.8315 0.0000
vt 0.2143 0.8236 0.0000
vt 0.1794 0.8494 0.0000
vt 0.2243 0.7715 0.0000
vt 0.2141 0.7564 0.0000
vt 0.2299 0.7578 0.0000
vt 0.2220 0.7376 0.0000
vt 0.2017 0.7445 0.0000
vt 0.2118 0.7018 0.0000
vt 0.2338 0.7841 0.0000
vt 0.2303 0.7958 0.0000
vt 0.2407 0.8024 0.0000
vt 0.2430 0.7955 0.0000
vt 0.2379 0.7742 0.0000
vt 0.2459 0.7887 0.0000
vt 0.2278 0.8079 0.0000
vt 0.2264 0.8190 0.0000
vt 0.2388 0.8092 0.0000
vt 0.2374 0.8161 0.0000
vt 0.2266 0.8279 0.0000
vt 0.2280 0.8351 0.0000
vt 0.2204 0.8401 0.0000
vt 0.2163 0.8337 0.0000
vt 0.2354 0.8304 0.0000
vt 0.2363 0.8232 0.0000
vt 0.2301 0.8412 0.0000
vt 0.2256 0.8447 0.0000
vt 0.2312 0.8485 0.0000
vt 0.2326 0.8468 0.0000
vt 0.2346 0.8377 0.0000
vt 0.2340 0.8451 0.0000
vt 0.2210 0.8483 0.0000
vt 0.2125 0.8456 0.0000
vt 0.2044 0.8514 0.0000
vt 0.2165 0.8518 0.0000
vt 0.2298 0.8502 0.0000
vt 0.2285 0.8519 0.0000
vt 0.2045 0.8417 0.0000
vt 0.1921 0.8507 0.0000
vt 0.1629 0.7771 0.0000
vt 0.1580 0.8109 0.0000
vt 0.1436 0.8092 0.0000
vt 0.1470 0.7773 0.0000
vt 0.1401 0.8411 0.0000
vt 0.1531 0.8446 0.0000
vt 0.1679 0.7431 0.0000
vt 0.1505 0.7454 0.0000
vt 0.1540 0.7136 0.0000
vt 0.1730 0.7090 0.0000
vt 0.1857 0.7415 0.0000
vt 0.1789 0.7775 0.0000
vt 0.1926 0.7050 0.0000
vt 0.1725 0.8126 0.0000
vt 0.1663 0.8474 0.0000
vt 0.2313 0.7360 0.0000
vt 0.2409 0.7445 0.0000
vt 0.2412 0.7529 0.0000
vt 0.2361 0.7524 0.0000
vt 0.2312 0.7249 0.0000
vt 0.2423 0.7380 0.0000
vt 0.2494 0.7559 0.0000
vt 0.2464 0.7619 0.0000
vt 0.2533 0.7750 0.0000
vt 0.2573 0.7688 0.0000
vt 0.2520 0.7509 0.0000
vt 0.2611 0.7635 0.0000
vt 0.2424 0.7674 0.0000
vt 0.2494 0.7817 0.0000
vt 0.2386 0.7256 0.0000
vt 0.2495 0.7334 0.0000
vt 0.2514 0.7387 0.0000
vt 0.2465 0.7368 0.0000
vt 0.2358 0.7168 0.0000
vt 0.2499 0.7284 0.0000
vt 0.2581 0.7460 0.0000
vt 0.2597 0.7431 0.0000
vt 0.2696 0.7539 0.0000
vt 0.2672 0.7563 0.0000
vt 0.2614 0.7401 0.0000
vt 0.2717 0.7519 0.0000
vt 0.2552 0.7481 0.0000
vt 0.2643 0.7594 0.0000
vt 0.2693 0.7222 0.0000
vt 0.2613 0.7235 0.0000
vt 0.2538 0.7109 0.0000
vt 0.2656 0.7098 0.0000
vt 0.2776 0.7090 0.0000
vt 0.2777 0.7212 0.0000
vt 0.2619 0.6974 0.0000
vt 0.2461 0.6982 0.0000
vt 0.2774 0.6968 0.0000
vt 0.2683 0.7360 0.0000
vt 0.2729 0.7346 0.0000
vt 0.2766 0.7470 0.0000
vt 0.2751 0.7485 0.0000
vt 0.2778 0.7334 0.0000
vt 0.2779 0.7455 0.0000
vt 0.2543 0.7253 0.0000
vt 0.2644 0.7378 0.0000
vt 0.2735 0.7501 0.0000
vt 0.2424 0.7125 0.0000
vt 0.2295 0.6996 0.0000
vt 0.1386 0.3940 0.0000
vt 0.1387 0.3943 0.0000
vt 0.1463 0.3936 0.0000
vt 0.1464 0.3933 0.0000
vt 0.1540 0.3930 0.0000
vt 0.1541 0.3926 0.0000
vt 0.1464 0.3930 0.0000
vt 0.1386 0.3937 0.0000
vt 0.1385 0.3934 0.0000
vt 0.1464 0.3926 0.0000
vt 0.1542 0.3922 0.0000
vt 0.1543 0.3918 0.0000
vt 0.1308 0.3944 0.0000
vt 0.1309 0.3947 0.0000
vt 0.1232 0.3954 0.0000
vt 0.1230 0.3952 0.0000
vt 0.1306 0.3942 0.0000
vt 0.1228 0.3950 0.0000
vt 0.1310 0.3949 0.0000
vt 0.1234 0.3956 0.0000
vt 0.1914 0.4173 0.0000
vt 0.1913 0.4177 0.0000
vt 0.1957 0.4187 0.0000
vt 0.1957 0.4183 0.0000
vt 0.2001 0.4195 0.0000
vt 0.2001 0.4191 0.0000
vt 0.1958 0.4179 0.0000
vt 0.1915 0.4169 0.0000
vt 0.1959 0.4175 0.0000
vt 0.1916 0.4165 0.0000
vt 0.2002 0.4187 0.0000
vt 0.2003 0.4183 0.0000
vt 0.1872 0.4155 0.0000
vt 0.1871 0.4159 0.0000
vt 0.1827 0.4141 0.0000
vt 0.1828 0.4137 0.0000
vt 0.1873 0.4151 0.0000
vt 0.1830 0.4133 0.0000
vt 0.1869 0.4163 0.0000
vt 0.1825 0.4144 0.0000
vt 0.1961 0.5397 0.0000
vt 0.1962 0.5401 0.0000
vt 0.1999 0.5371 0.0000
vt 0.1997 0.5368 0.0000
vt 0.1920 0.5420 0.0000
vt 0.1922 0.5423 0.0000
vt 0.1964 0.5404 0.0000
vt 0.2002 0.5374 0.0000
vt 0.1966 0.5408 0.0000
vt 0.2004 0.5377 0.0000
vt 0.1923 0.5427 0.0000
vt 0.1924 0.5431 0.0000
vt 0.2036 0.5336 0.0000
vt 0.2033 0.5333 0.0000
vt 0.2069 0.5287 0.0000
vt 0.2066 0.5285 0.0000
vt 0.2039 0.5338 0.0000
vt 0.2072 0.5290 0.0000
vt 0.2031 0.5330 0.0000
vt 0.2063 0.5282 0.0000
vt 0.1827 0.5445 0.0000
vt 0.1778 0.5447 0.0000
vt 0.1778 0.5451 0.0000
vt 0.1827 0.5449 0.0000
vt 0.1732 0.5440 0.0000
vt 0.1731 0.5444 0.0000
vt 0.1778 0.5455 0.0000
vt 0.1828 0.5453 0.0000
vt 0.1778 0.5458 0.0000
vt 0.1828 0.5457 0.0000
vt 0.1730 0.5447 0.0000
vt 0.1729 0.5451 0.0000
vt 0.1877 0.5443 0.0000
vt 0.1876 0.5440 0.0000
vt 0.1878 0.5447 0.0000
vt 0.1875 0.5436 0.0000
vt 0.2095 0.5224 0.0000
vt 0.2098 0.5226 0.0000
vt 0.2129 0.5158 0.0000
vt 0.2126 0.5156 0.0000
vt 0.2102 0.5229 0.0000
vt 0.2133 0.5160 0.0000
vt 0.2105 0.5231 0.0000
vt 0.2136 0.5162 0.0000
vt 0.2162 0.5082 0.0000
vt 0.2158 0.5081 0.0000
vt 0.2187 0.4997 0.0000
vt 0.2183 0.4995 0.0000
vt 0.2165 0.5084 0.0000
vt 0.2191 0.4998 0.0000
vt 0.2155 0.5079 0.0000
vt 0.2180 0.4994 0.0000
vt 0.1572 0.3959 0.0000
vt 0.1574 0.3956 0.0000
vt 0.1562 0.3945 0.0000
vt 0.1561 0.3949 0.0000
vt 0.1584 0.3972 0.0000
vt 0.1586 0.3968 0.0000
vt 0.1564 0.3942 0.0000
vt 0.1576 0.3953 0.0000
vt 0.1578 0.3949 0.0000
vt 0.1566 0.3938 0.0000
vt 0.1589 0.3965 0.0000
vt 0.1591 0.3962 0.0000
vt 0.1553 0.3932 0.0000
vt 0.1551 0.3935 0.0000
vt 0.1554 0.3928 0.0000
vt 0.1550 0.3939 0.0000
vt 0.1635 0.4022 0.0000
vt 0.1637 0.4019 0.0000
vt 0.1616 0.4000 0.0000
vt 0.1614 0.4003 0.0000
vt 0.1664 0.4041 0.0000
vt 0.1662 0.4044 0.0000
vt 0.1619 0.3996 0.0000
vt 0.1640 0.4016 0.0000
vt 0.1642 0.4012 0.0000
vt 0.1621 0.3993 0.0000
vt 0.1666 0.4038 0.0000
vt 0.1669 0.4034 0.0000
vt 0.1600 0.3983 0.0000
vt 0.1602 0.3980 0.0000
vt 0.1605 0.3976 0.0000
vt 0.1597 0.3986 0.0000
vt 0.2220 0.4806 0.0000
vt 0.2217 0.4805 0.0000
vt 0.2200 0.4902 0.0000
vt 0.2204 0.4903 0.0000
vt 0.2208 0.4904 0.0000
vt 0.2224 0.4807 0.0000
vt 0.2212 0.4905 0.0000
vt 0.2228 0.4807 0.0000
vt 0.2236 0.4708 0.0000
vt 0.2232 0.4707 0.0000
vt 0.2239 0.4610 0.0000
vt 0.2243 0.4610 0.0000
vt 0.2240 0.4708 0.0000
vt 0.2247 0.4610 0.0000
vt 0.2228 0.4707 0.0000
vt 0.2236 0.4610 0.0000
vt 0.1255 0.4185 0.0000
vt 0.1244 0.4069 0.0000
vt 0.1241 0.4068 0.0000
vt 0.1252 0.4184 0.0000
vt 0.1239 0.4066 0.0000
vt 0.1249 0.4184 0.0000
vt 0.1236 0.4065 0.0000
vt 0.1246 0.4183 0.0000
vt 0.1264 0.4306 0.0000
vt 0.1267 0.4306 0.0000
vt 0.1284 0.4436 0.0000
vt 0.1288 0.4435 0.0000
vt 0.1261 0.4306 0.0000
vt 0.1280 0.4436 0.0000
vt 0.1270 0.4306 0.0000
vt 0.1291 0.4435 0.0000
vt 0.2240 0.4429 0.0000
vt 0.2237 0.4430 0.0000
vt 0.2238 0.4516 0.0000
vt 0.2242 0.4516 0.0000
vt 0.2245 0.4515 0.0000
vt 0.2244 0.4428 0.0000
vt 0.2249 0.4515 0.0000
vt 0.2247 0.4428 0.0000
vt 0.2236 0.4355 0.0000
vt 0.2239 0.4353 0.0000
vt 0.2231 0.4294 0.0000
vt 0.2228 0.4295 0.0000
vt 0.2242 0.4352 0.0000
vt 0.2234 0.4292 0.0000
vt 0.2232 0.4356 0.0000
vt 0.2225 0.4297 0.0000
vt 0.1319 0.4574 0.0000
vt 0.1315 0.4575 0.0000
vt 0.1349 0.4718 0.0000
vt 0.1352 0.4717 0.0000
vt 0.1312 0.4576 0.0000
vt 0.1345 0.4719 0.0000
vt 0.1308 0.4577 0.0000
vt 0.1341 0.4720 0.0000
vt 0.1381 0.4857 0.0000
vt 0.1385 0.4856 0.0000
vt 0.1419 0.4984 0.0000
vt 0.1423 0.4982 0.0000
vt 0.1378 0.4858 0.0000
vt 0.1416 0.4985 0.0000
vt 0.1389 0.4854 0.0000
vt 0.1427 0.4981 0.0000
vt 0.1737 0.4096 0.0000
vt 0.1781 0.4121 0.0000
vt 0.1782 0.4118 0.0000
vt 0.1739 0.4092 0.0000
vt 0.1784 0.4114 0.0000
vt 0.1741 0.4089 0.0000
vt 0.1786 0.4110 0.0000
vt 0.1743 0.4085 0.0000
vt 0.1701 0.4063 0.0000
vt 0.1699 0.4066 0.0000
vt 0.1703 0.4059 0.0000
vt 0.1697 0.4069 0.0000
vt 0.2217 0.4258 0.0000
vt 0.2219 0.4256 0.0000
vt 0.2207 0.4232 0.0000
vt 0.2204 0.4235 0.0000
vt 0.2222 0.4254 0.0000
vt 0.2209 0.4229 0.0000
vt 0.2224 0.4251 0.0000
vt 0.2211 0.4226 0.0000
vt 0.2189 0.4218 0.0000
vt 0.2190 0.4215 0.0000
vt 0.2165 0.4208 0.0000
vt 0.2164 0.4211 0.0000
vt 0.2192 0.4212 0.0000
vt 0.2167 0.4204 0.0000
vt 0.2187 0.4221 0.0000
vt 0.2162 0.4215 0.0000
vt 0.1464 0.5088 0.0000
vt 0.1460 0.5089 0.0000
vt 0.1497 0.5179 0.0000
vt 0.1500 0.5177 0.0000
vt 0.1457 0.5091 0.0000
vt 0.1494 0.5182 0.0000
vt 0.1453 0.5093 0.0000
vt 0.1490 0.5184 0.0000
vt 0.1531 0.5256 0.0000
vt 0.1534 0.5254 0.0000
vt 0.1570 0.5315 0.0000
vt 0.1568 0.5317 0.0000
vt 0.1528 0.5259 0.0000
vt 0.1565 0.5320 0.0000
vt 0.1537 0.5252 0.0000
vt 0.1573 0.5312 0.0000
vt 0.2129 0.4210 0.0000
vt 0.2130 0.4206 0.0000
vt 0.2090 0.4201 0.0000
vt 0.2089 0.4205 0.0000
vt 0.2131 0.4202 0.0000
vt 0.2091 0.4197 0.0000
vt 0.2133 0.4198 0.0000
vt 0.2092 0.4193 0.0000
vt 0.2047 0.4193 0.0000
vt 0.2046 0.4197 0.0000
vt 0.2048 0.4189 0.0000
vt 0.2046 0.4201 0.0000
vt 0.1646 0.5401 0.0000
vt 0.1648 0.5397 0.0000
vt 0.1610 0.5360 0.0000
vt 0.1608 0.5363 0.0000
vt 0.1605 0.5366 0.0000
vt 0.1644 0.5404 0.0000
vt 0.1603 0.5369 0.0000
vt 0.1643 0.5407 0.0000
vt 0.1686 0.5431 0.0000
vt 0.1687 0.5427 0.0000
vt 0.1684 0.5434 0.0000
vt 0.1688 0.5424 0.0000
# 2339 texture coords

o Plane_003_Plane_016
g Plane_003_Plane_016
usemtl microwave_None
s 1
f 2841/2634/1474 2842/2635/1475 2843/2636/1476 2844/2637/1477 
f 2845/2638/1478 2842/2635/1475 2841/2634/1474 2846/2639/1479 
f 2847/2640/1480 2841/2634/1474 2844/2637/1477 2848/2641/1481 
f 2846/2639/1479 2841/2634/1474 2847/2640/1480 2849/2642/1482 
f 2850/2643/1483 2851/2644/1484 2843/2636/1476 2842/2635/1475 
f 2850/2643/1483 2852/2645/1485 2853/2646/1486 2851/2644/1484 
f 2854/2647/1487 2850/2643/1483 2842/2635/1475 2845/2638/1478 
f 2850/2643/1483 2854/2647/1487 2855/2648/1488 2852/2645/1485 
f 2856/2649/1489 2844/2637/1477 2843/2636/1476 2851/2644/1484 
f 2857/2650/1490 2848/2641/1481 2844/2637/1477 2856/2649/1489 
f 2856/2649/1489 2851/2644/1484 2853/2646/1486 2858/2651/1491 
f 2859/2652/1492 2857/2650/1490 2856/2649/1489 2858/2651/1491 
f 2860/2653/1493 2861/2654/1494 2862/2655/1495 2863/2656/1496 
f 2862/2655/1495 2861/2654/1494 2864/2657/1497 2865/2658/1498 
f 2866/2659/1499 2861/2654/1494 2860/2653/1493 2867/2660/1500 
f 2861/2654/1494 2866/2659/1499 2868/2661/1501 2864/2657/1497 
f 2869/2662/1502 2870/2663/1503 2863/2656/1496 2862/2655/1495 
f 2870/2663/1503 2869/2662/1502 2871/2664/1504 2872/2665/1505 
f 2862/2655/1495 2865/2658/1498 2873/2666/1506 2869/2662/1502 
f 2873/2666/1506 2874/2667/1507 2871/2664/1504 2869/2662/1502 
f 2870/2663/1503 2875/2668/1508 2876/2669/1509 2863/2656/1496 
f 2877/2670/1510 2878/2671/1511 2876/2669/1509 2875/2668/1508 
f 2870/2663/1503 2872/2665/1505 2879/2672/1512 2875/2668/1508 
f 2879/2672/1512 2880/2673/1513 2877/2670/1510 2875/2668/1508 
f 2860/2653/1493 2863/2656/1496 2876/2669/1509 2881/2674/1514 
f 2867/2660/1500 2860/2653/1493 2881/2674/1514 2882/2675/1515 
f 2883/2676/1516 2881/2674/1514 2876/2669/1509 2878/2671/1511 
f 2884/2677/1517 2882/2675/1515 2881/2674/1514 2883/2676/1516 
f 2885/2678/1518 2886/2679/1519 2887/2680/1520 2888/2681/1521 
f 2887/2680/1520 2886/2679/1519 2889/2682/1522 2890/2683/1523 
f 2891/2684/1524 2886/2679/1519 2885/2678/1518 2892/2685/1525 
f 2893/2686/1526 2889/2682/1522 2886/2679/1519 2891/2684/1524 
f 2894/2687/1527 2895/2688/1528 2888/2681/1521 2887/2680/1520 
f 2896/2689/1529 2897/2690/1530 2895/2688/1528 2894/2687/1527 
f 2898/2691/1531 2894/2687/1527 2887/2680/1520 2890/2683/1523 
f 2894/2687/1527 2898/2691/1531 2899/2692/1532 2896/2689/1529 
f 2895/2688/1528 2900/2693/1533 2901/2694/1534 2888/2681/1521 
f 2902/2695/1535 2903/2696/1536 2901/2694/1534 2900/2693/1533 
f 2895/2688/1528 2897/2690/1530 2904/2697/1537 2900/2693/1533 
f 2905/2698/1538 2902/2695/1535 2900/2693/1533 2904/2697/1537 
f 2901/2694/1534 2906/2699/1539 2885/2678/1518 2888/2681/1521 
f 2885/2678/1518 2906/2699/1539 2907/2700/1540 2892/2685/1525 
f 2903/2696/1536 2908/2701/1541 2906/2699/1539 2901/2694/1534 
f 2908/2701/1541 2909/2702/1542 2907/2700/1540 2906/2699/1539 
f 2910/2703/1543 2911/2704/1544 2912/2705/1545 2913/2706/1546 
f 2914/2707/1547 2915/2708/1548 2912/2705/1545 2911/2704/1544 
f 2910/2703/1543 2872/2665/1505 2871/2664/1504 2911/2704/1544 
f 2874/2667/1507 2914/2707/1547 2911/2704/1544 2871/2664/1504 
f 2916/2709/1549 2917/2710/1550 2913/2706/1546 2912/2705/1545 
f 2858/2651/1491 2853/2646/1486 2917/2710/1550 2916/2709/1549 
f 2912/2705/1545 2915/2708/1548 2918/2711/1551 2916/2709/1549 
f 2916/2709/1549 2918/2711/1551 2859/2652/1492 2858/2651/1491 
f 2917/2710/1550 2919/2712/1552 2920/2713/1553 2913/2706/1546 
f 2921/2714/1554 2922/2715/1555 2920/2713/1553 2919/2712/1552 
f 2917/2710/1550 2853/2646/1486 2852/2645/1485 2919/2712/1552 
f 2852/2645/1485 2855/2648/1488 2921/2714/1554 2919/2712/1552 
f 2920/2713/1553 2923/2716/1556 2910/2703/1543 2913/2706/1546 
f 2879/2672/1512 2872/2665/1505 2910/2703/1543 2923/2716/1556 
f 2922/2715/1555 2924/2717/1557 2923/2716/1556 2920/2713/1553 
f 2924/2717/1557 2880/2673/1513 2879/2672/1512 2923/2716/1556 
f 2925/2718/1558 2926/2719/1559 2927/2720/1560 2928/2721/1561 
f 2929/2722/1562 2927/2720/1560 2926/2719/1559 2930/2723/1563 
f 2931/2724/1564 2932/2725/1565 2926/2719/1559 2925/2718/1558 
f 2933/2726/1566 2930/2723/1563 2926/2719/1559 2932/2725/1565 
f 2934/2727/1567 2935/2728/1568 2928/2721/1561 2927/2720/1560 
f 2936/2729/1569 2935/2728/1568 2934/2727/1567 2937/2730/1570 
f 2934/2727/1567 2927/2720/1560 2929/2722/1562 2938/2731/1571 
f 2938/2731/1571 2939/2732/1572 2937/2730/1570 2934/2727/1567 
f 2935/2728/1568 2940/2733/1573 2941/2734/1574 2928/2721/1561 
f 2940/2733/1573 2942/2735/1575 2943/2736/1576 2941/2734/1574 
f 2944/2737/1577 2940/2733/1573 2935/2728/1568 2936/2729/1569 
f 2940/2733/1573 2944/2737/1577 2945/2738/1578 2942/2735/1575 
f 2941/2734/1574 2946/2739/1579 2925/2718/1558 2928/2721/1561 
f 2946/2739/1579 2947/2740/1580 2931/2724/1564 2925/2718/1558 
f 2941/2734/1574 2943/2736/1576 2948/2741/1581 2946/2739/1579 
f 2948/2741/1581 2949/2742/1582 2947/2740/1580 2946/2739/1579 
f 2950/2743/1583 2951/2744/1584 2952/2745/1585 2953/2746/1586 
f 2952/2745/1585 2951/2744/1584 2954/2747/1587 2955/2748/1588 
f 2951/2744/1584 2950/2743/1583 2956/2749/1589 2957/2750/1590 
f 2958/2751/1591 2954/2747/1587 2951/2744/1584 2957/2750/1590 
f 2959/2752/1592 2960/2753/1593 2953/2746/1586 2952/2745/1585 
f 2960/2753/1593 2959/2752/1592 2847/2640/1594 2848/2641/1595 
f 2952/2745/1585 2955/2748/1588 2961/2754/1596 2959/2752/1592 
f 2959/2752/1592 2961/2754/1596 2849/2642/1597 2847/2640/1594 
f 2950/2743/1583 2953/2746/1586 2960/2753/1593 2962/2755/1598 
f 2956/2749/1589 2950/2743/1583 2962/2755/1598 2963/2756/1599 
f 2857/2650/1600 2962/2755/1598 2960/2753/1593 2848/2641/1595 
f 2859/2652/1601 2963/2756/1599 2962/2755/1598 2857/2650/1600 
f 2964/2757/1602 2965/2758/1603 2966/2759/1604 2967/2760/1605 
f 2965/2758/1603 2968/2761/1606 2969/2762/1607 2966/2759/1604 
f 2965/2758/1603 2964/2757/1602 2936/2729/1569 2937/2730/1570 
f 2939/2732/1572 2968/2761/1606 2965/2758/1603 2937/2730/1570 
f 2966/2759/1604 2970/2763/1608 2971/2764/1609 2967/2760/1605 
f 2972/2765/1610 2971/2764/1609 2970/2763/1608 2973/2766/1611 
f 2966/2759/1604 2969/2762/1607 2974/2767/1612 2970/2763/1608 
f 2974/2767/1612 2975/2768/1613 2973/2766/1611 2970/2763/1608 
f 2976/2769/1614 2977/2770/1615 2967/2760/1605 2971/2764/1609 
f 2978/2771/1616 2977/2770/1615 2976/2769/1614 2979/2772/1617 
f 2972/2765/1610 2980/2773/1618 2976/2769/1614 2971/2764/1609 
f 2980/2773/1618 2981/2774/1619 2979/2772/1617 2976/2769/1614 
f 2967/2760/1605 2977/2770/1615 2982/2775/1620 2964/2757/1602 
f 2936/2729/1569 2964/2757/1602 2982/2775/1620 2944/2737/1577 
f 2977/2770/1615 2978/2771/1616 2983/2776/1621 2982/2775/1620 
f 2983/2776/1621 2945/2738/1578 2944/2737/1577 2982/2775/1620 
f 2984/2777/1622 2985/2778/1623 2986/2779/1624 2987/2780/1625 
f 2988/2781/1626 2987/2780/1625 2986/2779/1624 2989/2782/1627 
f 2973/2766/1611 2986/2779/1624 2985/2778/1623 2972/2765/1610 
f 2973/2766/1611 2975/2768/1613 2989/2782/1627 2986/2779/1624 
f 2984/2777/1622 2987/2780/1625 2990/2783/1628 2991/2784/1629 
f 2991/2784/1629 2990/2783/1628 2992/2785/1630 2993/2786/1631 
f 2987/2780/1625 2988/2781/1626 2994/2787/1632 2990/2783/1628 
f 2990/2783/1628 2994/2787/1632 2995/2788/1633 2992/2785/1630 
f 2991/2784/1629 2996/2789/1634 2997/2790/1635 2984/2777/1622 
f 2997/2790/1635 2996/2789/1634 2998/2791/1636 2999/2792/1637 
f 2993/2786/1631 3000/2793/1638 2996/2789/1634 2991/2784/1629 
f 3001/2794/1639 2998/2791/1636 2996/2789/1634 3000/2793/1638 
f 3002/2795/1640 2985/2778/1623 2984/2777/1622 2997/2790/1635 
f 2972/2765/1610 2985/2778/1623 3002/2795/1640 2980/2773/1618 
f 2997/2790/1635 2999/2792/1637 3003/2796/1641 3002/2795/1640 
f 2981/2774/1619 2980/2773/1618 3002/2795/1640 3003/2796/1641 
f 3004/2797/1642 3005/2798/1643 3006/2799/1644 3007/2800/1645 
f 3005/2798/1643 3008/2801/1646 3009/2802/1647 3006/2799/1644 
f 3004/2797/1642 2897/2690/1530 2896/2689/1529 3005/2798/1643 
f 2896/2689/1529 2899/2692/1532 3008/2801/1646 3005/2798/1643 
f 3010/2803/1648 3007/2800/1645 3006/2799/1644 3011/2804/1649 
f 2932/2725/1565 2931/2724/1564 3010/2803/1648 3011/2804/1649 
f 3012/2805/1650 3011/2804/1649 3006/2799/1644 3009/2802/1647 
f 3012/2805/1650 2933/2726/1566 2932/2725/1565 3011/2804/1649 
f 3010/2803/1648 3013/2806/1651 3014/2807/1652 3007/2800/1645 
f 3013/2806/1651 3015/2808/1653 3016/2809/1654 3014/2807/1652 
f 3010/2803/1648 2931/2724/1564 2947/2740/1580 3013/2806/1651 
f 3013/2806/1651 2947/2740/1580 2949/2742/1582 3015/2808/1653 
f 3004/2797/1642 3007/2800/1645 3014/2807/1652 3017/2810/1655 
f 2897/2690/1530 3004/2797/1642 3017/2810/1655 2904/2697/1537 
f 3016/2809/1654 3018/2811/1656 3017/2810/1655 3014/2807/1652 
f 2905/2698/1538 2904/2697/1537 3017/2810/1655 3018/2811/1656 
f 3019/2812/1657 3020/2813/1658 3021/2814/1659 3022/2815/1660 
f 3021/2814/1659 3020/2813/1658 3023/2816/1661 3024/2817/1662 
f 2993/2786/1631 2992/2785/1630 3020/2813/1658 3019/2812/1657 
f 3023/2816/1661 3020/2813/1658 2992/2785/1630 2995/2788/1633 
f 3022/2815/1660 3021/2814/1659 3025/2818/1663 3026/2819/1664 
f 3025/2818/1663 3027/2820/1665 3028/2821/1666 3026/2819/1664 
f 3029/2822/1667 3025/2818/1663 3021/2814/1659 3024/2817/1662 
f 3025/2818/1663 3029/2822/1667 3030/2823/1668 3027/2820/1665 
f 3022/2815/1660 3026/2819/1664 3031/2824/1669 3032/2825/1670 
f 3033/2826/1671 3034/2827/1672 3032/2825/1670 3031/2824/1669 
f 3035/2828/1673 3031/2824/1669 3026/2819/1664 3028/2821/1666 
f 3035/2828/1673 3036/2829/1674 3033/2826/1671 3031/2824/1669 
f 3037/2830/1675 3019/2812/1657 3022/2815/1660 3032/2825/1670 
f 3000/2793/1638 2993/2786/1631 3019/2812/1657 3037/2830/1675 
f 3032/2825/1670 3034/2827/1672 3038/2831/1676 3037/2830/1675 
f 3037/2830/1675 3038/2831/1676 3001/2794/1639 3000/2793/1638 
f 3039/2832/1677 3040/2833/1678 3041/2834/1679 3042/2835/1680 
f 3039/2832/1677 3043/2836/1681 3044/2837/1682 3040/2833/1678 
f 3045/2838/1683 3039/2832/1677 3042/2835/1680 3046/2839/1684 
f 3045/2838/1683 3047/2840/1685 3043/2836/1681 3039/2832/1677 
f 3048/2841/1686 3049/2842/1687 3041/2834/1679 3040/2833/1678 
f 3050/2843/1688 3051/2844/1689 3049/2842/1687 3048/2841/1686 
f 3052/2845/1690 3048/2841/1686 3040/2833/1678 3044/2837/1682 
f 3048/2841/1686 3052/2845/1690 3053/2846/1691 3050/2843/1688 
f 3049/2842/1687 3054/2847/1692 3055/2848/1693 3041/2834/1679 
f 3054/2847/1692 3056/2849/1694 3057/2850/1695 3055/2848/1693 
f 3054/2847/1692 3049/2842/1687 3051/2844/1689 3058/2851/1696 
f 3059/2852/1697 3056/2849/1694 3054/2847/1692 3058/2851/1696 
f 3041/2834/1679 3055/2848/1693 3060/2853/1698 3042/2835/1680 
f 3060/2853/1698 3061/2854/1699 3046/2839/1684 3042/2835/1680 
f 3057/2850/1695 3062/2855/1700 3060/2853/1698 3055/2848/1693 
f 3060/2853/1698 3062/2855/1700 3063/2856/1701 3061/2854/1699 
f 3064/2857/1702 3065/2858/1703 3066/2859/1704 3067/2860/1705 
f 3068/2861/1706 3067/2860/1705 3066/2859/1704 3069/2862/1707 
f 3050/2843/1688 3066/2859/1704 3065/2858/1703 3051/2844/1689 
f 3069/2862/1707 3066/2859/1704 3050/2843/1688 3053/2846/1691 
f 3070/2863/1708 3064/2857/1702 3067/2860/1705 3071/2864/1709 
f 2891/2684/1524 2892/2685/1525 3070/2863/1708 3071/2864/1709 
f 3067/2860/1705 3068/2861/1706 3072/2865/1710 3071/2864/1709 
f 2891/2684/1524 3071/2864/1709 3072/2865/1710 2893/2686/1526 
f 3064/2857/1702 3070/2863/1708 3073/2866/1711 3074/2867/1712 
f 3075/2868/1713 3074/2867/1712 3073/2866/1711 3076/2869/1714 
f 2907/2700/1540 3073/2866/1711 3070/2863/1708 2892/2685/1525 
f 2909/2702/1542 3076/2869/1714 3073/2866/1711 2907/2700/1540 
f 3064/2857/1702 3074/2867/1712 3077/2870/1715 3065/2858/1703 
f 3077/2870/1715 3058/2851/1696 3051/2844/1689 3065/2858/1703 
f 3074/2867/1712 3075/2868/1713 3078/2871/1716 3077/2870/1715 
f 3077/2870/1715 3078/2871/1716 3059/2852/1697 3058/2851/1696 
f 3079/2872/1717 3080/2873/1718 3081/2874/1719 3082/2875/1720 
f 3083/2876/1721 3082/2875/1720 3081/2874/1719 3084/2877/1722 
f 3080/2873/1718 3085/2878/1723 3086/2879/1724 3081/2874/1719 
f 3086/2879/1724 3087/2880/1725 3084/2877/1722 3081/2874/1719 
f 3088/2881/1726 3079/2872/1717 3082/2875/1720 3089/2882/1727 
f 3089/2882/1727 3090/2883/1728 3091/2884/1729 3088/2881/1726 
f 3089/2882/1727 3082/2875/1720 3083/2876/1721 3092/2885/1730 
f 3092/2885/1730 3093/2886/1731 3090/2883/1728 3089/2882/1727 
f 3088/2881/1726 3094/2887/1732 3095/2888/1733 3079/2872/1717 
f 3095/2888/1733 3094/2887/1732 3096/2889/1734 3097/2890/1735 
f 3098/2891/1736 3094/2887/1732 3088/2881/1726 3091/2884/1729 
f 3098/2891/1736 3099/2892/1737 3096/2889/1734 3094/2887/1732 
f 3080/2873/1718 3079/2872/1717 3095/2888/1733 3100/2893/1738 
f 3101/2894/1739 3085/2878/1723 3080/2873/1718 3100/2893/1738 
f 3095/2888/1733 3097/2890/1735 3102/2895/1740 3100/2893/1738 
f 3103/2896/1741 3101/2894/1739 3100/2893/1738 3102/2895/1740 
f 3104/2897/1742 3105/2898/1743 3106/2899/1744 3107/2900/1745 
f 3106/2899/1744 3105/2898/1743 3108/2901/1746 3109/2902/1747 
f 3110/2903/1748 3111/2904/1749 3105/2898/1743 3104/2897/1742 
f 3111/2904/1749 3112/2905/1750 3108/2901/1746 3105/2898/1743 
f 3113/2906/1751 3114/2907/1752 3107/2900/1745 3106/2899/1744 
f 3115/2908/1753 3116/2909/1754 3114/2907/1752 3113/2906/1751 
f 3117/2910/1755 3113/2906/1751 3106/2899/1744 3109/2902/1747 
f 3117/2910/1755 3118/2911/1756 3115/2908/1753 3113/2906/1751 
f 3114/2907/1752 3119/2912/1757 3120/2913/1758 3107/2900/1745 
f 2898/2691/1759 2890/2683/1760 3120/2913/1758 3119/2912/1757 
f 3119/2912/1757 3114/2907/1752 3116/2909/1754 3121/2914/1761 
f 3121/2914/1761 2899/2692/1762 2898/2691/1759 3119/2912/1757 
f 3104/2897/1742 3107/2900/1745 3120/2913/1758 3122/2915/1763 
f 3122/2915/1763 3123/2916/1764 3110/2903/1748 3104/2897/1742 
f 2890/2683/1760 2889/2682/1765 3122/2915/1763 3120/2913/1758 
f 3123/2916/1764 3122/2915/1763 2889/2682/1765 2893/2686/1766 
f 3124/2917/1767 3125/2918/1768 3126/2919/1769 3127/2920/1770 
f 3126/2919/1769 3128/2921/1771 3129/2922/1772 3127/2920/1770 
f 3126/2919/1769 3125/2918/1768 3091/2884/1729 3090/2883/1728 
f 3128/2921/1771 3126/2919/1769 3090/2883/1728 3093/2886/1731 
f 3130/2923/1773 3124/2917/1767 3127/2920/1770 3131/2924/1774 
f 3130/2923/1773 3131/2924/1774 3132/2925/1775 3133/2926/1776 
f 3127/2920/1770 3129/2922/1772 3134/2927/1777 3131/2924/1774 
f 3135/2928/1778 3132/2925/1775 3131/2924/1774 3134/2927/1777 
f 3130/2923/1773 3136/2929/1779 3137/2930/1780 3124/2917/1767 
f 3137/2930/1780 3136/2929/1779 3138/2931/1781 3139/2932/1782 
f 3133/2926/1776 3140/2933/1783 3136/2929/1779 3130/2923/1773 
f 3138/2931/1781 3136/2929/1779 3140/2933/1783 3141/2934/1784 
f 3142/2935/1785 3125/2918/1768 3124/2917/1767 3137/2930/1780 
f 3142/2935/1785 3098/2891/1736 3091/2884/1729 3125/2918/1768 
f 3143/2936/1786 3142/2935/1785 3137/2930/1780 3139/2932/1782 
f 3143/2936/1786 3099/2892/1737 3098/2891/1736 3142/2935/1785 
f 3144/2937/1787 3145/2938/1788 3146/2939/1789 3147/2940/1790 
f 3144/2937/1787 3148/2941/1791 3149/2942/1792 3145/2938/1788 
f 3144/2937/1787 3147/2940/1790 3150/2943/1793 3151/2944/1794 
f 3151/2944/1794 3152/2945/1795 3148/2941/1791 3144/2937/1787 
f 3146/2939/1789 3145/2938/1788 3153/2946/1796 3154/2947/1797 
f 3155/2948/1798 3154/2947/1797 3153/2946/1796 3156/2949/1799 
f 3145/2938/1788 3149/2942/1792 3157/2950/1800 3153/2946/1796 
f 3157/2950/1800 3158/2951/1801 3156/2949/1799 3153/2946/1796 
f 3146/2939/1789 3154/2947/1797 3159/2952/1802 3160/2953/1803 
f 2938/2731/1804 2929/2722/1805 3160/2953/1803 3159/2952/1802 
f 3154/2947/1797 3155/2948/1798 3161/2954/1806 3159/2952/1802 
f 3159/2952/1802 3161/2954/1806 2939/2732/1807 2938/2731/1804 
f 3162/2955/1808 3147/2940/1790 3146/2939/1789 3160/2953/1803 
f 3162/2955/1808 3163/2956/1809 3150/2943/1793 3147/2940/1790 
f 3160/2953/1803 2929/2722/1805 2930/2723/1810 3162/2955/1808 
f 3162/2955/1808 2930/2723/1810 2933/2726/1811 3163/2956/1809 
f 3164/2957/1812 3165/2958/1813 3166/2959/1814 3167/2960/1815 
f 3167/2960/1815 3166/2959/1814 3168/2961/1816 3169/2962/1817 
f 3165/2958/1813 3155/2948/1798 3156/2949/1799 3166/2959/1814 
f 3156/2949/1799 3158/2951/1801 3168/2961/1816 3166/2959/1814 
f 3170/2963/1818 3171/2964/1819 3164/2957/1812 3167/2960/1815 
f 3172/2965/1820 3171/2964/1819 3170/2963/1818 3173/2966/1821 
f 3174/2967/1822 3170/2963/1818 3167/2960/1815 3169/2962/1817 
f 3174/2967/1822 3175/2968/1823 3173/2966/1821 3170/2963/1818 
f 3176/2969/1824 3177/2970/1825 3164/2957/1812 3171/2964/1819 
f 2974/2767/1826 2969/2762/1827 3177/2970/1825 3176/2969/1824 
f 3178/2971/1828 3176/2969/1824 3171/2964/1819 3172/2965/1820 
f 3176/2969/1824 3178/2971/1828 2975/2768/1829 2974/2767/1826 
f 3164/2957/1812 3177/2970/1825 3179/2972/1830 3165/2958/1813 
f 3161/2954/1806 3155/2948/1798 3165/2958/1813 3179/2972/1830 
f 3179/2972/1830 3177/2970/1825 2969/2762/1827 2968/2761/1831 
f 3161/2954/1806 3179/2972/1830 2968/2761/1831 2939/2732/1807 
f 3180/2973/1832 3181/2974/1833 3182/2975/1834 3183/2976/1835 
f 3183/2976/1835 3182/2975/1834 3184/2977/1836 3185/2978/1837 
f 3182/2975/1834 3181/2974/1833 3172/2965/1820 3173/2966/1821 
f 3184/2977/1836 3182/2975/1834 3173/2966/1821 3175/2968/1823 
f 3186/2979/1838 3180/2973/1832 3183/2976/1835 3187/2980/1839 
f 3188/2981/1840 3186/2979/1838 3187/2980/1839 3189/2982/1841 
f 3190/2983/1842 3187/2980/1839 3183/2976/1835 3185/2978/1837 
f 3191/2984/1843 3189/2982/1841 3187/2980/1839 3190/2983/1842 
f 3192/2985/1844 3180/2973/1832 3186/2979/1838 3193/2986/1845 
f 2994/2787/1846 2988/2781/1847 3192/2985/1844 3193/2986/1845 
f 3186/2979/1838 3188/2981/1840 3194/2987/1848 3193/2986/1845 
f 2994/2787/1846 3193/2986/1845 3194/2987/1848 2995/2788/1849 
f 3195/2988/1850 3181/2974/1833 3180/2973/1832 3192/2985/1844 
f 3178/2971/1828 3172/2965/1820 3181/2974/1833 3195/2988/1850 
f 3192/2985/1844 2988/2781/1847 2989/2782/1851 3195/2988/1850 
f 3178/2971/1828 3195/2988/1850 2989/2782/1851 2975/2768/1829 
f 3196/2989/1852 3197/2990/1853 3198/2991/1854 3199/2992/1855 
f 3197/2990/1853 3196/2989/1852 3200/2993/1856 3201/2994/1857 
f 3115/2908/1753 3196/2989/1852 3199/2992/1855 3116/2909/1754 
f 3118/2911/1756 3200/2993/1856 3196/2989/1852 3115/2908/1753 
f 3198/2991/1854 3197/2990/1853 3202/2995/1858 3203/2996/1859 
f 3202/2995/1858 3151/2944/1794 3150/2943/1793 3203/2996/1859 
f 3201/2994/1857 3204/2997/1860 3202/2995/1858 3197/2990/1853 
f 3152/2945/1795 3151/2944/1794 3202/2995/1858 3204/2997/1860 
f 3205/2998/1861 3206/2999/1862 3198/2991/1854 3203/2996/1859 
f 3012/2805/1863 3009/2802/1864 3206/2999/1862 3205/2998/1861 
f 3163/2956/1809 3205/2998/1861 3203/2996/1859 3150/2943/1793 
f 3205/2998/1861 3163/2956/1809 2933/2726/1811 3012/2805/1863 
f 3207/3000/1865 3199/2992/1855 3198/2991/1854 3206/2999/1862 
f 3116/2909/1754 3199/2992/1855 3207/3000/1865 3121/2914/1761 
f 3206/2999/1862 3009/2802/1864 3008/2801/1866 3207/3000/1865 
f 3207/3000/1865 3008/2801/1866 2899/2692/1762 3121/2914/1761 
f 3208/3001/1867 3209/3002/1868 3210/3003/1869 3211/3004/1870 
f 3211/3004/1870 3210/3003/1869 3212/3005/1871 3213/3006/1872 
f 3209/3002/1868 3188/2981/1840 3189/2982/1841 3210/3003/1869 
f 3189/2982/1841 3191/2984/1843 3212/3005/1871 3210/3003/1869 
f 3214/3007/1873 3215/3008/1874 3208/3001/1867 3211/3004/1870 
f 3216/3009/1875 3217/3010/1876 3215/3008/1874 3214/3007/1873 
f 3211/3004/1870 3213/3006/1872 3218/3011/1877 3214/3007/1873 
f 3219/3012/1878 3216/3009/1875 3214/3007/1873 3218/3011/1877 
f 3220/3013/1879 3221/3014/1880 3208/3001/1867 3215/3008/1874 
f 3029/2822/1881 3024/2817/1882 3221/3014/1880 3220/3013/1879 
f 3222/3015/1883 3220/3013/1879 3215/3008/1874 3217/3010/1876 
f 3030/2823/1884 3029/2822/1881 3220/3013/1879 3222/3015/1883 
f 3223/3016/1885 3209/3002/1868 3208/3001/1867 3221/3014/1880 
f 3188/2981/1840 3209/3002/1868 3223/3016/1885 3194/2987/1848 
f 3221/3014/1880 3024/2817/1882 3023/2816/1886 3223/3016/1885 
f 3223/3016/1885 3023/2816/1886 2995/2788/1849 3194/2987/1848 
f 3224/3017/1887 3225/3018/1888 3226/3019/1889 3227/3020/1890 
f 3224/3017/1887 3228/3021/1891 3229/3022/1892 3225/3018/1888 
f 3230/3023/1893 3224/3017/1887 3227/3020/1890 3231/3024/1894 
f 3228/3021/1891 3224/3017/1887 3230/3023/1893 3232/3025/1895 
f 3233/3026/1896 3234/3027/1897 3226/3019/1889 3225/3018/1888 
f 3234/3027/1897 3233/3026/1896 3235/3028/1898 3236/3029/1899 
f 3237/3030/1900 3233/3026/1896 3225/3018/1888 3229/3022/1892 
f 3237/3030/1900 3238/3031/1901 3235/3028/1898 3233/3026/1896 
f 3239/3032/1902 3240/3033/1903 3226/3019/1889 3234/3027/1897 
f 3052/2845/1904 3044/2837/1905 3240/3033/1903 3239/3032/1902 
f 3236/3029/1899 3241/3034/1906 3239/3032/1902 3234/3027/1897 
f 3053/2846/1907 3052/2845/1904 3239/3032/1902 3241/3034/1906 
f 3242/3035/1908 3227/3020/1890 3226/3019/1889 3240/3033/1903 
f 3243/3036/1909 3231/3024/1894 3227/3020/1890 3242/3035/1908 
f 3240/3033/1903 3044/2837/1905 3043/2836/1910 3242/3035/1908 
f 3047/2840/1685 3243/3036/1909 3242/3035/1908 3043/2836/1910 
f 3244/3037/1911 3245/3038/1912 3246/3039/1913 3247/3040/1914 
f 3247/3040/1914 3248/3041/1915 3249/3042/1916 3244/3037/1911 
f 3247/3040/1914 3246/3039/1913 3217/3010/1876 3216/3009/1875 
f 3216/3009/1875 3219/3012/1878 3248/3041/1915 3247/3040/1914 
f 3250/3043/1917 3251/3044/1918 3245/3038/1912 3244/3037/1911 
f 3085/2878/1723 3251/3044/1918 3250/3043/1917 3086/2879/1724 
f 3244/3037/1911 3249/3042/1916 3252/3045/1919 3250/3043/1917 
f 3250/3043/1917 3252/3045/1919 3087/2880/1725 3086/2879/1724 
f 3253/3046/1920 3245/3038/1912 3251/3044/1918 3254/3047/1921 
f 3255/3048/1922 3256/3049/1923 3253/3046/1920 3254/3047/1921 
f 3101/2894/1739 3254/3047/1921 3251/3044/1918 3085/2878/1723 
f 3103/2896/1741 3255/3048/1922 3254/3047/1921 3101/2894/1739 
f 3245/3038/1912 3253/3046/1920 3257/3050/1924 3246/3039/1913 
f 3222/3015/1883 3217/3010/1876 3246/3039/1913 3257/3050/1924 
f 3258/3051/1925 3257/3050/1924 3253/3046/1920 3256/3049/1923 
f 3030/2823/1884 3222/3015/1883 3257/3050/1924 3258/3051/1925 
f 3259/3052/1926 3260/3053/1927 3261/3054/1928 3262/3055/1929 
f 3260/3053/1927 3259/3052/1926 3263/3056/1930 3264/3057/1931 
f 3236/3029/1899 3235/3028/1898 3259/3052/1926 3262/3055/1929 
f 3259/3052/1926 3235/3028/1898 3238/3031/1901 3263/3056/1930 
f 3265/3058/1932 3261/3054/1928 3260/3053/1927 3266/3059/1933 
f 3110/2903/1748 3265/3058/1932 3266/3059/1933 3111/2904/1749 
f 3260/3053/1927 3264/3057/1931 3267/3060/1934 3266/3059/1933 
f 3111/2904/1749 3266/3059/1933 3267/3060/1934 3112/2905/1750 
f 3261/3054/1928 3265/3058/1932 3268/3061/1935 3269/3062/1936 
f 3068/2861/1937 3269/3062/1936 3268/3061/1935 3072/2865/1938 
f 3110/2903/1748 3123/2916/1764 3268/3061/1935 3265/3058/1932 
f 3268/3061/1935 3123/2916/1764 2893/2686/1766 3072/2865/1938 
f 3270/3063/1939 3262/3055/1929 3261/3054/1928 3269/3062/1936 
f 3262/3055/1929 3270/3063/1939 3241/3034/1906 3236/3029/1899 
f 3068/2861/1937 3069/2862/1940 3270/3063/1939 3269/3062/1936 
f 3270/3063/1939 3069/2862/1940 3053/2846/1907 3241/3034/1906 
f 3271/3064/1941 3272/3065/1942 3273/3066/1943 3274/3067/1944 
f 3275/3068/1945 3272/3065/1942 3271/3064/1941 3276/3069/1946 
f 3046/2839/1684 3061/2854/1699 3271/3064/1941 3274/3067/1944 
f 3061/2854/1699 3063/2856/1701 3276/3069/1946 3271/3064/1941 
f 3272/3065/1942 3277/3070/1947 3278/3071/1948 3273/3066/1943 
f 3279/3072/1949 3280/3073/1950 3278/3071/1948 3277/3070/1947 
f 3281/3074/1951 3277/3070/1947 3272/3065/1942 3275/3068/1945 
f 3279/3072/1949 3277/3070/1947 3281/3074/1951 3282/3075/1952 
f 3278/3071/1948 3283/3076/1953 3284/3077/1954 3273/3066/1943 
f 3230/3023/1893 3231/3024/1894 3284/3077/1954 3283/3076/1953 
f 3280/3073/1950 3285/3078/1955 3283/3076/1953 3278/3071/1948 
f 3232/3025/1895 3230/3023/1893 3283/3076/1953 3285/3078/1955 
f 3284/3077/1954 3286/3079/1956 3274/3067/1944 3273/3066/1943 
f 3045/2838/1683 3046/2839/1684 3274/3067/1944 3286/3079/1956 
f 3243/3036/1909 3286/3079/1956 3284/3077/1954 3231/3024/1894 
f 3243/3036/1909 3047/2840/1685 3045/2838/1683 3286/3079/1956 
f 3287/3080/1957 3288/3081/1958 3289/3082/1959 3290/3083/1960 
f 3102/2895/1961 3097/2890/1962 3288/3081/1958 3287/3080/1957 
f 3291/3084/1963 3287/3080/1957 3290/3083/1960 3292/3085/1964 
f 3291/3084/1963 3103/2896/1965 3102/2895/1961 3287/3080/1957 
f 3288/3081/1958 3293/3086/1966 3294/3087/1967 3289/3082/1959 
f 3294/3087/1967 3293/3086/1966 3295/3088/1968 3296/3089/1969 
f 3097/2890/1962 3096/2889/1970 3293/3086/1966 3288/3081/1958 
f 3096/2889/1970 3099/2892/1971 3295/3088/1968 3293/3086/1966 
f 3297/3090/1972 3289/3082/1959 3294/3087/1967 3298/3091/1973 
f 3299/3092/1974 3297/3090/1972 3298/3091/1973 3300/3093/1975 
f 3294/3087/1967 3296/3089/1969 3301/3094/1976 3298/3091/1973 
f 3300/3093/1975 3298/3091/1973 3301/3094/1976 3302/3095/1977 
f 3290/3083/1960 3289/3082/1959 3297/3090/1972 3303/3096/1978 
f 3304/3097/1979 3292/3085/1964 3290/3083/1960 3303/3096/1978 
f 3305/3098/1980 3303/3096/1978 3297/3090/1972 3299/3092/1974 
f 3305/3098/1980 3306/3099/1981 3304/3097/1979 3303/3096/1978 
f 3307/3100/1982 3308/3101/1983 3309/3102/1984 3310/3103/1985 
f 3309/3102/1984 3308/3101/1983 3305/3098/1986 3299/3092/1987 
f 3307/3100/1982 3311/3104/1988 3312/3105/1989 3308/3101/1983 
f 3306/3099/1990 3305/3098/1986 3308/3101/1983 3312/3105/1989 
f 3309/3102/1984 3313/3106/1991 3314/3107/1992 3310/3103/1985 
f 3314/3107/1992 3313/3106/1991 3315/3108/1993 3316/3109/1994 
f 3309/3102/1984 3299/3092/1987 3300/3093/1995 3313/3106/1991 
f 3300/3093/1995 3302/3095/1996 3315/3108/1993 3313/3106/1991 
f 3314/3107/1992 3317/3110/1997 3318/3111/1998 3310/3103/1985 
f 2873/2666/1999 2865/2658/2000 3318/3111/1998 3317/3110/1997 
f 3319/3112/2001 3317/3110/1997 3314/3107/1992 3316/3109/1994 
f 2873/2666/1999 3317/3110/1997 3319/3112/2001 2874/2667/2002 
f 3318/3111/1998 3320/3113/2003 3307/3100/1982 3310/3103/1985 
f 3311/3104/1988 3307/3100/1982 3320/3113/2003 3321/3114/2004 
f 3320/3113/2003 3318/3111/1998 2865/2658/2000 2864/2657/2005 
f 2868/2661/2006 3321/3114/2004 3320/3113/2003 2864/2657/2005 
f 3322/3115/2007 3323/3116/2008 3324/3117/2009 3325/3118/2010 
f 3323/3116/2008 3143/2936/2011 3139/2932/2012 3324/3117/2009 
f 3322/3115/2007 3296/3089/1969 3295/3088/1968 3323/3116/2008 
f 3143/2936/2011 3323/3116/2008 3295/3088/1968 3099/2892/1971 
f 3324/3117/2009 3326/3119/2013 3327/3120/2014 3325/3118/2010 
f 3328/3121/2015 3327/3120/2014 3326/3119/2013 3329/3122/2016 
f 3138/2931/2017 3326/3119/2013 3324/3117/2009 3139/2932/2012 
f 3329/3122/2016 3326/3119/2013 3138/2931/2017 3141/2934/2018 
f 3327/3120/2014 3330/3123/2019 3331/3124/2020 3325/3118/2010 
f 3330/3123/2019 3332/3125/2021 3333/3126/2022 3331/3124/2020 
f 3334/3127/2023 3330/3123/2019 3327/3120/2014 3328/3121/2015 
f 3334/3127/2023 2958/2751/2024 3332/3125/2021 3330/3123/2019 
f 3331/3124/2020 3335/3128/2025 3322/3115/2007 3325/3118/2010 
f 3335/3128/2025 3301/3094/1976 3296/3089/1969 3322/3115/2007 
f 3331/3124/2020 3333/3126/2022 3336/3129/2026 3335/3128/2025 
f 3302/3095/1977 3301/3094/1976 3335/3128/2025 3336/3129/2026 
f 3337/3130/2027 3338/3131/2028 3339/3132/2029 3340/3133/2030 
f 3339/3132/2029 3338/3131/2028 3336/3129/2031 3333/3126/2032 
f 3338/3131/2028 3337/3130/2027 3316/3109/1994 3315/3108/1993 
f 3315/3108/1993 3302/3095/1996 3336/3129/2031 3338/3131/2028 
f 3339/3132/2029 3341/3134/2033 3342/3135/2034 3340/3133/2030 
f 2956/2749/1589 3342/3135/2034 3341/3134/2033 2957/2750/1590 
f 3333/3126/2032 3332/3125/2035 3341/3134/2033 3339/3132/2029 
f 2957/2750/1590 3341/3134/2033 3332/3125/2035 2958/2751/1591 
f 3342/3135/2034 3343/3136/2036 3344/3137/2037 3340/3133/2030 
f 2915/2708/2038 3344/3137/2037 3343/3136/2036 2918/2711/2039 
f 2963/2756/1599 3343/3136/2036 3342/3135/2034 2956/2749/1589 
f 2859/2652/1601 2918/2711/2039 3343/3136/2036 2963/2756/1599 
f 3344/3137/2037 3345/3138/2040 3337/3130/2027 3340/3133/2030 
f 3319/3112/2001 3316/3109/1994 3337/3130/2027 3345/3138/2040 
f 3344/3137/2037 2915/2708/2038 2914/2707/2041 3345/3138/2040 
f 3319/3112/2001 3345/3138/2040 2914/2707/2041 2874/2667/2002 
f 3346/3139/2042 3347/3140/2043 3348/3141/2044 3349/3142/2045 
f 3350/3143/2046 3351/3144/2047 3348/3141/2044 3347/3140/2043 
f 2882/2675/1515 3347/3140/2043 3346/3139/2042 2867/2660/1500 
f 2884/2677/1517 3350/3143/2046 3347/3140/2043 2882/2675/1515 
f 3348/3141/2044 3352/3145/2048 3353/3146/2049 3349/3142/2045 
f 3353/3146/2049 3352/3145/2048 3354/3147/2050 3355/3148/2051 
f 3356/3149/2052 3352/3145/2048 3348/3141/2044 3351/3144/2047 
f 3356/3149/2052 3036/2829/2053 3354/3147/2050 3352/3145/2048 
f 3353/3146/2049 3357/3150/2054 3346/3139/2042 3349/3142/2045 
f 3346/3139/2042 3357/3150/2054 2866/2659/1499 2867/2660/1500 
f 3353/3146/2049 3355/3148/2051 3358/3151/2055 3357/3150/2054 
f 3357/3150/2054 3358/3151/2055 2868/2661/1501 2866/2659/1499 
f 3359/3152/2056 3360/3153/2056 3361/3154/2056 3362/3155/2056 
f 3363/3156/2056 3360/3153/2056 3359/3152/2056 3364/3157/2056 
f 3362/3155/2056 3365/3158/2056 3366/3159/2056 3359/3152/2056 
f 3367/3160/2056 3364/3157/2056 3359/3152/2056 3366/3159/2056 
f 3368/3161/2056 3361/3154/2056 3360/3153/2056 3369/3162/2056 
f 3368/3161/2056 3369/3162/2056 3237/3030/2056 3229/3022/2056 
f 3360/3153/2056 3363/3156/2056 3370/3163/2056 3369/3162/2056 
f 3237/3030/2056 3369/3162/2056 3370/3163/2056 3238/3031/2056 
f 3371/3164/2056 3362/3155/2056 3361/3154/2056 3368/3161/2056 
f 3372/3165/2056 3365/3158/2056 3362/3155/2056 3371/3164/2056 
f 3228/3021/2056 3371/3164/2056 3368/3161/2056 3229/3022/2056 
f 3372/3165/2056 3371/3164/2056 3228/3021/2056 3232/3025/2056 
f 3373/3166/2056 3374/3167/2056 3375/3168/2056 3376/3169/2056 
f 3377/3170/2056 3375/3168/2056 3374/3167/2056 3378/3171/2056 
f 3364/3157/2056 3374/3167/2056 3373/3166/2056 3363/3156/2056 
f 3367/3160/2056 3378/3171/2056 3374/3167/2056 3364/3157/2056 
f 3376/3169/2056 3375/3168/2056 3379/3172/2056 3380/3173/2056 
f 3264/3057/2056 3380/3173/2056 3379/3172/2056 3267/3060/2056 
f 3381/3174/2056 3379/3172/2056 3375/3168/2056 3377/3170/2056 
f 3267/3060/2056 3379/3172/2056 3381/3174/2056 3112/2905/2056 
f 3380/3173/2056 3382/3175/2056 3373/3166/2056 3376/3169/2056 
f 3370/3163/2056 3363/3156/2056 3373/3166/2056 3382/3175/2056 
f 3380/3173/2056 3264/3057/2056 3263/3056/2056 3382/3175/2056 
f 3370/3163/2056 3382/3175/2056 3263/3056/2056 3238/3031/2056 
f 3383/3176/2056 3384/3177/2056 3385/3178/2056 3386/3179/2056 
f 3387/3180/2056 3388/3181/2056 3384/3177/2056 3383/3176/2056 
f 3383/3176/2056 3386/3179/2056 3377/3170/2056 3378/3171/2056 
f 3383/3176/2056 3378/3171/2056 3367/3160/2056 3387/3180/2056 
f 3389/3182/2056 3390/3183/2056 3385/3178/2056 3384/3177/2056 
f 3109/2902/2056 3390/3183/2056 3389/3182/2056 3117/2910/2056 
f 3391/3184/2056 3389/3182/2056 3384/3177/2056 3388/3181/2056 
f 3118/2911/2056 3117/2910/2056 3389/3182/2056 3391/3184/2056 
f 3386/3179/2056 3385/3178/2056 3390/3183/2056 3392/3185/2056 
f 3386/3179/2056 3392/3185/2056 3381/3174/2056 3377/3170/2056 
f 3108/2901/2056 3392/3185/2056 3390/3183/2056 3109/2902/2056 
f 3381/3174/2056 3392/3185/2056 3108/2901/2056 3112/2905/2056 
f 3393/3186/2056 3394/3187/2056 3395/3188/2056 3396/3189/2056 
f 3280/3073/2056 3393/3186/2056 3396/3189/2056 3285/3078/2056 
f 3372/3165/2056 3396/3189/2056 3395/3188/2056 3365/3158/2056 
f 3285/3078/2056 3396/3189/2056 3372/3165/2056 3232/3025/2056 
f 3397/3190/2056 3394/3187/2056 3393/3186/2056 3398/3191/2056 
f 3397/3190/2056 3398/3191/2056 3399/3192/2056 3400/3193/2056 
f 3279/3072/2056 3398/3191/2056 3393/3186/2056 3280/3073/2056 
f 3282/3075/2056 3399/3192/2056 3398/3191/2056 3279/3072/2056 
f 3397/3190/2056 3401/3194/2056 3402/3195/2056 3394/3187/2056 
f 3401/3194/2056 3403/3196/2056 3404/3197/2056 3402/3195/2056 
f 3400/3193/2056 3405/3198/2056 3401/3194/2056 3397/3190/2056 
f 3405/3198/2056 3406/3199/2056 3403/3196/2056 3401/3194/2056 
f 3407/3200/2056 3395/3188/2056 3394/3187/2056 3402/3195/2056 
f 3366/3159/2056 3365/3158/2056 3395/3188/2056 3407/3200/2056 
f 3404/3197/2056 3408/3201/2056 3407/3200/2056 3402/3195/2056 
f 3367/3160/2056 3366/3159/2056 3407/3200/2056 3408/3201/2056 
f 3409/3202/2056 3410/3203/2056 3411/3204/2056 3412/3205/2056 
f 3412/3205/2056 3413/3206/2056 3414/3207/2056 3409/3202/2056 
f 3411/3204/2056 3149/2942/2056 3148/2941/2056 3412/3205/2056 
f 3152/2945/2056 3413/3206/2056 3412/3205/2056 3148/2941/2056 
f 3409/3202/2056 3415/3208/2056 3416/3209/2056 3410/3203/2056 
f 3416/3209/2056 3415/3208/2056 3417/3210/2056 3418/3211/2056 
f 3409/3202/2056 3414/3207/2056 3419/3212/2056 3415/3208/2056 
f 3420/3213/2056 3417/3210/2056 3415/3208/2056 3419/3212/2056 
f 3416/3209/2056 3421/3214/2056 3411/3204/2056 3410/3203/2056 
f 3157/2950/2056 3149/2942/2056 3411/3204/2056 3421/3214/2056 
f 3421/3214/2056 3416/3209/2056 3418/3211/2056 3422/3215/2056 
f 3422/3215/2056 3158/2951/2056 3157/2950/2056 3421/3214/2056 
f 3423/3216/2056 3424/3217/2056 3425/3218/2056 3426/3219/2056 
f 3422/3215/2056 3418/3211/2056 3424/3217/2056 3423/3216/2056 
f 3423/3216/2056 3426/3219/2056 3169/2962/2056 3168/2961/2056 
f 3168/2961/2056 3158/2951/2056 3422/3215/2056 3423/3216/2056 
f 3427/3220/2056 3428/3221/2056 3425/3218/2056 3424/3217/2056 
f 3429/3222/2056 3428/3221/2056 3427/3220/2056 3430/3223/2056 
f 3417/3210/2056 3427/3220/2056 3424/3217/2056 3418/3211/2056 
f 3420/3213/2056 3430/3223/2056 3427/3220/2056 3417/3210/2056 
f 3425/3218/2056 3428/3221/2056 3431/3224/2056 3426/3219/2056 
f 3169/2962/2056 3426/3219/2056 3431/3224/2056 3174/2967/2056 
f 3431/3224/2056 3428/3221/2056 3429/3222/2056 3432/3225/2056 
f 3174/2967/2056 3431/3224/2056 3432/3225/2056 3175/2968/2056 
f 3433/3226/2056 3434/3227/2056 3435/3228/2056 3436/3229/2056 
f 3434/3227/2056 3437/3230/2056 3438/3231/2056 3435/3228/2056 
f 3433/3226/2056 3429/3222/2056 3430/3223/2056 3434/3227/2056 
f 3437/3230/2056 3434/3227/2056 3430/3223/2056 3420/3213/2056 
f 3439/3232/2056 3436/3229/2056 3435/3228/2056 3440/3233/2056 
f 3190/2983/2056 3185/2978/2056 3439/3232/2056 3440/3233/2056 
f 3438/3231/2056 3441/3234/2056 3440/3233/2056 3435/3228/2056 
f 3190/2983/2056 3440/3233/2056 3441/3234/2056 3191/2984/2056 
f 3433/3226/2056 3436/3229/2056 3439/3232/2056 3442/3235/2056 
f 3442/3235/2056 3432/3225/2056 3429/3222/2056 3433/3226/2056 
f 3185/2978/2056 3184/2977/2056 3442/3235/2056 3439/3232/2056 
f 3432/3225/2056 3442/3235/2056 3184/2977/2056 3175/2968/2056 
f 3443/3236/2056 3444/3237/2056 3445/3238/2056 3446/3239/2056 
f 3446/3239/2056 3445/3238/2056 3447/3240/2056 3448/3241/2056 
f 3445/3238/2056 3444/3237/2056 3388/3181/2056 3387/3180/2056 
f 3367/3160/2056 3447/3240/2056 3445/3238/2056 3387/3180/2056 
f 3446/3239/2056 3449/3242/2056 3450/3243/2056 3443/3236/2056 
f 3414/3207/2056 3450/3243/2056 3449/3242/2056 3419/3212/2056 
f 3446/3239/2056 3448/3241/2056 3451/3244/2056 3449/3242/2056 
f 3449/3242/2056 3451/3244/2056 3420/3213/2056 3419/3212/2056 
f 3450/3243/2056 3452/3245/2056 3453/3246/2056 3443/3236/2056 
f 3201/2994/2056 3453/3246/2056 3452/3245/2056 3204/2997/2056 
f 3452/3245/2056 3450/3243/2056 3414/3207/2056 3413/3206/2056 
f 3452/3245/2056 3413/3206/2056 3152/2945/2056 3204/2997/2056 
f 3454/3247/2056 3444/3237/2056 3443/3236/2056 3453/3246/2056 
f 3391/3184/2056 3388/3181/2056 3444/3237/2056 3454/3247/2056 
f 3201/2994/2056 3200/2993/2056 3454/3247/2056 3453/3246/2056 
f 3118/2911/2056 3391/3184/2056 3454/3247/2056 3200/2993/2056 
f 3455/3248/2057 3456/3249/2058 3457/3250/2059 3458/3251/2060 
f 3258/3051/2061 3256/3049/2062 3458/3251/2060 3457/3250/2059 
f 3456/3249/2058 3028/2821/1666 3027/2820/1665 3457/3250/2059 
f 3457/3250/2059 3027/2820/1665 3030/2823/1668 3258/3051/2061 
f 3459/3252/2063 3460/3253/2064 3455/3248/2057 3458/3251/2060 
f 3292/3085/1964 3460/3253/2064 3459/3252/2063 3291/3084/1963 
f 3458/3251/2060 3256/3049/2062 3255/3048/2065 3459/3252/2063 
f 3459/3252/2063 3255/3048/2065 3103/2896/1965 3291/3084/1963 
f 3461/3254/2066 3462/3255/2067 3455/3248/2057 3460/3253/2064 
f 3463/3256/2068 3464/3257/2069 3462/3255/2067 3461/3254/2066 
f 3292/3085/1964 3304/3097/1979 3461/3254/2066 3460/3253/2064 
f 3463/3256/2068 3461/3254/2066 3304/3097/1979 3306/3099/1981 
f 3465/3258/2070 3456/3249/2058 3455/3248/2057 3462/3255/2067 
f 3035/2828/1673 3028/2821/1666 3456/3249/2058 3465/3258/2070 
f 3464/3257/2069 3466/3259/2071 3465/3258/2070 3462/3255/2067 
f 3466/3259/2071 3036/2829/1674 3035/2828/1673 3465/3258/2070 
f 3467/3260/2072 3468/3261/2073 3469/3262/2074 3470/3263/2075 
f 3334/3127/2023 3328/3121/2015 3469/3262/2074 3468/3261/2073 
f 3467/3260/2072 2955/2748/2076 2954/2747/2077 3468/3261/2073 
f 3468/3261/2073 2954/2747/2077 2958/2751/2024 3334/3127/2023 
f 3471/3264/2078 3472/3265/2079 3470/3263/2075 3469/3262/2074 
f 3471/3264/2078 3473/3266/2080 3474/3267/2081 3472/3265/2079 
f 3471/3264/2078 3469/3262/2074 3328/3121/2015 3329/3122/2016 
f 3473/3266/2080 3471/3264/2078 3329/3122/2016 3141/2934/2018 
f 3470/3263/2075 3472/3265/2079 3475/3268/2082 3476/3269/2083 
f 3477/3270/2084 3478/3271/2085 3476/3269/2083 3475/3268/2082 
f 3472/3265/2079 3474/3267/2081 3479/3272/2086 3475/3268/2082 
f 3477/3270/2084 3475/3268/2082 3479/3272/2086 3480/3273/2087 
f 3481/3274/2088 3467/3260/2072 3470/3263/2075 3476/3269/2083 
f 2955/2748/2076 3467/3260/2072 3481/3274/2088 2961/2754/2089 
f 3476/3269/2083 3478/3271/2085 3482/3275/2090 3481/3274/2088 
f 3481/3274/2088 3482/3275/2090 2849/2642/2091 2961/2754/2089 
f 3483/3276/2092 3484/3277/2093 3485/3278/2094 3486/3279/2095 
f 3483/3276/2092 3356/3149/2096 3351/3144/2097 3484/3277/2093 
f 3486/3279/2095 3487/3280/2098 3488/3281/2099 3483/3276/2092 
f 3036/2829/2100 3356/3149/2096 3483/3276/2092 3488/3281/2099 
f 3485/3278/2094 3484/3277/2093 3489/3282/2101 3490/3283/2102 
f 3491/3284/2103 3492/3285/2104 3490/3283/2102 3489/3282/2101 
f 3351/3144/2097 3350/3143/2105 3489/3282/2101 3484/3277/2093 
f 3491/3284/2103 3489/3282/2101 3350/3143/2105 2884/2677/2106 
f 3485/3278/2094 3490/3283/2102 3493/3286/2107 3494/3287/2108 
f 3495/3288/2109 3496/3289/2110 3494/3287/2108 3493/3286/2107 
f 3490/3283/2102 3492/3285/2104 3497/3290/2111 3493/3286/2107 
f 3493/3286/2107 3497/3290/2111 3498/3291/2112 3495/3288/2109 
f 3485/3278/2094 3494/3287/2108 3499/3292/2113 3486/3279/2095 
f 3486/3279/2095 3499/3292/2113 3500/3293/2114 3487/3280/2098 
f 3496/3289/2110 3501/3294/2115 3499/3292/2113 3494/3287/2108 
f 3502/3295/2116 3500/3293/2114 3499/3292/2113 3501/3294/2115 
f 3503/3296/2117 3504/3297/2118 3505/3298/2119 3506/3299/2120 
f 3504/3297/2118 3503/3296/2117 2908/2701/2121 2903/2696/2122 
f 3507/3300/2123 3508/3301/2124 3503/3296/2117 3506/3299/2120 
f 2908/2701/2121 3503/3296/2117 3508/3301/2124 2909/2702/2125 
f 3509/3302/2126 3505/3298/2119 3504/3297/2118 3510/3303/2127 
f 3511/3304/2128 3512/3305/2129 3509/3302/2126 3510/3303/2127 
f 3504/3297/2118 2903/2696/2122 2902/2695/2130 3510/3303/2127 
f 3510/3303/2127 2902/2695/2130 2905/2698/2131 3511/3304/2128 
f 3513/3306/2132 3514/3307/2133 3505/3298/2119 3509/3302/2126 
f 3513/3306/2132 3515/3308/2134 3516/3309/2135 3514/3307/2133 
f 3509/3302/2126 3512/3305/2129 3517/3310/2136 3513/3306/2132 
f 3515/3308/2134 3513/3306/2132 3517/3310/2136 3518/3311/2137 
f 3506/3299/2120 3505/3298/2119 3514/3307/2133 3519/3312/2138 
f 3519/3312/2138 3520/3313/2139 3507/3300/2123 3506/3299/2120 
f 3521/3314/2140 3519/3312/2138 3514/3307/2133 3516/3309/2135 
f 3521/3314/2140 3522/3315/2141 3520/3313/2139 3519/3312/2138 
f 3523/3316/2142 3524/3317/2142 3525/3318/2142 3526/3319/2142 
f 3524/3317/2142 3523/3316/2142 3408/3201/2142 3404/3197/2142 
f 3526/3319/2142 3527/3320/2142 3528/3321/2142 3523/3316/2142 
f 3523/3316/2142 3528/3321/2142 3367/3160/2142 3408/3201/2142 
f 3529/3322/2142 3525/3318/2142 3524/3317/2142 3530/3323/2142 
f 3531/3324/2142 3532/3325/2142 3529/3322/2142 3530/3323/2142 
f 3524/3317/2142 3404/3197/2142 3403/3196/2142 3530/3323/2142 
f 3406/3199/2142 3531/3324/2142 3530/3323/2142 3403/3196/2142 
f 3533/3326/2142 3525/3318/2142 3529/3322/2142 3534/3327/2142 
f 3535/3328/2142 3536/3329/2142 3533/3326/2142 3534/3327/2142 
f 3529/3322/2142 3532/3325/2142 3537/3330/2142 3534/3327/2142 
f 3537/3330/2142 3538/3331/2142 3535/3328/2142 3534/3327/2142 
f 3533/3326/2142 3539/3332/2142 3526/3319/2142 3525/3318/2142 
f 3539/3332/2142 3540/3333/2142 3527/3320/2142 3526/3319/2142 
f 3541/3334/2142 3539/3332/2142 3533/3326/2142 3536/3329/2142 
f 3542/3335/2142 3540/3333/2142 3539/3332/2142 3541/3334/2142 
f 3543/3336/2143 3544/3337/2144 3545/3338/2145 3546/3339/2146 
f 3546/3339/2146 3545/3338/2145 2883/2676/2147 2878/2671/2148 
f 3492/3285/2104 3491/3284/2103 3545/3338/2145 3544/3337/2144 
f 2884/2677/2106 2883/2676/2147 3545/3338/2145 3491/3284/2103 
f 3547/3340/2149 3548/3341/2150 3543/3336/2143 3546/3339/2146 
f 3549/3342/2151 3550/3343/2152 3548/3341/2150 3547/3340/2149 
f 3546/3339/2146 2878/2671/2148 2877/2670/2153 3547/3340/2149 
f 2877/2670/2153 2880/2673/2154 3549/3342/2151 3547/3340/2149 
f 3551/3344/2155 3552/3345/2156 3543/3336/2143 3548/3341/2150 
f 3553/3346/2157 3554/3347/2158 3552/3345/2156 3551/3344/2155 
f 3548/3341/2150 3550/3343/2152 3555/3348/2159 3551/3344/2155 
f 3553/3346/2157 3551/3344/2155 3555/3348/2159 3556/3349/2160 
f 3557/3350/2161 3544/3337/2144 3543/3336/2143 3552/3345/2156 
f 3544/3337/2144 3557/3350/2161 3497/3290/2111 3492/3285/2104 
f 3554/3347/2158 3558/3351/2162 3557/3350/2161 3552/3345/2156 
f 3498/3291/2112 3497/3290/2111 3557/3350/2161 3558/3351/2162 
f 3559/3352/2163 3560/3353/2164 3561/3354/2165 3562/3355/2166 
f 3560/3353/2164 2948/2741/2167 2943/2736/2168 3561/3354/2165 
f 3559/3352/2163 3563/3356/2169 3564/3357/2170 3560/3353/2164 
f 2949/2742/2171 2948/2741/2167 3560/3353/2164 3564/3357/2170 
f 3565/3358/2172 3566/3359/2173 3562/3355/2166 3561/3354/2165 
f 3567/3360/2174 3566/3359/2173 3565/3358/2172 3568/3361/2175 
f 3565/3358/2172 3561/3354/2165 2943/2736/2168 2942/2735/2176 
f 3565/3358/2172 2942/2735/2176 2945/2738/2177 3568/3361/2175 
f 3569/3362/2178 3570/3363/2179 3562/3355/2166 3566/3359/2173 
f 3569/3362/2178 3571/3364/2180 3572/3365/2181 3570/3363/2179 
f 3567/3360/2174 3573/3366/2182 3569/3362/2178 3566/3359/2173 
f 3571/3364/2180 3569/3362/2178 3573/3366/2182 3574/3367/2183 
f 3562/3355/2166 3570/3363/2179 3575/3368/2184 3559/3352/2163 
f 3576/3369/2185 3563/3356/2169 3559/3352/2163 3575/3368/2184 
f 3572/3365/2181 3577/3370/2186 3575/3368/2184 3570/3363/2179 
f 3577/3370/2186 3578/3371/2187 3576/3369/2185 3575/3368/2184 
f 3579/3372/2188 3580/3373/2189 3581/3374/2190 3582/3375/2191 
f 3478/3271/2192 3580/3373/2189 3579/3372/2188 3482/3275/2193 
f 3582/3375/2191 3583/3376/2194 3584/3377/2195 3579/3372/2188 
f 3579/3372/2188 3584/3377/2195 2849/2642/2196 3482/3275/2193 
f 3581/3374/2190 3580/3373/2189 3585/3378/2197 3586/3379/2198 
f 3587/3380/2199 3588/3381/2200 3586/3379/2198 3585/3378/2197 
f 3477/3270/2201 3585/3378/2197 3580/3373/2189 3478/3271/2192 
f 3480/3273/2202 3587/3380/2199 3585/3378/2197 3477/3270/2201 
f 3589/3382/2203 3590/3383/2204 3581/3374/2190 3586/3379/2198 
f 3591/3384/2205 3590/3383/2204 3589/3382/2203 3592/3385/2206 
f 3588/3381/2200 3593/3386/2207 3589/3382/2203 3586/3379/2198 
f 3592/3385/2206 3589/3382/2203 3593/3386/2207 3594/3387/2208 
f 3595/3388/2209 3582/3375/2191 3581/3374/2190 3590/3383/2204 
f 3582/3375/2191 3595/3388/2209 3596/3389/2210 3583/3376/2194 
f 3590/3383/2204 3591/3384/2205 3597/3390/2211 3595/3388/2209 
f 3597/3390/2211 3598/3391/2212 3596/3389/2210 3595/3388/2209 
f 3599/3392/2213 3600/3393/2214 3601/3394/2215 3602/3395/2216 
f 3600/3393/2214 3281/3074/2217 3275/3068/2218 3601/3394/2215 
f 3600/3393/2214 3599/3392/2213 3603/3396/2219 3604/3397/2220 
f 3281/3074/2217 3600/3393/2214 3604/3397/2220 3282/3075/2221 
f 3601/3394/2215 3605/3398/2222 3606/3399/2223 3602/3395/2216 
f 3607/3400/2224 3608/3401/2225 3606/3399/2223 3605/3398/2222 
f 3276/3069/2226 3605/3398/2222 3601/3394/2215 3275/3068/2218 
f 3605/3398/2222 3276/3069/2226 3063/2856/2227 3607/3400/2224 
f 3609/3402/2228 3610/3403/2229 3602/3395/2216 3606/3399/2223 
f 3610/3403/2229 3609/3402/2228 3611/3404/2230 3612/3405/2231 
f 3608/3401/2225 3613/3406/2232 3609/3402/2228 3606/3399/2223 
f 3614/3407/2233 3611/3404/2230 3609/3402/2228 3613/3406/2232 
f 3615/3408/2234 3599/3392/2213 3602/3395/2216 3610/3403/2229 
f 3599/3392/2213 3615/3408/2234 3616/3409/2235 3603/3396/2219 
f 3610/3403/2229 3612/3405/2231 3617/3410/2236 3615/3408/2234 
f 3617/3410/2236 3618/3411/2237 3616/3409/2235 3615/3408/2234 
f 3619/3412/2238 3620/3413/2239 3621/3414/2240 3622/3415/2241 
f 3400/3193/2242 3620/3413/2239 3619/3412/2238 3405/3198/2243 
f 3532/3416/2244 3531/3417/2245 3619/3412/2238 3622/3415/2241 
f 3405/3198/2243 3619/3412/2238 3531/3417/2245 3406/3199/2246 
f 3621/3414/2240 3620/3413/2239 3623/3418/2247 3624/3419/2248 
f 3624/3419/2248 3623/3418/2247 3604/3420/2249 3603/3421/2250 
f 3400/3193/2242 3399/3192/2251 3623/3418/2247 3620/3413/2239 
f 3623/3418/2247 3399/3192/2251 3282/3075/2252 3604/3420/2249 
f 3621/3414/2240 3624/3419/2248 3625/3422/2253 3626/3423/2254 
f 3627/3424/2255 3628/3425/2256 3626/3423/2254 3625/3422/2253 
f 3616/3426/2257 3625/3422/2253 3624/3419/2248 3603/3421/2250 
f 3616/3426/2257 3618/3427/2258 3627/3424/2255 3625/3422/2253 
f 3621/3414/2240 3626/3423/2254 3629/3428/2259 3622/3415/2241 
f 3629/3428/2259 3537/3429/2260 3532/3416/2244 3622/3415/2241 
f 3626/3423/2254 3628/3425/2256 3630/3430/2261 3629/3428/2259 
f 3538/3431/2262 3537/3429/2260 3629/3428/2259 3630/3430/2261 
f 3631/3432/2263 3632/3433/2264 3633/3434/2265 3634/3435/2266 
f 2924/2717/2267 2922/2715/2268 3634/3435/2266 3633/3434/2265 
f 3549/3342/2151 3633/3434/2265 3632/3433/2264 3550/3343/2152 
f 3633/3434/2265 3549/3342/2151 2880/2673/2154 2924/2717/2267 
f 3634/3435/2266 3635/3436/2269 3636/3437/2270 3631/3432/2263 
f 3637/3438/2271 3636/3437/2270 3635/3436/2269 3638/3439/2272 
f 3634/3435/2266 2922/2715/2268 2921/2714/2273 3635/3436/2269 
f 3635/3436/2269 2921/2714/2273 2855/2648/2274 3638/3439/2272 
f 3636/3437/2270 3639/3440/2275 3640/3441/2276 3631/3432/2263 
f 3641/3442/2277 3642/3443/2278 3640/3441/2276 3639/3440/2275 
f 3643/3444/2279 3639/3440/2275 3636/3437/2270 3637/3438/2271 
f 3639/3440/2275 3643/3444/2279 3644/3445/2280 3641/3442/2277 
f 3631/3432/2263 3640/3441/2276 3645/3446/2281 3632/3433/2264 
f 3555/3348/2159 3550/3343/2152 3632/3433/2264 3645/3446/2281 
f 3640/3441/2276 3642/3443/2278 3646/3447/2282 3645/3446/2281 
f 3646/3447/2282 3556/3349/2160 3555/3348/2159 3645/3446/2281 
f 3647/3448/2283 3648/3449/2284 3649/3450/2285 3650/3451/2286 
f 2983/2776/2287 2978/2771/2288 3650/3451/2286 3649/3450/2285 
f 3568/3361/2175 3649/3450/2285 3648/3449/2284 3567/3360/2174 
f 2945/2738/2177 2983/2776/2287 3649/3450/2285 3568/3361/2175 
f 3651/3452/2289 3652/3453/2290 3647/3448/2283 3650/3451/2286 
f 3653/3454/2291 3654/3455/2292 3652/3453/2290 3651/3452/2289 
f 3650/3451/2286 2978/2771/2288 2979/2772/2293 3651/3452/2289 
f 3651/3452/2289 2979/2772/2293 2981/2774/2294 3653/3454/2291 
f 3655/3456/2295 3647/3448/2283 3652/3453/2290 3656/3457/2296 
f 3657/3458/2297 3658/3459/2298 3655/3456/2295 3656/3457/2296 
f 3659/3460/2299 3656/3457/2296 3652/3453/2290 3654/3455/2292 
f 3659/3460/2299 3660/3461/2300 3657/3458/2297 3656/3457/2296 
f 3648/3449/2284 3647/3448/2283 3655/3456/2295 3661/3462/2301 
f 3661/3462/2301 3573/3366/2182 3567/3360/2174 3648/3449/2284 
f 3658/3459/2298 3662/3463/2302 3661/3462/2301 3655/3456/2295 
f 3662/3463/2302 3574/3367/2183 3573/3366/2182 3661/3462/2301 
f 3663/3464/2303 3664/3465/2304 3665/3466/2305 3666/3467/2306 
f 3663/3464/2303 2854/2647/2307 2845/2638/2308 3664/3465/2304 
f 3666/3467/2306 3637/3438/2271 3638/3439/2272 3663/3464/2303 
f 2854/2647/2307 3663/3464/2303 3638/3439/2272 2855/2648/2274 
f 3667/3468/2309 3668/3469/2310 3665/3466/2305 3664/3465/2304 
f 3667/3468/2309 3584/3377/2195 3583/3376/2194 3668/3469/2310 
f 2845/2638/2308 2846/2639/2311 3667/3468/2309 3664/3465/2304 
f 3584/3377/2195 3667/3468/2309 2846/2639/2311 2849/2642/2196 
f 3668/3469/2310 3669/3470/2312 3670/3471/2313 3665/3466/2305 
f 3669/3470/2312 3671/3472/2314 3672/3473/2315 3670/3471/2313 
f 3669/3470/2312 3668/3469/2310 3583/3376/2194 3596/3389/2210 
f 3596/3389/2210 3598/3391/2212 3671/3472/2314 3669/3470/2312 
f 3666/3467/2306 3665/3466/2305 3670/3471/2313 3673/3474/2316 
f 3643/3444/2279 3637/3438/2271 3666/3467/2306 3673/3474/2316 
f 3674/3475/2317 3673/3474/2316 3670/3471/2313 3672/3473/2315 
f 3673/3474/2316 3674/3475/2317 3644/3445/2280 3643/3444/2279 
f 3675/3476/2318 3676/3477/2318 3677/3478/2318 3678/3479/2318 
f 3677/3478/2318 3451/3244/2318 3448/3241/2318 3678/3479/2318 
f 3679/3480/2318 3677/3478/2318 3676/3477/2318 3680/3481/2318 
f 3677/3478/2318 3679/3480/2318 3420/3213/2318 3451/3244/2318 
f 3681/3482/2318 3682/3483/2318 3675/3476/2318 3678/3479/2318 
f 3681/3482/2318 3528/3484/2318 3527/3485/2318 3682/3483/2318 
f 3447/3240/2318 3681/3482/2318 3678/3479/2318 3448/3241/2318 
f 3367/3160/2318 3528/3484/2318 3681/3482/2318 3447/3240/2318 
f 3683/3486/2318 3684/3487/2318 3675/3476/2318 3682/3483/2318 
f 3683/3486/2318 3685/3488/2318 3686/3489/2318 3684/3487/2318 
f 3527/3485/2318 3540/3490/2318 3683/3486/2318 3682/3483/2318 
f 3685/3488/2318 3683/3486/2318 3540/3490/2318 3542/3491/2318 
f 3687/3492/2318 3676/3477/2318 3675/3476/2318 3684/3487/2318 
f 3676/3477/2318 3687/3492/2318 3688/3493/2318 3680/3481/2318 
f 3686/3489/2318 3689/3494/2318 3687/3492/2318 3684/3487/2318 
f 3690/3495/2318 3688/3493/2318 3687/3492/2318 3689/3494/2318 
f 3691/3496/2319 3692/3497/2320 3693/3498/2321 3694/3499/2322 
f 3691/3496/2319 3003/2796/2323 2999/2792/2324 3692/3497/2320 
f 3653/3454/2291 3691/3496/2319 3694/3499/2322 3654/3455/2292 
f 3691/3496/2319 3653/3454/2291 2981/2774/2294 3003/2796/2323 
f 3695/3500/2325 3696/3501/2326 3693/3498/2321 3692/3497/2320 
f 3697/3502/2327 3698/3503/2328 3696/3501/2326 3695/3500/2325 
f 2998/2791/2329 3695/3500/2325 3692/3497/2320 2999/2792/2324 
f 3697/3502/2327 3695/3500/2325 2998/2791/2329 3001/2794/2330 
f 3699/3504/2331 3693/3498/2321 3696/3501/2326 3700/3505/2332 
f 3701/3506/2333 3699/3504/2331 3700/3505/2332 3702/3507/2334 
f 3698/3503/2328 3703/3508/2335 3700/3505/2332 3696/3501/2326 
f 3702/3507/2334 3700/3505/2332 3703/3508/2335 3704/3509/2336 
f 3693/3498/2321 3699/3504/2331 3705/3510/2337 3694/3499/2322 
f 3654/3455/2292 3694/3499/2322 3705/3510/2337 3659/3460/2299 
f 3699/3504/2331 3701/3506/2333 3706/3511/2338 3705/3510/2337 
f 3705/3510/2337 3706/3511/2338 3660/3461/2300 3659/3460/2299 
f 3707/3512/2339 3708/3513/2340 3709/3514/2341 3710/3515/2342 
f 3709/3514/2341 3062/2855/2343 3057/2850/2344 3710/3515/2342 
f 3708/3513/2340 3608/3401/2225 3607/3400/2224 3709/3514/2341 
f 3063/2856/2227 3062/2855/2343 3709/3514/2341 3607/3400/2224 
f 3711/3516/2345 3712/3517/2346 3707/3512/2339 3710/3515/2342 
f 3713/3518/2347 3712/3517/2346 3711/3516/2345 3714/3519/2348 
f 3057/2850/2344 3056/2849/2349 3711/3516/2345 3710/3515/2342 
f 3059/2852/2350 3714/3519/2348 3711/3516/2345 3056/2849/2349 
f 3715/3520/2351 3716/3521/2352 3707/3512/2339 3712/3517/2346 
f 3717/3522/2353 3716/3521/2352 3715/3520/2351 3718/3523/2354 
f 3712/3517/2346 3713/3518/2347 3719/3524/2355 3715/3520/2351 
f 3715/3520/2351 3719/3524/2355 3720/3525/2356 3718/3523/2354 
f 3721/3526/2357 3708/3513/2340 3707/3512/2339 3716/3521/2352 
f 3721/3526/2357 3613/3406/2232 3608/3401/2225 3708/3513/2340 
f 3717/3522/2353 3722/3527/2358 3721/3526/2357 3716/3521/2352 
f 3614/3407/2233 3613/3406/2232 3721/3526/2357 3722/3527/2358 
f 3723/3528/2359 3724/3529/2360 3725/3530/2361 3726/3531/2362 
f 3724/3529/2360 3018/2811/2363 3016/2809/2364 3725/3530/2361 
f 3723/3528/2359 3512/3305/2129 3511/3304/2128 3724/3529/2360 
f 3724/3529/2360 3511/3304/2128 2905/2698/2131 3018/2811/2363 
f 3725/3530/2361 3727/3532/2365 3728/3533/2366 3726/3531/2362 
f 3563/3356/2169 3728/3533/2366 3727/3532/2365 3564/3357/2170 
f 3015/2808/2367 3727/3532/2365 3725/3530/2361 3016/2809/2364 
f 2949/2742/2171 3564/3357/2170 3727/3532/2365 3015/2808/2367 
f 3729/3534/2368 3726/3531/2362 3728/3533/2366 3730/3535/2369 
f 3731/3536/2370 3729/3534/2368 3730/3535/2369 3732/3537/2371 
f 3728/3533/2366 3563/3356/2169 3576/3369/2185 3730/3535/2369 
f 3730/3535/2369 3576/3369/2185 3578/3371/2187 3732/3537/2371 
f 3733/3538/2372 3723/3528/2359 3726/3531/2362 3729/3534/2368 
f 3517/3310/2136 3512/3305/2129 3723/3528/2359 3733/3538/2372 
f 3734/3539/2373 3733/3538/2372 3729/3534/2368 3731/3536/2370 
f 3518/3311/2137 3517/3310/2136 3733/3538/2372 3734/3539/2373 
f 3735/3540/2374 3736/3541/2375 3737/3542/2376 3738/3543/2377 
f 3038/2831/2378 3034/2827/2379 3736/3541/2375 3735/3540/2374 
f 3698/3503/2328 3697/3502/2327 3735/3540/2374 3738/3543/2377 
f 3697/3502/2327 3001/2794/2330 3038/2831/2378 3735/3540/2374 
f 3739/3544/2380 3740/3545/2381 3737/3542/2376 3736/3541/2375 
f 3488/3281/2099 3487/3280/2098 3740/3545/2381 3739/3544/2380 
f 3736/3541/2375 3034/2827/2379 3033/2826/2382 3739/3544/2380 
f 3488/3281/2099 3739/3544/2380 3033/2826/2382 3036/2829/2100 
f 3741/3546/2383 3742/3547/2384 3737/3542/2376 3740/3545/2381 
f 3743/3548/2385 3742/3547/2384 3741/3546/2383 3744/3549/2386 
f 3740/3545/2381 3487/3280/2098 3500/3293/2114 3741/3546/2383 
f 3744/3549/2386 3741/3546/2383 3500/3293/2114 3502/3295/2116 
f 3745/3550/2387 3738/3543/2377 3737/3542/2376 3742/3547/2384 
f 3745/3550/2387 3703/3508/2335 3698/3503/2328 3738/3543/2377 
f 3742/3547/2384 3743/3548/2385 3746/3551/2388 3745/3550/2387 
f 3704/3509/2336 3703/3508/2335 3745/3550/2387 3746/3551/2388 
f 3747/3552/2389 3748/3553/2390 3749/3554/2391 3750/3555/2392 
f 3750/3555/2392 3749/3554/2391 3078/2871/2393 3075/2868/2394 
f 3748/3553/2390 3713/3518/2347 3714/3519/2348 3749/3554/2391 
f 3749/3554/2391 3714/3519/2348 3059/2852/2350 3078/2871/2393 
f 3750/3555/2392 3751/3556/2395 3752/3557/2396 3747/3552/2389 
f 3751/3556/2395 3508/3301/2124 3507/3300/2123 3752/3557/2396 
f 3750/3555/2392 3075/2868/2394 3076/2869/2397 3751/3556/2395 
f 3508/3301/2124 3751/3556/2395 3076/2869/2397 2909/2702/2125 
f 3747/3552/2389 3752/3557/2396 3753/3558/2398 3754/3559/2399 
f 3755/3560/2400 3754/3559/2399 3753/3558/2398 3756/3561/2401 
f 3520/3313/2139 3753/3558/2398 3752/3557/2396 3507/3300/2123 
f 3756/3561/2401 3753/3558/2398 3520/3313/2139 3522/3315/2141 
f 3754/3559/2399 3757/3562/2402 3748/3553/2390 3747/3552/2389 
f 3719/3524/2355 3713/3518/2347 3748/3553/2390 3757/3562/2402 
f 3755/3560/2400 3758/3563/2403 3757/3562/2402 3754/3559/2399 
f 3758/3563/2403 3720/3525/2356 3719/3524/2355 3757/3562/2402 
f 3759/3564/2404 3760/3565/2405 3761/3566/2406 3762/3567/2407 
f 3763/3568/2408 3760/3565/2405 3759/3564/2404 3764/3569/2409 
f 3132/2925/1775 3759/3564/2404 3762/3567/2407 3133/2926/1776 
f 3135/2928/1778 3764/3569/2409 3759/3564/2404 3132/2925/1775 
f 3765/3570/2410 3761/3566/2406 3760/3565/2405 3766/3571/2411 
f 3767/3572/2412 3765/3570/2410 3766/3571/2411 3768/3573/2413 
f 3760/3565/2405 3763/3568/2408 3769/3574/2414 3766/3571/2411 
f 3770/3575/2415 3768/3573/2413 3766/3571/2411 3769/3574/2414 
f 3765/3570/2410 3771/3576/2416 3772/3577/2417 3761/3566/2406 
f 3479/3272/2418 3474/3267/2419 3772/3577/2417 3771/3576/2416 
f 3765/3570/2410 3767/3572/2412 3773/3578/2420 3771/3576/2416 
f 3773/3578/2420 3480/3273/2421 3479/3272/2418 3771/3576/2416 
f 3772/3577/2417 3774/3579/2422 3762/3567/2407 3761/3566/2406 
f 3133/2926/1776 3762/3567/2407 3774/3579/2422 3140/2933/1783 
f 3774/3579/2422 3772/3577/2417 3474/3267/2419 3473/3266/2423 
f 3141/2934/1784 3140/2933/1783 3774/3579/2422 3473/3266/2423 
f 3775/3580/2424 3776/3581/2425 3777/3582/2426 3778/3583/2427 
f 3466/3259/2428 3464/3257/2429 3778/3583/2427 3777/3582/2426 
f 3354/3147/2430 3777/3582/2426 3776/3581/2425 3355/3148/2431 
f 3036/2829/2432 3466/3259/2428 3777/3582/2426 3354/3147/2430 
f 3779/3584/2433 3775/3580/2424 3778/3583/2427 3780/3585/2434 
f 3311/3104/1988 3779/3584/2433 3780/3585/2434 3312/3105/1989 
f 3778/3583/2427 3464/3257/2429 3463/3256/2435 3780/3585/2434 
f 3306/3099/1990 3312/3105/1989 3780/3585/2434 3463/3256/2435 
f 3775/3580/2424 3779/3584/2433 3781/3586/2436 3776/3581/2425 
f 3355/3148/2431 3776/3581/2425 3781/3586/2436 3358/3151/2437 
f 3321/3114/2004 3781/3586/2436 3779/3584/2433 3311/3104/1988 
f 2868/2661/2006 3358/3151/2437 3781/3586/2436 3321/3114/2004 
f 3782/3587/2438 3783/3588/2439 3784/3589/2440 3785/3590/2441 
f 3767/3572/2442 3783/3588/2439 3782/3587/2438 3773/3578/2443 
f 3785/3590/2441 3588/3381/2444 3587/3380/2445 3782/3587/2438 
f 3773/3578/2443 3782/3587/2438 3587/3380/2445 3480/3273/2446 
f 3784/3589/2440 3783/3588/2439 3786/3591/2447 3787/3592/2448 
f 3787/3592/2448 3786/3591/2447 3788/3593/2449 3789/3594/2450 
f 3783/3588/2439 3767/3572/2442 3768/3573/2451 3786/3591/2447 
f 3768/3573/2451 3770/3575/2452 3788/3593/2449 3786/3591/2447 
f 3784/3589/2440 3787/3592/2448 3790/3595/2453 3791/3596/2454 
f 3791/3596/2454 3790/3595/2453 3792/3597/2455 3793/3598/2456 
f 3794/3599/2457 3790/3595/2453 3787/3592/2448 3789/3594/2450 
f 3795/3600/2458 3792/3597/2455 3790/3595/2453 3794/3599/2457 
f 3796/3601/2459 3785/3590/2441 3784/3589/2440 3791/3596/2454 
f 3785/3590/2441 3796/3601/2459 3593/3386/2460 3588/3381/2444 
f 3797/3602/2461 3796/3601/2459 3791/3596/2454 3793/3598/2456 
f 3797/3602/2461 3594/3387/2462 3593/3386/2460 3796/3601/2459 
f 3798/3603/2463 3799/3604/2463 3800/3605/2464 3801/3606/2464 
f 3642/3443/2464 3800/3605/2464 3799/3604/2463 3646/3447/2463 
f 3798/3603/2463 3802/3607/2465 3803/3608/2465 3799/3604/2463 
f 3799/3604/2463 3803/3608/2465 3556/3349/2465 3646/3447/2463 
f 3800/3605/2464 3804/3609/2466 3805/3610/2466 3801/3606/2464 
f 3806/3611/2467 3805/3610/2466 3804/3609/2466 3807/3612/2467 
f 3642/3443/2464 3641/3442/2466 3804/3609/2466 3800/3605/2464 
f 3807/3612/2467 3804/3609/2466 3641/3442/2466 3644/3445/2467 
f 3805/3610/2466 3808/3613/2466 3809/3614/2464 3801/3606/2464 
f 3810/3615/2464 3809/3614/2464 3808/3613/2466 3811/3616/2466 
f 3806/3611/2467 3812/3617/2467 3808/3613/2466 3805/3610/2466 
f 3808/3613/2466 3812/3617/2467 3813/3618/2467 3811/3616/2466 
f 3809/3614/2464 3814/3619/2463 3798/3603/2463 3801/3606/2464 
f 3802/3607/2465 3798/3603/2463 3814/3619/2463 3815/3620/2465 
f 3816/3621/2463 3814/3619/2463 3809/3614/2464 3810/3615/2464 
f 3817/3622/2465 3815/3620/2465 3814/3619/2463 3816/3621/2463 
f 3818/3623/2468 3819/3624/2469 3820/3625/2469 3821/3626/2468 
f 3658/3459/2469 3819/3624/2469 3818/3623/2468 3662/3463/2468 
f 3822/3627/2470 3823/3628/2470 3818/3623/2468 3821/3626/2468 
f 3662/3463/2468 3818/3623/2468 3823/3628/2470 3574/3367/2470 
f 3820/3625/2469 3819/3624/2469 3824/3629/2471 3825/3630/2471 
f 3826/3631/2472 3825/3630/2471 3824/3629/2471 3827/3632/2472 
f 3657/3458/2471 3824/3629/2471 3819/3624/2469 3658/3459/2469 
f 3827/3632/2472 3824/3629/2471 3657/3458/2471 3660/3461/2473 
f 3828/3633/2471 3829/3634/2469 3820/3625/2469 3825/3630/2471 
f 3830/3635/2471 3831/3636/2469 3829/3634/2469 3828/3633/2471 
f 3832/3637/2472 3828/3633/2471 3825/3630/2471 3826/3631/2472 
f 3833/3638/2473 3830/3635/2471 3828/3633/2471 3832/3637/2472 
f 3834/3639/2468 3821/3626/2468 3820/3625/2469 3829/3634/2469 
f 3822/3627/2470 3821/3626/2468 3834/3639/2468 3835/3640/2470 
f 3829/3634/2469 3831/3636/2469 3836/3641/2468 3834/3639/2468 
f 3835/3640/2470 3834/3639/2468 3836/3641/2468 3837/3642/2470 
f 3838/3643/2474 3839/3644/2474 3840/3645/2474 3841/3646/2474 
f 3841/3646/2474 3840/3645/2474 3842/3647/2474 3843/3648/2474 
f 3839/3644/2474 3844/3649/2475 3845/3650/2475 3840/3645/2474 
f 3795/3651/2475 3842/3647/2474 3840/3645/2474 3845/3650/2475 
f 3838/3643/2474 3841/3646/2474 3846/3652/2474 3847/3653/2474 
f 3847/3653/2474 3846/3652/2474 3848/3654/2474 3849/3655/2474 
f 3841/3646/2474 3843/3648/2474 3850/3656/2474 3846/3652/2474 
f 3848/3654/2474 3846/3652/2474 3850/3656/2474 3851/3657/2474 
f 3838/3643/2474 3847/3653/2474 3852/3658/2474 3853/3659/2474 
f 3854/3660/2474 3853/3659/2474 3852/3658/2474 3855/3661/2474 
f 3847/3653/2474 3849/3655/2474 3856/3662/2474 3852/3658/2474 
f 3857/3663/2474 3855/3661/2474 3852/3658/2474 3856/3662/2474 
f 3838/3643/2474 3853/3659/2474 3858/3664/2474 3839/3644/2474 
f 3839/3644/2474 3858/3664/2474 3859/3665/2475 3844/3649/2475 
f 3853/3659/2474 3854/3660/2474 3860/3666/2474 3858/3664/2474 
f 3860/3666/2474 3861/3667/2475 3859/3665/2475 3858/3664/2474 
f 3862/3668/2476 3863/3669/2477 3864/3670/2477 3865/3671/2476 
f 3865/3671/2476 3864/3670/2477 3734/3539/2477 3731/3536/2476 
f 3863/3669/2477 3866/3672/2478 3867/3673/2478 3864/3670/2477 
f 3518/3311/2478 3734/3539/2477 3864/3670/2477 3867/3673/2478 
f 3868/3674/2479 3862/3668/2476 3865/3671/2476 3869/3675/2479 
f 3869/3675/2479 3870/3676/2480 3871/3677/2480 3868/3674/2479 
f 3732/3537/2479 3869/3675/2479 3865/3671/2476 3731/3536/2476 
f 3732/3537/2479 3578/3371/2480 3870/3676/2480 3869/3675/2479 
f 3862/3668/2476 3868/3674/2479 3872/3678/2479 3873/3679/2476 
f 3874/3680/2479 3875/3681/2476 3873/3679/2476 3872/3678/2479 
f 3872/3678/2479 3868/3674/2479 3871/3677/2480 3876/3682/2480 
f 3874/3680/2479 3872/3678/2479 3876/3682/2480 3877/3683/2480 
f 3878/3684/2477 3863/3669/2477 3862/3668/2476 3873/3679/2476 
f 3878/3684/2477 3879/3685/2478 3866/3672/2478 3863/3669/2477 
f 3875/3681/2476 3880/3686/2477 3878/3684/2477 3873/3679/2476 
f 3881/3687/2478 3879/3685/2478 3878/3684/2477 3880/3686/2477 
f 3882/3688/2481 3883/3689/2481 3884/3690/2482 3885/3691/2482 
f 3884/3690/2482 3883/3689/2481 3706/3511/2481 3701/3506/2482 
f 3882/3688/2481 3826/3631/2472 3827/3632/2472 3883/3689/2481 
f 3706/3511/2481 3883/3689/2481 3827/3632/2472 3660/3461/2473 
f 3885/3691/2482 3884/3690/2482 3886/3692/2483 3887/3693/2483 
f 3888/3694/2484 3887/3693/2483 3886/3692/2483 3889/3695/2484 
f 3702/3507/2483 3886/3692/2483 3884/3690/2482 3701/3506/2482 
f 3889/3695/2484 3886/3692/2483 3702/3507/2483 3704/3509/2484 
f 3887/3693/2483 3890/3696/2483 3891/3697/2482 3885/3691/2482 
f 3892/3698/2483 3893/3699/2482 3891/3697/2482 3890/3696/2483 
f 3894/3700/2484 3890/3696/2483 3887/3693/2483 3888/3694/2484 
f 3894/3700/2484 3895/3701/2484 3892/3698/2483 3890/3696/2483 
f 3882/3688/2481 3885/3691/2482 3891/3697/2482 3896/3702/2481 
f 3882/3688/2481 3896/3702/2481 3832/3637/2472 3826/3631/2472 
f 3893/3699/2482 3897/3703/2481 3896/3702/2481 3891/3697/2482 
f 3833/3638/2473 3832/3637/2472 3896/3702/2481 3897/3703/2481 
f 3898/3704/2485 3899/3705/2486 3900/3706/2486 3901/3707/2485 
f 3793/3598/2485 3901/3707/2485 3900/3706/2486 3797/3602/2486 
f 3902/3708/2487 3900/3706/2486 3899/3705/2486 3903/3709/2487 
f 3900/3706/2486 3902/3708/2487 3594/3387/2487 3797/3602/2486 
f 3904/3710/2488 3898/3704/2485 3901/3707/2485 3905/3711/2488 
f 3844/3712/2475 3904/3710/2488 3905/3711/2488 3845/3713/2475 
f 3905/3711/2488 3901/3707/2485 3793/3598/2485 3792/3597/2488 
f 3792/3597/2488 3795/3600/2475 3845/3713/2475 3905/3711/2488 
f 3906/3714/2488 3907/3715/2485 3898/3704/2485 3904/3710/2488 
f 3908/3716/2485 3907/3715/2485 3906/3714/2488 3909/3717/2488 
f 3859/3718/2475 3906/3714/2488 3904/3710/2488 3844/3712/2475 
f 3861/3719/2475 3909/3717/2488 3906/3714/2488 3859/3718/2475 
f 3910/3720/2486 3899/3705/2486 3898/3704/2485 3907/3715/2485 
f 3910/3720/2486 3911/3721/2487 3903/3709/2487 3899/3705/2486 
f 3912/3722/2486 3910/3720/2486 3907/3715/2485 3908/3716/2485 
f 3913/3723/2487 3911/3721/2487 3910/3720/2486 3912/3722/2486 
f 3914/3724/2489 3915/3725/2489 3916/3726/2489 3917/3727/2489 
f 3918/3728/2489 3915/3725/2489 3914/3724/2489 3919/3729/2489 
f 3848/3730/2489 3914/3724/2489 3917/3727/2489 3849/3731/2489 
f 3919/3729/2489 3914/3724/2489 3848/3730/2489 3851/3732/2489 
f 3920/3733/2489 3921/3734/2489 3916/3726/2489 3915/3725/2489 
f 3921/3734/2489 3920/3733/2489 3922/3735/2489 3923/3736/2489 
f 3915/3725/2489 3918/3728/2489 3924/3737/2489 3920/3733/2489 
f 3922/3735/2489 3920/3733/2489 3924/3737/2489 3690/3738/2489 
f 3925/3739/2489 3916/3726/2489 3921/3734/2489 3926/3740/2489 
f 3925/3739/2489 3926/3740/2489 3927/3741/2489 3928/3742/2489 
f 3929/3743/2489 3926/3740/2489 3921/3734/2489 3923/3736/2489 
f 3927/3741/2489 3926/3740/2489 3929/3743/2489 3930/3744/2489 
f 3925/3739/2489 3931/3745/2489 3917/3727/2489 3916/3726/2489 
f 3917/3727/2489 3931/3745/2489 3856/3746/2489 3849/3731/2489 
f 3932/3747/2489 3931/3745/2489 3925/3739/2489 3928/3742/2489 
f 3857/3748/2489 3856/3746/2489 3931/3745/2489 3932/3747/2489 
f 3933/3749/2490 3934/3750/2490 3935/3751/2491 3936/3752/2491 
f 3933/3749/2490 3936/3752/2491 3521/3314/2491 3516/3309/2490 
f 3935/3751/2491 3937/3753/2492 3938/3754/2492 3936/3752/2491 
f 3936/3752/2491 3938/3754/2492 3522/3315/2492 3521/3314/2491 
f 3939/3755/2493 3940/3756/2493 3934/3750/2490 3933/3749/2490 
f 3939/3755/2493 3867/3673/2478 3866/3672/2478 3940/3756/2493 
f 3515/3308/2493 3939/3755/2493 3933/3749/2490 3516/3309/2490 
f 3939/3755/2493 3515/3308/2493 3518/3311/2478 3867/3673/2478 
f 3941/3757/2493 3942/3758/2490 3934/3750/2490 3940/3756/2493 
f 3943/3759/2490 3942/3758/2490 3941/3757/2493 3944/3760/2493 
f 3866/3672/2478 3879/3685/2478 3941/3757/2493 3940/3756/2493 
f 3881/3687/2478 3944/3760/2493 3941/3757/2493 3879/3685/2478 
f 3945/3761/2491 3935/3751/2491 3934/3750/2490 3942/3758/2490 
f 3937/3753/2492 3935/3751/2491 3945/3761/2491 3946/3762/2492 
f 3947/3763/2491 3945/3761/2491 3942/3758/2490 3943/3759/2490 
f 3947/3763/2491 3948/3764/2492 3946/3762/2492 3945/3761/2491 
f 3949/3765/2494 3950/3766/2494 3951/3767/2495 3952/3768/2495 
f 3572/3365/2495 3951/3767/2495 3950/3766/2494 3577/3370/2494 
f 3871/3677/2480 3870/3676/2480 3950/3766/2494 3949/3765/2494 
f 3950/3766/2494 3870/3676/2480 3578/3371/2480 3577/3370/2494 
f 3953/3769/2496 3954/3770/2496 3952/3768/2495 3951/3767/2495 
f 3823/3628/2470 3822/3627/2470 3954/3770/2496 3953/3769/2496 
f 3571/3364/2496 3953/3769/2496 3951/3767/2495 3572/3365/2495 
f 3823/3628/2470 3953/3769/2496 3571/3364/2496 3574/3367/2470 
f 3955/3771/2496 3956/3772/2495 3952/3768/2495 3954/3770/2496 
f 3957/3773/2496 3958/3774/2495 3956/3772/2495 3955/3771/2496 
f 3835/3640/2470 3955/3771/2496 3954/3770/2496 3822/3627/2470 
f 3957/3773/2496 3955/3771/2496 3835/3640/2470 3837/3642/2470 
f 3959/3775/2494 3949/3765/2494 3952/3768/2495 3956/3772/2495 
f 3871/3677/2480 3949/3765/2494 3959/3775/2494 3876/3682/2480 
f 3956/3772/2495 3958/3774/2495 3960/3776/2494 3959/3775/2494 
f 3876/3682/2480 3959/3775/2494 3960/3776/2494 3877/3683/2480 
f 3961/3777/2497 3962/3778/2497 3963/3779/2497 3964/3780/2497 
f 3961/3777/2497 3689/3494/2497 3686/3489/2497 3962/3778/2497 
f 3964/3780/2497 3923/3781/2497 3922/3782/2497 3961/3777/2497 
f 3961/3777/2497 3922/3782/2497 3690/3495/2497 3689/3494/2497 
f 3965/3783/2497 3963/3779/2497 3962/3778/2497 3966/3784/2497 
f 3967/3785/2497 3968/3786/2497 3965/3783/2497 3966/3784/2497 
f 3686/3489/2497 3685/3488/2497 3966/3784/2497 3962/3778/2497 
f 3542/3491/2497 3967/3785/2497 3966/3784/2497 3685/3488/2497 
f 3963/3779/2497 3965/3783/2497 3969/3787/2497 3970/3788/2497 
f 3971/3789/2497 3970/3788/2497 3969/3787/2497 3972/3790/2497 
f 3968/3786/2497 3973/3791/2497 3969/3787/2497 3965/3783/2497 
f 3974/3792/2497 3972/3790/2497 3969/3787/2497 3973/3791/2497 
f 3975/3793/2497 3964/3780/2497 3963/3779/2497 3970/3788/2497 
f 3964/3780/2497 3975/3793/2497 3929/3794/2497 3923/3781/2497 
f 3970/3788/2497 3971/3789/2497 3976/3795/2497 3975/3793/2497 
f 3929/3794/2497 3975/3793/2497 3976/3795/2497 3930/3796/2497 
f 3977/3797/2056 3978/3798/2056 3979/3799/2056 3980/3800/2056 
f 3981/3801/2056 3982/3802/2056 3978/3798/2056 3977/3797/2056 
f 3983/3803/2056 3984/3804/2056 3977/3797/2056 3980/3800/2056 
f 3985/3805/2056 3981/3801/2056 3977/3797/2056 3984/3804/2056 
f 3979/3799/2056 3978/3798/2056 3986/3806/2056 3987/3807/2056 
f 3986/3806/2056 3769/3574/2414 3763/3568/2408 3987/3807/2056 
f 3988/3808/2056 3986/3806/2056 3978/3798/2056 3982/3802/2056 
f 3986/3806/2056 3988/3808/2056 3770/3575/2415 3769/3574/2414 
f 3989/3809/2056 3980/3800/2056 3979/3799/2056 3987/3807/2056 
f 3983/3803/2056 3980/3800/2056 3989/3809/2056 3990/3810/2056 
f 3987/3807/2056 3763/3568/2408 3764/3569/2409 3989/3809/2056 
f 3135/2928/1778 3990/3810/2056 3989/3809/2056 3764/3569/2409 
f 3991/3811/2056 3992/3812/2056 3993/3813/2056 3994/3814/2056 
f 3983/3803/2056 3992/3812/2056 3991/3811/2056 3984/3804/2056 
f 3994/3814/2056 3995/3815/2056 3996/3816/2056 3991/3811/2056 
f 3984/3804/2056 3991/3811/2056 3996/3816/2056 3985/3805/2056 
f 3997/3817/2056 3993/3813/2056 3992/3812/2056 3998/3818/2056 
f 3129/2922/2056 3997/3817/2056 3998/3818/2056 3134/2927/2056 
f 3992/3812/2056 3983/3803/2056 3990/3810/2056 3998/3818/2056 
f 3998/3818/2056 3990/3810/2056 3135/2928/1778 3134/2927/2056 
f 3997/3817/2056 3999/3819/2056 3994/3814/2056 3993/3813/2056 
f 4000/3820/2056 3995/3815/2056 3994/3814/2056 3999/3819/2056 
f 3999/3819/2056 3997/3817/2056 3129/2922/2056 3128/2921/2056 
f 3093/2886/2056 4000/3820/2056 3999/3819/2056 3128/2921/2056 
f 4001/3821/2056 4002/3822/2056 4003/3823/2056 4004/3824/2056 
f 3996/3816/2056 3995/3815/2056 4004/3824/2056 4003/3823/2056 
f 4002/3822/2056 4005/3825/2056 4006/3826/2056 4003/3823/2056 
f 3985/3805/2056 3996/3816/2056 4003/3823/2056 4006/3826/2056 
f 4001/3821/2056 4004/3824/2056 4007/3827/2056 4008/3828/2056 
f 4008/3828/2056 4007/3827/2056 3092/2885/2056 3083/2876/2056 
f 4000/3820/2056 4007/3827/2056 4004/3824/2056 3995/3815/2056 
f 4007/3827/2056 4000/3820/2056 3093/2886/2056 3092/2885/2056 
f 4009/3829/2056 4002/3822/2056 4001/3821/2056 4008/3828/2056 
f 4002/3822/2056 4009/3829/2056 4010/3830/2056 4005/3825/2056 
f 4008/3828/2056 3083/2876/2056 3084/2877/2056 4009/3829/2056 
f 3087/2880/2056 4010/3830/2056 4009/3829/2056 3084/2877/2056 
f 4011/3831/2056 4012/3832/2056 4013/3833/2056 4014/3834/2056 
f 4006/3826/2056 4005/3825/2056 4014/3834/2056 4013/3833/2056 
f 4012/3832/2056 4015/3835/2056 4016/3836/2056 4013/3833/2056 
f 3985/3805/2056 4006/3826/2056 4013/3833/2056 4016/3836/2056 
f 4014/3834/2056 4017/3837/2056 4018/3838/2056 4011/3831/2056 
f 3249/3042/2056 4018/3838/2056 4017/3837/2056 3252/3045/2056 
f 4010/3830/2056 4017/3837/2056 4014/3834/2056 4005/3825/2056 
f 3087/2880/2056 3252/3045/2056 4017/3837/2056 4010/3830/2056 
f 4019/3839/2056 4012/3832/2056 4011/3831/2056 4018/3838/2056 
f 4015/3835/2056 4012/3832/2056 4019/3839/2056 4020/3840/2056 
f 4018/3838/2056 3249/3042/2056 3248/3041/2056 4019/3839/2056 
f 3219/3012/2056 4020/3840/2056 4019/3839/2056 3248/3041/2056 
f 4021/3841/2498 4022/3842/2498 4023/3843/2498 4024/3844/2498 
f 4024/3844/2498 4025/3845/2498 4026/3846/2498 4021/3841/2498 
f 4023/3843/2498 4027/3847/2498 4028/3848/2499 4024/3844/2498 
f 4028/3848/2499 3985/3805/2498 4025/3845/2498 4024/3844/2498 
f 4029/3849/2498 4022/3842/2498 4021/3841/2498 4030/3850/2498 
f 4029/3849/2498 4030/3850/2498 3679/3851/2498 3680/3852/2498 
f 4031/3853/2499 4030/3850/2498 4021/3841/2498 4026/3846/2498 
f 4030/3850/2498 4031/3853/2499 3420/3213/2499 3679/3851/2498 
f 4022/3842/2498 4029/3849/2498 4032/3854/2498 4033/3855/2498 
f 3918/3728/2498 4033/3855/2498 4032/3854/2498 3924/3737/2498 
f 4032/3854/2498 4029/3849/2498 3680/3852/2498 3688/3856/2498 
f 4032/3854/2498 3688/3856/2498 3690/3738/2498 3924/3737/2498 
f 4033/3855/2498 4034/3857/2498 4023/3843/2498 4022/3842/2498 
f 4034/3857/2498 4035/3858/2498 4027/3847/2498 4023/3843/2498 
f 3918/3728/2498 3919/3729/2499 4034/3857/2498 4033/3855/2498 
f 4035/3858/2498 4034/3857/2498 3919/3729/2499 3851/3732/2499 
f 4036/3859/2500 4037/3860/2500 4038/3861/2500 4039/3862/2500 
f 4037/3860/2500 3988/3808/2500 3982/3802/2500 4038/3861/2500 
f 3789/3863/2500 3788/3864/2500 4037/3860/2500 4036/3859/2500 
f 3770/3575/2500 3988/3808/2500 4037/3860/2500 3788/3864/2500 
f 4040/3865/2500 4041/3866/2500 4039/3862/2500 4038/3861/2500 
f 4040/3865/2500 4028/3867/2500 4027/3868/2500 4041/3866/2500 
f 3982/3802/2500 3981/3801/2500 4040/3865/2500 4038/3861/2500 
f 4028/3867/2500 4040/3865/2500 3981/3801/2500 3985/3805/2500 
f 4041/3866/2500 4042/3869/2500 4043/3870/2500 4039/3862/2500 
f 4042/3869/2500 3850/3656/2500 3843/3648/2500 4043/3870/2500 
f 4041/3866/2500 4027/3868/2500 4035/3871/2500 4042/3869/2500 
f 3851/3657/2500 3850/3656/2500 4042/3869/2500 4035/3871/2500 
f 4036/3859/2500 4039/3862/2500 4043/3870/2500 4044/3872/2500 
f 3789/3863/2500 4036/3859/2500 4044/3872/2500 3794/3873/2500 
f 3842/3647/2500 4044/3872/2500 4043/3870/2500 3843/3648/2500 
f 3794/3873/2500 4044/3872/2500 3842/3647/2500 3795/3651/2500 
f 4045/3874/2501 4046/3875/2502 4047/3876/2503 4048/3877/2504 
f 3717/3522/2505 4046/3875/2502 4045/3874/2501 3722/3527/2506 
f 4045/3874/2501 4048/3877/2504 4049/3878/2507 4050/3879/2508 
f 4045/3874/2501 4050/3879/2508 3614/3407/2509 3722/3527/2506 
f 4051/3880/2510 4047/3876/2503 4046/3875/2502 4052/3881/2511 
f 4053/3882/2512 4054/3883/2512 4051/3880/2510 4052/3881/2511 
f 3718/3523/2513 4052/3881/2511 4046/3875/2502 3717/3522/2505 
f 4052/3881/2511 3718/3523/2513 3720/3525/2512 4053/3882/2512 
f 4055/3884/2514 4047/3876/2503 4051/3880/2510 4056/3885/2515 
f 4057/3886/2516 4058/3887/2517 4055/3884/2514 4056/3885/2515 
f 4051/3880/2510 4054/3883/2512 4059/3888/2512 4056/3885/2515 
f 4059/3888/2512 4060/3889/2512 4057/3886/2516 4056/3885/2515 
f 4048/3877/2504 4047/3876/2503 4055/3884/2514 4061/3890/2518 
f 4048/3877/2504 4061/3890/2518 4062/3891/2519 4049/3878/2507 
f 4055/3884/2514 4058/3887/2517 4063/3892/2520 4061/3890/2518 
f 4063/3892/2520 4064/3893/2521 4062/3891/2519 4061/3890/2518 
f 4065/3894/2522 4066/3895/2522 4067/3896/2523 4068/3897/2523 
f 3597/3390/2522 3591/3384/2523 4067/3896/2523 4066/3895/2522 
f 4065/3894/2522 4069/3898/2524 4070/3899/2524 4066/3895/2522 
f 4066/3895/2522 4070/3899/2524 3598/3391/2524 3597/3390/2522 
f 4071/3900/2525 4068/3897/2523 4067/3896/2523 4072/3901/2525 
f 3902/3708/2487 3903/3709/2487 4071/3900/2525 4072/3901/2525 
f 4067/3896/2523 3591/3384/2523 3592/3385/2525 4072/3901/2525 
f 3592/3385/2525 3594/3387/2487 3902/3708/2487 4072/3901/2525 
f 4073/3902/2523 4068/3897/2523 4071/3900/2525 4074/3903/2525 
f 4075/3904/2525 4076/3905/2523 4073/3902/2523 4074/3903/2525 
f 4071/3900/2525 3903/3709/2487 3911/3721/2487 4074/3903/2525 
f 3913/3723/2487 4075/3904/2525 4074/3903/2525 3911/3721/2487 
f 4073/3902/2523 4077/3906/2522 4065/3894/2522 4068/3897/2523 
f 4065/3894/2522 4077/3906/2522 4078/3907/2524 4069/3898/2524 
f 4073/3902/2523 4076/3905/2523 4079/3908/2522 4077/3906/2522 
f 4080/3909/2524 4078/3907/2524 4077/3906/2522 4079/3908/2522 
f 4081/3910/2526 4082/3911/2526 4083/3912/2527 4084/3913/2527 
f 4083/3912/2527 4082/3911/2526 3746/3551/2526 3743/3548/2527 
f 4081/3910/2526 3888/3694/2484 3889/3695/2484 4082/3911/2526 
f 4082/3911/2526 3889/3695/2484 3704/3509/2484 3746/3551/2526 
f 4085/3914/2528 4086/3915/2528 4084/3913/2527 4083/3912/2527 
f 4087/3916/2529 4088/3917/2529 4086/3915/2528 4085/3914/2528 
f 3744/3549/2528 4085/3914/2528 4083/3912/2527 3743/3548/2527 
f 3502/3295/2529 4087/3916/2529 4085/3914/2528 3744/3549/2528 
f 4086/3915/2528 4089/3918/2528 4090/3919/2527 4084/3913/2527 
f 4091/3920/2528 4092/3921/2527 4090/3919/2527 4089/3918/2528 
f 4086/3915/2528 4088/3917/2529 4093/3922/2529 4089/3918/2528 
f 4094/3923/2529 4091/3920/2528 4089/3918/2528 4093/3922/2529 
f 4081/3910/2526 4084/3913/2527 4090/3919/2527 4095/3924/2526 
f 3888/3694/2484 4081/3910/2526 4095/3924/2526 3894/3700/2484 
f 4090/3919/2527 4092/3921/2527 4096/3925/2526 4095/3924/2526 
f 3894/3700/2484 4095/3924/2526 4096/3925/2526 3895/3701/2484 
f 4097/3926/2530 4098/3927/2530 4099/3928/2531 4100/3929/2531 
f 3758/3563/2530 3755/3560/2531 4099/3928/2531 4098/3927/2530 
f 4097/3926/2530 4054/3883/2512 4053/3882/2512 4098/3927/2530 
f 4098/3927/2530 4053/3882/2512 3720/3525/2512 3758/3563/2530 
f 4101/3930/2532 4102/3931/2532 4100/3929/2531 4099/3928/2531 
f 4102/3931/2532 4101/3930/2532 3938/3754/2492 3937/3753/2492 
f 4099/3928/2531 3755/3560/2531 3756/3561/2532 4101/3930/2532 
f 3522/3315/2492 3938/3754/2492 4101/3930/2532 3756/3561/2532 
f 4102/3931/2532 4103/3932/2532 4104/3933/2531 4100/3929/2531 
f 4104/3933/2531 4103/3932/2532 4105/3934/2532 4106/3935/2531 
f 3937/3753/2492 3946/3762/2492 4103/3932/2532 4102/3931/2532 
f 3946/3762/2492 3948/3764/2492 4105/3934/2532 4103/3932/2532 
f 4104/3933/2531 4107/3936/2530 4097/3926/2530 4100/3929/2531 
f 4107/3936/2530 4059/3888/2512 4054/3883/2512 4097/3926/2530 
f 4104/3933/2531 4106/3935/2531 4108/3937/2530 4107/3936/2530 
f 4059/3888/2512 4107/3936/2530 4108/3937/2530 4060/3889/2512 
f 4109/3938/2533 4110/3939/2533 4111/3940/2533 4112/3941/2533 
f 4110/3939/2533 3541/3334/2533 3536/3329/2533 4111/3940/2533 
f 4109/3938/2533 3968/3942/2533 3967/3943/2533 4110/3939/2533 
f 3967/3943/2533 3542/3335/2533 3541/3334/2533 4110/3939/2533 
f 4111/3940/2533 4113/3944/2533 4114/3945/2533 4112/3941/2533 
f 4115/3946/2533 4116/3947/2533 4114/3945/2533 4113/3944/2533 
f 3536/3329/2533 3535/3328/2533 4113/3944/2533 4111/3940/2533 
f 3538/3331/2533 4115/3946/2533 4113/3944/2533 3535/3328/2533 
f 4114/3945/2533 4117/3948/2533 4118/3949/2533 4112/3941/2533 
f 4119/3950/2533 4118/3949/2533 4117/3948/2533 4120/3951/2533 
f 4114/3945/2533 4116/3947/2533 4121/3952/2533 4117/3948/2533 
f 4120/3951/2533 4117/3948/2533 4121/3952/2533 4122/3953/2533 
f 4118/3949/2533 4123/3954/2533 4109/3938/2533 4112/3941/2533 
f 4123/3954/2533 3973/3955/2533 3968/3942/2533 4109/3938/2533 
f 4124/3956/2533 4123/3954/2533 4118/3949/2533 4119/3950/2533 
f 4124/3956/2533 3974/3957/2533 3973/3955/2533 4123/3954/2533 
f 4125/3958/2534 4126/3959/2535 4127/3960/2536 4128/3961/2537 
f 4127/3960/2536 4126/3959/2535 3617/3410/2538 3612/3405/2539 
f 4125/3958/2534 4129/3962/2540 4130/3963/2541 4126/3959/2535 
f 4130/3963/2541 3618/3411/2542 3617/3410/2538 4126/3959/2535 
f 4131/3964/2543 4128/3961/2537 4127/3960/2536 4132/3965/2544 
f 4049/3878/2507 4131/3964/2543 4132/3965/2544 4050/3879/2508 
f 4132/3965/2544 4127/3960/2536 3612/3405/2539 3611/3404/2545 
f 3611/3404/2545 3614/3407/2509 4050/3879/2508 4132/3965/2544 
f 4133/3966/2546 4128/3961/2537 4131/3964/2543 4134/3967/2547 
f 4134/3967/2547 4135/3968/2548 4136/3969/2549 4133/3966/2546 
f 4062/3891/2519 4134/3967/2547 4131/3964/2543 4049/3878/2507 
f 4064/3893/2521 4135/3968/2548 4134/3967/2547 4062/3891/2519 
f 4133/3966/2546 4137/3970/2550 4125/3958/2534 4128/3961/2537 
f 4137/3970/2550 4138/3971/2551 4129/3962/2540 4125/3958/2534 
f 4133/3966/2546 4136/3969/2549 4139/3972/2552 4137/3970/2550 
f 4138/3971/2551 4137/3970/2550 4139/3972/2552 4140/3973/2553 
f 4141/3974/2554 4142/3975/2554 4143/3976/2555 4144/3977/2555 
f 4142/3975/2554 3501/3294/2554 3496/3289/2555 4143/3976/2555 
f 4088/3917/2529 4087/3916/2529 4142/3975/2554 4141/3974/2554 
f 3502/3295/2529 3501/3294/2554 4142/3975/2554 4087/3916/2529 
f 4145/3978/2556 4146/3979/2556 4144/3977/2555 4143/3976/2555 
f 4147/3980/2557 4148/3981/2557 4146/3979/2556 4145/3978/2556 
f 4145/3978/2556 4143/3976/2555 3496/3289/2555 3495/3288/2556 
f 3498/3291/2557 4147/3980/2557 4145/3978/2556 3495/3288/2556 
f 4146/3979/2556 4149/3982/2556 4150/3983/2555 4144/3977/2555 
f 4149/3982/2556 4151/3984/2556 4152/3985/2555 4150/3983/2555 
f 4146/3979/2556 4148/3981/2557 4153/3986/2557 4149/3982/2556 
f 4154/3987/2557 4151/3984/2556 4149/3982/2556 4153/3986/2557 
f 4141/3974/2554 4144/3977/2555 4150/3983/2555 4155/3988/2554 
f 4141/3974/2554 4155/3988/2554 4093/3922/2529 4088/3917/2529 
f 4150/3983/2555 4152/3985/2555 4156/3989/2554 4155/3988/2554 
f 4155/3988/2554 4156/3989/2554 4094/3923/2529 4093/3922/2529 
f 4157/3990/2558 4158/3991/2559 4159/3992/2560 4160/3993/2561 
f 3628/3425/2562 4160/3993/2561 4159/3992/2560 3630/3430/2563 
f 4158/3991/2559 4116/3994/2564 4115/3995/2565 4159/3992/2560 
f 3538/3431/2566 3630/3430/2563 4159/3992/2560 4115/3995/2565 
f 4161/3996/2567 4162/3997/2568 4157/3990/2558 4160/3993/2561 
f 4161/3996/2567 4130/3998/2541 4129/3999/2540 4162/3997/2568 
f 4160/3993/2561 3628/3425/2562 3627/3424/2569 4161/3996/2567 
f 3627/3424/2569 3618/3427/2542 4130/3998/2541 4161/3996/2567 
f 4162/3997/2568 4163/4000/2570 4164/4001/2571 4157/3990/2558 
f 4163/4000/2570 4165/4002/2572 4166/4003/2573 4164/4001/2571 
f 4162/3997/2568 4129/3999/2540 4138/4004/2551 4163/4000/2570 
f 4165/4002/2572 4163/4000/2570 4138/4004/2551 4140/4005/2553 
f 4167/4006/2574 4158/3991/2559 4157/3990/2558 4164/4001/2571 
f 4121/4007/2575 4116/3994/2564 4158/3991/2559 4167/4006/2574 
f 4164/4001/2571 4166/4003/2573 4168/4008/2576 4167/4006/2574 
f 4121/4007/2575 4167/4006/2574 4168/4008/2576 4122/4009/2577 
f 4169/4010/2578 4170/4011/2578 4171/4012/2579 4172/4013/2579 
f 4170/4011/2578 3674/3475/2578 3672/3473/2579 4171/4012/2579 
f 3806/3611/2467 3807/3612/2467 4170/4011/2578 4169/4010/2578 
f 3644/3445/2467 3674/3475/2578 4170/4011/2578 3807/3612/2467 
f 4173/4014/2580 4174/4015/2580 4172/4013/2579 4171/4012/2579 
f 4173/4014/2580 4070/3899/2524 4069/3898/2524 4174/4015/2580 
f 3672/3473/2579 3671/3472/2580 4173/4014/2580 4171/4012/2579 
f 3598/3391/2524 4070/3899/2524 4173/4014/2580 3671/3472/2580 
f 4175/4016/2580 4176/4017/2579 4172/4013/2579 4174/4015/2580 
f 4175/4016/2580 4177/4018/2580 4178/4019/2579 4176/4017/2579 
f 4078/3907/2524 4175/4016/2580 4174/4015/2580 4069/3898/2524 
f 4177/4018/2580 4175/4016/2580 4078/3907/2524 4080/3909/2524 
f 4172/4013/2579 4176/4017/2579 4179/4020/2578 4169/4010/2578 
f 4179/4020/2578 3812/3617/2467 3806/3611/2467 4169/4010/2578 
f 4178/4019/2579 4180/4021/2578 4179/4020/2578 4176/4017/2579 
f 3813/3618/2467 3812/3617/2467 4179/4020/2578 4180/4021/2578 
f 4181/4022/2581 4182/4023/2582 4183/4024/2582 4184/4025/2581 
f 3554/3347/2582 4182/4023/2582 4181/4022/2581 3558/3351/2581 
f 4184/4025/2581 4148/3981/2557 4147/3980/2557 4181/4022/2581 
f 4181/4022/2581 4147/3980/2557 3498/3291/2557 3558/3351/2581 
f 4185/4026/2583 4186/4027/2583 4183/4024/2582 4182/4023/2582 
f 3803/3608/2465 3802/3607/2465 4186/4027/2583 4185/4026/2583 
f 3554/3347/2582 3553/3346/2583 4185/4026/2583 4182/4023/2582 
f 3556/3349/2465 3803/3608/2465 4185/4026/2583 3553/3346/2583 
f 4183/4024/2582 4186/4027/2583 4187/4028/2583 4188/4029/2582 
f 4188/4029/2582 4187/4028/2583 4189/4030/2583 4190/4031/2582 
f 3802/3607/2465 3815/3620/2465 4187/4028/2583 4186/4027/2583 
f 4187/4028/2583 3815/3620/2465 3817/3622/2465 4189/4030/2583 
f 4191/4032/2581 4184/4025/2581 4183/4024/2582 4188/4029/2582 
f 4184/4025/2581 4191/4032/2581 4153/3986/2557 4148/3981/2557 
f 4190/4031/2582 4192/4033/2581 4191/4032/2581 4188/4029/2582 
f 4192/4033/2581 4154/3987/2557 4153/3986/2557 4191/4032/2581 
f 4193/4034/2056 4194/4035/2056 4195/4036/2056 4196/4037/2056 
f 4016/4038/2056 4015/4039/2056 4196/4037/2056 4195/4036/2056 
f 4194/4035/2056 4026/4040/2056 4025/4041/2056 4195/4036/2056 
f 3985/4042/2056 4016/4038/2056 4195/4036/2056 4025/4041/2056 
f 4197/4043/2056 4198/4044/2056 4193/4034/2056 4196/4037/2056 
f 4198/4044/2056 4197/4043/2056 3218/4045/2056 3213/4046/2056 
f 4015/4039/2056 4020/4047/2056 4197/4043/2056 4196/4037/2056 
f 3219/4048/2056 3218/4045/2056 4197/4043/2056 4020/4047/2056 
f 4199/4049/2056 4193/4034/2056 4198/4044/2056 4200/4050/2056 
f 3438/4051/2056 4199/4049/2056 4200/4050/2056 3441/4052/2056 
f 3212/4053/2056 4200/4050/2056 4198/4044/2056 3213/4046/2056 
f 3441/4052/2056 4200/4050/2056 3212/4053/2056 3191/4054/2056 
f 4194/4035/2056 4193/4034/2056 4199/4049/2056 4201/4055/2056 
f 4031/4056/2056 4026/4040/2056 4194/4035/2056 4201/4055/2056 
f 3437/4057/2056 4201/4055/2056 4199/4049/2056 3438/4051/2056 
f 3420/4058/2056 4031/4056/2056 4201/4055/2056 3437/4057/2056 
f 4202/4059/2584 4203/4060/2584 4204/4061/2584 4205/4062/2584 
f 3912/4063/2584 3908/4064/2584 4203/4060/2584 4202/4059/2584 
f 4206/4065/2584 4202/4059/2584 4205/4062/2584 4207/4066/2584 
f 3913/4067/2584 3912/4063/2584 4202/4059/2584 4206/4065/2584 
f 4208/4068/2584 4204/4061/2584 4203/4060/2584 4209/4069/2584 
f 4209/4069/2584 3860/4070/2584 3854/4071/2584 4208/4068/2584 
f 4209/4069/2584 4203/4060/2584 3908/4064/2584 3909/4072/2584 
f 3861/4073/2584 3860/4070/2584 4209/4069/2584 3909/4072/2584 
f 4210/4074/2584 4205/4062/2584 4204/4061/2584 4208/4068/2584 
f 4211/4075/2584 4207/4066/2584 4205/4062/2584 4210/4074/2584 
f 3854/4071/2584 3855/4076/2584 4210/4074/2584 4208/4068/2584 
f 3855/4076/2584 3857/4077/2584 4211/4075/2584 4210/4074/2584 
f 4212/4078/2584 4213/4079/2584 4214/4080/2584 4215/4081/2584 
f 4213/4079/2584 4212/4078/2584 4206/4065/2584 4207/4066/2584 
f 4215/4081/2584 4076/4082/2584 4075/4083/2584 4212/4078/2584 
f 4206/4065/2584 4212/4078/2584 4075/4083/2584 3913/4067/2584 
f 4213/4079/2584 4216/4084/2584 4217/4085/2584 4214/4080/2584 
f 4217/4085/2584 4216/4084/2584 4218/4086/2584 4219/4087/2584 
f 4213/4079/2584 4207/4066/2584 4211/4075/2584 4216/4084/2584 
f 4218/4086/2584 4216/4084/2584 4211/4075/2584 3857/4077/2584 
f 4215/4081/2584 4214/4080/2584 4217/4085/2584 4220/4088/2584 
f 4076/4082/2584 4215/4081/2584 4220/4088/2584 4079/4089/2584 
f 4217/4085/2584 4219/4087/2584 4221/4090/2584 4220/4088/2584 
f 4079/4089/2584 4220/4088/2584 4221/4090/2584 4080/4091/2584 
f 4222/4092/2584 4223/4093/2584 4224/4094/2584 4225/4095/2584 
f 4222/4092/2584 4226/4096/2584 4227/4097/2584 4223/4093/2584 
f 4219/4087/2584 4218/4086/2584 4222/4092/2584 4225/4095/2584 
f 4218/4086/2584 3857/4077/2584 4226/4096/2584 4222/4092/2584 
f 4228/4098/2584 4224/4094/2584 4223/4093/2584 4229/4099/2584 
f 4229/4099/2584 4180/4100/2584 4178/4101/2584 4228/4098/2584 
f 4227/4097/2584 4230/4102/2584 4229/4099/2584 4223/4093/2584 
f 3813/4103/2584 4180/4100/2584 4229/4099/2584 4230/4102/2584 
f 4224/4094/2584 4228/4098/2584 4231/4104/2584 4225/4095/2584 
f 4221/4090/2584 4219/4087/2584 4225/4095/2584 4231/4104/2584 
f 4231/4104/2584 4228/4098/2584 4178/4101/2584 4177/4105/2584 
f 4221/4090/2584 4231/4104/2584 4177/4105/2584 4080/4091/2584 
f 4232/4106/2584 4233/4107/2584 4234/4108/2584 4235/4109/2584 
f 4233/4107/2584 4236/4110/2584 4237/4111/2584 4234/4108/2584 
f 4226/4096/2584 4233/4107/2584 4232/4106/2584 4227/4097/2584 
f 4236/4110/2584 4233/4107/2584 4226/4096/2584 3857/4077/2584 
f 4234/4108/2584 4238/4112/2584 4239/4113/2584 4235/4109/2584 
f 3810/4114/2584 4239/4113/2584 4238/4112/2584 3816/4115/2584 
f 4240/4116/2584 4238/4112/2584 4234/4108/2584 4237/4111/2584 
f 3817/4117/2584 3816/4115/2584 4238/4112/2584 4240/4116/2584 
f 4239/4113/2584 4241/4118/2584 4232/4106/2584 4235/4109/2584 
f 4232/4106/2584 4241/4118/2584 4230/4102/2584 4227/4097/2584 
f 4239/4113/2584 3810/4114/2584 3811/4119/2584 4241/4118/2584 
f 4230/4102/2584 4241/4118/2584 3811/4119/2584 3813/4103/2584 
f 4242/4120/2584 4243/4121/2584 4244/4122/2584 4245/4123/2584 
f 4246/4124/2584 4242/4120/2584 4245/4123/2584 4247/4125/2584 
f 4244/4122/2584 4237/4111/2584 4236/4110/2584 4245/4123/2584 
f 4247/4125/2584 4245/4123/2584 4236/4110/2584 3857/4077/2584 
f 4243/4121/2584 4242/4120/2584 4248/4126/2584 4249/4127/2584 
f 4190/4128/2584 4249/4127/2584 4248/4126/2584 4192/4129/2584 
f 4250/4130/2584 4248/4126/2584 4242/4120/2584 4246/4124/2584 
f 4154/4131/2584 4192/4129/2584 4248/4126/2584 4250/4130/2584 
f 4251/4132/2584 4244/4122/2584 4243/4121/2584 4249/4127/2584 
f 4244/4122/2584 4251/4132/2584 4240/4116/2584 4237/4111/2584 
f 4189/4133/2584 4251/4132/2584 4249/4127/2584 4190/4128/2584 
f 4240/4116/2584 4251/4132/2584 4189/4133/2584 3817/4117/2584 
f 4252/4134/2584 4253/4135/2584 4254/4136/2584 4255/4137/2584 
f 4255/4137/2584 4256/4138/2584 4257/4139/2584 4252/4134/2584 
f 4246/4124/2584 4247/4125/2584 4255/4137/2584 4254/4136/2584 
f 4256/4138/2584 4255/4137/2584 4247/4125/2584 3857/4077/2584 
f 4258/4140/2584 4253/4135/2584 4252/4134/2584 4259/4141/2584 
f 4259/4141/2584 4156/4142/2584 4152/4143/2584 4258/4140/2584 
f 4260/4144/2584 4259/4141/2584 4252/4134/2584 4257/4139/2584 
f 4094/4145/2584 4156/4142/2584 4259/4141/2584 4260/4144/2584 
f 4261/4146/2584 4254/4136/2584 4253/4135/2584 4258/4140/2584 
f 4250/4130/2584 4246/4124/2584 4254/4136/2584 4261/4146/2584 
f 4151/4147/2584 4261/4146/2584 4258/4140/2584 4152/4143/2584 
f 4154/4131/2584 4250/4130/2584 4261/4146/2584 4151/4147/2584 
f 4262/4148/2584 4263/4149/2584 4264/4150/2584 4265/4151/2584 
f 4168/4152/2584 4166/4153/2584 4265/4151/2584 4264/4150/2584 
f 4263/4149/2584 4119/4154/2584 4120/4155/2584 4264/4150/2584 
f 4122/4156/2584 4168/4152/2584 4264/4150/2584 4120/4155/2584 
f 4266/4157/2584 4267/4158/2584 4262/4148/2584 4265/4151/2584 
f 4139/4159/2584 4136/4160/2584 4267/4158/2584 4266/4157/2584 
f 4165/4161/2584 4266/4157/2584 4265/4151/2584 4166/4153/2584 
f 4165/4161/2584 4140/4162/2584 4139/4159/2584 4266/4157/2584 
f 4268/4163/2584 4262/4148/2584 4267/4158/2584 4269/4164/2584 
f 4268/4163/2584 4269/4164/2584 4270/4165/2584 4271/4166/2584 
f 4267/4158/2584 4136/4160/2584 4135/4167/2584 4269/4164/2584 
f 4269/4164/2584 4135/4167/2584 4064/4168/2584 4270/4165/2584 
f 4268/4163/2584 4272/4169/2584 4263/4149/2584 4262/4148/2584 
f 4124/4170/2584 4119/4154/2584 4263/4149/2584 4272/4169/2584 
f 4268/4163/2584 4271/4166/2584 4273/4171/2584 4272/4169/2584 
f 4273/4171/2584 3974/4172/2584 4124/4170/2584 4272/4169/2584 
f 4274/4173/2584 4275/4174/2584 4276/4175/2584 4277/4176/2584 
f 4271/4166/2584 4275/4174/2584 4274/4173/2584 4273/4171/2584 
f 4277/4176/2584 4278/4177/2584 4279/4178/2584 4274/4173/2584 
f 4273/4171/2584 4274/4173/2584 4279/4178/2584 3974/4172/2584 
f 4280/4179/2584 4281/4180/2584 4276/4175/2584 4275/4174/2584 
f 4281/4180/2584 4280/4179/2584 4063/4181/2584 4058/4182/2584 
f 4270/4165/2584 4280/4179/2584 4275/4174/2584 4271/4166/2584 
f 4063/4181/2584 4280/4179/2584 4270/4165/2584 4064/4168/2584 
f 4282/4183/2584 4277/4176/2584 4276/4175/2584 4281/4180/2584 
f 4277/4176/2584 4282/4183/2584 4283/4184/2584 4278/4177/2584 
f 4282/4183/2584 4281/4180/2584 4058/4182/2584 4057/4185/2584 
f 4283/4184/2584 4282/4183/2584 4057/4185/2584 4060/4186/2584 
f 4284/4187/2584 4285/4188/2584 4286/4189/2584 4287/4190/2584 
f 4279/4178/2584 4278/4177/2584 4287/4190/2584 4286/4189/2584 
f 4285/4188/2584 4288/4191/2584 4289/4192/2584 4286/4189/2584 
f 3974/4172/2584 4279/4178/2584 4286/4189/2584 4289/4192/2584 
f 4290/4193/2584 4291/4194/2584 4284/4187/2584 4287/4190/2584 
f 4108/4195/2584 4106/4196/2584 4291/4194/2584 4290/4193/2584 
f 4290/4193/2584 4287/4190/2584 4278/4177/2584 4283/4184/2584 
f 4060/4186/2584 4108/4195/2584 4290/4193/2584 4283/4184/2584 
f 4292/4197/2584 4285/4188/2584 4284/4187/2584 4291/4194/2584 
f 4285/4188/2584 4292/4197/2584 4293/4198/2584 4288/4191/2584 
f 4291/4194/2584 4106/4196/2584 4105/4199/2584 4292/4197/2584 
f 3948/4200/2584 4293/4198/2584 4292/4197/2584 4105/4199/2584 
f 4294/4201/2584 4295/4202/2584 4296/4203/2584 4297/4204/2584 
f 4289/4192/2584 4288/4191/2584 4295/4202/2584 4294/4201/2584 
f 4298/4205/2584 4299/4206/2584 4294/4201/2584 4297/4204/2584 
f 4289/4192/2584 4294/4201/2584 4299/4206/2584 3974/4172/2584 
f 4300/4207/2584 4301/4208/2584 4296/4203/2584 4295/4202/2584 
f 3943/4209/2584 4301/4208/2584 4300/4207/2584 3947/4210/2584 
f 4288/4191/2584 4293/4198/2584 4300/4207/2584 4295/4202/2584 
f 4300/4207/2584 4293/4198/2584 3948/4200/2584 3947/4210/2584 
f 4297/4204/2584 4296/4203/2584 4301/4208/2584 4302/4211/2584 
f 4302/4211/2584 4303/4212/2584 4298/4205/2584 4297/4204/2584 
f 4302/4211/2584 4301/4208/2584 3943/4209/2584 3944/4213/2584 
f 4303/4212/2584 4302/4211/2584 3944/4213/2584 3881/4214/2584 
f 4304/4215/2584 4305/4216/2584 4306/4217/2584 4307/4218/2584 
f 4298/4205/2584 4305/4216/2584 4304/4215/2584 4299/4206/2584 
f 4307/4218/2584 3971/4219/2584 3972/4220/2584 4304/4215/2584 
f 4304/4215/2584 3972/4220/2584 3974/4172/2584 4299/4206/2584 
f 4308/4221/2584 4309/4222/2584 4306/4217/2584 4305/4216/2584 
f 4308/4221/2584 3880/4223/2584 3875/4224/2584 4309/4222/2584 
f 4303/4212/2584 4308/4221/2584 4305/4216/2584 4298/4205/2584 
f 3881/4214/2584 3880/4223/2584 4308/4221/2584 4303/4212/2584 
f 4310/4225/2584 4311/4226/2584 4306/4217/2584 4309/4222/2584 
f 4311/4226/2584 4310/4225/2584 4312/4227/2584 4313/4228/2584 
f 4309/4222/2584 3875/4224/2584 3874/4229/2584 4310/4225/2584 
f 4312/4227/2584 4310/4225/2584 3874/4229/2584 3877/4230/2584 
f 4306/4217/2584 4311/4226/2584 4314/4231/2584 4307/4218/2584 
f 3976/4232/2584 3971/4219/2584 4307/4218/2584 4314/4231/2584 
f 4311/4226/2584 4313/4228/2584 4315/4233/2584 4314/4231/2584 
f 4314/4231/2584 4315/4233/2584 3930/4234/2584 3976/4232/2584 
f 4316/4235/2584 4317/4236/2584 4318/4237/2584 4319/4238/2584 
f 4316/4235/2584 4315/4233/2584 4313/4228/2584 4317/4236/2584 
f 4319/4238/2584 4320/4239/2584 4321/4240/2584 4316/4235/2584 
f 3930/4234/2584 4315/4233/2584 4316/4235/2584 4321/4240/2584 
f 4322/4241/2584 4323/4242/2584 4318/4237/2584 4317/4236/2584 
f 4322/4241/2584 3960/4243/2584 3958/4244/2584 4323/4242/2584 
f 4317/4236/2584 4313/4228/2584 4312/4227/2584 4322/4241/2584 
f 3960/4243/2584 4322/4241/2584 4312/4227/2584 3877/4230/2584 
f 4324/4245/2584 4319/4238/2584 4318/4237/2584 4323/4242/2584 
f 4320/4239/2584 4319/4238/2584 4324/4245/2584 4325/4246/2584 
f 3958/4244/2584 3957/4247/2584 4324/4245/2584 4323/4242/2584 
f 4325/4246/2584 4324/4245/2584 3957/4247/2584 3837/4248/2584 
f 4326/4249/2584 4327/4250/2584 4328/4251/2584 4329/4252/2584 
f 4329/4252/2584 4328/4251/2584 4321/4240/2584 4320/4239/2584 
f 4330/4253/2584 4331/4254/2584 4328/4251/2584 4327/4250/2584 
f 4321/4240/2584 4328/4251/2584 4331/4254/2584 3930/4234/2584 
f 4332/4255/2584 4333/4256/2584 4326/4249/2584 4329/4252/2584 
f 3831/4257/2584 4333/4256/2584 4332/4255/2584 3836/4258/2584 
f 4325/4246/2584 4332/4255/2584 4329/4252/2584 4320/4239/2584 
f 3836/4258/2584 4332/4255/2584 4325/4246/2584 3837/4248/2584 
f 4334/4259/2584 4327/4250/2584 4326/4249/2584 4333/4256/2584 
f 4334/4259/2584 4335/4260/2584 4330/4253/2584 4327/4250/2584 
f 3831/4257/2584 3830/4261/2584 4334/4259/2584 4333/4256/2584 
f 3833/4262/2584 4335/4260/2584 4334/4259/2584 3830/4261/2584 
f 4336/4263/2584 4337/4264/2584 4338/4265/2584 4339/4266/2584 
f 4336/4263/2584 4331/4254/2584 4330/4253/2584 4337/4264/2584 
f 4339/4266/2584 4340/4267/2584 4341/4268/2584 4336/4263/2584 
f 4331/4254/2584 4336/4263/2584 4341/4268/2584 3930/4234/2584 
f 4342/4269/2584 4343/4270/2584 4338/4265/2584 4337/4264/2584 
f 3893/4271/2584 4343/4270/2584 4342/4269/2584 3897/4272/2584 
f 4330/4253/2584 4335/4260/2584 4342/4269/2584 4337/4264/2584 
f 3833/4262/2584 3897/4272/2584 4342/4269/2584 4335/4260/2584 
f 4344/4273/2584 4339/4266/2584 4338/4265/2584 4343/4270/2584 
f 4340/4267/2584 4339/4266/2584 4344/4273/2584 4345/4274/2584 
f 3892/4275/2584 4344/4273/2584 4343/4270/2584 3893/4271/2584 
f 3895/4276/2584 4345/4274/2584 4344/4273/2584 3892/4275/2584 
f 4346/4277/2584 4347/4278/2584 4348/4279/2584 4349/4280/2584 
f 4257/4139/2584 4348/4279/2584 4347/4278/2584 4260/4144/2584 
f 4091/4281/2584 4347/4278/2584 4346/4277/2584 4092/4282/2584 
f 4091/4281/2584 4094/4145/2584 4260/4144/2584 4347/4278/2584 
f 4350/4283/2584 4349/4280/2584 4348/4279/2584 4351/4284/2584 
f 3928/4285/2584 4350/4283/2584 4351/4284/2584 3932/4286/2584 
f 4351/4284/2584 4348/4279/2584 4257/4139/2584 4256/4138/2584 
f 3932/4286/2584 4351/4284/2584 4256/4138/2584 3857/4077/2584 
f 4350/4283/2584 4352/4287/2584 4353/4288/2584 4349/4280/2584 
f 4352/4287/2584 4341/4268/2584 4340/4267/2584 4353/4288/2584 
f 4352/4287/2584 4350/4283/2584 3928/4285/2584 3927/4289/2584 
f 3930/4234/2584 4341/4268/2584 4352/4287/2584 3927/4289/2584 
f 4353/4288/2584 4354/4290/2584 4346/4277/2584 4349/4280/2584 
f 4096/4291/2584 4092/4282/2584 4346/4277/2584 4354/4290/2584 
f 4345/4274/2584 4354/4290/2584 4353/4288/2584 4340/4267/2584 
f 4096/4291/2584 4354/4290/2584 4345/4274/2584 3895/4276/2584 
f 4355/4292/2584 4356/4293/2584 4357/4294/2584 4358/4295/2584 
f 4359/4296/2584 4358/4295/2584 4357/4294/2584 4360/4297/2584 
f 4361/4298/2584 4362/4299/2584 4357/4294/2584 4356/4293/2584 
f 4360/4297/2584 4357/4294/2584 4362/4299/2584 4363/4300/2584 
f 4355/4292/2584 4358/4295/2584 4364/4301/2584 4365/4302/2584 
f 4365/4302/2584 4364/4301/2584 4366/4303/2585 4367/4304/2585 
f 4368/4305/2584 4364/4301/2584 4358/4295/2584 4359/4296/2584 
f 4368/4305/2584 4369/4306/2586 4366/4303/2585 4364/4301/2584 
f 4370/4307/2584 4355/4292/2584 4365/4302/2584 4371/4308/2584 
f 4372/4309/2584 4370/4307/2584 4371/4308/2584 4373/4310/2584 
f 4374/4311/2585 4371/4308/2584 4365/4302/2584 4367/4304/2585 
f 4373/4310/2584 4371/4308/2584 4374/4311/2585 4375/4312/2585 
f 4355/4292/2584 4370/4307/2584 4376/4313/2584 4356/4293/2584 
f 4376/4313/2584 4377/4314/2584 4361/4298/2584 4356/4293/2584 
f 4378/4315/2584 4376/4313/2584 4370/4307/2584 4372/4309/2584 
f 4377/4314/2584 4376/4313/2584 4378/4315/2584 4379/4316/2584 
f 4380/4317/2056 4381/4318/2056 4382/4319/2056 4383/4320/2056 
f 4381/4318/2056 4384/4321/2056 4385/4322/2056 4382/4319/2056 
f 4386/4323/2056 4381/4318/2056 4380/4317/2056 4387/4324/2056 
f 4384/4321/2056 4381/4318/2056 4386/4323/2056 4388/4325/2056 
f 4389/4326/2056 4383/4320/2056 4382/4319/2056 4390/4327/2056 
f 4389/4326/2056 4390/4327/2056 4391/4328/2587 4392/4329/2587 
f 4385/4322/2056 4393/4330/2056 4390/4327/2056 4382/4319/2056 
f 4394/4331/2588 4391/4328/2587 4390/4327/2056 4393/4330/2056 
f 4395/4332/2056 4383/4320/2056 4389/4326/2056 4396/4333/2056 
f 4395/4332/2056 4396/4333/2056 4397/4334/2056 4398/4335/2056 
f 4399/4336/2587 4396/4333/2056 4389/4326/2056 4392/4329/2587 
f 4397/4334/2056 4396/4333/2056 4399/4336/2587 4400/4337/2587 
f 4380/4317/2056 4383/4320/2056 4395/4332/2056 4401/4338/2056 
f 4387/4324/2056 4380/4317/2056 4401/4338/2056 4402/4339/2056 
f 4395/4332/2056 4398/4335/2056 4403/4340/2056 4401/4338/2056 
f 4403/4340/2056 4404/4341/2056 4402/4339/2056 4401/4338/2056 
f 4405/4342/2056 4406/4343/2056 4407/4344/2056 4408/4345/2056 
f 4407/4344/2056 4406/4343/2056 4409/4346/2056 4410/4347/2056 
f 4411/4348/2589 4412/4349/2589 4406/4343/2056 4405/4342/2056 
f 4409/4346/2056 4406/4343/2056 4412/4349/2589 4413/4350/2590 
f 4414/4351/2056 4415/4352/2056 4408/4345/2056 4407/4344/2056 
f 4386/4323/2056 4387/4324/2056 4415/4352/2056 4414/4351/2056 
f 4407/4344/2056 4410/4347/2056 4416/4353/2056 4414/4351/2056 
f 4386/4323/2056 4414/4351/2056 4416/4353/2056 4388/4325/2056 
f 4415/4352/2056 4417/4354/2056 4418/4355/2056 4408/4345/2056 
f 4418/4355/2056 4417/4354/2056 4419/4356/2056 4420/4357/2056 
f 4415/4352/2056 4387/4324/2056 4402/4339/2056 4417/4354/2056 
f 4402/4339/2056 4404/4341/2056 4419/4356/2056 4417/4354/2056 
f 4405/4342/2056 4408/4345/2056 4418/4355/2056 4421/4358/2056 
f 4421/4358/2056 4422/4359/2589 4411/4348/2589 4405/4342/2056 
f 4418/4355/2056 4420/4357/2056 4423/4360/2056 4421/4358/2056 
f 4423/4360/2056 4424/4361/2589 4422/4359/2589 4421/4358/2056 
f 4425/4362/2474 4426/4363/2474 4427/4364/2474 4428/4365/2474 
f 4429/4366/2474 4430/4367/2474 4427/4364/2474 4426/4363/2474 
f 4392/4329/2587 4391/4328/2587 4426/4363/2474 4425/4362/2474 
f 4394/4331/2588 4429/4366/2474 4426/4363/2474 4391/4328/2587 
f 4431/4368/2474 4432/4369/2474 4428/4365/2474 4427/4364/2474 
f 4431/4368/2474 4433/4370/2591 4434/4371/2591 4432/4369/2474 
f 4427/4364/2474 4430/4367/2474 4435/4372/2474 4431/4368/2474 
f 4433/4370/2591 4431/4368/2474 4435/4372/2474 4436/4373/2592 
f 4432/4369/2474 4437/4374/2474 4438/4375/2474 4428/4365/2474 
f 4439/4376/2474 4440/4360/2474 4438/4375/2474 4437/4374/2474 
f 4432/4369/2474 4434/4371/2591 4441/4377/2591 4437/4374/2474 
f 4441/4377/2591 4442/4378/2591 4439/4376/2474 4437/4374/2474 
f 4438/4375/2474 4443/4379/2474 4425/4362/2474 4428/4365/2474 
f 4425/4362/2474 4443/4379/2474 4399/4336/2587 4392/4329/2587 
f 4438/4375/2474 4440/4360/2474 4444/4380/2474 4443/4379/2474 
f 4400/4337/2587 4399/4336/2587 4443/4379/2474 4444/4380/2474 
f 4445/4381/2497 4446/4382/2497 4447/4383/2497 4448/4384/2497 
f 4446/4382/2497 4449/4385/2497 4450/4386/2497 4447/4383/2497 
f 4367/4304/2585 4366/4303/2585 4446/4382/2497 4445/4381/2497 
f 4366/4303/2585 4369/4306/2586 4449/4385/2497 4446/4382/2497 
f 4447/4383/2497 4451/4387/2497 4452/4388/2497 4448/4384/2497 
f 4411/4348/2589 4452/4388/2497 4451/4387/2497 4412/4349/2589 
f 4450/4386/2497 4453/4389/2497 4451/4387/2497 4447/4383/2497 
f 4412/4349/2589 4451/4387/2497 4453/4389/2497 4413/4350/2590 
f 4452/4388/2497 4454/4390/2497 4455/4391/2497 4448/4384/2497 
f 4454/4390/2497 4456/4392/2497 4457/4393/2497 4455/4391/2497 
f 4411/4348/2589 4422/4359/2589 4454/4390/2497 4452/4388/2497 
f 4422/4359/2589 4424/4361/2589 4456/4392/2497 4454/4390/2497 
f 4455/4391/2497 4458/4394/2497 4445/4381/2497 4448/4384/2497 
f 4374/4311/2585 4367/4304/2585 4445/4381/2497 4458/4394/2497 
f 4459/4395/2497 4458/4394/2497 4455/4391/2497 4457/4393/2497 
f 4375/4312/2585 4374/4311/2585 4458/4394/2497 4459/4395/2497 
f 4460/4396/2584 4461/4397/2584 4462/4398/2584 4463/4399/2584 
f 4462/4398/2584 4461/4397/2584 4464/4400/2584 4465/4401/2584 
f 4433/4370/2591 4461/4397/2584 4460/4396/2584 4434/4371/2591 
f 4436/4373/2592 4464/4400/2584 4461/4397/2584 4433/4370/2591 
f 4466/4402/2584 4463/4399/2584 4462/4398/2584 4467/4403/2584 
f 4361/4298/2584 4466/4402/2584 4467/4403/2584 4362/4299/2584 
f 4465/4401/2584 4468/4404/2584 4467/4403/2584 4462/4398/2584 
f 4468/4404/2584 4363/4300/2584 4362/4299/2584 4467/4403/2584 
f 4469/4405/2584 4463/4399/2584 4466/4402/2584 4470/4406/2584 
f 4470/4406/2584 4471/4407/2584 4472/4408/2584 4469/4405/2584 
f 4377/4314/2584 4470/4406/2584 4466/4402/2584 4361/4298/2584 
f 4471/4407/2584 4470/4406/2584 4377/4314/2584 4379/4316/2584 
f 4469/4405/2584 4473/4409/2584 4460/4396/2584 4463/4399/2584 
f 4460/4396/2584 4473/4409/2584 4441/4377/2591 4434/4371/2591 
f 4473/4409/2584 4469/4405/2584 4472/4408/2584 4474/4410/2584 
f 4474/4410/2584 4442/4378/2591 4441/4377/2591 4473/4409/2584 
f 4475/4411/2056 4476/4412/2056 4477/4413/2056 4478/4414/2056 
f 4477/4413/2056 4479/4415/2056 4480/4416/2056 4478/4414/2056 
f 3572/4417/2056 3571/4418/2056 4477/4413/2056 4476/4412/2056 
f 3571/4418/2056 3574/4419/2056 4479/4415/2056 4477/4413/2056 
f 4478/4414/2056 4481/4420/2056 4482/4421/2056 4475/4411/2056 
f 4481/4420/2056 3521/4422/2056 3516/4423/2056 4482/4421/2056 
f 4478/4414/2056 4480/4416/2056 4483/4424/2056 4481/4420/2056 
f 4483/4424/2056 3522/4425/2056 3521/4422/2056 4481/4420/2056 
f 4484/4426/2056 4485/4427/2056 4475/4411/2056 4482/4421/2056 
f 3734/4428/2056 3731/4429/2056 4485/4427/2056 4484/4426/2056 
f 3516/4423/2056 3515/4430/2056 4484/4426/2056 4482/4421/2056 
f 3515/4430/2056 3518/4431/2056 3734/4428/2056 4484/4426/2056 
f 4476/4412/2056 4475/4411/2056 4485/4427/2056 4486/4432/2056 
f 4486/4432/2056 3577/4433/2056 3572/4417/2056 4476/4412/2056 
f 4486/4432/2056 4485/4427/2056 3731/4429/2056 3732/4434/2056 
f 3577/4433/2056 4486/4432/2056 3732/4434/2056 3578/4435/2056 
f 4487/4436/2056 4488/4437/2056 4489/4438/2056 4490/4439/2056 
f 4491/4440/2056 4490/4439/2056 4489/4438/2056 4492/4441/2056 
f 4489/4438/2056 4488/4437/2056 3658/4442/2056 3657/4443/2056 
f 3657/4443/2056 3660/4444/2056 4492/4441/2056 4489/4438/2056 
f 4490/4439/2056 4493/4445/2056 4494/4446/2056 4487/4436/2056 
f 3755/4447/2056 4494/4446/2056 4493/4445/2056 3758/4448/2056 
f 4490/4439/2056 4491/4440/2056 4495/4449/2056 4493/4445/2056 
f 4493/4445/2056 4495/4449/2056 3720/4450/2056 3758/4448/2056 
f 4496/4451/2056 4487/4436/2056 4494/4446/2056 4497/4452/2056 
f 4483/4424/2056 4480/4416/2056 4496/4451/2056 4497/4452/2056 
f 4494/4446/2056 3755/4447/2056 3756/4453/2056 4497/4452/2056 
f 3756/4453/2056 3522/4425/2056 4483/4424/2056 4497/4452/2056 
f 4498/4454/2056 4488/4437/2056 4487/4436/2056 4496/4451/2056 
f 3658/4442/2056 4488/4437/2056 4498/4454/2056 3662/4455/2056 
f 4479/4415/2056 4498/4454/2056 4496/4451/2056 4480/4416/2056 
f 4479/4415/2056 3574/4419/2056 3662/4455/2056 4498/4454/2056 
f 4499/4456/2056 4500/4457/2056 4501/4458/2056 4502/4459/2056 
f 4499/4456/2056 4503/4460/2056 4504/4461/2056 4500/4457/2056 
f 4499/4456/2056 4502/4459/2056 4505/4462/2056 4506/4463/2056 
f 4503/4460/2056 4499/4456/2056 4506/4463/2056 3704/4464/2056 
f 4507/4465/2056 4508/4466/2056 4501/4458/2056 4500/4457/2056 
f 3642/4467/2056 4508/4466/2056 4507/4465/2056 3646/4468/2056 
f 4504/4461/2056 4509/4469/2056 4507/4465/2056 4500/4457/2056 
f 3646/4468/2056 4507/4465/2056 4509/4469/2056 3556/4470/2056 
f 4510/4471/2056 4501/4458/2056 4508/4466/2056 4511/4472/2056 
f 4510/4471/2056 4511/4472/2056 4512/4473/2056 4513/4474/2056 
f 3642/4467/2056 3641/4475/2056 4511/4472/2056 4508/4466/2056 
f 3641/4475/2056 3644/4476/2056 4512/4473/2056 4511/4472/2056 
f 4510/4471/2056 4514/4477/2056 4502/4459/2056 4501/4458/2056 
f 4505/4462/2056 4502/4459/2056 4514/4477/2056 4515/4478/2056 
f 4510/4471/2056 4513/4474/2056 4516/4479/2056 4514/4477/2056 
f 4515/4478/2056 4514/4477/2056 4516/4479/2056 3614/4480/2056 
f 4517/4481/2056 4518/4482/2056 4519/4483/2056 4520/4484/2056 
f 4504/4461/2056 4518/4482/2056 4517/4481/2056 4509/4469/2056 
f 4520/4484/2056 3554/4485/2056 3553/4486/2056 4517/4481/2056 
f 3553/4486/2056 3556/4470/2056 4509/4469/2056 4517/4481/2056 
f 4521/4487/2056 4522/4488/2056 4519/4483/2056 4518/4482/2056 
f 3746/4489/2056 3743/4490/2056 4522/4488/2056 4521/4487/2056 
f 4518/4482/2056 4504/4461/2056 4503/4460/2056 4521/4487/2056 
f 4503/4460/2056 3704/4464/2056 3746/4489/2056 4521/4487/2056 
f 4523/4491/2056 4519/4483/2056 4522/4488/2056 4524/4492/2056 
f 4523/4491/2056 4524/4492/2056 3501/4493/2056 3496/4494/2056 
f 4522/4488/2056 3743/4490/2056 3744/4495/2056 4524/4492/2056 
f 3501/4493/2056 4524/4492/2056 3744/4495/2056 3502/4496/2056 
f 4523/4491/2056 4525/4497/2056 4520/4484/2056 4519/4483/2056 
f 4520/4484/2056 4525/4497/2056 3558/4498/2056 3554/4485/2056 
f 4523/4491/2056 3496/4494/2056 3495/4499/2056 4525/4497/2056 
f 3495/4499/2056 3498/4500/2056 3558/4498/2056 4525/4497/2056 
f 4526/4501/2056 4527/4502/2056 4528/4503/2056 4529/4504/2056 
f 3701/4505/2056 4527/4502/2056 4526/4501/2056 3706/4506/2056 
f 4529/4504/2056 4491/4440/2056 4492/4441/2056 4526/4501/2056 
f 4492/4441/2056 3660/4444/2056 3706/4506/2056 4526/4501/2056 
f 4530/4507/2056 4531/4508/2056 4528/4503/2056 4527/4502/2056 
f 4530/4507/2056 4506/4463/2056 4505/4462/2056 4531/4508/2056 
f 3702/4509/2056 4530/4507/2056 4527/4502/2056 3701/4505/2056 
f 3704/4464/2056 4506/4463/2056 4530/4507/2056 3702/4509/2056 
f 4532/4510/2056 4528/4503/2056 4531/4508/2056 4533/4511/2056 
f 3717/4512/2056 4532/4510/2056 4533/4511/2056 3722/4513/2056 
f 4515/4478/2056 4533/4511/2056 4531/4508/2056 4505/4462/2056 
f 3614/4480/2056 3722/4513/2056 4533/4511/2056 4515/4478/2056 
f 4529/4504/2056 4528/4503/2056 4532/4510/2056 4534/4514/2056 
f 4495/4449/2056 4491/4440/2056 4529/4504/2056 4534/4514/2056 
f 4534/4514/2056 4532/4510/2056 3717/4512/2056 3718/4515/2056 
f 3720/4450/2056 4495/4449/2056 4534/4514/2056 3718/4515/2056 
f 4535/4516/2056 4536/4517/2056 4537/4518/2056 4538/4519/2056 
f 4536/4517/2056 4535/4516/2056 4516/4479/2056 4513/4474/2056 
f 4539/4520/2056 4540/4521/2056 4535/4516/2056 4538/4519/2056 
f 3614/4480/2056 4516/4479/2056 4535/4516/2056 4540/4521/2056 
f 4541/4522/2056 4537/4518/2056 4536/4517/2056 4542/4523/2056 
f 3672/4524/2056 4541/4522/2056 4542/4523/2056 3674/4525/2056 
f 4536/4517/2056 4513/4474/2056 4512/4473/2056 4542/4523/2056 
f 3674/4525/2056 4542/4523/2056 4512/4473/2056 3644/4476/2056 
f 4538/4519/2056 4537/4518/2056 4541/4522/2056 4543/4526/2056 
f 4539/4520/2056 4538/4519/2056 4543/4526/2056 4544/4527/2056 
f 4541/4522/2056 3672/4524/2056 3671/4528/2056 4543/4526/2056 
f 3598/4529/2056 4544/4527/2056 4543/4526/2056 3671/4528/2056 
f 4545/4530/2056 4546/4531/2056 4547/4532/2056 4548/4533/2056 
f 4548/4533/2056 4547/4532/2056 4540/4521/2056 4539/4520/2056 
f 4546/4531/2056 4549/4534/2056 4550/4535/2056 4547/4532/2056 
f 3614/4480/2056 4540/4521/2056 4547/4532/2056 4550/4535/2056 
f 4551/4536/2056 4552/4537/2056 4545/4530/2056 4548/4533/2056 
f 4552/4537/2056 4551/4536/2056 3597/4538/2056 3591/4539/2056 
f 4548/4533/2056 4539/4520/2056 4544/4527/2056 4551/4536/2056 
f 4551/4536/2056 4544/4527/2056 3598/4529/2056 3597/4538/2056 
f 4553/4540/2056 4546/4531/2056 4545/4530/2056 4552/4537/2056 
f 4546/4531/2056 4553/4540/2056 4554/4541/2056 4549/4534/2056 
f 4552/4537/2056 3591/4539/2056 3592/4542/2056 4553/4540/2056 
f 3594/4543/2056 4554/4541/2056 4553/4540/2056 3592/4542/2056 
f 4555/4544/2056 4556/4545/2056 4557/4546/2056 4558/4547/2056 
f 4557/4546/2056 3617/4548/2056 3612/4549/2056 4558/4547/2056 
f 4556/4545/2056 4559/4550/2056 4560/4551/2056 4557/4546/2056 
f 3618/4552/2056 3617/4548/2056 4557/4546/2056 4560/4551/2056 
f 4561/4553/2056 4555/4544/2056 4558/4547/2056 4562/4554/2056 
f 4561/4553/2056 4562/4554/2056 4550/4535/2056 4549/4534/2056 
f 3611/4555/2056 4562/4554/2056 4558/4547/2056 3612/4549/2056 
f 4550/4535/2056 4562/4554/2056 3611/4555/2056 3614/4480/2056 
f 4561/4553/2056 4563/4556/2056 4564/4557/2056 4555/4544/2056 
f 3793/4558/2056 4564/4557/2056 4563/4556/2056 3797/4559/2056 
f 4563/4556/2056 4561/4553/2056 4549/4534/2056 4554/4541/2056 
f 4554/4541/2056 3594/4543/2056 3797/4559/2056 4563/4556/2056 
f 4564/4557/2056 4565/4560/2056 4556/4545/2056 4555/4544/2056 
f 4556/4545/2056 4565/4560/2056 4566/4561/2056 4559/4550/2056 
f 4564/4557/2056 3793/4558/2056 3792/4562/2056 4565/4560/2056 
f 4566/4561/2056 4565/4560/2056 3792/4562/2056 3795/4563/2056 
f 4567/4564/2584 4568/4565/2584 4569/4566/2584 4570/4567/2584 
f 4571/4568/2584 4568/4565/2584 4567/4564/2584 4572/4569/2584 
f 4573/4570/2584 4567/4564/2584 4570/4567/2584 4574/4571/2584 
f 4573/4570/2584 4575/4572/2584 4572/4569/2584 4567/4564/2584 
f 4576/4573/2584 4569/4566/2584 4568/4565/2584 4577/4574/2584 
f 4578/4575/2584 4576/4573/2584 4577/4574/2584 4579/4576/2584 
f 4571/4568/2584 4580/4577/2584 4577/4574/2584 4568/4565/2584 
f 4581/4578/2584 4579/4576/2584 4577/4574/2584 4580/4577/2584 
f 4582/4579/2584 4583/4580/2584 4569/4566/2584 4576/4573/2584 
f 4582/4579/2584 4584/4581/2584 4585/4582/2584 4583/4580/2584 
f 4578/4575/2584 4586/4583/2584 4582/4579/2584 4576/4573/2584 
f 4584/4581/2584 4582/4579/2584 4586/4583/2584 4587/4584/2584 
f 4569/4566/2584 4583/4580/2584 4588/4585/2584 4570/4567/2584 
f 4574/4571/2584 4570/4567/2584 4588/4585/2584 4589/4586/2584 
f 4590/4587/2584 4588/4585/2584 4583/4580/2584 4585/4582/2584 
f 4591/4588/2584 4589/4586/2584 4588/4585/2584 4590/4587/2584 
f 4592/4589/2584 4593/4590/2584 4594/4591/2584 4595/4592/2584 
f 4596/4593/2584 4595/4592/2584 4594/4591/2584 4597/4594/2584 
f 4598/4595/2584 4599/4596/2584 4594/4591/2584 4593/4590/2584 
f 4600/4597/2584 4597/4594/2584 4594/4591/2584 4599/4596/2584 
f 4601/4598/2584 4602/4599/2584 4592/4589/2584 4595/4592/2584 
f 4574/4571/2584 4602/4599/2584 4601/4598/2584 4573/4570/2584 
f 4595/4592/2584 4596/4593/2584 4603/4600/2584 4601/4598/2584 
f 4573/4570/2584 4601/4598/2584 4603/4600/2584 4575/4572/2584 
f 4604/4601/2584 4592/4589/2584 4602/4599/2584 4605/4602/2584 
f 4605/4602/2584 4606/4603/2584 4607/4604/2584 4604/4601/2584 
f 4589/4586/2584 4605/4602/2584 4602/4599/2584 4574/4571/2584 
f 4591/4588/2584 4606/4603/2584 4605/4602/2584 4589/4586/2584 
f 4592/4589/2584 4604/4601/2584 4608/4605/2584 4593/4590/2584 
f 4609/4606/2584 4598/4595/2584 4593/4590/2584 4608/4605/2584 
f 4610/4607/2584 4608/4605/2584 4604/4601/2584 4607/4604/2584 
f 4611/4608/2584 4609/4606/2584 4608/4605/2584 4610/4607/2584 
f 4612/4609/2584 4613/4610/2584 4614/4611/2584 4615/4612/2584 
f 4614/4611/2584 4613/4610/2584 4616/4613/2584 4617/4614/2584 
f 4618/4615/2584 4613/4610/2584 4612/4609/2584 4619/4616/2584 
f 4618/4615/2584 4620/4617/2584 4616/4613/2584 4613/4610/2584 
f 4621/4618/2584 4615/4612/2584 4614/4611/2584 4622/4619/2584 
f 4623/4620/2584 4621/4618/2584 4622/4619/2584 4624/4621/2584 
f 4614/4611/2584 4617/4614/2584 4625/4622/2584 4622/4619/2584 
f 4624/4621/2584 4622/4619/2584 4625/4622/2584 4626/4623/2584 
f 4627/4624/2584 4628/4625/2584 4615/4612/2584 4621/4618/2584 
f 4629/4626/2584 4628/4625/2584 4627/4624/2584 4630/4627/2584 
f 4621/4618/2584 4623/4620/2584 4631/4628/2584 4627/4624/2584 
f 4630/4627/2584 4627/4624/2584 4631/4628/2584 4632/4629/2584 
f 4628/4625/2584 4633/4630/2584 4612/4609/2584 4615/4612/2584 
f 4612/4609/2584 4633/4630/2584 4634/4631/2584 4619/4616/2584 
f 4633/4630/2584 4628/4625/2584 4629/4626/2584 4635/4632/2584 
f 4635/4632/2584 4636/4633/2584 4634/4631/2584 4633/4630/2584 
f 4637/4634/2584 4638/4635/2584 4639/4636/2584 4640/4637/2584 
f 4641/4638/2584 4638/4635/2584 4637/4634/2584 4642/4639/2584 
f 4634/4631/2584 4637/4634/2584 4640/4637/2584 4619/4616/2584 
f 4634/4631/2584 4636/4633/2584 4642/4639/2584 4637/4634/2584 
f 4643/4640/2584 4644/4641/2584 4639/4636/2584 4638/4635/2584 
f 4645/4642/2584 4644/4641/2584 4643/4640/2584 4646/4643/2584 
f 4641/4638/2584 4647/4644/2584 4643/4640/2584 4638/4635/2584 
f 4648/4645/2584 4646/4643/2584 4643/4640/2584 4647/4644/2584 
f 4639/4636/2584 4644/4641/2584 4649/4646/2584 4650/4647/2584 
f 4651/4648/2584 4650/4647/2584 4649/4646/2584 4652/4649/2584 
f 4653/4650/2584 4649/4646/2584 4644/4641/2584 4645/4642/2584 
f 4652/4649/2584 4649/4646/2584 4653/4650/2584 4654/4651/2584 
f 4650/4647/2584 4655/4652/2584 4640/4637/2584 4639/4636/2584 
f 4618/4615/2584 4619/4616/2584 4640/4637/2584 4655/4652/2584 
f 4656/4653/2584 4655/4652/2584 4650/4647/2584 4651/4648/2584 
f 4656/4653/2584 4620/4617/2584 4618/4615/2584 4655/4652/2584 
f 4657/4654/2584 4658/4655/2584 4659/4656/2584 4660/4657/2584 
f 4599/4596/2584 4598/4595/2584 4660/4657/2584 4659/4656/2584 
f 4661/4658/2584 4659/4656/2584 4658/4655/2584 4662/4659/2584 
f 4600/4597/2584 4599/4596/2584 4659/4656/2584 4661/4658/2584 
f 4663/4660/2584 4657/4654/2584 4660/4657/2584 4664/4661/2584 
f 4664/4661/2584 4665/4662/2584 4666/4663/2584 4663/4660/2584 
f 4660/4657/2584 4598/4595/2584 4609/4606/2584 4664/4661/2584 
f 4609/4606/2584 4611/4608/2584 4665/4662/2584 4664/4661/2584 
f 4667/4664/2584 4668/4665/2584 4657/4654/2584 4663/4660/2584 
f 4668/4665/2584 4667/4664/2584 4625/4622/2584 4617/4614/2584 
f 4669/4666/2584 4667/4664/2584 4663/4660/2584 4666/4663/2584 
f 4626/4623/2584 4625/4622/2584 4667/4664/2584 4669/4666/2584 
f 4658/4655/2584 4657/4654/2584 4668/4665/2584 4670/4667/2584 
f 4658/4655/2584 4670/4667/2584 4671/4668/2584 4662/4659/2584 
f 4617/4614/2584 4616/4613/2584 4670/4667/2584 4668/4665/2584 
f 4671/4668/2584 4670/4667/2584 4616/4613/2584 4620/4617/2584 
f 4672/4669/2584 4673/4670/2584 4674/4671/2584 4675/4672/2584 
f 4672/4669/2584 4676/4673/2584 4677/4674/2584 4673/4670/2584 
f 4623/4620/2584 4624/4621/2584 4672/4669/2584 4675/4672/2584 
f 4676/4673/2584 4672/4669/2584 4624/4621/2584 4626/4623/2584 
f 4678/4675/2584 4679/4676/2584 4674/4671/2584 4673/4670/2584 
f 4680/4677/2584 4679/4676/2584 4678/4675/2584 4681/4678/2584 
f 4677/4674/2584 4682/4679/2584 4678/4675/2584 4673/4670/2584 
f 4678/4675/2584 4682/4679/2584 4683/4680/2584 4681/4678/2584 
f 4684/4681/2584 4675/4672/2584 4674/4671/2584 4679/4676/2584 
f 4684/4681/2584 4631/4628/2584 4623/4620/2584 4675/4672/2584 
f 4685/4682/2584 4684/4681/2584 4679/4676/2584 4680/4677/2584 
f 4632/4629/2584 4631/4628/2584 4684/4681/2584 4685/4682/2584 
f 4686/4683/2584 4687/4684/2584 4688/4685/2584 4689/4686/2584 
f 4686/4683/2584 4690/4687/2584 4691/4688/2584 4687/4684/2584 
f 4677/4674/2584 4676/4673/2584 4686/4683/2584 4689/4686/2584 
f 4626/4623/2584 4690/4687/2584 4686/4683/2584 4676/4673/2584 
f 4692/4689/2584 4688/4685/2584 4687/4684/2584 4693/4690/2584 
f 4694/4691/2584 4695/4692/2584 4692/4689/2584 4693/4690/2584 
f 4687/4684/2584 4691/4688/2584 4696/4693/2584 4693/4690/2584 
f 4693/4690/2584 4696/4693/2584 4697/4694/2584 4694/4691/2584 
f 4698/4695/2584 4689/4686/2584 4688/4685/2584 4692/4689/2584 
f 4689/4686/2584 4698/4695/2584 4682/4679/2584 4677/4674/2584 
f 4692/4689/2584 4695/4692/2584 4699/4696/2584 4698/4695/2584 
f 4699/4696/2584 4683/4680/2584 4682/4679/2584 4698/4695/2584 
f 4700/4697/2584 4701/4698/2584 4702/4699/2584 4703/4700/2584 
f 4703/4700/2584 4704/4701/2584 4705/4702/2584 4700/4697/2584 
f 4706/4703/2584 4703/4700/2584 4702/4699/2584 4707/4704/2584 
f 4703/4700/2584 4706/4703/2584 4708/4705/2584 4704/4701/2584 
f 4709/4706/2584 4701/4698/2584 4700/4697/2584 4710/4707/2584 
f 4709/4706/2584 4710/4707/2584 4711/4708/2584 4712/4709/2584 
f 4705/4702/2584 4713/4710/2584 4710/4707/2584 4700/4697/2584 
f 4711/4708/2584 4710/4707/2584 4713/4710/2584 4714/4711/2584 
f 4715/4712/2584 4701/4698/2584 4709/4706/2584 4716/4713/2584 
f 4715/4712/2584 4716/4713/2584 4696/4693/2584 4691/4688/2584 
f 4709/4706/2584 4712/4709/2584 4717/4714/2584 4716/4713/2584 
f 4697/4694/2584 4696/4693/2584 4716/4713/2584 4717/4714/2584 
f 4715/4712/2584 4718/4715/2584 4702/4699/2584 4701/4698/2584 
f 4702/4699/2584 4718/4715/2584 4719/4716/2584 4707/4704/2584 
f 4691/4688/2584 4690/4687/2584 4718/4715/2584 4715/4712/2584 
f 4626/4623/2584 4719/4716/2584 4718/4715/2584 4690/4687/2584 
f 4720/4717/2593 4721/4718/2593 4722/4719/2593 4723/4720/2593 
f 4724/4721/2593 4725/4722/2593 4723/4720/2593 4722/4719/2593 
f 4559/4550/2593 4566/4561/2593 4722/4719/2593 4721/4718/2593 
f 3795/4563/2593 4724/4721/2593 4722/4719/2593 4566/4561/2593 
f 4726/4723/2593 4727/4724/2593 4720/4717/2593 4723/4720/2593 
f 4705/4725/2593 4727/4724/2593 4726/4723/2593 4713/4726/2593 
f 4723/4720/2593 4725/4722/2593 4728/4727/2593 4726/4723/2593 
f 4714/4728/2593 4713/4726/2593 4726/4723/2593 4728/4727/2593 
f 4729/4729/2593 4730/4730/2593 4720/4717/2593 4727/4724/2593 
f 4731/4731/2593 4730/4730/2593 4729/4729/2593 4732/4732/2593 
f 4727/4724/2593 4705/4725/2593 4704/4733/2593 4729/4729/2593 
f 4708/4734/2593 4732/4732/2593 4729/4729/2593 4704/4733/2593 
f 4720/4717/2593 4730/4730/2593 4733/4735/2593 4721/4718/2593 
f 4559/4550/2593 4721/4718/2593 4733/4735/2593 4560/4551/2593 
f 4730/4730/2593 4731/4731/2593 4734/4736/2593 4733/4735/2593 
f 4560/4551/2593 4733/4735/2593 4734/4736/2593 3618/4552/2593 
f 4735/4737/2594 4736/4738/2594 4737/4739/2595 4738/4740/2595 
f 4737/4739/2595 4739/4741/2596 4740/4742/2596 4738/4740/2595 
f 3646/4468/2595 4737/4739/2595 4736/4738/2594 3642/4467/2594 
f 4739/4741/2596 4737/4739/2595 3646/4468/2595 3556/4470/2596 
f 4741/4743/2595 4742/4744/2594 4735/4737/2594 4738/4740/2595 
f 4742/4744/2594 4741/4743/2595 4635/4745/2595 4629/4746/2594 
f 4743/4747/2596 4741/4743/2595 4738/4740/2595 4740/4742/2596 
f 4635/4745/2595 4741/4743/2595 4743/4747/2596 4636/4748/2596 
f 4742/4744/2594 4744/4749/2597 4745/4750/2597 4735/4737/2594 
f 4746/4751/2598 4745/4750/2597 4744/4749/2597 4747/4752/2599 
f 4630/4753/2597 4744/4749/2597 4742/4744/2594 4629/4746/2594 
f 4632/4754/2599 4747/4752/2599 4744/4749/2597 4630/4753/2597 
f 4736/4738/2594 4735/4737/2594 4745/4750/2597 4748/4755/2597 
f 4736/4738/2594 4748/4755/2597 3641/4475/2597 3642/4467/2594 
f 4745/4750/2597 4746/4751/2598 4749/4756/2598 4748/4755/2597 
f 3641/4475/2597 4748/4755/2597 4749/4756/2598 3644/4476/2598 
f 4750/4757/2600 4751/4758/2600 4752/4759/2601 4753/4760/2601 
f 4751/4758/2600 4750/4757/2600 4754/4761/2602 4755/4762/2602 
f 4753/4760/2601 3572/4417/2601 3577/4433/2600 4750/4757/2600 
f 4754/4761/2602 4750/4757/2600 3577/4433/2600 3578/4435/2602 
f 4752/4759/2601 4751/4758/2600 4756/4763/2600 4757/4764/2601 
f 4756/4763/2600 4580/4765/2600 4571/4766/2601 4757/4764/2601 
f 4751/4758/2600 4755/4762/2602 4758/4767/2602 4756/4763/2600 
f 4580/4765/2600 4756/4763/2600 4758/4767/2602 4581/4768/2602 
f 4759/4769/2603 4760/4770/2603 4752/4759/2601 4757/4764/2601 
f 4761/4771/2604 4762/4772/2604 4760/4770/2603 4759/4769/2603 
f 4571/4766/2601 4572/4773/2603 4759/4769/2603 4757/4764/2601 
f 4575/4774/2604 4761/4771/2604 4759/4769/2603 4572/4773/2603 
f 4763/4775/2603 4753/4760/2601 4752/4759/2601 4760/4770/2603 
f 4763/4775/2603 3571/4418/2603 3572/4417/2601 4753/4760/2601 
f 4760/4770/2603 4762/4772/2604 4764/4776/2604 4763/4775/2603 
f 3574/4419/2604 3571/4418/2603 4763/4775/2603 4764/4776/2604 
f 4765/4777/2605 4766/4778/2606 4767/4779/2606 4768/4780/2605 
f 4767/4779/2606 4766/4778/2606 4769/4781/2607 4770/4782/2607 
f 4765/4777/2605 3731/4429/2605 3734/4428/2606 4766/4778/2606 
f 3518/4431/2607 4769/4781/2607 4766/4778/2606 3734/4428/2606 
f 4767/4779/2606 4771/4783/2606 4772/4784/2605 4768/4780/2605 
f 4771/4783/2606 4586/4785/2606 4578/4786/2605 4772/4784/2605 
f 4767/4779/2606 4770/4782/2607 4773/4787/2607 4771/4783/2606 
f 4586/4785/2606 4771/4783/2606 4773/4787/2607 4587/4788/2607 
f 4774/4789/2608 4775/4790/2608 4768/4780/2605 4772/4784/2605 
f 4774/4789/2608 4758/4767/2609 4755/4762/2609 4775/4790/2608 
f 4772/4784/2605 4578/4786/2605 4579/4791/2608 4774/4789/2608 
f 4579/4791/2608 4581/4768/2609 4758/4767/2609 4774/4789/2608 
f 4776/4792/2608 4765/4777/2605 4768/4780/2605 4775/4790/2608 
f 3732/4434/2608 3731/4429/2605 4765/4777/2605 4776/4792/2608 
f 4755/4762/2609 4754/4761/2609 4776/4792/2608 4775/4790/2608 
f 3732/4434/2608 4776/4792/2608 4754/4761/2609 3578/4435/2609 
f 4777/4793/2610 4778/4794/2610 4779/4795/2611 4780/4796/2611 
f 4762/4772/2612 4778/4794/2610 4777/4793/2610 4764/4776/2612 
f 3658/4442/2611 3662/4455/2610 4777/4793/2610 4780/4796/2611 
f 4764/4776/2612 4777/4793/2610 3662/4455/2610 3574/4419/2612 
f 4779/4795/2611 4778/4794/2610 4781/4797/2610 4782/4798/2611 
f 4603/4799/2610 4596/4800/2611 4782/4798/2611 4781/4797/2610 
f 4761/4771/2612 4781/4797/2610 4778/4794/2610 4762/4772/2612 
f 4603/4799/2610 4781/4797/2610 4761/4771/2612 4575/4774/2612 
f 4779/4795/2611 4782/4798/2611 4783/4801/2613 4784/4802/2613 
f 4783/4801/2613 4785/4803/2614 4786/4804/2614 4784/4802/2613 
f 4596/4800/2611 4597/4805/2613 4783/4801/2613 4782/4798/2611 
f 4785/4803/2614 4783/4801/2613 4597/4805/2613 4600/4806/2614 
f 4779/4795/2611 4784/4802/2613 4787/4807/2613 4780/4796/2611 
f 3657/4443/2613 3658/4442/2611 4780/4796/2611 4787/4807/2613 
f 4787/4807/2613 4784/4802/2613 4786/4804/2614 4788/4808/2614 
f 3657/4443/2613 4787/4807/2613 4788/4808/2614 3660/4444/2614 
f 4789/4809/2615 4790/4810/2615 4791/4811/2616 4792/4812/2616 
f 4793/4813/2617 4794/4814/2617 4790/4810/2615 4789/4809/2615 
f 4789/4809/2615 4792/4812/2616 3793/4558/2616 3797/4559/2615 
f 3594/4543/2617 4793/4813/2617 4789/4809/2615 3797/4559/2615 
f 4795/4815/2616 4791/4811/2616 4790/4810/2615 4796/4816/2615 
f 4795/4815/2616 4796/4816/2615 4717/4817/2615 4712/4818/2616 
f 4794/4814/2617 4797/4819/2617 4796/4816/2615 4790/4810/2615 
f 4796/4816/2615 4797/4819/2617 4697/4820/2617 4717/4817/2615 
f 4798/4821/2618 4799/4822/2618 4791/4811/2616 4795/4815/2616 
f 4798/4821/2618 4728/4727/2619 4725/4722/2619 4799/4822/2618 
f 4712/4818/2616 4711/4823/2618 4798/4821/2618 4795/4815/2616 
f 4714/4728/2619 4728/4727/2619 4798/4821/2618 4711/4823/2618 
f 4792/4812/2616 4791/4811/2616 4799/4822/2618 4800/4824/2618 
f 4800/4824/2618 3792/4562/2618 3793/4558/2616 4792/4812/2616 
f 4799/4822/2618 4725/4722/2619 4724/4721/2619 4800/4824/2618 
f 3795/4563/2619 3792/4562/2618 4800/4824/2618 4724/4721/2619 
f 4801/4825/2620 4802/4826/2620 4803/4827/2621 4804/4828/2621 
f 4805/4829/2622 4802/4826/2620 4801/4825/2620 4806/4830/2623 
f 3591/4539/2621 3597/4538/2624 4801/4825/2620 4804/4828/2621 
f 4806/4830/2623 4801/4825/2620 3597/4538/2624 3598/4529/2623 
f 4807/4831/2621 4803/4827/2621 4802/4826/2620 4808/4832/2620 
f 4807/4831/2621 4808/4832/2620 4699/4833/2620 4695/4834/2621 
f 4802/4826/2620 4805/4829/2622 4809/4835/2622 4808/4832/2620 
f 4683/4836/2623 4699/4833/2620 4808/4832/2620 4809/4835/2622 
f 4810/4837/2625 4803/4827/2621 4807/4831/2621 4811/4838/2625 
f 4797/4819/2626 4794/4814/2626 4810/4837/2625 4811/4838/2625 
f 4807/4831/2621 4695/4834/2621 4694/4839/2625 4811/4838/2625 
f 4811/4838/2625 4694/4839/2625 4697/4820/2626 4797/4819/2626 
f 4810/4837/2625 4812/4840/2625 4804/4828/2621 4803/4827/2621 
f 4804/4828/2621 4812/4840/2625 3592/4542/2625 3591/4539/2621 
f 4793/4813/2626 4812/4840/2625 4810/4837/2625 4794/4814/2626 
f 3594/4543/2626 3592/4542/2625 4812/4840/2625 4793/4813/2626 
f 4813/4841/2627 4814/4842/2627 4815/4843/2628 4816/4844/2628 
f 4815/4843/2628 4788/4808/2629 4786/4804/2629 4816/4844/2628 
f 4815/4843/2628 4814/4842/2627 3701/4505/2627 3706/4506/2628 
f 4815/4843/2628 3706/4506/2628 3660/4444/2629 4788/4808/2629 
f 4817/4845/2628 4818/4846/2627 4813/4841/2627 4816/4844/2628 
f 4817/4845/2628 4661/4847/2628 4662/4848/2627 4818/4846/2627 
f 4816/4844/2628 4786/4804/2629 4785/4803/2629 4817/4845/2628 
f 4600/4806/2629 4661/4847/2628 4817/4845/2628 4785/4803/2629 
f 4819/4849/2630 4820/4850/2630 4813/4841/2627 4818/4846/2627 
f 4821/4851/2631 4820/4850/2630 4819/4849/2630 4822/4852/2631 
f 4818/4846/2627 4662/4848/2627 4671/4853/2630 4819/4849/2630 
f 4620/4854/2631 4822/4852/2631 4819/4849/2630 4671/4853/2630 
f 4823/4855/2630 4814/4842/2627 4813/4841/2627 4820/4850/2630 
f 3701/4505/2627 4814/4842/2627 4823/4855/2630 3702/4509/2630 
f 4820/4850/2630 4821/4851/2631 4824/4856/2631 4823/4855/2630 
f 3702/4509/2630 4823/4855/2630 4824/4856/2631 3704/4464/2631 
f 4825/4857/2632 4826/4858/2633 4827/4859/2633 4828/4860/2632 
f 4827/4859/2633 4826/4858/2633 4734/4736/2634 4731/4731/2634 
f 4825/4857/2632 3612/4549/2632 3617/4548/2633 4826/4858/2633 
f 4826/4858/2633 3617/4548/2633 3618/4552/2634 4734/4736/2634 
f 4829/4861/2633 4830/4862/2632 4828/4860/2632 4827/4859/2633 
f 4829/4861/2633 4706/4863/2633 4707/4864/2632 4830/4862/2632 
f 4732/4732/2634 4829/4861/2633 4827/4859/2633 4731/4731/2634 
f 4706/4863/2633 4829/4861/2633 4732/4732/2634 4708/4734/2634 
f 4831/4865/2635 4832/4866/2635 4828/4860/2632 4830/4862/2632 
f 4833/4867/2636 4834/4868/2636 4832/4866/2635 4831/4865/2635 
f 4830/4862/2632 4707/4864/2632 4719/4869/2635 4831/4865/2635 
f 4833/4867/2636 4831/4865/2635 4719/4869/2635 4626/4870/2636 
f 4828/4860/2632 4832/4866/2635 4835/4871/2635 4825/4857/2632 
f 3611/4555/2635 3612/4549/2632 4825/4857/2632 4835/4871/2635 
f 4834/4868/2636 4836/4872/2636 4835/4871/2635 4832/4866/2635 
f 4835/4871/2635 4836/4872/2636 3614/4480/2636 3611/4555/2635 
f 4837/4873/2637 4838/4874/2637 4839/4875/2638 4840/4876/2638 
f 4839/4875/2638 4824/4856/2639 4821/4851/2639 4840/4876/2638 
f 4838/4874/2637 3743/4490/2637 3746/4489/2638 4839/4875/2638 
f 4839/4875/2638 3746/4489/2638 3704/4464/2639 4824/4856/2639 
f 4837/4873/2637 4840/4876/2638 4841/4877/2638 4842/4878/2637 
f 4841/4877/2638 4656/4879/2638 4651/4880/2637 4842/4878/2637 
f 4840/4876/2638 4821/4851/2639 4822/4852/2639 4841/4877/2638 
f 4822/4852/2639 4620/4854/2639 4656/4879/2638 4841/4877/2638 
f 4843/4881/2640 4837/4873/2637 4842/4878/2637 4844/4882/2640 
f 4844/4882/2640 4845/4883/2641 4846/4884/2641 4843/4881/2640 
f 4651/4880/2637 4652/4885/2640 4844/4882/2640 4842/4878/2637 
f 4654/4886/2641 4845/4883/2641 4844/4882/2640 4652/4885/2640 
f 4847/4887/2640 4838/4874/2637 4837/4873/2637 4843/4881/2640 
f 4847/4887/2640 3744/4495/2640 3743/4490/2637 4838/4874/2637 
f 4846/4884/2641 4848/4888/2641 4847/4887/2640 4843/4881/2640 
f 4847/4887/2640 4848/4888/2641 3502/4496/2641 3744/4495/2640 
f 4849/4889/2642 4850/4890/2642 4851/4891/2643 4852/4892/2643 
f 4834/4868/2644 4850/4890/2642 4849/4889/2642 4836/4872/2644 
f 4852/4892/2643 3717/4512/2643 3722/4513/2642 4849/4889/2642 
f 4849/4889/2642 3722/4513/2642 3614/4480/2644 4836/4872/2644 
f 4853/4893/2642 4854/4894/2643 4851/4891/2643 4850/4890/2642 
f 4854/4894/2643 4853/4893/2642 4669/4895/2642 4666/4896/2643 
f 4834/4868/2644 4833/4867/2644 4853/4893/2642 4850/4890/2642 
f 4833/4867/2644 4626/4870/2644 4669/4895/2642 4853/4893/2642 
f 4855/4897/2645 4856/4898/2645 4851/4891/2643 4854/4894/2643 
f 4856/4898/2645 4855/4897/2645 4857/4899/2646 4858/4900/2646 
f 4666/4896/2643 4665/4901/2645 4855/4897/2645 4854/4894/2643 
f 4611/4902/2646 4857/4899/2646 4855/4897/2645 4665/4901/2645 
f 4856/4898/2645 4859/4903/2645 4852/4892/2643 4851/4891/2643 
f 3718/4515/2645 3717/4512/2643 4852/4892/2643 4859/4903/2645 
f 4858/4900/2646 4860/4904/2646 4859/4903/2645 4856/4898/2645 
f 3718/4515/2645 4859/4903/2645 4860/4904/2646 3720/4450/2646 
f 4861/4905/2647 4862/4906/2648 4863/4907/2648 4864/4908/2647 
f 4746/4751/2649 4863/4907/2648 4862/4906/2648 4749/4756/2649 
f 4861/4905/2647 3672/4524/2647 3674/4525/2648 4862/4906/2648 
f 3644/4476/2650 4749/4756/2649 4862/4906/2648 3674/4525/2648 
f 4865/4909/2648 4866/4910/2647 4864/4908/2647 4863/4907/2648 
f 4866/4910/2647 4865/4909/2648 4685/4911/2648 4680/4912/2647 
f 4863/4907/2648 4746/4751/2649 4747/4752/2650 4865/4909/2648 
f 4747/4752/2650 4632/4754/2650 4685/4911/2648 4865/4909/2648 
f 4864/4908/2647 4866/4910/2647 4867/4913/2651 4868/4914/2651 
f 4867/4913/2651 4809/4835/2652 4805/4829/2652 4868/4914/2651 
f 4681/4915/2651 4867/4913/2651 4866/4910/2647 4680/4912/2647 
f 4867/4913/2651 4681/4915/2651 4683/4836/2652 4809/4835/2652 
f 4869/4916/2651 4861/4905/2647 4864/4908/2647 4868/4914/2651 
f 4861/4905/2647 4869/4916/2651 3671/4528/2651 3672/4524/2647 
f 4805/4829/2652 4806/4830/2652 4869/4916/2651 4868/4914/2651 
f 3598/4529/2652 3671/4528/2651 4869/4916/2651 4806/4830/2652 
f 4870/4917/2653 4871/4918/2653 4872/4919/2654 4873/4920/2654 
f 4870/4917/2653 4848/4888/2655 4846/4884/2655 4871/4918/2653 
f 4873/4920/2654 3496/4494/2654 3501/4493/2653 4870/4917/2653 
f 4848/4888/2655 4870/4917/2653 3501/4493/2653 3502/4496/2655 
f 4872/4919/2654 4871/4918/2653 4874/4921/2653 4875/4922/2654 
f 4653/4923/2653 4645/4924/2654 4875/4922/2654 4874/4921/2653 
f 4846/4884/2655 4845/4883/2655 4874/4921/2653 4871/4918/2653 
f 4653/4923/2653 4874/4921/2653 4845/4883/2655 4654/4886/2655 
f 4876/4925/2656 4872/4919/2654 4875/4922/2654 4877/4926/2656 
f 4876/4925/2656 4877/4926/2656 4878/4927/2657 4879/4928/2657 
f 4645/4924/2654 4646/4929/2656 4877/4926/2656 4875/4922/2654 
f 4878/4927/2657 4877/4926/2656 4646/4929/2656 4648/4930/2657 
f 4873/4920/2654 4872/4919/2654 4876/4925/2656 4880/4931/2656 
f 4880/4931/2656 3495/4499/2656 3496/4494/2654 4873/4920/2654 
f 4879/4928/2657 4881/4932/2657 4880/4931/2656 4876/4925/2656 
f 4880/4931/2656 4881/4932/2657 3498/4500/2657 3495/4499/2656 
f 4882/4933/2658 4883/4934/2658 4884/4935/2659 4885/4936/2659 
f 4882/4933/2658 4860/4904/2660 4858/4900/2660 4883/4934/2658 
f 4885/4936/2659 3755/4447/2659 3758/4448/2658 4882/4933/2658 
f 4860/4904/2660 4882/4933/2658 3758/4448/2658 3720/4450/2660 
f 4883/4934/2658 4886/4937/2658 4887/4938/2659 4884/4935/2659 
f 4610/4939/2658 4607/4940/2659 4887/4938/2659 4886/4937/2658 
f 4858/4900/2660 4857/4899/2660 4886/4937/2658 4883/4934/2658 
f 4610/4939/2658 4886/4937/2658 4857/4899/2660 4611/4902/2660 
f 4884/4935/2659 4887/4938/2659 4888/4941/2661 4889/4942/2661 
f 4890/4943/2662 4889/4942/2661 4888/4941/2661 4891/4944/2662 
f 4607/4940/2659 4606/4945/2661 4888/4941/2661 4887/4938/2659 
f 4891/4944/2662 4888/4941/2661 4606/4945/2661 4591/4946/2662 
f 4885/4936/2659 4884/4935/2659 4889/4942/2661 4892/4947/2661 
f 4885/4936/2659 4892/4947/2661 3756/4453/2661 3755/4447/2659 
f 4893/4948/2662 4892/4947/2661 4889/4942/2661 4890/4943/2662 
f 4892/4947/2661 4893/4948/2662 3522/4425/2662 3756/4453/2661 
f 4894/4949/2663 4895/4950/2663 4896/4951/2664 4897/4952/2664 
f 4879/4928/2665 4895/4950/2663 4894/4949/2663 4881/4932/2665 
f 4897/4952/2664 3554/4485/2664 3558/4498/2663 4894/4949/2663 
f 4881/4932/2665 4894/4949/2663 3558/4498/2663 3498/4500/2665 
f 4896/4951/2664 4895/4950/2663 4898/4953/2663 4899/4954/2664 
f 4898/4953/2663 4647/4955/2663 4641/4956/2664 4899/4954/2664 
f 4879/4928/2665 4878/4927/2665 4898/4953/2663 4895/4950/2663 
f 4648/4930/2665 4647/4955/2663 4898/4953/2663 4878/4927/2665 
f 4896/4951/2664 4899/4954/2664 4900/4957/2666 4901/4958/2666 
f 4900/4957/2666 4743/4747/2667 4740/4742/2667 4901/4958/2666 
f 4641/4956/2664 4642/4959/2666 4900/4957/2666 4899/4954/2664 
f 4642/4959/2666 4636/4748/2667 4743/4747/2667 4900/4957/2666 
f 4902/4960/2666 4897/4952/2664 4896/4951/2664 4901/4958/2666 
f 3554/4485/2664 4897/4952/2664 4902/4960/2666 3553/4486/2666 
f 4740/4742/2667 4739/4741/2667 4902/4960/2666 4901/4958/2666 
f 3556/4470/2667 3553/4486/2666 4902/4960/2666 4739/4741/2667 
f 4903/4961/2668 4904/4962/2668 4905/4963/2669 4906/4964/2669 
f 4893/4948/2670 4890/4943/2670 4906/4964/2669 4905/4963/2669 
f 4904/4962/2668 3516/4423/2668 3521/4422/2669 4905/4963/2669 
f 4893/4948/2670 4905/4963/2669 3521/4422/2669 3522/4425/2670 
f 4906/4964/2669 4907/4965/2669 4908/4966/2668 4903/4961/2668 
f 4907/4965/2669 4590/4967/2669 4585/4968/2668 4908/4966/2668 
f 4890/4943/2670 4891/4944/2670 4907/4965/2669 4906/4964/2669 
f 4590/4967/2669 4907/4965/2669 4891/4944/2670 4591/4946/2670 
f 4903/4961/2668 4908/4966/2668 4909/4969/2671 4910/4970/2671 
f 4773/4787/2672 4770/4782/2672 4910/4970/2671 4909/4969/2671 
f 4585/4968/2668 4584/4971/2671 4909/4969/2671 4908/4966/2668 
f 4587/4788/2672 4773/4787/2672 4909/4969/2671 4584/4971/2671 
f 4910/4970/2671 4911/4972/2671 4904/4962/2668 4903/4961/2668 
f 4911/4972/2671 3515/4430/2671 3516/4423/2668 4904/4962/2668 
f 4769/4781/2672 4911/4972/2671 4910/4970/2671 4770/4782/2672 
f 3515/4430/2671 4911/4972/2671 4769/4781/2672 3518/4431/2672 
# 2104 polygons

