# 3ds Max Wavefront OBJ Exporter v0.99 - (c)2007 guruware
# File Created: 20.03.2025 19:06:58

mtllib Nissan_350Z_RuedaI.mtl

#
# object Cube_001
#

v  0.2686 -0.0579 0.7135
v  0.2686 -0.2168 0.7129
v  0.2686 -0.2250 0.6917
v  0.2686 -0.0662 0.6922
v  0.0763 0.6332 0.7333
v  0.2925 0.6332 0.7333
v  0.2925 0.7676 0.6095
v  0.0763 0.7676 0.6095
v  0.2925 -0.0579 0.7135
v  0.2925 0.0393 0.9639
v  0.2925 -0.1434 0.9633
v  0.2925 -0.2407 0.7129
v  0.0763 0.2203 0.6627
v  0.0763 0.3176 0.9132
v  0.0763 0.3936 0.8837
v  0.0763 0.2963 0.6332
v  0.0763 0.0393 0.9639
v  0.0763 -0.1434 0.9633
v  0.0763 0.6704 0.3590
v  0.2925 0.6704 0.3590
v  0.0763 -0.2407 0.7129
v  0.0763 0.5359 0.4828
v  0.2925 0.5359 0.4828
v  0.2925 0.2963 0.6332
v  0.2925 0.3936 0.8837
v  0.2925 0.3176 0.9132
v  0.2925 0.2203 0.6627
v  0.1002 0.2963 0.6332
v  0.1002 0.4211 0.5680
v  0.1002 0.4129 0.5467
v  0.1002 0.2881 0.6120
v  0.0763 -0.0579 0.7135
v  0.0763 0.1815 0.9493
v  0.0763 0.0842 0.6988
v  0.0763 0.4211 0.5680
v  0.0763 0.5184 0.8184
v  0.1002 -0.2168 0.7129
v  0.1002 -0.0579 0.7135
v  0.1002 -0.0662 0.6922
v  0.1002 -0.2250 0.6917
v  0.1002 0.5359 0.4828
v  0.1002 0.5276 0.4616
v  0.2925 0.5184 0.8184
v  0.2925 0.4211 0.5680
v  0.2925 0.0842 0.6988
v  0.2925 0.1815 0.9493
v  0.2686 0.2963 0.6332
v  0.2686 0.2203 0.6627
v  0.2686 0.2121 0.6415
v  0.2686 0.2881 0.6120
v  0.1002 0.0842 0.6988
v  0.1002 0.2203 0.6627
v  0.1002 0.2121 0.6415
v  0.1002 0.0759 0.6775
v  0.2686 0.6528 0.3753
v  0.1002 0.6528 0.3753
v  0.2686 0.4211 0.5680
v  0.2686 0.5359 0.4828
v  0.2686 0.0842 0.6988
v  0.2686 0.5276 0.4616
v  0.1002 0.6445 0.3540
v  0.2686 0.6445 0.3540
v  0.2686 0.4129 0.5467
v  0.2686 0.0759 0.6775
v  0.3916 -0.6052 1.0700
v  0.3916 -0.3089 1.1927
v  0.5077 -0.3136 1.2100
v  0.5077 -0.6142 1.0855
v  0.3916 1.1957 0.3240
v  0.3916 1.2376 0.0060
v  0.5077 1.2555 0.0060
v  0.5077 1.2130 0.3286
v  0.3916 -0.6052 -1.0579
v  0.3916 -0.8597 -0.8627
v  0.5077 -0.8723 -0.8753
v  0.5077 -0.6142 -1.0734
v  0.3916 -0.8597 0.8747
v  0.5077 -0.8723 0.8874
v  0.3916 1.0730 0.6203
v  0.5077 1.0885 0.6293
v  0.3916 -0.3089 -1.1806
v  0.5077 -0.3136 -1.1979
v  0.3916 0.3270 -1.1806
v  0.3916 0.0090 -1.2225
v  0.5077 0.0090 -1.2404
v  0.5077 0.3316 -1.1979
v  0.3916 -1.0549 0.6203
v  0.5077 -1.0704 0.6293
v  0.3916 0.8777 0.8747
v  0.5077 0.8904 0.8874
v  0.3916 0.6233 -1.0579
v  0.5077 0.6322 -1.0734
v  0.3916 -1.1776 0.3240
v  0.5077 -1.1949 0.3286
v  0.3916 0.6233 1.0700
v  0.5077 0.6322 1.0855
v  0.3916 0.8777 -0.8627
v  0.5077 0.8904 -0.8753
v  0.3916 -1.2195 0.0060
v  0.5077 -1.2374 0.0060
v  0.3916 0.3270 1.1927
v  0.5077 0.3316 1.2100
v  0.3916 1.0730 -0.6082
v  0.5077 1.0885 -0.6172
v  0.3916 -1.1776 -0.3119
v  0.5077 -1.1949 -0.3165
v  0.3916 0.0090 1.2346
v  0.5077 0.0090 1.2525
v  0.3916 1.1957 -0.3119
v  0.5077 1.2130 -0.3165
v  0.3916 -1.0549 -0.6082
v  0.5077 -1.0704 -0.6172
v  0.5839 -1.1127 0.6537
v  0.5839 -1.2421 0.3413
v  0.5839 0.9249 0.9220
v  0.5839 0.6567 1.1278
v  0.5839 0.6567 -1.1157
v  0.5839 0.9249 -0.9099
v  0.5839 -1.2863 0.0060
v  0.5839 0.3443 1.2572
v  0.5839 1.1308 -0.6416
v  0.5839 -1.2421 -0.3292
v  0.5839 0.0090 1.3013
v  0.5839 1.2602 -0.3292
v  0.5839 -1.1127 -0.6416
v  0.5839 -0.3262 1.2572
v  0.5839 1.3043 0.0060
v  0.5839 -0.9069 -0.9099
v  0.5839 -0.6386 1.1278
v  0.5839 1.2602 0.3413
v  0.5839 -0.6386 -1.1157
v  0.5839 -0.9069 0.9220
v  0.5839 1.1308 0.6537
v  0.5839 -0.3262 -1.2451
v  0.5839 0.0090 -1.2892
v  0.5839 0.3443 -1.2451
v  0.6270 1.3183 -0.3448
v  0.6270 1.3645 0.0060
v  0.6270 -1.1648 -0.6717
v  0.6270 -0.9494 -0.9524
v  0.6270 -0.3418 1.3153
v  0.6270 -0.6687 1.1799
v  0.6270 1.3183 0.3569
v  0.6270 -0.6687 -1.1678
v  0.6270 -0.9494 0.9645
v  0.6270 1.1829 0.6838
v  0.6270 -0.3418 -1.3032
v  0.6270 0.0090 -1.3494
v  0.6270 0.3599 -1.3032
v  0.6270 -1.1648 0.6838
v  0.6270 0.9675 0.9645
v  0.6270 0.6868 -1.1678
v  0.6270 -1.3003 0.3569
v  0.6270 0.6868 1.1799
v  0.6270 0.9675 -0.9524
v  0.6270 -1.3464 0.0060
v  0.6270 0.3599 1.3153
v  0.6270 1.1829 -0.6717
v  0.6270 -1.3003 -0.3448
v  0.6270 0.0090 1.3615
v  0.6291 1.0159 1.0129
v  0.6291 0.7210 1.2392
v  0.6291 0.7210 -1.2271
v  0.6291 1.0159 -1.0008
v  0.6291 -1.3664 0.3746
v  0.6291 -1.4149 0.0060
v  0.6291 0.3776 1.3814
v  0.6291 1.2422 -0.7059
v  0.6291 -1.3664 -0.3625
v  0.6291 0.0090 1.4300
v  0.6291 1.3844 -0.3625
v  0.6291 -1.2241 -0.7059
v  0.6291 -0.3595 1.3814
v  0.6291 1.4329 0.0060
v  0.6291 -0.9978 -1.0008
v  0.6291 -0.7029 1.2392
v  0.6291 1.3844 0.3746
v  0.6291 -0.7029 -1.2271
v  0.6291 -0.9978 1.0129
v  0.6291 1.2422 0.7180
v  0.6291 -0.3595 -1.3693
v  0.6291 0.0090 -1.4179
v  0.6291 0.3776 -1.3693
v  0.6291 -1.2241 0.7180
v  0.3331 1.0197 -0.5775
v  0.3331 0.8343 -0.8192
v  0.3331 -1.1182 -0.2960
v  0.3331 -1.1580 0.0060
v  0.3331 0.0090 1.1731
v  0.3331 0.3111 1.1333
v  0.3331 1.1363 -0.2960
v  0.3331 -1.0017 -0.5775
v  0.3331 -0.2930 1.1333
v  0.3331 1.1761 0.0060
v  0.3331 -0.8162 -0.8192
v  0.3331 -0.5745 1.0167
v  0.3331 1.1363 0.3081
v  0.3331 -0.5745 -1.0046
v  0.3331 -0.8162 0.8313
v  0.3331 1.0197 0.5896
v  0.3331 -0.2930 -1.1212
v  0.3331 0.3111 -1.1212
v  0.3331 0.0090 -1.1610
v  0.3331 -1.0017 0.5896
v  0.3331 0.8343 0.8313
v  0.3331 0.5926 -1.0046
v  0.3331 -1.1182 0.3081
v  0.3331 0.5926 1.0167
v  -0.5746 0.5926 1.0167
v  -0.5746 0.8343 0.8313
v  -0.5746 0.8343 -0.8192
v  -0.5746 0.5926 -1.0046
v  -0.5746 -1.1580 0.0060
v  -0.5746 -1.1182 0.3081
v  -0.5746 0.3111 1.1333
v  -0.5746 1.0197 -0.5775
v  -0.5746 -1.1182 -0.2960
v  -0.5746 0.0090 1.1731
v  -0.5746 1.1363 -0.2960
v  -0.5746 -1.0017 -0.5775
v  -0.5746 -0.2930 1.1333
v  -0.5746 1.1761 0.0060
v  -0.5746 -0.8162 -0.8192
v  -0.5746 -0.5745 1.0167
v  -0.5746 1.1363 0.3081
v  -0.5746 -0.5745 -1.0046
v  -0.5746 -0.8162 0.8313
v  -0.5746 1.0197 0.5896
v  -0.5746 -0.2930 -1.1212
v  -0.5746 0.3111 -1.1212
v  -0.5746 0.0090 -1.1610
v  -0.5746 -1.0017 0.5896
v  -0.7208 -0.6960 1.2271
v  -0.7208 -0.3559 1.3680
v  -0.7208 1.3710 0.3710
v  -0.7208 1.4190 0.0060
v  -0.7208 -0.6960 -1.2150
v  -0.7208 -0.9880 -0.9910
v  -0.7208 -0.9880 1.0031
v  -0.7208 1.2301 0.7110
v  -0.7208 -0.3559 -1.3559
v  -0.7208 0.3740 -1.3559
v  -0.7208 0.0090 -1.4040
v  -0.7208 -1.2121 0.7110
v  -0.7208 1.0061 1.0031
v  -0.7208 0.7140 -1.2150
v  -0.7208 -1.3529 0.3710
v  -0.7208 0.7140 1.2271
v  -0.7208 1.0061 -0.9910
v  -0.7208 -1.4010 0.0060
v  -0.7208 0.3740 1.3680
v  -0.7208 1.2301 -0.6990
v  -0.7208 -1.3529 -0.3589
v  -0.7208 0.0090 1.4160
v  -0.7208 1.3710 -0.3589
v  -0.7208 -1.2121 -0.6990
v  -0.7697 1.0061 -0.9910
v  -0.7697 0.7140 -1.2150
v  -0.7697 -1.4010 0.0060
v  -0.7697 -1.3529 0.3710
v  -0.7697 0.3740 1.3680
v  -0.7697 0.7140 1.2271
v  -0.7697 1.2301 -0.6990
v  -0.7697 -1.3529 -0.3589
v  -0.7697 0.0090 1.4160
v  -0.7697 1.3710 -0.3589
v  -0.7697 -1.2121 -0.6990
v  -0.7697 -0.3559 1.3680
v  -0.7697 1.4190 0.0060
v  -0.7697 -0.9880 -0.9910
v  -0.7697 -0.6960 1.2271
v  -0.7697 1.3710 0.3710
v  -0.7697 -0.6960 -1.2150
v  -0.7697 -0.9880 1.0031
v  -0.7697 1.2301 0.7110
v  -0.7697 -0.3559 -1.3559
v  -0.7697 0.3740 -1.3559
v  -0.7697 0.0090 -1.4040
v  -0.7697 -1.2121 0.7110
v  -0.7697 1.0061 1.0031
v  -0.7905 0.0090 -1.4420
v  -0.7905 -0.3657 -1.3926
v  -0.7905 0.7331 -1.2480
v  -0.7905 0.3838 -1.3926
v  -0.7905 -1.3896 0.3808
v  -0.7905 -1.2450 0.7301
v  -0.7905 0.7331 1.2601
v  -0.7905 1.0329 1.0300
v  -0.7905 1.0329 -1.0179
v  -0.7905 -1.4390 0.0060
v  -0.7905 0.3838 1.4047
v  -0.7905 1.2631 -0.7180
v  -0.7905 -1.3896 -0.3687
v  -0.7905 0.0090 1.4541
v  -0.7905 1.4077 -0.3687
v  -0.7905 -1.2450 -0.7180
v  -0.7905 -0.3657 1.4047
v  -0.7905 1.4571 0.0060
v  -0.7905 -1.0149 -1.0179
v  -0.7905 -0.7150 1.2601
v  -0.7905 1.4077 0.3808
v  -0.7905 -0.7150 -1.2480
v  -0.7905 -1.0149 1.0300
v  -0.7905 1.2631 0.7301
v  0.5158 0.4966 0.0684
v  0.5158 0.4997 0.0060
v  0.5574 0.6648 0.0060
v  0.5574 0.6590 0.0626
v  0.5158 0.4966 -0.0563
v  0.5158 0.4857 -0.1187
v  0.5574 0.6531 -0.1070
v  0.5574 0.6590 -0.0505
v  0.4846 0.2237 0.0060
v  0.4889 0.2493 -0.0606
v  0.4297 0.2493 -0.0606
v  0.4297 0.2237 0.0060
v  0.5042 0.4052 0.0060
v  0.4997 0.3798 0.0727
v  0.4297 0.3798 0.0727
v  0.4297 0.4052 0.0060
v  0.4947 0.3142 -0.0883
v  0.4297 0.3142 -0.0883
v  0.5626 1.0786 0.0478
v  0.5626 1.0827 0.0060
v  0.4964 1.2447 0.0060
v  0.4964 1.2418 0.0421
v  0.5626 1.0786 -0.0357
v  0.4964 1.2418 -0.0300
v  0.5678 0.7215 0.0604
v  0.5678 0.7159 0.1147
v  0.5574 0.6531 0.1191
v  0.5872 0.8905 -0.0128
v  0.5872 0.8916 0.0060
v  0.5709 0.8916 0.0060
v  0.5709 0.8905 -0.0128
v  0.5018 0.4405 -0.0731
v  0.5018 0.4292 -0.1522
v  0.5089 0.4578 -0.1307
v  0.5089 0.4689 -0.0623
v  0.5018 0.4405 0.0852
v  0.5018 0.4440 0.0060
v  0.5089 0.4722 0.0060
v  0.5089 0.4689 0.0744
v  0.5089 0.4578 0.1428
v  0.5158 0.4857 0.1308
v  0.5018 0.4292 0.1643
v  0.5870 0.9327 0.0530
v  0.5870 0.9279 0.0999
v  0.5875 0.8341 0.1064
v  0.5875 0.8392 0.0562
v  0.5870 0.9279 -0.0878
v  0.5870 0.9327 -0.0409
v  0.5875 0.8392 -0.0441
v  0.5875 0.8341 -0.0943
v  0.5678 0.7159 -0.1026
v  0.5678 0.7215 -0.0483
v  0.5627 1.0744 -0.0775
v  0.4964 1.2389 -0.0660
v  0.5735 1.0386 0.0060
v  0.5735 1.0385 -0.0129
v  0.5573 1.0385 -0.0129
v  0.5572 1.0386 0.0060
v  0.5797 1.0114 -0.0381
v  0.5797 1.0159 0.0060
v  0.5870 0.9375 0.0060
v  0.5627 1.0744 0.0896
v  0.5797 1.0069 0.0943
v  0.5797 1.0114 0.0502
v  0.5873 0.8714 -0.0141
v  0.5711 0.8714 -0.0141
v  0.5797 1.0069 -0.0822
v  0.4964 1.2389 0.0781
v  0.4881 0.2498 0.0727
v  0.4947 0.3142 0.1004
v  0.5018 0.3858 0.2235
v  0.4997 0.3798 -0.0606
v  0.5018 0.3858 -0.2115
v  0.4807 0.1440 0.0061
v  0.4816 0.1394 0.0411
v  0.4818 0.1259 0.0736
v  0.4720 0.0090 0.0060
v  0.4814 0.1394 -0.0288
v  0.4818 0.1260 -0.0614
v  0.4297 0.2674 -0.0431
v  0.4297 0.3143 -0.0630
v  0.4758 0.3143 -0.0630
v  0.4758 0.2674 -0.0431
v  0.4297 0.2486 0.0060
v  0.4758 0.2486 0.0060
v  0.4297 0.3616 -0.0431
v  0.4297 0.3803 0.0060
v  0.4758 0.3803 0.0060
v  0.4758 0.3616 -0.0431
v  0.4297 0.2498 0.0727
v  0.4297 0.3142 0.1004
v  0.4297 0.2679 0.0552
v  0.4297 0.3143 0.0751
v  0.4297 0.3616 0.0552
v  0.4297 0.3798 -0.0606
v  0.4758 0.3143 0.0751
v  0.4758 0.2679 0.0552
v  0.4758 0.3616 0.0552
v  0.4794 1.0069 -0.0822
v  0.4623 1.0744 -0.0775
v  0.4015 0.4292 0.1643
v  0.4015 0.3858 0.2235
v  0.4867 0.9279 0.0999
v  0.4872 0.8341 0.1064
v  0.4086 0.4578 0.1428
v  0.4794 1.0069 0.0943
v  0.4867 0.9279 -0.0878
v  0.4015 0.3858 -0.2115
v  0.4015 0.4292 -0.1522
v  0.4570 0.6531 -0.1070
v  0.4675 0.7159 -0.1026
v  0.4086 0.4578 -0.1307
v  0.4155 0.4857 -0.1187
v  0.4570 0.6531 0.1191
v  0.4155 0.4857 0.1308
v  0.3961 1.2389 0.0781
v  0.4623 1.0744 0.0896
v  0.4872 0.8341 -0.0943
v  0.3961 1.2389 -0.0660
v  0.4675 0.7159 0.1147
v  0.4015 0.0090 0.0060
v  0.5875 0.8444 0.0060
v  0.5678 0.7271 0.0060
v  0.5604 0.6782 0.0060
v  0.5618 0.6783 0.0293
v  0.5634 0.7047 0.0291
v  0.5873 0.8726 0.0060
v  0.5618 0.6783 -0.0172
v  0.5634 0.7047 -0.0170
v  0.5688 1.0573 -0.0120
v  0.5688 1.0574 0.0060
v  0.5735 1.0385 0.0250
v  0.5688 1.0573 0.0241
v  0.5872 0.8905 0.0249
v  0.5873 0.8714 0.0262
v  0.5619 0.7048 0.0060
v  0.5709 0.8905 0.0249
v  0.5711 0.8714 0.0262
v  0.5711 0.8726 0.0060
v  0.5525 1.0573 -0.0120
v  0.5525 1.0574 0.0060
v  0.5525 1.0573 0.0241
v  0.5573 1.0385 0.0250
v  0.5456 0.6783 -0.0172
v  0.5442 0.6782 0.0060
v  0.5471 0.7047 -0.0170
v  0.5158 0.1988 0.4594
v  0.5158 0.2544 0.4310
v  0.5574 0.3369 0.5739
v  0.5574 0.2851 0.5971
v  0.5158 0.3068 0.3971
v  0.5158 0.3554 0.3565
v  0.5574 0.4290 0.5074
v  0.5574 0.3829 0.5406
v  0.4997 0.2522 0.2938
v  0.5042 0.2071 0.3491
v  0.4297 0.2071 0.3491
v  0.4297 0.2522 0.2938
v  0.4846 0.1164 0.1920
v  0.4889 0.1869 0.1807
v  0.4297 0.1869 0.1807
v  0.4297 0.1164 0.1920
v  0.4997 0.1367 0.3605
v  0.4297 0.1367 0.3605
v  0.4947 0.2433 0.2232
v  0.4297 0.2433 0.2232
v  0.5626 0.5076 0.9532
v  0.5626 0.5459 0.9359
v  0.4964 0.6269 1.0761
v  0.4964 0.5942 1.0917
v  0.5634 0.3370 0.6200
v  0.5618 0.3235 0.5973
v  0.5456 0.3235 0.5973
v  0.5471 0.3370 0.6200
v  0.5626 0.5800 0.9114
v  0.4964 0.6566 1.0556
v  0.5678 0.3182 0.6502
v  0.5678 0.2684 0.6726
v  0.5574 0.2332 0.6204
v  0.5872 0.4661 0.7599
v  0.5872 0.4503 0.7704
v  0.5709 0.4503 0.7704
v  0.5709 0.4661 0.7599
v  0.5018 0.2933 0.3401
v  0.5018 0.3562 0.2908
v  0.5089 0.3519 0.3263
v  0.5089 0.2982 0.3701
v  0.5018 0.1562 0.4193
v  0.5018 0.2265 0.3828
v  0.5089 0.2406 0.4072
v  0.5089 0.1797 0.4385
v  0.5089 0.1149 0.4631
v  0.5158 0.1393 0.4812
v  0.5018 0.0820 0.4491
v  0.5870 0.4302 0.8294
v  0.5870 0.3872 0.8487
v  0.5875 0.3346 0.7707
v  0.5875 0.3807 0.7501
v  0.5619 0.3569 0.6086
v  0.5456 0.3569 0.6086
v  0.5870 0.5497 0.7549
v  0.5870 0.5115 0.7825
v  0.5875 0.4676 0.6999
v  0.5875 0.5085 0.6704
v  0.5678 0.4566 0.5639
v  0.5678 0.4123 0.5959
v  0.5627 0.6141 0.8869
v  0.4964 0.6864 1.0351
v  0.5604 0.3436 0.5855
v  0.5442 0.3436 0.5855
v  0.5735 0.5238 0.8977
v  0.5735 0.5401 0.8881
v  0.5573 0.5401 0.8881
v  0.5572 0.5238 0.8977
v  0.5797 0.5484 0.8520
v  0.5797 0.5124 0.8780
v  0.5870 0.4733 0.8101
v  0.5627 0.4693 0.9704
v  0.5797 0.4315 0.9143
v  0.5797 0.4720 0.8962
v  0.5873 0.4576 0.7428
v  0.5711 0.4576 0.7428
v  0.5797 0.5844 0.8260
v  0.4964 0.5616 1.1072
v  0.4881 0.0716 0.2479
v  0.4947 0.0800 0.3175
v  0.5018 0.0090 0.4411
v  0.4807 0.0764 0.1230
v  0.4816 0.0439 0.1364
v  0.4818 0.0090 0.1410
v  0.4814 0.1044 0.1015
v  0.4297 0.1808 0.2052
v  0.4297 0.2215 0.2359
v  0.4758 0.2215 0.2359
v  0.4758 0.1808 0.2052
v  0.4297 0.1289 0.2135
v  0.4758 0.1289 0.2135
v  0.4297 0.2279 0.2868
v  0.4297 0.1947 0.3276
v  0.4758 0.1947 0.3276
v  0.4758 0.2279 0.2868
v  0.4297 0.0716 0.2479
v  0.4297 0.0800 0.3175
v  0.4297 0.0959 0.2548
v  0.4297 0.1019 0.3050
v  0.4297 0.1428 0.3360
v  0.4758 0.1019 0.3050
v  0.4758 0.0959 0.2548
v  0.4758 0.1428 0.3360
v  0.4794 0.5844 0.8260
v  0.4623 0.6141 0.8869
v  0.4015 0.0820 0.4491
v  0.4015 0.0090 0.4411
v  0.4867 0.3872 0.8487
v  0.4872 0.3346 0.7707
v  0.4086 0.1149 0.4631
v  0.4794 0.4315 0.9143
v  0.4867 0.5497 0.7549
v  0.4015 0.3562 0.2908
v  0.4570 0.4290 0.5074
v  0.4675 0.4566 0.5639
v  0.4086 0.3519 0.3263
v  0.4155 0.3554 0.3565
v  0.4570 0.2332 0.6204
v  0.4155 0.1393 0.4812
v  0.3961 0.5616 1.1072
v  0.4623 0.4693 0.9704
v  0.4872 0.5085 0.6704
v  0.3961 0.6864 1.0351
v  0.4675 0.2684 0.6726
v  0.5875 0.4267 0.7295
v  0.5678 0.3681 0.6279
v  0.5873 0.4408 0.7539
v  0.5873 0.4228 0.7629
v  0.5618 0.3638 0.5740
v  0.5634 0.3768 0.5970
v  0.5688 0.5488 0.9048
v  0.5688 0.5332 0.9140
v  0.5735 0.5074 0.9070
v  0.5688 0.5175 0.9229
v  0.5872 0.4334 0.7788
v  0.5471 0.3768 0.5970
v  0.5456 0.3638 0.5740
v  0.5709 0.4334 0.7788
v  0.5711 0.4228 0.7629
v  0.5711 0.4408 0.7539
v  0.5525 0.5488 0.9048
v  0.5525 0.5332 0.9140
v  0.5525 0.5175 0.9229
v  0.5573 0.5074 0.9070
v  0.5158 -0.2887 0.3971
v  0.5158 -0.2363 0.4310
v  0.5574 -0.3188 0.5739
v  0.5574 -0.3649 0.5406
v  0.5158 -0.1807 0.4594
v  0.5158 -0.1213 0.4812
v  0.5574 -0.2151 0.6204
v  0.5574 -0.2670 0.5971
v  0.4997 -0.1186 0.3605
v  0.5042 -0.1890 0.3491
v  0.4297 -0.1890 0.3491
v  0.4297 -0.1186 0.3605
v  0.4846 -0.0983 0.1920
v  0.4889 -0.0533 0.2474
v  0.4297 -0.0533 0.2474
v  0.4297 -0.0983 0.1920
v  0.4997 -0.2341 0.2938
v  0.4297 -0.2341 0.2938
v  0.4947 -0.0619 0.3175
v  0.4297 -0.0619 0.3175
v  0.5626 -0.5619 0.9114
v  0.5626 -0.5278 0.9359
v  0.4964 -0.6088 1.0761
v  0.4964 -0.6385 1.0556
v  0.5634 -0.3587 0.5970
v  0.5618 -0.3458 0.5740
v  0.5456 -0.3458 0.5740
v  0.5471 -0.3587 0.5970
v  0.5626 -0.4895 0.9532
v  0.4964 -0.5761 1.0917
v  0.5678 -0.3942 0.5959
v  0.5678 -0.4385 0.5639
v  0.5574 -0.4109 0.5073
v  0.5872 -0.4153 0.7788
v  0.5872 -0.4322 0.7704
v  0.5709 -0.4322 0.7704
v  0.5709 -0.4153 0.7788
v  0.5018 -0.1382 0.4193
v  0.5018 -0.0640 0.4491
v  0.5089 -0.0969 0.4631
v  0.5089 -0.1616 0.4385
v  0.5018 -0.2752 0.3401
v  0.5018 -0.2085 0.3828
v  0.5089 -0.2225 0.4072
v  0.5089 -0.2801 0.3701
v  0.5089 -0.3338 0.3263
v  0.5158 -0.3373 0.3565
v  0.5018 -0.3381 0.2908
v  0.5870 -0.4934 0.7825
v  0.5870 -0.5316 0.7549
v  0.5875 -0.4904 0.6704
v  0.5875 -0.4495 0.6999
v  0.5619 -0.3388 0.6086
v  0.5456 -0.3388 0.6086
v  0.5870 -0.3691 0.8487
v  0.5870 -0.4122 0.8294
v  0.5875 -0.3626 0.7501
v  0.5875 -0.3165 0.7707
v  0.5678 -0.2503 0.6726
v  0.5678 -0.3002 0.6502
v  0.5627 -0.4513 0.9704
v  0.4964 -0.5435 1.1072
v  0.5604 -0.3255 0.5855
v  0.5442 -0.3255 0.5855
v  0.5735 -0.5058 0.8977
v  0.5735 -0.4893 0.9070
v  0.5573 -0.4893 0.9070
v  0.5572 -0.5058 0.8977
v  0.5797 -0.4539 0.8962
v  0.5797 -0.4944 0.8780
v  0.5870 -0.4552 0.8101
v  0.5627 -0.5960 0.8869
v  0.5797 -0.5663 0.8260
v  0.5797 -0.5304 0.8520
v  0.5873 -0.4047 0.7629
v  0.5711 -0.4047 0.7629
v  0.5797 -0.4134 0.9143
v  0.4964 -0.6683 1.0351
v  0.4881 -0.1691 0.1812
v  0.4947 -0.2252 0.2232
v  0.5018 -0.3677 0.2236
v  0.4807 -0.0585 0.1229
v  0.4816 -0.0865 0.1014
v  0.4818 -0.1079 0.0735
v  0.4814 -0.0259 0.1364
v  0.4297 -0.0776 0.2544
v  0.4297 -0.0838 0.3049
v  0.4758 -0.0838 0.3049
v  0.4758 -0.0776 0.2544
v  0.4297 -0.1107 0.2136
v  0.4758 -0.1107 0.2136
v  0.4297 -0.1247 0.3359
v  0.4297 -0.1766 0.3276
v  0.4758 -0.1766 0.3276
v  0.4758 -0.1247 0.3359
v  0.4297 -0.1691 0.1812
v  0.4297 -0.2252 0.2232
v  0.4297 -0.1630 0.2056
v  0.4297 -0.2034 0.2359
v  0.4297 -0.2098 0.2868
v  0.4758 -0.2034 0.2359
v  0.4758 -0.1630 0.2056
v  0.4758 -0.2098 0.2868
v  0.4794 -0.4134 0.9143
v  0.4623 -0.4513 0.9704
v  0.4015 -0.3381 0.2908
v  0.4015 -0.3677 0.2236
v  0.4867 -0.5316 0.7549
v  0.4872 -0.4904 0.6704
v  0.4086 -0.3338 0.3263
v  0.4794 -0.5663 0.8260
v  0.4867 -0.3691 0.8487
v  0.4015 -0.0640 0.4491
v  0.4570 -0.2151 0.6204
v  0.4675 -0.2503 0.6726
v  0.4086 -0.0969 0.4631
v  0.4155 -0.1213 0.4812
v  0.4570 -0.4109 0.5073
v  0.4155 -0.3373 0.3565
v  0.3961 -0.6683 1.0351
v  0.4623 -0.5960 0.8869
v  0.4872 -0.3165 0.7707
v  0.3961 -0.5435 1.1072
v  0.4675 -0.4385 0.5639
v  0.5875 -0.4086 0.7295
v  0.5678 -0.3500 0.6279
v  0.5873 -0.4228 0.7539
v  0.5873 -0.4395 0.7428
v  0.5618 -0.3054 0.5973
v  0.5634 -0.3189 0.6200
v  0.5688 -0.4995 0.9229
v  0.5688 -0.5152 0.9140
v  0.5735 -0.5221 0.8881
v  0.5688 -0.5307 0.9048
v  0.5872 -0.4480 0.7599
v  0.5471 -0.3189 0.6200
v  0.5456 -0.3054 0.5973
v  0.5709 -0.4480 0.7599
v  0.5711 -0.4395 0.7428
v  0.5711 -0.4228 0.7539
v  0.5525 -0.4995 0.9229
v  0.5525 -0.5152 0.9140
v  0.5525 -0.5307 0.9048
v  0.5573 -0.5221 0.8881
v  0.5158 -0.4785 -0.0563
v  0.5158 -0.4816 0.0060
v  0.5574 -0.6467 0.0060
v  0.5574 -0.6409 -0.0505
v  0.5158 -0.4785 0.0684
v  0.5158 -0.4676 0.1308
v  0.5574 -0.6351 0.1191
v  0.5574 -0.6409 0.0626
v  0.4997 -0.3617 0.0727
v  0.5042 -0.3871 0.0060
v  0.4297 -0.3871 0.0060
v  0.4297 -0.3617 0.0727
v  0.4846 -0.2056 0.0060
v  0.4889 -0.2312 0.0727
v  0.4297 -0.2312 0.0727
v  0.4297 -0.2056 0.0060
v  0.4997 -0.3617 -0.0606
v  0.4297 -0.3617 -0.0606
v  0.4947 -0.2962 0.1004
v  0.4297 -0.2962 0.1004
v  0.5626 -1.0605 -0.0357
v  0.5626 -1.0647 0.0060
v  0.4964 -1.2266 0.0060
v  0.4964 -1.2237 -0.0300
v  0.5634 -0.6867 -0.0170
v  0.5618 -0.6602 -0.0172
v  0.5456 -0.6602 -0.0172
v  0.5471 -0.6867 -0.0170
v  0.5626 -1.0605 0.0478
v  0.4964 -1.2237 0.0421
v  0.5678 -0.7034 -0.0483
v  0.5678 -0.6979 -0.1026
v  0.5574 -0.6351 -0.1070
v  0.5872 -0.8724 0.0249
v  0.5872 -0.8735 0.0060
v  0.5709 -0.8735 0.0060
v  0.5709 -0.8724 0.0249
v  0.5018 -0.4224 0.0852
v  0.5018 -0.4111 0.1643
v  0.5089 -0.4397 0.1428
v  0.5089 -0.4508 0.0744
v  0.5018 -0.4224 -0.0731
v  0.5018 -0.4260 0.0060
v  0.5089 -0.4541 0.0060
v  0.5089 -0.4508 -0.0623
v  0.5089 -0.4397 -0.1307
v  0.5158 -0.4676 -0.1187
v  0.5018 -0.4111 -0.1522
v  0.5870 -0.9146 -0.0409
v  0.5870 -0.9098 -0.0878
v  0.5875 -0.8160 -0.0943
v  0.5875 -0.8211 -0.0441
v  0.5619 -0.6867 0.0060
v  0.5456 -0.6867 0.0060
v  0.5870 -0.9098 0.0999
v  0.5870 -0.9146 0.0530
v  0.5875 -0.8211 0.0562
v  0.5875 -0.8160 0.1064
v  0.5678 -0.6979 0.1147
v  0.5678 -0.7034 0.0604
v  0.5627 -1.0563 0.0896
v  0.4964 -1.2208 0.0781
v  0.5604 -0.6601 0.0060
v  0.5442 -0.6601 0.0060
v  0.5735 -1.0205 0.0060
v  0.5735 -1.0204 0.0250
v  0.5573 -1.0204 0.0250
v  0.5572 -1.0205 0.0060
v  0.5797 -0.9933 0.0502
v  0.5797 -0.9978 0.0060
v  0.5870 -0.9194 0.0060
v  0.5627 -1.0563 -0.0775
v  0.5797 -0.9888 -0.0822
v  0.5797 -0.9933 -0.0381
v  0.5873 -0.8533 0.0262
v  0.5711 -0.8533 0.0262
v  0.5797 -0.9888 0.0943
v  0.4964 -1.2208 -0.0660
v  0.4881 -0.2317 -0.0606
v  0.4947 -0.2962 -0.0883
v  0.5018 -0.3677 -0.2115
v  0.4807 -0.1259 0.0060
v  0.4816 -0.1213 -0.0290
v  0.4818 -0.1078 -0.0615
v  0.4814 -0.1213 0.0409
v  0.4297 -0.2494 0.0552
v  0.4297 -0.2962 0.0751
v  0.4758 -0.2962 0.0751
v  0.4758 -0.2494 0.0552
v  0.4297 -0.2306 0.0061
v  0.4758 -0.2306 0.0061
v  0.4297 -0.3435 0.0552
v  0.4297 -0.3622 0.0060
v  0.4758 -0.3622 0.0060
v  0.4758 -0.3435 0.0552
v  0.4297 -0.2317 -0.0606
v  0.4297 -0.2962 -0.0883
v  0.4297 -0.2498 -0.0431
v  0.4297 -0.2962 -0.0630
v  0.4297 -0.3435 -0.0431
v  0.4758 -0.2962 -0.0630
v  0.4758 -0.2498 -0.0431
v  0.4758 -0.3435 -0.0431
v  0.4794 -0.9888 0.0943
v  0.4623 -1.0563 0.0896
v  0.4015 -0.4111 -0.1522
v  0.4015 -0.3677 -0.2115
v  0.4867 -0.9098 -0.0878
v  0.4872 -0.8160 -0.0943
v  0.4086 -0.4397 -0.1307
v  0.4794 -0.9888 -0.0822
v  0.4867 -0.9098 0.0999
v  0.4015 -0.4111 0.1643
v  0.4570 -0.6351 0.1191
v  0.4675 -0.6979 0.1147
v  0.4086 -0.4397 0.1428
v  0.4155 -0.4676 0.1308
v  0.4570 -0.6351 -0.1070
v  0.4155 -0.4676 -0.1187
v  0.3961 -1.2208 -0.0660
v  0.4623 -1.0563 -0.0775
v  0.4872 -0.8160 0.1064
v  0.3961 -1.2208 0.0781
v  0.4675 -0.6979 -0.1026
v  0.5875 -0.8263 0.0060
v  0.5678 -0.7090 0.0060
v  0.5873 -0.8546 0.0060
v  0.5873 -0.8533 -0.0141
v  0.5618 -0.6602 0.0293
v  0.5634 -0.6867 0.0291
v  0.5688 -1.0392 0.0241
v  0.5688 -1.0393 0.0060
v  0.5735 -1.0204 -0.0129
v  0.5688 -1.0392 -0.0120
v  0.5872 -0.8724 -0.0128
v  0.5471 -0.6867 0.0291
v  0.5456 -0.6602 0.0293
v  0.5709 -0.8724 -0.0128
v  0.5711 -0.8533 -0.0141
v  0.5711 -0.8546 0.0060
v  0.5525 -1.0392 0.0241
v  0.5525 -1.0393 0.0060
v  0.5525 -1.0392 -0.0120
v  0.5573 -1.0204 -0.0129
v  0.5158 -0.1807 -0.4473
v  0.5158 -0.2363 -0.4189
v  0.5574 -0.3188 -0.5618
v  0.5574 -0.2670 -0.5851
v  0.5158 -0.2887 -0.3850
v  0.5158 -0.3373 -0.3444
v  0.5574 -0.4109 -0.4953
v  0.5574 -0.3649 -0.5285
v  0.4997 -0.2341 -0.2817
v  0.5042 -0.1890 -0.3370
v  0.4297 -0.1890 -0.3370
v  0.4297 -0.2341 -0.2817
v  0.4846 -0.0983 -0.1799
v  0.4889 -0.1688 -0.1686
v  0.4297 -0.1688 -0.1686
v  0.4297 -0.0983 -0.1799
v  0.4997 -0.1186 -0.3484
v  0.4297 -0.1186 -0.3484
v  0.4947 -0.2252 -0.2111
v  0.4297 -0.2252 -0.2111
v  0.5626 -0.4895 -0.9411
v  0.5626 -0.5278 -0.9238
v  0.4964 -0.6088 -1.0641
v  0.4964 -0.5761 -1.0796
v  0.5634 -0.3189 -0.6079
v  0.5618 -0.3054 -0.5852
v  0.5456 -0.3054 -0.5852
v  0.5471 -0.3189 -0.6079
v  0.5626 -0.5619 -0.8993
v  0.4964 -0.6385 -1.0435
v  0.5678 -0.3002 -0.6381
v  0.5678 -0.2503 -0.6605
v  0.5574 -0.2151 -0.6083
v  0.5872 -0.4480 -0.7479
v  0.5872 -0.4322 -0.7583
v  0.5709 -0.4322 -0.7583
v  0.5709 -0.4480 -0.7479
v  0.5018 -0.2752 -0.3280
v  0.5018 -0.3381 -0.2787
v  0.5089 -0.3338 -0.3142
v  0.5089 -0.2801 -0.3580
v  0.5018 -0.1382 -0.4072
v  0.5018 -0.2085 -0.3707
v  0.5089 -0.2225 -0.3951
v  0.5089 -0.1616 -0.4264
v  0.5089 -0.0969 -0.4510
v  0.5158 -0.1213 -0.4691
v  0.5018 -0.0640 -0.4370
v  0.5870 -0.4122 -0.8173
v  0.5870 -0.3691 -0.8366
v  0.5875 -0.3165 -0.7586
v  0.5875 -0.3626 -0.7380
v  0.5619 -0.3388 -0.5965
v  0.5456 -0.3388 -0.5965
v  0.5870 -0.5316 -0.7428
v  0.5870 -0.4934 -0.7704
v  0.5875 -0.4495 -0.6878
v  0.5875 -0.4904 -0.6583
v  0.5678 -0.4385 -0.5518
v  0.5678 -0.3942 -0.5838
v  0.5627 -0.5960 -0.8748
v  0.4964 -0.6683 -1.0230
v  0.5604 -0.3255 -0.5734
v  0.5442 -0.3255 -0.5734
v  0.5735 -0.5058 -0.8856
v  0.5735 -0.5221 -0.8760
v  0.5573 -0.5221 -0.8760
v  0.5572 -0.5058 -0.8856
v  0.5797 -0.5304 -0.8399
v  0.5797 -0.4944 -0.8659
v  0.5870 -0.4552 -0.7980
v  0.5627 -0.4513 -0.9583
v  0.5797 -0.4134 -0.9022
v  0.5797 -0.4539 -0.8841
v  0.5873 -0.4395 -0.7307
v  0.5711 -0.4395 -0.7307
v  0.5797 -0.5663 -0.8140
v  0.4964 -0.5435 -1.0951
v  0.4881 -0.0536 -0.2358
v  0.4947 -0.0619 -0.3054
v  0.5018 0.0090 -0.4290
v  0.4807 -0.0584 -0.1109
v  0.4816 -0.0258 -0.1243
v  0.4818 0.0091 -0.1289
v  0.4814 -0.0864 -0.0894
v  0.4297 -0.1627 -0.1932
v  0.4297 -0.2034 -0.2238
v  0.4758 -0.2034 -0.2238
v  0.4758 -0.1627 -0.1932
v  0.4297 -0.1108 -0.2014
v  0.4758 -0.1108 -0.2014
v  0.4297 -0.2098 -0.2747
v  0.4297 -0.1766 -0.3155
v  0.4758 -0.1766 -0.3155
v  0.4758 -0.2098 -0.2747
v  0.4297 -0.0536 -0.2358
v  0.4297 -0.0619 -0.3054
v  0.4297 -0.0778 -0.2427
v  0.4297 -0.0838 -0.2929
v  0.4297 -0.1247 -0.3239
v  0.4758 -0.0838 -0.2929
v  0.4758 -0.0778 -0.2427
v  0.4758 -0.1247 -0.3239
v  0.4794 -0.5663 -0.8140
v  0.4623 -0.5960 -0.8748
v  0.4015 -0.0640 -0.4370
v  0.4015 0.0090 -0.4290
v  0.4867 -0.3691 -0.8366
v  0.4872 -0.3165 -0.7586
v  0.4086 -0.0969 -0.4510
v  0.4794 -0.4134 -0.9022
v  0.4867 -0.5316 -0.7428
v  0.4015 -0.3381 -0.2787
v  0.4570 -0.4109 -0.4953
v  0.4675 -0.4385 -0.5518
v  0.4086 -0.3338 -0.3142
v  0.4155 -0.3373 -0.3444
v  0.4570 -0.2151 -0.6083
v  0.4155 -0.1213 -0.4691
v  0.3961 -0.5435 -1.0951
v  0.4623 -0.4513 -0.9583
v  0.4872 -0.4904 -0.6583
v  0.3961 -0.6683 -1.0230
v  0.4675 -0.2503 -0.6605
v  0.5875 -0.4086 -0.7174
v  0.5678 -0.3500 -0.6158
v  0.5873 -0.4228 -0.7418
v  0.5873 -0.4047 -0.7508
v  0.5618 -0.3458 -0.5619
v  0.5634 -0.3587 -0.5849
v  0.5688 -0.5307 -0.8927
v  0.5688 -0.5152 -0.9019
v  0.5735 -0.4893 -0.8949
v  0.5688 -0.4995 -0.9108
v  0.5872 -0.4153 -0.7667
v  0.5471 -0.3587 -0.5849
v  0.5456 -0.3458 -0.5619
v  0.5709 -0.4153 -0.7667
v  0.5711 -0.4047 -0.7508
v  0.5711 -0.4228 -0.7418
v  0.5525 -0.5307 -0.8927
v  0.5525 -0.5152 -0.9019
v  0.5525 -0.4995 -0.9108
v  0.5573 -0.4893 -0.8949
v  0.5158 0.3068 -0.3850
v  0.5158 0.2544 -0.4189
v  0.5574 0.3369 -0.5618
v  0.5574 0.3829 -0.5285
v  0.5158 0.1988 -0.4473
v  0.5158 0.1393 -0.4691
v  0.5574 0.2332 -0.6083
v  0.5574 0.2851 -0.5851
v  0.4997 0.1367 -0.3484
v  0.5042 0.2071 -0.3370
v  0.4297 0.2071 -0.3370
v  0.4297 0.1367 -0.3484
v  0.4846 0.1164 -0.1799
v  0.4889 0.0714 -0.2353
v  0.4297 0.0714 -0.2353
v  0.4297 0.1164 -0.1799
v  0.4997 0.2522 -0.2817
v  0.4297 0.2522 -0.2817
v  0.4947 0.0800 -0.3054
v  0.4297 0.0800 -0.3054
v  0.5626 0.5800 -0.8993
v  0.5626 0.5459 -0.9238
v  0.4964 0.6269 -1.0641
v  0.4964 0.6566 -1.0435
v  0.5634 0.3768 -0.5849
v  0.5618 0.3638 -0.5619
v  0.5456 0.3638 -0.5619
v  0.5471 0.3768 -0.5849
v  0.5626 0.5076 -0.9411
v  0.4964 0.5942 -1.0796
v  0.5678 0.4123 -0.5838
v  0.5678 0.4566 -0.5518
v  0.5574 0.4290 -0.4953
v  0.5872 0.4334 -0.7667
v  0.5872 0.4503 -0.7583
v  0.5709 0.4503 -0.7583
v  0.5709 0.4334 -0.7667
v  0.5018 0.1562 -0.4072
v  0.5018 0.0820 -0.4370
v  0.5089 0.1149 -0.4510
v  0.5089 0.1797 -0.4264
v  0.5018 0.2933 -0.3280
v  0.5018 0.2265 -0.3707
v  0.5089 0.2406 -0.3951
v  0.5089 0.2982 -0.3580
v  0.5089 0.3519 -0.3142
v  0.5158 0.3554 -0.3444
v  0.5018 0.3562 -0.2787
v  0.5870 0.5115 -0.7704
v  0.5870 0.5497 -0.7428
v  0.5875 0.5085 -0.6583
v  0.5875 0.4676 -0.6878
v  0.5619 0.3569 -0.5965
v  0.5456 0.3569 -0.5965
v  0.5870 0.3872 -0.8366
v  0.5870 0.4302 -0.8173
v  0.5875 0.3807 -0.7380
v  0.5875 0.3346 -0.7586
v  0.5678 0.2684 -0.6605
v  0.5678 0.3182 -0.6381
v  0.5627 0.4693 -0.9583
v  0.4964 0.5616 -1.0951
v  0.5604 0.3436 -0.5734
v  0.5442 0.3436 -0.5734
v  0.5735 0.5238 -0.8856
v  0.5735 0.5074 -0.8949
v  0.5573 0.5074 -0.8949
v  0.5572 0.5238 -0.8856
v  0.5797 0.4720 -0.8841
v  0.5797 0.5124 -0.8659
v  0.5870 0.4733 -0.7980
v  0.5627 0.6141 -0.8748
v  0.5797 0.5844 -0.8140
v  0.5797 0.5484 -0.8399
v  0.5873 0.4228 -0.7508
v  0.5711 0.4228 -0.7508
v  0.5797 0.4315 -0.9022
v  0.4964 0.6864 -1.0230
v  0.4881 0.1872 -0.1691
v  0.4947 0.2433 -0.2111
v  0.4807 0.0766 -0.1108
v  0.4816 0.1046 -0.0893
v  0.4814 0.0440 -0.1243
v  0.4297 0.0957 -0.2423
v  0.4297 0.1018 -0.2928
v  0.4758 0.1018 -0.2928
v  0.4758 0.0957 -0.2423
v  0.4297 0.1288 -0.2015
v  0.4758 0.1288 -0.2015
v  0.4297 0.1428 -0.3238
v  0.4297 0.1947 -0.3155
v  0.4758 0.1947 -0.3155
v  0.4758 0.1428 -0.3238
v  0.4297 0.1872 -0.1691
v  0.4297 0.2433 -0.2111
v  0.4297 0.1810 -0.1935
v  0.4297 0.2215 -0.2238
v  0.4297 0.2279 -0.2747
v  0.4758 0.2215 -0.2238
v  0.4758 0.1810 -0.1935
v  0.4758 0.2279 -0.2747
v  0.4794 0.4315 -0.9022
v  0.4623 0.4693 -0.9583
v  0.4015 0.3562 -0.2787
v  0.4867 0.5497 -0.7428
v  0.4872 0.5085 -0.6583
v  0.4086 0.3519 -0.3142
v  0.4794 0.5844 -0.8140
v  0.4867 0.3872 -0.8366
v  0.4015 0.0820 -0.4370
v  0.4570 0.2332 -0.6083
v  0.4675 0.2684 -0.6605
v  0.4086 0.1149 -0.4510
v  0.4155 0.1393 -0.4691
v  0.4570 0.4290 -0.4953
v  0.4155 0.3554 -0.3444
v  0.3961 0.6864 -1.0230
v  0.4623 0.6141 -0.8748
v  0.4872 0.3346 -0.7586
v  0.3961 0.5616 -1.0951
v  0.4675 0.4566 -0.5518
v  0.5875 0.4267 -0.7174
v  0.5678 0.3681 -0.6158
v  0.5873 0.4408 -0.7418
v  0.5873 0.4576 -0.7307
v  0.5618 0.3235 -0.5852
v  0.5634 0.3370 -0.6079
v  0.5688 0.5175 -0.9108
v  0.5688 0.5332 -0.9019
v  0.5735 0.5401 -0.8760
v  0.5688 0.5488 -0.8927
v  0.5872 0.4661 -0.7479
v  0.5471 0.3370 -0.6079
v  0.5456 0.3235 -0.5852
v  0.5709 0.4661 -0.7479
v  0.5711 0.4576 -0.7307
v  0.5711 0.4408 -0.7418
v  0.5525 0.5175 -0.9108
v  0.5525 0.5332 -0.9019
v  0.5525 0.5488 -0.8927
v  0.5573 0.5401 -0.8760
v  0.5456 0.6783 0.0293
v  0.5471 0.7047 0.0291
v  0.5456 0.7048 0.0060
v  0.4822 0.1303 0.0762
v  0.4820 0.1443 0.0424
v  0.4820 0.0452 0.1414
v  0.4811 0.0790 0.1274
v  0.4817 0.1080 0.1052
v  0.4822 0.0090 0.1461
v  0.4820 -0.0901 0.1050
v  0.4811 -0.0611 0.1273
v  0.4817 -0.0273 0.1413
v  0.4822 -0.1123 0.0760
v  0.4820 -0.1262 -0.0303
v  0.4811 -0.1310 0.0060
v  0.4817 -0.1263 0.0422
v  0.4822 -0.1122 -0.0641
v  0.4820 -0.0271 -0.1293
v  0.4811 -0.0609 -0.1153
v  0.4817 -0.0900 -0.0931
v  0.4822 0.0091 -0.1340
v  0.4820 0.1081 -0.0929
v  0.4811 0.0791 -0.1152
v  0.4817 0.0454 -0.1292
v  0.4822 0.1304 -0.0639
v  0.4811 0.1491 0.0061
v  0.4817 0.1444 -0.0301
v  0.4718 -0.0901 0.1050
v  0.4709 -0.0611 0.1273
v  0.4717 0.0091 -0.1289
v  0.4712 0.0440 -0.1243
v  0.4709 0.1491 0.0061
v  0.4716 0.1444 -0.0301
v  0.4715 -0.1213 -0.0290
v  0.4717 -0.1078 -0.0615
v  0.4720 0.0090 0.1461
v  0.4718 0.0452 0.1414
v  0.4712 -0.0864 -0.0894
v  0.4718 0.1443 0.0424
v  0.4712 -0.1213 0.0409
v  0.4706 -0.1259 0.0060
v  0.4709 0.0790 0.1274
v  0.4716 0.1080 0.1052
v  0.4717 -0.1079 0.0735
v  0.4720 0.1304 -0.0639
v  0.4718 0.1081 -0.0929
v  0.4717 0.0090 0.1410
v  0.4712 -0.0259 0.1364
v  0.4709 0.0791 -0.1152
v  0.4716 0.0454 -0.1292
v  0.4715 -0.0865 0.1014
v  0.4720 0.1303 0.0762
v  0.4717 0.1259 0.0736
v  0.4712 0.1044 0.1015
v  0.4706 -0.0585 0.1229
v  0.4717 0.1260 -0.0614
v  0.4712 0.1394 -0.0288
v  0.4720 0.0091 -0.1340
v  0.4718 -0.0271 -0.1293
v  0.4706 0.1440 0.0061
v  0.4715 0.1394 0.0411
v  0.4715 0.0439 0.1364
v  0.4706 0.0764 0.1230
v  0.4716 -0.0273 0.1413
v  0.4720 -0.1123 0.0760
v  0.4709 -0.1310 0.0060
v  0.4718 -0.1262 -0.0303
v  0.4716 -0.1263 0.0422
v  0.4720 -0.1122 -0.0641
v  0.4715 -0.0258 -0.1243
v  0.4706 -0.0584 -0.1109
v  0.4709 -0.0609 -0.1153
v  0.4716 -0.0900 -0.0931
v  0.4715 0.1046 -0.0893
v  0.4706 0.0766 -0.1108
v  0.2334 0.8880 0.2416
v  0.1408 0.8880 0.2416
v  0.1408 0.7971 0.4611
v  0.2334 0.7971 0.4611
v  0.2334 -0.4460 -0.7820
v  0.1408 -0.4460 -0.7820
v  0.1408 -0.2265 -0.8730
v  0.2334 -0.2265 -0.8730
v  0.2334 0.0090 -0.9040
v  0.1408 0.0090 -0.9040
v  0.1408 0.2446 -0.8730
v  0.2334 0.2446 -0.8730
v  0.2334 -0.6344 0.6495
v  0.1408 -0.6344 0.6495
v  0.1408 -0.7791 0.4611
v  0.2334 -0.7791 0.4611
v  0.1408 0.6525 0.6495
v  0.2334 0.6525 0.6495
v  0.1408 0.4640 -0.7820
v  0.2334 0.4640 -0.7820
v  0.1408 -0.8700 0.2416
v  0.2334 -0.8700 0.2416
v  0.1408 0.4640 0.7941
v  0.2334 0.4640 0.7941
v  0.1408 0.6525 -0.6374
v  0.2334 0.6525 -0.6374
v  0.1408 -0.9010 0.0060
v  0.2334 -0.9010 0.0060
v  0.1408 0.2446 0.8850
v  0.2334 0.2446 0.8850
v  0.1408 0.7971 -0.4490
v  0.2334 0.7971 -0.4490
v  0.1408 -0.8700 -0.2295
v  0.2334 -0.8700 -0.2295
v  0.1408 0.0090 0.9161
v  0.2334 0.0090 0.9161
v  0.1408 0.8880 -0.2295
v  0.2334 0.8880 -0.2295
v  0.1408 -0.7791 -0.4490
v  0.2334 -0.7791 -0.4490
v  0.1408 -0.2265 0.8850
v  0.2334 -0.2265 0.8850
v  0.1408 0.9190 0.0060
v  0.2334 0.9190 0.0060
v  0.1408 -0.6344 -0.6374
v  0.2334 -0.6344 -0.6374
v  0.1408 -0.4460 0.7941
v  0.2334 -0.4460 0.7941
v  0.2334 -0.4474 0.2696
v  0.3189 -0.4474 0.2696
v  0.3189 -0.3636 0.3787
v  0.2334 -0.3636 0.3787
v  0.2334 0.1454 -0.5030
v  0.3189 0.1454 -0.5030
v  0.3189 0.0090 -0.5210
v  0.2334 0.0090 -0.5210
v  0.2334 -0.1274 -0.5030
v  0.3189 -0.1274 -0.5030
v  0.3189 -0.2545 -0.4504
v  0.2334 -0.2545 -0.4504
v  0.2334 0.4654 0.2696
v  0.3189 0.4654 0.2696
v  0.3189 0.5181 0.1424
v  0.2334 0.5181 0.1424
v  0.3189 -0.2545 0.4625
v  0.2334 -0.2545 0.4625
v  0.3189 -0.3636 -0.3666
v  0.2334 -0.3636 -0.3666
v  0.3189 0.5361 0.0060
v  0.2334 0.5361 0.0060
v  0.3189 -0.1274 0.5151
v  0.2334 -0.1274 0.5151
v  0.3189 -0.4474 -0.2575
v  0.2334 -0.4474 -0.2575
v  0.3189 0.5181 -0.1304
v  0.2334 0.5181 -0.1304
v  0.3189 0.0090 0.5331
v  0.2334 0.0090 0.5331
v  0.2334 0.2725 -0.4504
v  0.2334 0.3817 -0.3666
v  0.2334 0.4654 -0.2575
v  0.2334 0.3817 0.3787
v  0.2334 0.2725 0.4625
v  0.2334 0.1454 0.5151
v  0.2334 -0.5000 0.1424
v  0.2334 -0.5180 0.0060
v  0.2334 -0.5000 -0.1304
v  0.3189 0.3817 0.3787
v  0.3189 0.2725 0.4625
v  0.3189 0.1454 0.5151
v  0.3189 0.4654 -0.2575
v  0.3189 0.3817 -0.3666
v  0.3189 0.2725 -0.4504
v  0.3189 -0.5000 0.1424
v  0.3189 -0.5180 0.0060
v  0.3189 -0.5000 -0.1304
v  0.6284 0.0090 1.5588
v  0.6284 -0.3928 1.5059
v  0.6081 -0.3420 1.3163
v  0.6081 0.0090 1.3625
v  0.6284 1.5089 -0.3958
v  0.6284 1.5618 0.0060
v  0.6081 1.3655 0.0060
v  0.6081 1.3193 -0.3450
v  0.6284 -1.3357 -0.7703
v  0.6284 -1.0889 -1.0919
v  0.6081 -0.9501 -0.9531
v  0.6081 -1.1657 -0.6722
v  0.6284 -0.7673 1.3508
v  0.6081 -0.6692 1.1808
v  0.6284 1.5089 0.4079
v  0.6081 1.3193 0.3571
v  0.6284 -0.7673 -1.3387
v  0.6081 -0.6692 -1.1687
v  0.6284 -1.0889 1.1040
v  0.6081 -0.9501 0.9652
v  0.6284 1.3538 0.7824
v  0.6081 1.1838 0.6843
v  0.6284 -0.3928 -1.4938
v  0.6081 -0.3420 -1.3042
v  0.6284 -1.3357 0.7824
v  0.6081 -1.1657 0.6843
v  0.6284 1.1070 1.1040
v  0.6081 0.9682 0.9652
v  0.6284 -1.4908 0.4079
v  0.6081 -1.3012 0.3571
v  0.6284 0.7854 1.3508
v  0.6081 0.6873 1.1808
v  0.6284 0.0090 -1.5467
v  0.6081 0.0090 -1.3504
v  0.6284 -1.5437 0.0060
v  0.6081 -1.3474 0.0060
v  0.6284 0.4109 1.5059
v  0.6081 0.3601 1.3163
v  0.2963 0.0090 -1.7255
v  0.2963 0.4572 -1.6665
v  0.4873 0.4572 -1.6665
v  0.4873 0.0090 -1.7255
v  0.6284 1.1070 -1.0919
v  0.6284 1.3538 -0.7703
v  0.6081 1.1838 -0.6722
v  0.6081 0.9682 -0.9531
v  0.6284 -1.4908 -0.3958
v  0.6081 -1.3012 -0.3450
v  0.2963 1.5086 0.8718
v  0.2963 1.2335 1.2305
v  0.4873 1.2335 1.2305
v  0.4873 1.5086 0.8718
v  0.6284 0.7854 -1.3387
v  0.6081 0.6873 -1.1687
v  0.2963 0.8748 -1.4936
v  0.4873 0.8748 -1.4936
v  0.2963 -1.4906 0.8718
v  0.2963 -1.6636 0.4542
v  0.4873 -1.6636 0.4542
v  0.4873 -1.4906 0.8718
v  0.2963 0.8748 1.5057
v  0.4873 0.8748 1.5057
v  0.2963 1.2335 -1.2184
v  0.4873 1.2335 -1.2184
v  0.2963 -1.7226 0.0060
v  0.4873 -1.7226 0.0060
v  0.2963 0.4572 1.6786
v  0.4873 0.4572 1.6786
v  0.2963 1.5086 -0.8597
v  0.4873 1.5086 -0.8597
v  0.2963 -1.6636 -0.4421
v  0.4873 -1.6636 -0.4421
v  0.2963 0.0090 1.7376
v  0.4873 0.0090 1.7376
v  0.2963 1.6816 -0.4421
v  0.4873 1.6816 -0.4421
v  0.2963 -1.4906 -0.8597
v  0.4873 -1.4906 -0.8597
v  0.2963 -0.4391 1.6786
v  0.4873 -0.4391 1.6786
v  0.2963 1.7406 0.0060
v  0.4873 1.7406 0.0060
v  0.2963 -1.2154 -1.2184
v  0.4873 -1.2154 -1.2184
v  0.2963 -0.8568 1.5057
v  0.4873 -0.8568 1.5057
v  0.2963 1.6816 0.4542
v  0.4873 1.6816 0.4542
v  0.2963 -0.8568 -1.4936
v  0.4873 -0.8568 -1.4936
v  0.2963 -1.2154 1.2305
v  0.4873 -1.2154 1.2305
v  0.2963 -0.4391 -1.6665
v  0.4873 -0.4391 -1.6665
v  0.5959 1.4534 -0.8279
v  0.5959 1.6200 -0.4256
v  0.6095 1.5966 -0.4194
v  0.6095 1.4324 -0.8158
v  0.5959 -1.6020 -0.4256
v  0.5959 -1.4353 -0.8279
v  0.6095 -1.4144 -0.8158
v  0.6095 -1.5786 -0.4193
v  0.5959 0.0090 1.6739
v  0.5959 -0.4226 1.6171
v  0.6095 -0.4164 1.5936
v  0.6095 0.0090 1.6497
v  0.5959 1.6769 0.0060
v  0.6095 1.6526 0.0060
v  0.5959 -1.1703 -1.1733
v  0.6095 -1.1532 -1.1562
v  0.5959 -0.8249 1.4504
v  0.6095 -0.8128 1.4295
v  0.5959 1.6200 0.4377
v  0.6095 1.5966 0.4314
v  0.5959 -0.8249 -1.4383
v  0.6095 -0.8128 -1.4174
v  0.5959 -1.1703 1.1854
v  0.6095 -1.1532 1.1683
v  0.5959 1.4534 0.8400
v  0.6095 1.4324 0.8279
v  0.5959 -0.4226 -1.6050
v  0.6095 -0.4164 -1.5816
v  0.5959 0.0090 -1.6618
v  0.6095 0.0090 -1.6376
v  0.5959 -1.4353 0.8400
v  0.6095 -1.4144 0.8279
v  0.5959 1.1884 1.1854
v  0.6095 1.1712 1.1683
v  0.6284 0.4109 -1.4938
v  0.6081 0.3601 -1.3042
v  0.5959 0.4407 -1.6050
v  0.5959 0.8430 -1.4383
v  0.6095 0.8308 -1.4174
v  0.6095 0.4344 -1.5816
v  0.5959 -1.6020 0.4377
v  0.6095 -1.5786 0.4314
v  0.5959 0.8430 1.4504
v  0.6095 0.8308 1.4295
v  0.5959 1.1884 -1.1733
v  0.6095 1.1712 -1.1562
v  0.5959 -1.6588 0.0060
v  0.6095 -1.6346 0.0060
v  0.5959 0.4407 1.6171
v  0.6095 0.4344 1.5936
v  -0.7456 0.7970 -1.3587
v  -0.7456 0.4169 -1.5162
v  -0.7531 0.4048 -1.4711
v  -0.7531 0.7737 -1.3183
v  -0.7456 1.1234 -1.1083
v  -0.7531 1.0904 -1.0753
v  -0.7456 -1.5669 0.0060
v  -0.7456 -1.5132 0.4139
v  -0.7531 -1.4681 0.4018
v  -0.7531 -1.5202 0.0060
v  -0.7456 0.4169 1.5283
v  -0.7456 0.7970 1.3708
v  -0.7531 0.7737 1.3304
v  -0.7531 0.4048 1.4832
v  -0.7456 1.3738 -0.7819
v  -0.7531 1.3334 -0.7586
v  -0.7456 -1.5132 -0.4018
v  -0.7531 -1.4681 -0.3898
v  -0.7456 0.0090 1.5820
v  -0.7531 0.0090 1.5353
v  -0.7456 1.5312 -0.4018
v  -0.7531 1.4862 -0.3898
v  -0.7456 -1.3557 -0.7819
v  -0.7531 -1.3153 -0.7586
v  -0.7456 -0.3988 1.5283
v  -0.7531 -0.3868 1.4832
v  -0.7456 1.5849 0.0060
v  -0.7531 1.5383 0.0060
v  -0.7456 -1.1053 -1.1083
v  -0.7531 -1.0723 -1.0753
v  -0.7456 -0.7789 1.3708
v  -0.7531 -0.7556 1.3304
v  -0.7456 1.5312 0.4139
v  -0.7531 1.4862 0.4018
v  -0.7456 -0.7789 -1.3587
v  -0.7531 -0.7556 -1.3183
v  -0.7456 -1.1053 1.1204
v  -0.7531 -1.0723 1.0874
v  -0.7456 1.3738 0.7940
v  -0.7531 1.3334 0.7707
v  -0.7456 -0.3988 -1.5162
v  -0.7531 -0.3868 -1.4711
v  -0.7456 -1.3557 0.7940
v  -0.7531 -1.3153 0.7707
v  -0.7456 1.1234 1.1204
v  -0.7531 1.0904 1.0874
v  -0.7456 0.0090 -1.5699
v  -0.7531 0.0090 -1.5232
v  -0.5643 1.2335 -1.2184
v  -0.5643 1.5086 -0.8597
v  -0.5643 -1.7226 0.0060
v  -0.5643 -1.6636 -0.4421
v  -0.5643 0.4572 1.6786
v  -0.5643 0.0090 1.7376
v  -0.5643 1.6816 -0.4421
v  -0.5643 -1.4906 -0.8597
v  -0.5643 -0.4391 1.6786
v  -0.5643 1.7406 0.0060
v  -0.5643 -1.2154 -1.2184
v  -0.5643 -0.8568 1.5057
v  -0.5643 1.6816 0.4542
v  -0.5643 -0.8568 -1.4936
v  -0.5643 -1.2154 1.2305
v  -0.5643 1.5086 0.8718
v  -0.5643 -0.4391 -1.6665
v  -0.5643 0.0090 -1.7255
v  -0.5643 0.4572 -1.6665
v  -0.5643 -1.4906 0.8718
v  -0.5643 1.2335 1.2305
v  -0.5643 0.8748 -1.4936
v  -0.5643 -1.6636 0.4542
v  -0.5643 0.8748 1.5057
v  -0.7730 1.3993 0.3786
v  -0.7730 1.2555 0.7257
v  -0.7730 -0.7106 -1.2404
v  -0.7730 -0.3635 -1.3842
v  -0.7730 0.0090 -1.4332
v  -0.7730 0.3816 -1.3842
v  -0.7730 -1.0087 1.0238
v  -0.7730 -1.2374 0.7257
v  -0.7730 1.0268 1.0238
v  -0.7730 0.7287 -1.2404
v  -0.7730 -1.3812 0.3786
v  -0.7730 0.7287 1.2525
v  -0.7730 1.0268 -1.0117
v  -0.7730 -1.4303 0.0060
v  -0.7730 0.3816 1.3963
v  -0.7730 1.2555 -0.7136
v  -0.7730 -1.3812 -0.3665
v  -0.7730 0.0090 1.4453
v  -0.7730 1.3993 -0.3665
v  -0.7730 -1.2374 -0.7136
v  -0.7730 -0.3635 1.3963
v  -0.7730 1.4483 0.0060
v  -0.7730 -1.0087 -1.0117
v  -0.7730 -0.7106 1.2525
v  0.5492 0.0090 -1.7069
v  0.5492 0.4524 -1.6485
v  0.5492 0.8655 -1.4774
v  0.5492 1.2203 -1.2052
v  0.5492 1.4925 -0.8504
v  0.5492 1.6636 -0.4373
v  0.5492 1.7220 0.0060
v  0.5492 1.6636 0.4494
v  0.5492 1.4925 0.8625
v  0.5492 1.2203 1.2173
v  0.5492 0.8655 1.4895
v  0.5492 0.4524 1.6606
v  0.5492 0.0090 1.7190
v  0.5492 -0.4343 1.6606
v  0.5492 -0.8474 1.4895
v  0.5492 -1.2022 1.2173
v  0.5492 -1.4744 0.8625
v  0.5492 -1.6455 0.4494
v  0.5492 -1.7039 0.0060
v  0.5492 -1.6455 -0.4373
v  0.5492 -1.4744 -0.8504
v  0.5492 -1.2022 -1.2052
v  0.5492 -0.8474 -1.4774
v  0.5492 -0.4343 -1.6485
v  0.6249 0.0090 -1.5934
v  0.6249 0.4230 -1.5389
v  0.6249 0.8088 -1.3791
v  0.6249 1.1400 -1.1249
v  0.6249 1.3942 -0.7937
v  0.6249 1.5540 -0.4079
v  0.6249 1.6085 0.0060
v  0.6249 1.5540 0.4200
v  0.6249 1.3942 0.8058
v  0.6249 1.1400 1.1370
v  0.6249 0.8088 1.3912
v  0.6249 0.4230 1.5510
v  0.6249 0.0090 1.6055
v  0.6249 -0.4049 1.5510
v  0.6249 -0.7907 1.3912
v  0.6249 -1.1219 1.1370
v  0.6249 -1.3761 0.8058
v  0.6249 -1.5359 0.4200
v  0.6249 -1.5904 0.0060
v  0.6249 -1.5359 -0.4079
v  0.6249 -1.3761 -0.7937
v  0.6249 -1.1219 -1.1249
v  0.6249 -0.7907 -1.3791
v  0.6249 -0.4049 -1.5389
v  -0.7149 0.4307 -1.5676
v  -0.7149 0.0090 -1.6231
v  -0.7149 -0.4126 -1.5676
v  -0.7149 0.8236 -1.4048
v  -0.6213 0.8638 -1.4745
v  -0.6213 1.2179 -1.2028
v  -0.7149 1.1610 -1.1459
v  -0.6213 1.4895 -0.8487
v  -0.7149 1.4199 -0.8085
v  -0.6213 1.6603 -0.4364
v  -0.7149 1.5827 -0.4156
v  -0.6213 1.7186 0.0060
v  -0.7149 1.6382 0.0060
v  -0.6213 1.6603 0.4485
v  -0.7149 1.5827 0.4277
v  -0.6213 1.4895 0.8608
v  -0.7149 1.4199 0.8206
v  -0.6213 1.2179 1.2149
v  -0.7149 1.1610 1.1580
v  -0.6213 0.8638 1.4866
v  -0.7149 0.8236 1.4169
v  -0.6213 0.4515 1.6573
v  -0.7149 0.4307 1.5797
v  -0.6213 0.0090 1.7156
v  -0.7149 0.0090 1.6352
v  -0.6213 -0.4334 1.6573
v  -0.7149 -0.4126 1.5797
v  -0.6213 -0.8457 1.4866
v  -0.7149 -0.8055 1.4169
v  -0.6213 -1.1998 1.2149
v  -0.7149 -1.1429 1.1580
v  -0.6213 -1.4715 0.8608
v  -0.7149 -1.4018 0.8206
v  -0.6213 -1.6423 0.4485
v  -0.7149 -1.5646 0.4277
v  -0.6213 -1.7005 0.0060
v  -0.7149 -1.6201 0.0060
v  -0.6213 -1.6423 -0.4364
v  -0.7149 -1.5646 -0.4156
v  -0.6213 -1.4715 -0.8487
v  -0.7149 -1.4018 -0.8085
v  -0.6213 -1.1998 -1.2028
v  -0.7149 -1.1429 -1.1459
v  -0.6213 -0.8457 -1.4745
v  -0.7149 -0.8055 -1.4048
v  -0.6213 -0.4334 -1.6452
v  -0.6213 0.0090 -1.7035
v  -0.6213 0.4515 -1.6452
v  -0.6739 0.4429 -1.6131
v  -0.6739 0.0090 -1.6702
v  -0.6739 0.8472 -1.4456
v  -0.6739 1.1943 -1.1792
v  -0.6739 1.4607 -0.8321
v  -0.6739 1.6282 -0.4278
v  -0.6739 1.6853 0.0060
v  -0.6739 1.6282 0.4399
v  -0.6739 1.4607 0.8442
v  -0.6739 1.1943 1.1913
v  -0.6739 0.8472 1.4577
v  -0.6739 0.4429 1.6252
v  -0.6739 0.0090 1.6823
v  -0.6739 -0.4248 1.6252
v  -0.6739 -0.8291 1.4577
v  -0.6739 -1.1762 1.1913
v  -0.6739 -1.4426 0.8442
v  -0.6739 -1.6101 0.4399
v  -0.6739 -1.6672 0.0060
v  -0.6739 -1.6101 -0.4278
v  -0.6739 -1.4426 -0.8321
v  -0.6739 -1.1762 -1.1792
v  -0.6739 -0.8291 -1.4456
v  -0.6739 -0.4248 -1.6131
# 1698 vertices

vn 1.0000 0.0000 -0.0000
vn 0.0000 0.9490 -0.3152
vn 0.0000 0.9310 -0.3651
vn -1.0000 0.0000 -0.0000
vn -1.0000 0.0000 0.0000
vn 0.0000 0.9490 0.3152
vn 0.0000 0.9310 0.3651
vn 0.0000 0.0000 -1.0000
vn 0.0000 0.0000 1.0000
vn 0.0000 0.9985 -0.0556
vn 0.0000 0.9985 0.0556
vn 0.0000 0.9821 -0.1884
vn 0.0000 0.9821 0.1884
vn 0.0000 -0.9310 0.3651
vn 0.0000 -0.9310 -0.3651
vn 0.0000 -0.9821 -0.1884
vn 0.0000 -0.9490 -0.3152
vn 0.0000 -0.9985 -0.0556
vn 0.0000 -0.9490 0.3152
vn 0.0000 -0.9821 0.1884
vn 0.0000 -0.9985 0.0556
vn 0.0000 -0.9985 0.0557
vn 0.0000 -0.9985 -0.0557
vn 0.1523 -0.6190 -0.7705
vn 0.1523 -0.7973 -0.5840
vn 0.3595 -0.7528 -0.5514
vn 0.3595 -0.5844 -0.7275
vn 0.1523 -0.5840 0.7973
vn 0.1523 -0.3578 0.9213
vn 0.3595 -0.3378 0.8698
vn 0.3595 -0.5514 0.7528
vn 0.1523 0.9768 -0.1508
vn 0.1523 0.9044 -0.3985
vn 0.3595 0.8539 -0.3762
vn 0.3595 0.9222 -0.1424
vn 0.1524 -0.3985 -0.9044
vn 0.3595 -0.3762 -0.8539
vn 0.1523 -0.7705 0.6190
vn 0.3595 -0.7275 0.5844
vn 0.1524 0.9825 0.1071
vn 0.3595 0.9276 0.1012
vn 0.1524 0.7973 0.5840
vn 0.1524 0.9213 0.3578
vn 0.3595 0.8698 0.3378
vn 0.3595 0.7528 0.5514
vn 0.1524 -0.1508 -0.9768
vn 0.3595 -0.1424 -0.9222
vn 0.1523 -0.9044 0.3985
vn 0.3595 -0.8539 0.3762
vn 0.1523 0.6190 0.7705
vn 0.3595 0.5844 0.7275
vn 0.1524 0.1071 -0.9825
vn 0.3595 0.1012 -0.9276
vn 0.1523 -0.9768 0.1508
vn 0.3595 -0.9222 0.1424
vn 0.1523 0.3985 0.9044
vn 0.3595 0.3762 0.8539
vn 0.1524 0.3578 -0.9213
vn 0.3595 0.3378 -0.8698
vn 0.1523 -0.9825 -0.1071
vn 0.3595 -0.9276 -0.1012
vn 0.1523 0.1508 0.9768
vn 0.3595 0.1424 0.9222
vn 0.1524 0.5840 -0.7973
vn 0.3595 0.5514 -0.7528
vn 0.1523 -0.9213 -0.3578
vn 0.3595 -0.8698 -0.3378
vn 0.1523 -0.1071 0.9825
vn 0.3595 -0.1012 0.9276
vn 0.1524 0.7705 -0.6190
vn 0.3595 0.7275 -0.5844
vn 0.5397 -0.1284 -0.8320
vn 0.5397 0.0913 -0.8369
vn 0.5397 -0.7704 0.3394
vn 0.5397 -0.8320 0.1284
vn 0.5397 0.5272 0.6563
vn 0.5397 0.3394 0.7704
vn 0.5397 0.3048 -0.7847
vn 0.5397 -0.8369 -0.0913
vn 0.5397 0.1284 0.8320
vn 0.5397 0.4975 -0.6791
vn 0.5397 -0.7847 -0.3048
vn 0.5397 -0.0913 0.8369
vn 0.5397 0.6563 -0.5272
vn 0.5397 -0.6791 -0.4975
vn 0.5397 -0.3048 0.7847
vn 0.5397 0.7704 -0.3394
vn 0.5397 -0.5272 -0.6563
vn 0.5397 -0.4975 0.6791
vn 0.5397 0.8320 -0.1284
vn 0.5397 -0.3394 -0.7704
vn 0.5397 -0.6563 0.5272
vn 0.5397 0.8369 0.0913
vn 0.5397 0.7847 0.3048
vn 0.5397 0.6791 0.4975
vn 0.8132 -0.2107 0.5425
vn 0.8132 -0.0631 0.5785
vn 0.8132 0.5326 -0.2346
vn 0.8132 0.4537 -0.3645
vn 0.8132 -0.3645 -0.4537
vn 0.8132 -0.4695 -0.3439
vn 0.8132 -0.3439 0.4695
vn 0.8132 0.5752 -0.0888
vn 0.8132 -0.2346 -0.5326
vn 0.8132 -0.4537 0.3645
vn 0.8132 0.5785 0.0631
vn 0.8132 0.4695 0.3439
vn 0.8132 0.5425 0.2107
vn 0.8132 -0.0888 -0.5752
vn 0.8132 -0.5326 0.2346
vn 0.8132 0.3645 0.4537
vn 0.8132 0.0631 -0.5785
vn 0.8132 -0.5752 0.0888
vn 0.8132 0.2346 0.5326
vn 0.8132 0.2107 -0.5425
vn 0.8132 -0.5785 -0.0631
vn 0.8132 0.0888 0.5752
vn 0.8132 0.3439 -0.4695
vn 0.8132 -0.5425 -0.2107
vn 0.9995 -0.0305 0.0047
vn 0.9995 -0.0282 0.0124
vn 0.9995 0.0124 0.0282
vn 0.9995 0.0193 0.0240
vn 0.9995 0.0112 -0.0287
vn 0.9995 0.0033 -0.0307
vn 0.9995 -0.0307 -0.0033
vn 0.9995 0.0047 0.0305
vn 0.9995 0.0182 -0.0249
vn 0.9995 -0.0287 -0.0112
vn 0.9995 -0.0033 0.0307
vn 0.9995 0.0240 -0.0193
vn 0.9995 -0.0249 -0.0182
vn 0.9995 -0.0112 0.0287
vn 0.9995 0.0282 -0.0124
vn 0.9995 -0.0193 -0.0240
vn 0.9995 -0.0182 0.0249
vn 0.9995 0.0305 -0.0047
vn 0.9995 -0.0124 -0.0282
vn 0.9995 -0.0240 0.0193
vn 0.9995 0.0307 0.0033
vn 0.9995 0.0249 0.0182
vn 0.9995 0.0287 0.0112
vn 0.9995 -0.0047 -0.0305
vn 0.7241 0.2781 0.6311
vn 0.7241 0.1052 0.6816
vn 0.7241 0.2497 -0.6429
vn 0.7241 0.4076 -0.5564
vn 0.7241 -0.6856 -0.0748
vn 0.7241 -0.6429 -0.2497
vn 0.7241 -0.0748 0.6856
vn 0.7241 0.5377 -0.4319
vn 0.7241 -0.5564 -0.4076
vn 0.7241 -0.2497 0.6429
vn 0.7241 0.6311 -0.2781
vn 0.7241 -0.4319 -0.5377
vn 0.7241 -0.4076 0.5564
vn 0.7241 0.6816 -0.1052
vn 0.7241 -0.2781 -0.6311
vn 0.7241 -0.5377 0.4319
vn 0.7241 0.6856 0.0748
vn 0.7241 0.6429 0.2497
vn 0.7241 0.5564 0.4076
vn 0.7241 -0.1052 -0.6816
vn 0.7241 -0.6311 0.2781
vn 0.7241 0.4319 0.5377
vn 0.7241 0.0748 -0.6856
vn 0.7241 -0.6816 0.1052
vn 0.0000 -0.9151 0.4032
vn 0.0000 -0.9883 0.1526
vn 0.0000 0.6263 0.7796
vn 0.0000 0.4032 0.9151
vn -0.0000 0.1084 -0.9941
vn -0.0000 0.3620 -0.9322
vn 0.0000 -0.9941 -0.1084
vn 0.0000 0.1526 0.9883
vn -0.0000 0.5909 -0.8067
vn 0.0000 -0.9322 -0.3620
vn -0.0000 -0.1084 0.9941
vn -0.0000 0.7796 -0.6263
vn 0.0000 -0.8067 -0.5909
vn -0.0000 -0.3620 0.9322
vn 0.0000 0.9151 -0.4032
vn 0.0000 -0.6263 -0.7796
vn -0.0000 -0.5909 0.8067
vn 0.0000 0.9883 -0.1526
vn 0.0000 -0.4032 -0.9151
vn 0.0000 -0.7796 0.6263
vn 0.0000 0.9941 0.1084
vn 0.0000 0.9322 0.3620
vn 0.0000 0.8067 0.5909
vn -0.0000 -0.1526 -0.9883
vn -0.8568 -0.4160 -0.3047
vn -0.8568 -0.3230 -0.4020
vn -0.8568 -0.1867 0.4807
vn -0.8568 -0.3047 0.4160
vn -0.8568 0.4719 -0.2079
vn -0.8568 0.5096 -0.0787
vn -0.8568 -0.2079 -0.4719
vn -0.8568 -0.4020 0.3230
vn -0.8568 0.5126 0.0559
vn -0.8568 0.4807 0.1867
vn -0.8568 0.4160 0.3047
vn -0.8568 -0.0787 -0.5096
vn -0.8568 -0.4719 0.2079
vn -0.8568 0.3230 0.4020
vn -0.8568 0.0559 -0.5126
vn -0.8568 -0.5096 0.0787
vn -0.8568 0.2079 0.4719
vn -0.8568 0.1867 -0.4807
vn -0.8568 -0.5126 -0.0559
vn -0.8568 0.0787 0.5096
vn -0.8568 0.3047 -0.4160
vn -0.8568 -0.4807 -0.1867
vn -0.8568 -0.0559 0.5126
vn -0.8568 0.4020 -0.3230
vn 0.0000 0.1084 -0.9941
vn 0.0000 0.3620 -0.9322
vn 0.0000 0.5909 -0.8067
vn 0.0000 -0.1084 0.9941
vn 0.0000 0.7796 -0.6263
vn 0.0000 -0.3620 0.9322
vn 0.0000 -0.5909 0.8067
vn 0.0000 -0.1526 -0.9883
vn -0.8777 0.4764 0.0520
vn -0.8777 0.4467 0.1735
vn -0.8777 0.3866 0.2832
vn -0.8777 0.3001 0.3736
vn -0.8777 -0.0731 -0.4736
vn -0.8777 0.0520 -0.4764
vn -0.8777 -0.4385 0.1932
vn -0.8777 -0.4736 0.0731
vn -0.8777 0.1932 0.4385
vn -0.8777 0.1735 -0.4467
vn -0.8777 -0.4764 -0.0520
vn -0.8777 0.0731 0.4736
vn -0.8777 0.2832 -0.3866
vn -0.8777 -0.4467 -0.1735
vn -0.8777 -0.0520 0.4764
vn -0.8777 0.3736 -0.3001
vn -0.8777 -0.3866 -0.2832
vn -0.8777 -0.1735 0.4467
vn -0.8777 0.4385 -0.1932
vn -0.8777 -0.3001 -0.3736
vn -0.8777 -0.2832 0.3866
vn -0.8777 0.4736 -0.0731
vn -0.8777 -0.1932 -0.4385
vn -0.8777 -0.3736 0.3001
vn 0.0170 -0.9940 -0.1084
vn 0.0170 -0.9881 0.1526
vn 0.0170 -0.9150 0.4031
vn 0.0170 -0.7795 0.6262
vn 0.0170 -0.5909 0.8066
vn 0.0170 -0.3620 0.9320
vn 0.0170 -0.1084 0.9940
vn 0.0170 0.1526 0.9881
vn 0.0170 0.4031 0.9150
vn 0.0170 0.6262 0.7795
vn 0.0170 0.8066 0.5909
vn 0.0170 0.9320 0.3620
vn 0.0170 0.9940 0.1084
vn 0.0170 0.9881 -0.1526
vn 0.0170 0.9150 -0.4031
vn 0.0170 0.7795 -0.6262
vn 0.0170 0.5909 -0.8066
vn 0.0170 0.3620 -0.9320
vn 0.0170 0.1084 -0.9940
vn 0.0170 -0.1526 -0.9881
vn 0.0170 -0.4031 -0.9150
vn 0.0170 -0.6262 -0.7795
vn 0.0170 -0.8066 -0.5909
vn 0.0170 -0.9320 -0.3620
vn 0.9686 -0.1136 0.2212
vn 0.9694 -0.0889 0.2288
vn 0.9676 -0.0914 0.2353
vn 0.9780 -0.0945 0.1858
vn 0.9686 -0.0655 0.2398
vn 0.9671 -0.0540 0.2485
vn 0.9773 -0.0511 0.2056
vn 0.9780 -0.0556 0.2009
vn 0.0000 0.6714 -0.7411
vn 0.0000 -0.6698 0.7426
vn 0.0000 0.9995 -0.0316
vn 0.9495 0.1400 -0.2809
vn 0.9483 0.1149 -0.2958
vn 0.9260 0.1367 -0.3520
vn 0.9257 0.1679 -0.3390
vn 0.9495 0.0863 -0.3018
vn 0.9257 0.1049 -0.3634
vn 0.9860 -0.0757 0.1488
vn 0.9861 -0.0757 0.1480
vn 0.9773 -0.1010 0.1862
vn 0.0000 -0.3059 0.9521
vn 0.9890 -0.0474 0.1402
vn 0.9942 -0.0230 0.1048
vn 0.9647 -0.0563 0.2573
vn 0.9676 -0.0666 0.2434
vn 0.9890 -0.0597 0.1355
vn 0.9918 -0.0462 0.1191
vn 0.9695 -0.0887 0.2284
vn 0.9676 -0.1151 0.2245
vn 0.9647 -0.1321 0.2278
vn 0.9671 -0.1278 0.2198
vn 0.9940 -0.0534 0.0957
vn 0.9988 0.0221 -0.0437
vn 0.9990 0.0202 -0.0395
vn 0.9959 -0.0411 0.0804
vn 0.9967 -0.0370 0.0719
vn 0.9990 0.0118 -0.0428
vn 0.9988 0.0132 -0.0472
vn 0.9967 -0.0212 0.0780
vn 0.9959 -0.0239 0.0871
vn 0.9861 -0.0440 0.1603
vn 0.9860 -0.0445 0.1609
vn 0.9518 0.0839 -0.2951
vn 0.9260 0.1047 -0.3627
vn 0.0000 0.3557 -0.9346
vn 0.9852 0.0462 -0.1651
vn 0.9843 0.0639 -0.1646
vn 0.9987 0.0185 -0.0476
vn 0.9518 0.1373 -0.2743
vn 0.9867 0.0737 -0.1452
vn 0.9852 0.0773 -0.1531
vn 0.0000 0.9069 0.4214
vn 0.9867 0.0436 -0.1569
vn 0.9260 0.1676 -0.3383
vn 0.9980 -0.0534 0.0347
vn 0.9979 -0.0355 0.0544
vn 0.9979 -0.0499 0.0421
vn 0.9992 0.0011 0.0393
vn 1.0000 -0.0004 0.0011
vn 0.9992 -0.0274 0.0281
vn 0.9981 -0.0065 0.0609
vn 0.9978 0.0115 0.0646
vn 0.9979 0.0115 0.0643
vn 0.9980 -0.0233 0.0592
vn 0.9974 -0.0545 0.0479
vn 0.9974 -0.0557 0.0450
vn 1.0000 -0.0000 -0.0000
vn 0.9975 0.0080 0.0704
vn 0.9974 0.0111 0.0708
vn 0.0000 -0.9995 0.0316
vn 0.0000 -0.6714 0.7411
vn 0.0000 0.0067 -1.0000
vn 0.0000 -0.7184 -0.6956
vn 0.0000 -0.0020 -1.0000
vn -0.0000 -0.7142 -0.6999
vn 0.0000 -0.9996 0.0283
vn 1.0000 0.0000 0.0000
vn 0.0000 0.6698 -0.7426
vn 0.0000 0.9996 -0.0283
vn 0.0000 0.0020 1.0000
vn 0.0000 0.7142 0.6999
vn 0.0000 -0.9046 -0.4262
vn 0.0000 0.9162 -0.4008
vn 0.0000 0.9086 -0.4176
vn 0.0000 0.9552 0.2961
vn 0.0000 0.9902 -0.1396
vn 0.0000 0.9852 -0.1712
vn 0.0000 -0.4055 -0.9141
vn 0.0000 -0.3886 -0.9214
vn 0.0000 -0.8343 -0.5513
vn 0.0000 -0.6364 -0.7713
vn 0.0000 -0.6115 -0.7912
vn 0.0000 -0.8053 -0.5928
vn 0.0000 0.9877 0.1563
vn 0.0000 0.9944 0.1061
vn -0.9276 -0.1352 0.3482
vn -0.9517 -0.1112 0.2863
vn -0.9862 -0.0600 0.1544
vn -0.9989 -0.0169 0.0435
vn -0.9965 0.0303 -0.0780
vn -0.9864 0.0594 -0.1531
vn -0.9706 0.0872 -0.2245
vn -0.9789 0.0740 -0.1905
vn -0.9706 0.0872 -0.2246
vn -0.9978 0.0239 -0.0616
vn 0.9972 -0.0271 0.0699
vn 0.9806 -0.0709 0.1827
vn 0.9662 -0.0933 0.2403
vn 0.9791 -0.0936 0.1806
vn 0.9819 -0.0889 0.1675
vn 1.0000 0.0022 -0.0048
vn 1.0000 0.0018 -0.0046
vn 0.9791 -0.0528 0.1965
vn 0.9819 -0.0474 0.1836
vn 0.9687 0.0680 -0.2389
vn 0.9685 0.0680 -0.2397
vn 0.9688 0.0897 -0.2309
vn 0.9685 0.0902 -0.2322
vn 0.9685 0.1116 -0.2227
vn 0.9687 0.1111 -0.2222
vn 1.0000 0.0013 -0.0043
vn 1.0000 0.0011 -0.0029
vn 1.0000 0.0017 -0.0050
vn 1.0000 0.0020 -0.0041
vn 0.9731 -0.0834 0.2148
vn 1.0000 0.0033 -0.0084
vn 1.0000 0.0038 -0.0082
vn 1.0000 0.0027 -0.0086
vn 0.9698 0.0871 -0.2280
vn 0.9698 0.0883 -0.2275
vn 0.9698 0.0896 -0.2270
vn 0.0000 -0.9479 -0.3185
vn -0.0000 0.3034 -0.9529
vn 0.0000 -0.3693 0.9293
vn 0.0000 0.3666 -0.9304
vn 0.0000 0.3683 -0.9297
vn 0.0000 0.9283 0.3719
vn 0.0000 -0.4168 0.9090
vn -0.0000 0.9144 0.4048
vn 0.0000 -0.9536 -0.3011
vn -0.0000 -0.3547 0.9350
vn 0.9686 -0.2483 0.0122
vn 0.9694 -0.2426 0.0375
vn 0.9676 -0.2495 0.0385
vn 0.9780 -0.2081 0.0110
vn 0.9686 -0.2404 0.0632
vn 0.9671 -0.2422 0.0775
vn 0.9773 -0.2036 0.0585
vn 0.9780 -0.2018 0.0523
vn 0.0000 -0.8694 0.4942
vn 0.0000 0.9775 0.2109
vn 0.0000 -0.9780 -0.2088
vn 0.0000 0.5271 0.8498
vn 0.9495 0.3133 -0.0192
vn 0.9483 0.3136 -0.0484
vn 0.9260 0.3732 -0.0576
vn 0.9257 0.3775 -0.0241
vn 0.0000 -0.1631 -0.9866
vn 0.9495 0.3045 -0.0762
vn 0.9257 0.3672 -0.0909
vn 0.9860 -0.1667 0.0088
vn 0.9861 -0.1660 0.0084
vn 0.9773 -0.2118 0.0056
vn 0.0000 -0.9775 0.2111
vn 0.9890 -0.1451 0.0290
vn 0.9942 -0.1023 0.0325
vn 0.9647 -0.2510 0.0799
vn 0.9676 -0.2441 0.0640
vn 0.9890 -0.1472 0.0160
vn 0.9918 -0.1262 0.0195
vn 0.9695 -0.2421 0.0374
vn 0.9676 -0.2520 0.0126
vn 0.9647 -0.2634 -0.0005
vn 0.9671 -0.2543 -0.0008
vn 0.9940 -0.1095 0.0016
vn 0.9988 0.0489 -0.0027
vn 0.9990 0.0443 -0.0023
vn 0.9959 -0.0902 0.0046
vn 0.9967 -0.0808 0.0039
vn 0.0000 -0.9886 0.1503
vn 0.9990 0.0430 -0.0112
vn 0.9988 0.0475 -0.0122
vn 0.9967 -0.0782 0.0206
vn 0.9959 -0.0873 0.0228
vn 0.9861 -0.1608 0.0420
vn 0.9860 -0.1616 0.0419
vn 0.9518 0.2975 -0.0749
vn 0.9260 0.3665 -0.0907
vn 0.0000 0.9875 -0.1575
vn 0.0000 0.9872 -0.1592
vn 0.9852 0.1661 -0.0425
vn 0.9843 0.1745 -0.0270
vn 0.9987 0.0505 -0.0078
vn 0.9518 0.3062 -0.0183
vn 0.9867 0.1626 -0.0088
vn 0.9852 0.1712 -0.0096
vn 0.0000 0.0886 0.9961
vn 0.9867 0.1577 -0.0407
vn 0.9260 0.3768 -0.0240
vn 0.9980 -0.0567 -0.0289
vn 0.9979 -0.0649 -0.0036
vn 0.9979 -0.0614 -0.0222
vn 0.9992 -0.0335 0.0206
vn 1.0000 -0.0012 0.0002
vn 0.9992 -0.0381 -0.0097
vn 0.9981 -0.0560 0.0248
vn 0.9978 -0.0502 0.0423
vn 0.9980 -0.0629 0.0094
vn 0.9974 -0.0688 -0.0233
vn 0.9974 -0.0669 -0.0258
vn 0.9975 -0.0569 0.0421
vn 0.0000 -0.5271 -0.8498
vn 0.0000 -0.9775 -0.2109
vn 0.0000 0.8694 -0.4942
vn 0.0000 0.2432 -0.9700
vn 0.0000 0.8650 -0.5017
vn 0.0000 -0.2432 0.9700
vn 0.0000 0.2491 -0.9685
vn 0.0000 -0.5243 -0.8515
vn 0.0000 0.9780 0.2087
vn 0.0000 0.5243 0.8515
vn 0.0000 -0.8650 0.5017
vn 0.0000 -0.2491 0.9685
vn 0.0000 -0.0832 -0.9965
vn 0.0000 0.8052 0.5930
vn 0.0000 0.8160 0.5781
vn 0.0000 0.2212 0.9752
vn 0.0000 0.6160 0.7877
vn 0.0000 0.6408 0.7677
vn 0.0000 0.5888 -0.8082
vn 0.0000 0.6036 -0.7973
vn 0.0000 0.0603 -0.9982
vn 0.0000 0.3497 -0.9368
vn 0.0000 0.3795 -0.9252
vn 0.0000 0.1107 -0.9939
vn 0.0000 0.3585 0.9335
vn 0.0000 0.4053 0.9142
vn -0.9276 -0.3692 0.0570
vn -0.9517 -0.3035 0.0469
vn -0.9862 -0.1637 0.0253
vn -0.9989 -0.0461 0.0071
vn -0.9965 0.0827 -0.0128
vn -0.9864 0.1623 -0.0251
vn -0.9706 0.2381 -0.0368
vn -0.9789 0.2020 -0.0312
vn -0.9978 0.0653 -0.0101
vn 0.9972 -0.0741 0.0114
vn 0.9806 -0.1937 0.0299
vn 1.0000 0.0049 -0.0008
vn 1.0000 0.0052 -0.0011
vn 0.9662 -0.2548 0.0393
vn 0.9791 -0.2032 0.0092
vn 0.9819 -0.1895 0.0067
vn 1.0000 0.0053 -0.0005
vn 0.9791 -0.1966 0.0525
vn 0.9819 -0.1827 0.0507
vn 0.9687 0.2409 -0.0606
vn 0.9685 0.2415 -0.0610
vn 0.9688 0.2448 -0.0378
vn 0.9685 0.2462 -0.0380
vn 1.0000 0.0031 -0.0005
vn 1.0000 0.0045 -0.0003
vn 0.9685 0.2487 -0.0147
vn 0.9687 0.2480 -0.0149
vn 1.0000 0.0044 -0.0010
vn 0.9731 -0.2278 0.0352
vn 0.9965 -0.0464 0.0696
vn 0.9984 -0.0559 0.0086
vn 1.0000 0.0089 -0.0014
vn 1.0000 0.0090 -0.0008
vn 0.9965 -0.0652 -0.0524
vn 1.0000 0.0088 -0.0020
vn 0.9698 0.2410 -0.0386
vn 0.9698 0.2412 -0.0372
vn 0.9698 0.2414 -0.0359
vn 0.0000 -0.9879 0.1548
vn 0.0000 -0.1981 -0.9802
vn 0.0000 0.9769 -0.2137
vn 0.0000 -0.9895 0.1448
vn 0.0000 0.9890 -0.1477
vn 0.0000 0.9893 -0.1459
vn 0.0000 0.1420 0.9899
vn 0.0000 -0.9956 0.0936
vn 0.0000 0.1067 0.9943
vn 0.0000 -0.2160 -0.9764
vn 0.0000 -0.9871 0.1603
vn 0.0000 0.9959 -0.0909
vn 0.9686 -0.1348 -0.2089
vn 0.9694 -0.1537 -0.1914
vn 0.9676 -0.1581 -0.1968
vn 0.9780 -0.1136 -0.1748
vn 0.9686 -0.1750 -0.1766
vn 0.9671 -0.1882 -0.1711
vn 0.9773 -0.1525 -0.1471
vn 0.9780 -0.1462 -0.1486
vn 0.0000 -0.8626 -0.5058
vn 0.0000 0.3061 0.9520
vn 0.0000 -0.3082 -0.9513
vn 0.0000 -0.4724 0.8814
vn 0.9495 0.1733 0.2617
vn 0.9483 0.1987 0.2474
vn 0.9260 0.2365 0.2944
vn 0.9257 0.2096 0.3149
vn 0.0000 0.7729 -0.6346
vn 0.9495 0.2182 0.2256
vn 0.9257 0.2623 0.2725
vn 0.9860 -0.0910 -0.1400
vn 0.9861 -0.0903 -0.1396
vn 0.9773 -0.1108 -0.1806
vn 0.0000 -0.6715 -0.7410
vn 0.9890 -0.0977 -0.1111
vn 0.9942 -0.0793 -0.0724
vn 0.9647 -0.1947 -0.1774
vn 0.9676 -0.1775 -0.1794
vn 0.9890 -0.0875 -0.1194
vn 0.9918 -0.0800 -0.0995
vn 0.9695 -0.1534 -0.1910
vn 0.9676 -0.1369 -0.2119
vn 0.9647 -0.1312 -0.2283
vn 0.9671 -0.1265 -0.2206
vn 0.9940 -0.0562 -0.0941
vn 0.9988 0.0268 0.0410
vn 0.9990 0.0242 0.0373
vn 0.9959 -0.0491 -0.0758
vn 0.9967 -0.0438 -0.0680
vn 0.0000 -0.6245 -0.7810
vn 0.9990 0.0312 0.0316
vn 0.9988 0.0343 0.0350
vn 0.9967 -0.0570 -0.0574
vn 0.9959 -0.0634 -0.0642
vn 0.9861 -0.1168 -0.1183
vn 0.9860 -0.1171 -0.1190
vn 0.9518 0.2136 0.2202
vn 0.9260 0.2618 0.2720
vn 0.0000 0.6302 0.7765
vn 0.0000 0.6315 0.7754
vn 0.9852 0.1199 0.1226
vn 0.9843 0.1106 0.1377
vn 0.9987 0.0320 0.0398
vn 0.9518 0.1690 0.2560
vn 0.9867 0.0889 0.1364
vn 0.9852 0.0939 0.1435
vn 0.0000 -0.8184 0.5747
vn 0.9867 0.1141 0.1162
vn 0.9260 0.2092 0.3143
vn 0.9980 -0.0033 -0.0636
vn 0.9979 -0.0293 -0.0580
vn 0.9979 -0.0115 -0.0643
vn 0.9992 -0.0346 -0.0187
vn 1.0000 -0.0008 -0.0009
vn 0.9992 -0.0106 -0.0378
vn 0.9981 -0.0495 -0.0360
vn 0.9978 -0.0617 -0.0223
vn 0.9980 -0.0396 -0.0497
vn 0.9974 -0.0142 -0.0712
vn 0.9974 -0.0111 -0.0708
vn 0.9975 -0.0649 -0.0283
vn 0.0000 0.4724 -0.8814
vn 0.0000 -0.3061 -0.9520
vn 0.0000 0.8626 0.5058
vn 0.0000 0.9616 -0.2744
vn 0.0000 0.8670 0.4983
vn 0.0000 -0.9616 0.2744
vn 0.0000 0.9633 -0.2685
vn 0.0000 0.4753 -0.8798
vn 0.0000 0.3082 0.9513
vn 0.0000 -0.4753 0.8798
vn 0.0000 -0.8670 -0.4983
vn 0.0000 -0.9633 0.2686
vn 0.0000 0.8214 -0.5703
vn 0.0000 -0.1110 0.9938
vn 0.0000 -0.0926 0.9957
vn 0.0000 -0.7340 0.6792
vn 0.0000 -0.3742 0.9274
vn 0.0000 -0.3444 0.9388
vn 0.0000 0.9944 0.1058
vn 0.0000 0.9923 0.1241
vn 0.0000 0.8946 -0.4469
vn 0.0000 0.9862 -0.1655
vn 0.0000 0.9910 -0.1340
vn 0.0000 0.9160 -0.4011
vn 0.0000 -0.6292 0.7772
vn 0.0000 -0.5891 0.8081
vn -0.9276 -0.2339 -0.2912
vn -0.9517 -0.1924 -0.2395
vn -0.9862 -0.1037 -0.1291
vn -0.9989 -0.0292 -0.0364
vn -0.9965 0.0524 0.0652
vn -0.9864 0.1028 0.1280
vn -0.9706 0.1509 0.1878
vn -0.9789 0.1280 0.1593
vn -0.9978 0.0414 0.0515
vn 0.9972 -0.0470 -0.0584
vn 0.9806 -0.1227 -0.1528
vn 1.0000 0.0031 0.0039
vn 1.0000 0.0035 0.0040
vn 0.9662 -0.1615 -0.2010
vn 0.9791 -0.1096 -0.1714
vn 0.9819 -0.1006 -0.1607
vn 1.0000 0.0031 0.0043
vn 0.9791 -0.1437 -0.1440
vn 0.9819 -0.1353 -0.1329
vn 0.9687 0.1729 0.1784
vn 0.9685 0.1736 0.1787
vn 0.9688 0.1551 0.1931
vn 0.9685 0.1560 0.1942
vn 1.0000 0.0020 0.0025
vn 1.0000 0.0025 0.0037
vn 0.9685 0.1371 0.2080
vn 0.9687 0.1369 0.2073
vn 1.0000 0.0031 0.0033
vn 0.9731 -0.1443 -0.1797
vn 0.9965 -0.0835 -0.0054
vn 0.9984 -0.0354 -0.0441
vn 1.0000 0.0057 0.0070
vn 1.0000 0.0052 0.0074
vn 0.9965 0.0127 -0.0827
vn 1.0000 0.0061 0.0067
vn 0.9698 0.1539 0.1894
vn 0.9698 0.1528 0.1903
vn 0.9698 0.1518 0.1911
vn 0.0000 -0.6281 -0.7782
vn 0.0000 0.7498 -0.6617
vn 0.0000 0.6735 0.7392
vn 0.0000 -0.6202 -0.7845
vn 0.0000 0.6224 0.7827
vn 0.0000 0.6210 0.7838
vn 0.0000 -0.7863 0.6179
vn 0.0000 -0.5788 -0.8155
vn 0.0000 -0.8077 0.5896
vn 0.0000 0.7376 -0.6753
vn 0.0000 -0.6324 -0.7747
vn 0.0000 0.5767 0.8170
vn 0.9686 0.1136 -0.2212
vn 0.9694 0.0889 -0.2288
vn 0.9676 0.0914 -0.2353
vn 0.9780 0.0945 -0.1858
vn 0.9686 0.0655 -0.2398
vn 0.9671 0.0540 -0.2485
vn 0.9773 0.0511 -0.2056
vn 0.9780 0.0556 -0.2009
vn 0.9495 -0.1400 0.2809
vn 0.9483 -0.1149 0.2958
vn 0.9260 -0.1367 0.3520
vn 0.9257 -0.1679 0.3390
vn 0.0000 0.9360 0.3520
vn 0.9495 -0.0863 0.3018
vn 0.9257 -0.1049 0.3634
vn 0.9860 0.0757 -0.1488
vn 0.9861 0.0757 -0.1480
vn 0.9773 0.1010 -0.1862
vn 0.0000 0.3059 -0.9521
vn 0.9890 0.0474 -0.1402
vn 0.9942 0.0230 -0.1048
vn 0.9647 0.0563 -0.2573
vn 0.9676 0.0666 -0.2434
vn 0.9890 0.0597 -0.1355
vn 0.9918 0.0462 -0.1191
vn 0.9695 0.0887 -0.2283
vn 0.9676 0.1151 -0.2245
vn 0.9647 0.1321 -0.2278
vn 0.9671 0.1278 -0.2198
vn 0.9940 0.0534 -0.0957
vn 0.9988 -0.0221 0.0437
vn 0.9990 -0.0202 0.0395
vn 0.9959 0.0411 -0.0804
vn 0.9967 0.0370 -0.0719
vn 0.0000 0.3641 -0.9314
vn 0.9990 -0.0118 0.0428
vn 0.9988 -0.0132 0.0472
vn 0.9967 0.0212 -0.0780
vn 0.9959 0.0239 -0.0871
vn 0.9861 0.0440 -0.1603
vn 0.9860 0.0445 -0.1609
vn 0.9518 -0.0839 0.2951
vn 0.9260 -0.1047 0.3627
vn 0.0000 -0.3574 0.9340
vn 0.0000 -0.3557 0.9346
vn 0.9852 -0.0462 0.1651
vn 0.9843 -0.0639 0.1646
vn 0.9987 -0.0185 0.0476
vn 0.9518 -0.1373 0.2743
vn 0.9867 -0.0737 0.1452
vn 0.9852 -0.0773 0.1531
vn 0.0000 -0.9069 -0.4214
vn 0.9867 -0.0436 0.1569
vn 0.9260 -0.1676 0.3383
vn 0.9980 0.0534 -0.0347
vn 0.9979 0.0356 -0.0544
vn 0.9979 0.0499 -0.0421
vn 0.9992 -0.0011 -0.0393
vn 1.0000 0.0004 -0.0012
vn 0.9992 0.0274 -0.0281
vn 0.9981 0.0065 -0.0609
vn 0.9978 -0.0115 -0.0646
vn 0.9980 0.0233 -0.0592
vn 0.9974 0.0545 -0.0479
vn 0.9974 0.0557 -0.0450
vn 0.9975 -0.0080 -0.0704
vn 0.0000 -0.0067 1.0000
vn 0.0000 0.7184 0.6956
vn 0.0000 -0.7142 -0.6999
vn 0.0000 0.9046 0.4262
vn 0.0000 -0.9162 0.4008
vn 0.0000 -0.9086 0.4176
vn 0.0000 -0.9552 -0.2961
vn 0.0000 -0.9902 0.1396
vn 0.0000 -0.9852 0.1711
vn 0.0000 0.4055 0.9141
vn 0.0000 0.3886 0.9214
vn 0.0000 0.8343 0.5513
vn 0.0000 0.6365 0.7713
vn 0.0000 0.6115 0.7912
vn 0.0000 0.8054 0.5928
vn 0.0000 -0.9877 -0.1563
vn 0.0000 -0.9944 -0.1061
vn -0.9276 0.1352 -0.3482
vn -0.9517 0.1112 -0.2863
vn -0.9862 0.0600 -0.1544
vn -0.9989 0.0169 -0.0435
vn -0.9965 -0.0303 0.0780
vn -0.9864 -0.0594 0.1531
vn -0.9706 -0.0872 0.2245
vn -0.9789 -0.0740 0.1905
vn -0.9978 -0.0239 0.0616
vn 0.9972 0.0271 -0.0699
vn 0.9806 0.0709 -0.1827
vn 1.0000 -0.0018 0.0046
vn 1.0000 -0.0017 0.0050
vn 0.9662 0.0933 -0.2403
vn 0.9791 0.0936 -0.1806
vn 0.9819 0.0889 -0.1675
vn 1.0000 -0.0022 0.0048
vn 0.9791 0.0528 -0.1965
vn 0.9819 0.0474 -0.1836
vn 0.9686 -0.0680 0.2389
vn 0.9685 -0.0679 0.2397
vn 0.9688 -0.0897 0.2309
vn 0.9685 -0.0902 0.2322
vn 1.0000 -0.0011 0.0030
vn 1.0000 -0.0020 0.0041
vn 0.9685 -0.1116 0.2227
vn 0.9687 -0.1111 0.2222
vn 1.0000 -0.0013 0.0043
vn 0.9731 0.0834 -0.2148
vn 0.9965 -0.0371 -0.0750
vn 0.9984 0.0205 -0.0527
vn 1.0000 -0.0033 0.0084
vn 1.0000 -0.0038 0.0082
vn 0.9965 0.0779 -0.0303
vn 1.0000 -0.0027 0.0086
vn 0.9698 -0.0871 0.2280
vn 0.9698 -0.0883 0.2275
vn 0.9698 -0.0896 0.2270
vn 0.0000 0.3599 -0.9330
vn 0.0000 0.9479 0.3185
vn 0.0000 -0.3034 0.9529
vn 0.0000 0.3693 -0.9293
vn -0.0000 -0.3666 0.9304
vn 0.0000 -0.3683 0.9297
vn 0.0000 -0.9283 -0.3720
vn 0.0000 0.4168 -0.9090
vn 0.0000 -0.9144 -0.4047
vn 0.0000 0.9536 0.3012
vn 0.0000 0.3547 -0.9350
vn 0.0000 -0.4192 0.9079
vn 0.9686 0.2483 -0.0122
vn 0.9694 0.2426 -0.0375
vn 0.9676 0.2495 -0.0385
vn 0.9780 0.2081 -0.0110
vn 0.9686 0.2404 -0.0632
vn 0.9671 0.2422 -0.0775
vn 0.9773 0.2036 -0.0585
vn 0.9780 0.2018 -0.0523
vn 0.9495 -0.3133 0.0192
vn 0.9483 -0.3136 0.0484
vn 0.9260 -0.3732 0.0576
vn 0.9257 -0.3775 0.0241
vn 0.0000 0.1631 0.9866
vn 0.9495 -0.3045 0.0762
vn 0.9257 -0.3672 0.0909
vn 0.9860 0.1667 -0.0088
vn 0.9861 0.1660 -0.0084
vn 0.9773 0.2118 -0.0056
vn 0.0000 0.9775 -0.2111
vn 0.9890 0.1451 -0.0290
vn 0.9942 0.1023 -0.0325
vn 0.9647 0.2510 -0.0799
vn 0.9676 0.2441 -0.0640
vn 0.9890 0.1472 -0.0160
vn 0.9918 0.1262 -0.0195
vn 0.9695 0.2421 -0.0374
vn 0.9676 0.2520 -0.0126
vn 0.9647 0.2634 0.0005
vn 0.9671 0.2543 0.0008
vn 0.9940 0.1095 -0.0016
vn 0.9988 -0.0489 0.0027
vn 0.9990 -0.0443 0.0023
vn 0.9959 0.0902 -0.0046
vn 0.9967 0.0808 -0.0039
vn 0.0000 0.9886 -0.1503
vn 0.9990 -0.0430 0.0112
vn 0.9988 -0.0475 0.0122
vn 0.9967 0.0782 -0.0206
vn 0.9959 0.0873 -0.0228
vn 0.9861 0.1608 -0.0420
vn 0.9860 0.1616 -0.0419
vn 0.9518 -0.2975 0.0749
vn 0.9260 -0.3665 0.0907
vn 0.0000 -0.9875 0.1575
vn 0.0000 -0.9872 0.1592
vn 0.9852 -0.1661 0.0425
vn 0.9843 -0.1745 0.0269
vn 0.9987 -0.0505 0.0078
vn 0.9518 -0.3062 0.0183
vn 0.9867 -0.1626 0.0088
vn 0.9852 -0.1712 0.0096
vn 0.0000 -0.0885 -0.9961
vn 0.9867 -0.1577 0.0407
vn 0.9260 -0.3768 0.0240
vn 0.9980 0.0567 0.0289
vn 0.9979 0.0649 0.0036
vn 0.9979 0.0614 0.0222
vn 0.9992 0.0335 -0.0206
vn 1.0000 0.0012 -0.0002
vn 0.9992 0.0381 0.0097
vn 0.9981 0.0560 -0.0248
vn 0.9978 0.0502 -0.0423
vn 0.9980 0.0629 -0.0094
vn 0.9974 0.0688 0.0233
vn 0.9974 0.0669 0.0258
vn 0.9975 0.0569 -0.0421
vn 0.0000 0.0832 0.9965
vn 0.0000 -0.8052 -0.5930
vn 0.0000 -0.8160 -0.5781
vn 0.0000 -0.2212 -0.9752
vn 0.0000 -0.6160 -0.7877
vn 0.0000 -0.6408 -0.7677
vn 0.0000 -0.5888 0.8082
vn 0.0000 -0.6036 0.7973
vn 0.0000 -0.0603 0.9982
vn 0.0000 -0.3498 0.9368
vn 0.0000 -0.3795 0.9252
vn 0.0000 -0.1107 0.9939
vn 0.0000 -0.3585 -0.9335
vn 0.0000 -0.4053 -0.9142
vn -0.9276 0.3692 -0.0570
vn -0.9517 0.3035 -0.0469
vn -0.9862 0.1637 -0.0253
vn -0.9989 0.0461 -0.0071
vn -0.9965 -0.0827 0.0128
vn -0.9864 -0.1623 0.0251
vn -0.9706 -0.2381 0.0368
vn -0.9789 -0.2020 0.0312
vn -0.9978 -0.0653 0.0101
vn 0.9972 0.0741 -0.0114
vn 0.9806 0.1937 -0.0299
vn 1.0000 -0.0049 0.0008
vn 1.0000 -0.0052 0.0011
vn 0.9662 0.2548 -0.0393
vn 0.9791 0.2032 -0.0093
vn 0.9819 0.1895 -0.0067
vn 1.0000 -0.0053 0.0005
vn 0.9791 0.1966 -0.0525
vn 0.9819 0.1827 -0.0507
vn 0.9687 -0.2409 0.0606
vn 0.9685 -0.2415 0.0610
vn 0.9688 -0.2448 0.0378
vn 0.9685 -0.2462 0.0380
vn 1.0000 -0.0031 0.0005
vn 1.0000 -0.0045 0.0003
vn 0.9685 -0.2487 0.0147
vn 0.9687 -0.2480 0.0149
vn 1.0000 -0.0044 0.0010
vn 0.9731 0.2278 -0.0352
vn 0.9965 0.0464 -0.0696
vn 0.9984 0.0559 -0.0086
vn 1.0000 -0.0089 0.0014
vn 1.0000 -0.0090 0.0008
vn 0.9965 0.0652 0.0523
vn 1.0000 -0.0088 0.0020
vn 0.9698 -0.2410 0.0386
vn 0.9698 -0.2412 0.0372
vn 0.9698 -0.2414 0.0359
vn 0.0000 0.9879 -0.1548
vn 0.0000 0.1981 0.9802
vn 0.0000 -0.9769 0.2137
vn 0.0000 0.9895 -0.1448
vn 0.0000 -0.9890 0.1477
vn 0.0000 -0.9893 0.1459
vn 0.0000 -0.1420 -0.9899
vn 0.0000 0.9956 -0.0935
vn 0.0000 -0.1067 -0.9943
vn 0.0000 0.2160 0.9764
vn 0.0000 0.9871 -0.1603
vn 0.0000 -0.9959 0.0909
vn 0.9686 0.1347 0.2089
vn 0.9694 0.1537 0.1914
vn 0.9676 0.1581 0.1968
vn 0.9780 0.1136 0.1748
vn 0.9686 0.1750 0.1766
vn 0.9671 0.1882 0.1711
vn 0.9773 0.1525 0.1471
vn 0.9780 0.1462 0.1486
vn 0.9495 -0.1733 -0.2617
vn 0.9483 -0.1987 -0.2474
vn 0.9260 -0.2365 -0.2944
vn 0.9257 -0.2096 -0.3149
vn 0.0000 -0.7729 0.6346
vn 0.9495 -0.2182 -0.2256
vn 0.9257 -0.2623 -0.2725
vn 0.9860 0.0910 0.1400
vn 0.9861 0.0903 0.1396
vn 0.9773 0.1108 0.1806
vn 0.0000 0.6716 0.7410
vn 0.9890 0.0977 0.1111
vn 0.9942 0.0793 0.0724
vn 0.9647 0.1947 0.1774
vn 0.9676 0.1775 0.1794
vn 0.9890 0.0875 0.1194
vn 0.9918 0.0800 0.0995
vn 0.9695 0.1534 0.1910
vn 0.9676 0.1369 0.2119
vn 0.9647 0.1312 0.2283
vn 0.9671 0.1265 0.2206
vn 0.9940 0.0562 0.0941
vn 0.9988 -0.0268 -0.0410
vn 0.9990 -0.0242 -0.0372
vn 0.9959 0.0491 0.0758
vn 0.9967 0.0438 0.0680
vn 0.0000 0.6245 0.7810
vn 0.9990 -0.0312 -0.0316
vn 0.9988 -0.0343 -0.0350
vn 0.9967 0.0570 0.0574
vn 0.9959 0.0634 0.0642
vn 0.9861 0.1168 0.1182
vn 0.9860 0.1171 0.1190
vn 0.9518 -0.2136 -0.2202
vn 0.9260 -0.2618 -0.2720
vn 0.0000 -0.6302 -0.7765
vn 0.0000 -0.6315 -0.7753
vn 0.9852 -0.1199 -0.1226
vn 0.9843 -0.1106 -0.1377
vn 0.9987 -0.0320 -0.0398
vn 0.9518 -0.1690 -0.2560
vn 0.9867 -0.0889 -0.1364
vn 0.9852 -0.0939 -0.1435
vn 0.0000 0.8184 -0.5747
vn 0.9867 -0.1141 -0.1162
vn 0.9260 -0.2092 -0.3143
vn 0.9980 0.0033 0.0636
vn 0.9979 0.0293 0.0580
vn 0.9992 0.0346 0.0187
vn 1.0000 0.0008 0.0009
vn 0.9992 0.0106 0.0378
vn 0.9981 0.0495 0.0360
vn 0.9978 0.0617 0.0223
vn 0.9980 0.0396 0.0497
vn 0.9974 0.0142 0.0712
vn 0.9975 0.0649 0.0283
vn 0.0000 -0.9633 0.2685
vn 0.0000 -0.8214 0.5703
vn 0.0000 0.1110 -0.9938
vn 0.0000 0.0926 -0.9957
vn 0.0000 0.7340 -0.6792
vn 0.0000 0.3742 -0.9273
vn 0.0000 0.3444 -0.9388
vn 0.0000 -0.9944 -0.1058
vn 0.0000 -0.9923 -0.1241
vn 0.0000 -0.8946 0.4469
vn 0.0000 -0.9862 0.1655
vn 0.0000 -0.9910 0.1340
vn 0.0000 -0.9160 0.4011
vn 0.0000 0.6292 -0.7772
vn 0.0000 0.5891 -0.8081
vn -0.9276 0.2340 0.2912
vn -0.9517 0.1924 0.2395
vn -0.9862 0.1037 0.1291
vn -0.9989 0.0292 0.0364
vn -0.9965 -0.0524 -0.0652
vn -0.9864 -0.1028 -0.1280
vn -0.9706 -0.1509 -0.1878
vn -0.9789 -0.1280 -0.1593
vn -0.9978 -0.0414 -0.0515
vn 0.9972 0.0470 0.0584
vn 0.9806 0.1227 0.1528
vn 1.0000 -0.0031 -0.0039
vn 1.0000 -0.0035 -0.0040
vn 0.9662 0.1615 0.2010
vn 0.9791 0.1096 0.1714
vn 0.9819 0.1006 0.1607
vn 1.0000 -0.0031 -0.0043
vn 0.9791 0.1437 0.1440
vn 0.9819 0.1353 0.1329
vn 0.9687 -0.1729 -0.1784
vn 0.9685 -0.1736 -0.1787
vn 0.9688 -0.1551 -0.1931
vn 0.9685 -0.1560 -0.1942
vn 1.0000 -0.0020 -0.0025
vn 1.0000 -0.0025 -0.0037
vn 0.9685 -0.1371 -0.2080
vn 0.9687 -0.1369 -0.2073
vn 1.0000 -0.0031 -0.0033
vn 0.9731 0.1443 0.1797
vn 0.9965 0.0834 0.0054
vn 0.9984 0.0354 0.0441
vn 1.0000 -0.0057 -0.0070
vn 1.0000 -0.0052 -0.0074
vn 0.9965 -0.0127 0.0827
vn 1.0000 -0.0061 -0.0067
vn 0.9698 -0.1539 -0.1894
vn 0.9698 -0.1528 -0.1902
vn 0.9698 -0.1518 -0.1911
vn 0.0000 0.6280 0.7782
vn 0.0000 -0.7498 0.6617
vn 0.0000 -0.6735 -0.7392
vn 0.0000 0.6202 0.7845
vn 0.0000 -0.6224 -0.7827
vn 0.0000 -0.6210 -0.7838
vn 0.0000 0.7862 -0.6179
vn 0.0000 0.5788 0.8155
vn 0.0000 0.8077 -0.5896
vn 0.0000 -0.7376 0.6753
vn 0.0000 0.6324 0.7746
vn 0.0000 -0.5767 -0.8170
vn 0.0000 -0.9360 -0.3520
vn 0.0000 -0.3641 0.9314
vn 0.0000 0.3574 -0.9340
vn 0.9965 0.0371 0.0749
vn 0.9984 -0.0205 0.0527
vn 0.9965 -0.0779 0.0303
vn 0.0000 -0.3599 0.9330
vn 0.0000 0.4192 -0.9079
vn 0.9978 -0.0538 0.0377
vn 0.9981 -0.0528 0.0322
vn 0.9981 -0.0543 -0.0296
vn 0.9987 -0.0491 0.0094
vn 0.9979 -0.0484 0.0440
vn 0.9978 -0.0596 -0.0278
vn 0.9981 -0.0015 -0.0618
vn 0.9987 -0.0327 -0.0379
vn 0.9979 -0.0623 -0.0199
vn 0.9978 -0.0057 -0.0655
vn 0.9981 0.0528 -0.0322
vn 0.9987 0.0164 -0.0473
vn 0.9979 -0.0139 -0.0639
vn 0.9978 0.0538 -0.0377
vn 0.9981 0.0543 0.0296
vn 0.9987 0.0491 -0.0094
vn 0.9979 0.0484 -0.0440
vn 0.9978 0.0596 0.0278
vn 0.9981 0.0015 0.0618
vn 0.9987 0.0327 0.0379
vn 0.9979 0.0623 0.0199
vn 0.9978 0.0057 0.0655
vn 0.9987 -0.0164 0.0473
vn 0.9979 0.0139 0.0639
vn 0.0000 -0.6256 -0.7801
vn 0.0000 -0.4015 -0.9159
vn 0.0000 -0.4038 -0.9148
vn 0.0000 -0.6261 -0.7798
vn 0.0000 -0.8072 -0.5903
vn 0.0000 -0.9321 -0.3623
vn 0.0000 -0.9319 -0.3628
vn 0.0000 -0.8057 -0.5924
vn 0.0000 -0.1077 0.9942
vn 0.0000 -0.3628 0.9319
vn 0.0000 -0.3623 0.9321
vn 0.0000 -0.1103 0.9939
vn 0.0000 -0.7798 0.6261
vn 0.0000 -0.5926 0.8055
vn 0.0000 -0.5905 0.8071
vn 0.0000 -0.7801 0.6256
vn 0.0000 -0.9939 -0.1103
vn 0.0000 -0.9942 -0.1077
vn 0.0000 -0.9148 0.4039
vn 0.0000 -0.9158 0.4015
vn 0.0000 -0.5925 0.8056
vn 0.0000 -0.5904 0.8071
vn 0.0000 -0.1076 0.9942
vn 0.0000 -0.1102 0.9939
vn 0.0000 -0.9148 0.4038
vn 0.0000 -0.9884 0.1517
vn 0.0000 -0.9883 0.1523
vn 0.0000 -0.9159 0.4015
vn 0.0000 0.1523 0.9883
vn 0.0000 0.1517 0.9884
vn 0.0000 0.4015 0.9159
vn 0.0000 0.4038 0.9148
vn 0.0000 0.8072 0.5903
vn 0.0000 0.9321 0.3623
vn 0.0000 0.9319 0.3628
vn 0.0000 0.8057 0.5924
vn 0.0000 0.8071 0.5904
vn 0.0000 0.6256 0.7801
vn 0.0000 0.6261 0.7798
vn 0.0000 0.8056 0.5924
vn 0.0000 0.4013 0.9159
vn 0.0000 0.4037 0.9149
vn 0.0000 0.9148 -0.4039
vn 0.0000 0.7798 -0.6261
vn 0.0000 0.7801 -0.6256
vn 0.0000 0.9158 -0.4016
vn 0.0000 0.1076 -0.9942
vn 0.0000 -0.1523 -0.9883
vn 0.0000 -0.1517 -0.9884
vn 0.0000 0.1102 -0.9939
vn 0.0000 0.9939 0.1103
vn 0.0000 0.9942 0.1077
vn 0.0000 0.3628 -0.9319
vn 0.0000 0.3623 -0.9321
vn 0.9974 -0.0541 0.0479
vn 0.9973 -0.0548 0.0487
vn 0.9973 -0.0695 -0.0231
vn 0.9978 -0.0658 0.0066
vn 0.9974 -0.0577 0.0422
vn 0.9974 -0.0686 -0.0229
vn 0.9973 -0.0147 -0.0717
vn 0.9978 -0.0386 -0.0537
vn 0.9974 -0.0654 -0.0289
vn 0.9974 -0.0144 -0.0709
vn 0.9973 0.0547 -0.0486
vn 0.9978 0.0272 -0.0602
vn 0.9978 0.0272 -0.0603
vn 0.9974 -0.0077 -0.0711
vn 0.9974 0.0541 -0.0479
vn 0.9973 0.0695 0.0231
vn 0.9978 0.0658 -0.0066
vn 0.9974 0.0577 -0.0422
vn 0.9974 0.0686 0.0229
vn 0.9973 0.0147 0.0717
vn 0.9978 0.0386 0.0537
vn 0.9973 0.0148 0.0717
vn 0.9974 0.0654 0.0289
vn 0.9974 0.0144 0.0709
vn 0.9978 -0.0272 0.0603
vn 0.9974 0.0077 0.0711
vn 0.0000 -0.9939 -0.1104
vn 0.0000 -0.9942 -0.1078
vn 0.0000 -0.8071 -0.5904
vn 0.0000 -0.8056 -0.5925
vn 0.0000 0.5924 -0.8056
vn 0.0000 0.5904 -0.8071
vn 0.0000 -0.4013 -0.9159
vn 0.0000 -0.4037 -0.9149
vn 0.0000 0.1077 -0.9942
vn 0.0000 0.1103 -0.9939
vn 0.0000 0.5926 -0.8055
vn 0.0000 0.5905 -0.8071
vn 0.0000 0.9148 -0.4038
vn 0.0000 0.9159 -0.4015
vn 0.0000 0.9939 0.1104
vn 0.0000 0.9884 -0.1517
vn 0.0000 0.9883 -0.1523
vn 0.0000 0.9942 0.1078
vn 1.0000 -0.0067 -0.0026
vn 1.0000 -0.0058 -0.0042
vn 0.9947 -0.0828 -0.0607
vn 0.9947 -0.0957 -0.0372
vn 1.0000 -0.0008 0.0071
vn 1.0000 -0.0026 0.0067
vn 0.9947 -0.0372 0.0957
vn 0.9947 -0.0111 0.1021
vn 1.0000 0.0056 -0.0045
vn 1.0000 0.0066 -0.0029
vn 0.9947 0.0939 -0.0414
vn 0.9947 0.0800 -0.0643
vn 1.0000 -0.0045 -0.0056
vn 0.9947 -0.0643 -0.0800
vn 1.0000 -0.0042 0.0058
vn 0.9947 -0.0607 0.0828
vn 1.0000 0.0071 -0.0011
vn 0.9947 0.1015 -0.0157
vn 1.0000 -0.0029 -0.0066
vn 0.9947 -0.0414 -0.0939
vn 1.0000 -0.0056 0.0045
vn 0.9947 -0.0800 0.0643
vn 1.0000 0.0071 0.0008
vn 0.9947 0.1021 0.0111
vn 1.0000 -0.0011 -0.0071
vn 0.9947 -0.0157 -0.1015
vn 1.0000 -0.0066 0.0029
vn 0.9947 -0.0939 0.0414
vn 1.0000 0.0008 -0.0071
vn 0.9947 0.0111 -0.1021
vn 1.0000 -0.0071 0.0011
vn 0.9947 -0.1015 0.0157
vn 1.0000 0.0067 0.0026
vn 0.9947 0.0957 0.0372
vn 1.0000 0.0026 -0.0067
vn 0.9947 0.0372 -0.0957
vn 1.0000 -0.0071 -0.0008
vn 0.9947 -0.1021 -0.0111
vn 0.1442 -0.7983 -0.5848
vn 0.1442 -0.9224 -0.3582
vn 1.0000 0.0029 0.0066
vn 1.0000 0.0011 0.0071
vn 0.9947 0.0157 0.1015
vn 0.9947 0.0414 0.0939
vn 1.0000 0.0042 -0.0058
vn 0.9947 0.0607 -0.0828
vn 0.1442 0.9056 -0.3990
vn 0.1442 0.7714 -0.6197
vn 1.0000 0.0045 0.0056
vn 0.9947 0.0643 0.0800
vn 0.1442 -0.6197 -0.7714
vn 0.1442 -0.1073 0.9837
vn 0.1442 0.1510 0.9780
vn 0.1442 0.9780 -0.1510
vn 0.1442 -0.3990 -0.9056
vn 0.1442 -0.3582 0.9224
vn 0.1442 0.9837 0.1073
vn 0.1442 -0.1510 -0.9780
vn 0.1442 -0.5848 0.7983
vn 0.1442 0.9224 0.3582
vn 0.1442 0.1073 -0.9837
vn 0.1442 -0.7714 0.6197
vn 0.1442 0.7983 0.5848
vn 0.1442 0.3582 -0.9224
vn 0.1442 -0.9056 0.3990
vn 0.1442 0.6197 0.7714
vn 0.1442 0.5848 -0.7983
vn 0.1442 -0.9780 0.1510
vn 0.1442 0.3990 0.9056
vn 0.1442 -0.9837 -0.1073
vn 0.7856 -0.0944 -0.6115
vn 0.7856 0.0671 -0.6151
vn 0.9086 0.0453 -0.4152
vn 0.9086 -0.0637 -0.4128
vn 0.7856 -0.3656 0.4991
vn 0.7856 -0.4824 0.3875
vn 0.9086 -0.3256 0.2616
vn 0.9086 -0.2468 0.3369
vn 0.7856 0.5768 0.2240
vn 0.7856 0.4991 0.3656
vn 0.9086 0.3369 0.2468
vn 0.9086 0.3893 0.1512
vn 0.7856 0.2240 -0.5768
vn 0.9086 0.1512 -0.3893
vn 0.7856 -0.5662 0.2495
vn 0.9086 -0.3822 0.1684
vn 0.7856 0.3875 0.4824
vn 0.9086 0.2616 0.3256
vn 0.7856 0.3656 -0.4991
vn 0.9086 0.2468 -0.3369
vn 0.7856 -0.6115 0.0944
vn 0.9086 -0.4127 0.0637
vn 0.7856 0.2495 0.5662
vn 0.9086 0.1684 0.3822
vn 0.7856 0.4824 -0.3875
vn 0.9086 0.3256 -0.2616
vn 0.7856 -0.6151 -0.0671
vn 0.9086 -0.4152 -0.0453
vn 0.7856 -0.5768 -0.2240
vn 0.9086 -0.3893 -0.1512
vn 0.7856 0.0944 0.6115
vn 0.9086 0.0637 0.4127
vn 0.7856 0.5662 -0.2495
vn 0.9086 0.3822 -0.1684
vn 1.0000 0.0058 0.0042
vn 0.9947 0.0828 0.0607
vn 0.7856 -0.4991 -0.3656
vn 0.7856 -0.3875 -0.4824
vn 0.9086 -0.2616 -0.3256
vn 0.9086 -0.3369 -0.2468
vn 0.7856 -0.0671 0.6151
vn 0.9086 -0.0453 0.4152
vn 0.7856 0.6115 -0.0944
vn 0.9086 0.4128 -0.0637
vn 0.7856 -0.2495 -0.5662
vn 0.9086 -0.1684 -0.3822
vn 0.7856 -0.2240 0.5768
vn 0.9086 -0.1512 0.3893
vn 0.7856 0.6151 0.0671
vn 0.9086 0.4152 0.0453
vn -0.9376 -0.2177 -0.2710
vn -0.9376 -0.2805 -0.2054
vn -0.9828 -0.1492 -0.1093
vn -0.9828 -0.1158 -0.1441
vn -0.9376 -0.1402 -0.3181
vn -0.9828 -0.0745 -0.1692
vn -0.9376 -0.1259 0.3241
vn -0.9376 -0.0377 0.3456
vn -0.9828 -0.0200 0.1838
vn -0.9828 -0.0669 0.1723
vn -0.9376 0.3456 0.0377
vn -0.9376 0.3436 -0.0530
vn -0.9828 0.1827 -0.0282
vn -0.9828 0.1838 0.0200
vn -0.9376 -0.0530 -0.3436
vn -0.9828 -0.0282 -0.1827
vn -0.9376 -0.2054 0.2805
vn -0.9828 -0.1093 0.1492
vn -0.9376 0.3241 0.1259
vn -0.9828 0.1723 0.0669
vn -0.9376 0.0377 -0.3456
vn -0.9828 0.0200 -0.1838
vn -0.9376 -0.2710 0.2177
vn -0.9828 -0.1441 0.1158
vn -0.9376 0.2805 0.2054
vn -0.9828 0.1492 0.1093
vn -0.9376 0.1259 -0.3241
vn -0.9828 0.0669 -0.1723
vn -0.9376 -0.3181 0.1402
vn -0.9828 -0.1692 0.0745
vn -0.9376 0.2177 0.2710
vn -0.9828 0.1158 0.1441
vn -0.9376 0.2054 -0.2805
vn -0.9828 0.1093 -0.1492
vn -0.9376 -0.3436 0.0530
vn -0.9828 -0.1827 0.0282
vn -0.9376 0.1402 0.3181
vn -0.9828 0.0745 0.1692
vn -0.9376 0.2710 -0.2177
vn -0.9828 0.1441 -0.1158
vn -0.9376 -0.3456 -0.0377
vn -0.9828 -0.1838 -0.0200
vn -0.9376 0.0530 0.3436
vn -0.9828 0.0282 0.1827
vn -0.9376 0.3181 -0.1402
vn -0.9828 0.1692 -0.0745
vn -0.9376 -0.3241 -0.1259
vn -0.9828 -0.1723 -0.0669
vn -0.1808 -0.3965 -0.9000
vn -0.1808 -0.1501 -0.9720
vn -0.1808 -0.3560 0.9168
vn -0.1808 -0.5812 0.7934
vn -0.1808 0.9777 0.1066
vn -0.1808 0.9168 0.3560
vn -0.1808 0.1066 -0.9777
vn -0.1808 -0.7667 0.6160
vn -0.1808 0.7934 0.5812
vn -0.1808 0.3560 -0.9168
vn -0.1808 -0.9000 0.3965
vn -0.1808 0.6160 0.7667
vn -0.1808 0.5812 -0.7934
vn -0.1808 -0.9720 0.1501
vn -0.1808 0.3965 0.9000
vn -0.1808 0.7667 -0.6160
vn -0.1808 -0.9777 -0.1066
vn -0.1808 -0.9168 -0.3560
vn -0.1808 -0.7934 -0.5812
vn -0.1808 0.1501 0.9720
vn -0.1808 0.9000 -0.3965
vn -0.1808 -0.6160 -0.7667
vn -0.1808 -0.1066 0.9777
vn -0.1808 0.9720 -0.1501
vn -0.9764 0.1276 -0.1742
vn -0.9764 0.1684 -0.1353
vn -0.9764 -0.2134 0.0330
vn -0.9764 -0.2147 -0.0234
vn -0.9764 -0.2013 -0.0782
vn -0.9764 -0.1742 -0.1276
vn -0.9764 0.0871 0.1976
vn -0.9764 0.0330 0.2134
vn -0.9764 0.1976 -0.0871
vn -0.9764 -0.1353 -0.1684
vn -0.9764 -0.0234 0.2147
vn -0.9764 0.2134 -0.0330
vn -0.9764 -0.0871 -0.1976
vn -0.9764 -0.0782 0.2013
vn -0.9764 0.2147 0.0234
vn -0.9764 -0.0330 -0.2134
vn -0.9764 -0.1276 0.1742
vn -0.9764 0.2013 0.0782
vn -0.9764 0.0234 -0.2147
vn -0.9764 -0.1684 0.1353
vn -0.9764 0.1742 0.1276
vn -0.9764 0.0782 -0.2013
vn -0.9764 -0.1976 0.0871
vn -0.9764 0.1353 0.1684
vn 0.4976 -0.8086 -0.3140
vn 0.4976 -0.6997 -0.5126
vn 0.4976 -0.5432 -0.6762
vn 0.4976 -0.3497 -0.7938
vn 0.4976 -0.1323 -0.8572
vn 0.4976 0.0940 -0.8623
vn 0.4976 0.3140 -0.8086
vn 0.4976 0.5126 -0.6997
vn 0.4976 0.6762 -0.5432
vn 0.4976 0.7938 -0.3497
vn 0.4976 0.8572 -0.1323
vn 0.4976 0.8623 0.0940
vn 0.4976 0.8086 0.3140
vn 0.4976 0.6997 0.5126
vn 0.4976 0.5432 0.6762
vn 0.4976 0.3497 0.7938
vn 0.4976 0.1323 0.8572
vn 0.4976 -0.0940 0.8623
vn 0.4976 -0.3140 0.8086
vn 0.4976 -0.5126 0.6997
vn 0.4976 -0.6762 0.5432
vn 0.4976 -0.7938 0.3497
vn 0.4976 -0.8572 0.1323
vn 0.4976 -0.8623 -0.0940
vn 0.9769 -0.1991 -0.0773
vn 0.9769 -0.1723 -0.1263
vn 0.9769 -0.1338 -0.1666
vn 0.9769 -0.0861 -0.1955
vn 0.9769 -0.0326 -0.2111
vn 0.9769 0.0232 -0.2124
vn 0.9769 0.0773 -0.1992
vn 0.9769 0.1262 -0.1723
vn 0.9769 0.1666 -0.1338
vn 0.9769 0.1955 -0.0861
vn 0.9769 0.2111 -0.0326
vn 0.9769 0.2124 0.0232
vn 0.9769 0.1992 0.0773
vn 0.9769 0.1723 0.1262
vn 0.9769 0.1338 0.1666
vn 0.9769 0.0861 0.1955
vn 0.9769 0.0326 0.2111
vn 0.9769 -0.0232 0.2124
vn 0.9769 -0.0773 0.1992
vn 0.9769 -0.1262 0.1723
vn 0.9769 -0.1666 0.1338
vn 0.9769 -0.1955 0.0861
vn 0.9769 -0.2111 0.0326
vn 0.9769 -0.2124 -0.0232
vn -0.8103 -0.4727 -0.3463
vn -0.8103 -0.5462 -0.2121
vn -0.8103 -0.5825 -0.0635
vn -0.8103 -0.3670 -0.4568
vn -0.4466 -0.5604 -0.6975
vn -0.4466 -0.3607 -0.8188
vn -0.8103 -0.2363 -0.5363
vn -0.4466 -0.1365 -0.8843
vn -0.8103 -0.0894 -0.5791
vn -0.4466 0.0970 -0.8895
vn -0.8103 0.0635 -0.5825
vn -0.4466 0.3239 -0.8340
vn -0.8103 0.2121 -0.5462
vn -0.4466 0.5287 -0.7218
vn -0.8103 0.3463 -0.4727
vn -0.4466 0.6975 -0.5604
vn -0.8103 0.4568 -0.3670
vn -0.4466 0.8188 -0.3607
vn -0.8103 0.5363 -0.2363
vn -0.4466 0.8843 -0.1365
vn -0.8103 0.5791 -0.0894
vn -0.4466 0.8895 0.0970
vn -0.8103 0.5825 0.0635
vn -0.4466 0.8340 0.3239
vn -0.8103 0.5462 0.2121
vn -0.4466 0.7218 0.5287
vn -0.8103 0.4727 0.3463
vn -0.4466 0.5604 0.6975
vn -0.8103 0.3670 0.4568
vn -0.4466 0.3607 0.8188
vn -0.8103 0.2363 0.5363
vn -0.4466 0.1365 0.8843
vn -0.8103 0.0894 0.5791
vn -0.4466 -0.0970 0.8895
vn -0.8103 -0.0635 0.5825
vn -0.4466 -0.3239 0.8340
vn -0.8103 -0.2121 0.5462
vn -0.4466 -0.5287 0.7218
vn -0.8103 -0.3463 0.4727
vn -0.4466 -0.6975 0.5604
vn -0.8103 -0.4568 0.3670
vn -0.4466 -0.8188 0.3607
vn -0.8103 -0.5363 0.2363
vn -0.4466 -0.8842 0.1365
vn -0.8103 -0.5791 0.0894
vn -0.4466 -0.8895 -0.0970
vn -0.4466 -0.8340 -0.3239
vn -0.4466 -0.7218 -0.5287
vn -0.6454 -0.6162 -0.4514
vn -0.6454 -0.7120 -0.2765
vn -0.6454 -0.4784 -0.5955
vn -0.6454 -0.3080 -0.6990
vn -0.6454 -0.1166 -0.7549
vn -0.6454 0.0828 -0.7594
vn -0.6454 0.2765 -0.7120
vn -0.6454 0.4514 -0.6162
vn -0.6454 0.5955 -0.4784
vn -0.6454 0.6990 -0.3080
vn -0.6454 0.7549 -0.1165
vn -0.6454 0.7594 0.0828
vn -0.6454 0.7120 0.2765
vn -0.6454 0.6162 0.4514
vn -0.6454 0.4784 0.5955
vn -0.6454 0.3080 0.6990
vn -0.6454 0.1166 0.7549
vn -0.6454 -0.0828 0.7594
vn -0.6454 -0.2765 0.7120
vn -0.6454 -0.4514 0.6162
vn -0.6454 -0.5955 0.4784
vn -0.6454 -0.6990 0.3080
vn -0.6454 -0.7549 0.1165
vn -0.6454 -0.7594 -0.0828
# 1562 vertex normals

vt 0.3473 0.7500 0.0000
vt 0.8750 0.5000 0.0000
vt 0.6250 0.5000 0.0000
vt 0.3750 0.7500 0.0000
vt 0.6250 0.7500 0.0000
vt 0.3750 0.0971 0.0000
vt 0.6250 0.0971 0.0000
vt 0.6250 0.1529 0.0000
vt 0.3750 0.1529 0.0000
vt 0.8750 0.7500 0.0000
vt 0.3750 0.2500 0.0000
vt 0.6250 0.2500 0.0000
vt 0.3750 0.5000 0.0000
vt 0.6250 1.0000 0.0000
vt 0.3750 1.0000 0.0000
vt 0.3750 0.5971 0.0000
vt 0.6250 0.5971 0.0000
vt 0.6250 0.6529 0.0000
vt 0.3750 0.6529 0.0000
vt 0.1527 0.5971 0.0000
vt 0.1527 0.5000 0.0000
vt 0.8750 0.5971 0.0000
vt 0.8750 0.6529 0.0000
vt 0.6250 0.0000 0.0000
vt 0.3750 0.0000 0.0000
vt 0.6104 0.0000 0.0000
vt 0.6104 0.2500 0.0000
vt 0.1527 0.7500 0.0000
vt 0.6177 0.5000 0.0000
vt 0.6177 0.7500 0.0000
vt 0.3473 0.5971 0.0000
vt 0.3473 0.6529 0.0000
vt 0.1527 0.6529 0.0000
vt 0.3473 0.5000 0.0000
vt 0.1250 0.5000 0.0000
vt 0.1250 0.7500 0.0000
vt 0.1250 0.6529 0.0000
vt 0.1250 0.5971 0.0000
vt 0.0000 0.0000 0.0000
vt 0.0141 0.2189 0.0000
vt 0.0100 0.2500 0.0000
vt 0.0141 0.2811 0.0000
vt 0.0182 0.3121 0.0000
vt 0.0739 0.2967 0.0000
vt 0.0318 0.3210 0.0000
vt 0.0192 0.2500 0.0000
vt 0.0226 0.2210 0.0000
vt 0.0269 0.3092 0.0000
vt 0.0182 0.1879 0.0000
vt 0.0116 0.2622 0.0000
vt 0.0114 0.2604 0.0000
vt 0.0141 0.2815 0.0000
vt 0.0101 0.2500 0.0000
vt 0.0141 0.2185 0.0000
vt 0.0117 0.2627 0.0000
vt 0.0296 0.1841 0.0000
vt 0.0261 0.1963 0.0000
vt 0.0422 0.1300 0.0000
vt 0.0232 0.2843 0.0000
vt 0.0422 0.3700 0.0000
vt 0.0696 0.2258 0.0000
vt 0.0649 0.1785 0.0000
vt 0.0642 0.1669 0.0000
vt 0.0880 0.2066 0.0000
vt 0.0742 0.3439 0.0000
vt 0.0841 0.3091 0.0000
vt 0.1047 0.3339 0.0000
vt 0.0723 0.3527 0.0000
vt 0.0486 0.3046 0.0000
vt 0.0325 0.2976 0.0000
vt 0.0796 0.2867 0.0000
vt 0.0269 0.2798 0.0000
vt 0.0254 0.2500 0.0000
vt 0.0605 0.2357 0.0000
vt 0.0421 0.2133 0.0000
vt 0.0313 0.2117 0.0000
vt 0.0649 0.2514 0.0000
vt 0.0260 0.2266 0.0000
vt 0.0583 0.2502 0.0000
vt 0.0620 0.2782 0.0000
vt 0.0120 0.2351 0.0000
vt 0.0119 0.2352 0.0000
vt 0.0120 0.2649 0.0000
vt 0.0119 0.2648 0.0000
vt 0.0113 0.2600 0.0000
vt 0.0114 0.2396 0.0000
vt 0.0113 0.2400 0.0000
vt 0.0116 0.2378 0.0000
vt 0.0117 0.2373 0.0000
vt 0.0633 0.1654 0.0000
vt 0.0636 0.1724 0.0000
vt 0.0689 0.2266 0.0000
vt 0.0834 0.3082 0.0000
vt 0.0721 0.3480 0.0000
vt 0.0711 0.3534 0.0000
# 95 texture coords

o Cube_001
g Cube_001
usemtl brake_caliper
s off
f 1/1/1 2/1/1 3/1/1 4/1/1 
f 5/2/2 6/3/2 7/3/3 8/2/3 
f 9/4/1 10/5/1 11/5/1 12/4/1 
f 13/6/4 14/7/4 15/8/5 16/9/5 
f 10/5/6 17/10/6 18/10/7 11/5/7 
f 19/11/8 8/12/8 7/3/8 20/13/8 
f 12/4/9 11/5/9 18/14/9 21/15/9 
f 22/11/4 5/12/4 8/12/4 19/11/4 
f 6/3/1 23/13/1 20/13/1 7/3/1 
f 24/16/1 25/17/1 26/18/1 27/19/1 
f 28/20/4 29/21/4 30/21/4 31/20/4 
f 25/17/10 15/22/10 14/23/11 26/18/11 
f 17/24/4 32/25/4 21/25/4 18/24/4 
f 32/25/4 17/24/4 33/26/4 34/25/4 
f 34/25/4 33/26/4 14/7/4 13/6/4 
f 5/12/4 22/11/4 35/11/4 36/27/5 
f 36/27/5 35/11/4 16/9/5 15/8/5 
f 37/28/4 38/28/4 39/28/4 40/28/4 
f 29/21/4 41/21/4 42/21/4 30/21/4 
f 15/22/10 25/17/10 43/29/12 36/2/12 
f 36/2/12 43/29/12 6/3/2 5/2/2 
f 25/17/1 24/16/1 44/13/1 43/29/1 
f 43/29/1 44/13/1 23/13/1 6/3/1 
f 10/5/1 9/4/1 45/4/1 46/30/1 
f 46/30/1 45/4/1 27/19/1 26/18/1 
f 47/31/1 48/32/1 49/32/1 50/31/1 
f 51/28/4 52/33/4 53/33/4 54/28/4 
f 26/18/11 14/23/11 33/10/13 46/30/13 
f 46/30/13 33/10/13 17/10/6 10/5/6 
f 52/33/4 28/20/4 31/20/4 53/33/4 
f 55/34/14 56/21/14 19/35/14 20/13/14 
f 37/28/15 2/1/15 12/4/15 21/36/15 
f 51/28/16 38/28/17 32/36/17 34/36/16 
f 52/33/18 51/28/16 34/36/16 13/37/18 
f 41/21/19 29/21/20 35/35/20 22/35/19 
f 29/21/20 28/20/21 16/38/21 35/35/20 
f 47/31/22 57/34/20 44/13/20 24/16/22 
f 57/34/20 58/34/19 23/13/19 44/13/20 
f 1/1/17 59/1/16 45/4/16 9/4/17 
f 59/1/16 48/32/23 27/19/23 45/4/16 
f 28/20/21 52/33/18 13/37/18 16/38/21 
f 48/32/23 47/31/22 24/16/22 27/19/23 
f 38/28/17 37/28/15 21/36/15 32/36/17 
f 2/1/15 1/1/17 9/4/17 12/4/15 
f 56/21/14 41/21/19 22/35/19 19/35/14 
f 58/34/19 55/34/14 20/13/14 23/13/19 
f 39/28/17 4/1/17 3/1/15 40/28/15 
f 60/34/19 42/21/19 61/21/14 62/34/14 
f 50/31/21 31/20/21 30/21/20 63/34/20 
f 63/34/20 30/21/20 42/21/19 60/34/19 
f 53/33/18 49/32/18 64/1/16 54/28/16 
f 54/28/16 64/1/16 4/1/17 39/28/17 
f 31/20/21 50/31/21 49/32/18 53/33/18 
f 57/34/1 47/31/1 50/31/1 63/34/1 
f 41/21/4 56/21/4 61/21/4 42/21/4 
f 58/34/1 57/34/1 63/34/1 60/34/1 
f 56/21/8 55/34/8 62/34/8 61/21/8 
f 55/34/1 58/34/1 60/34/1 62/34/1 
f 59/1/1 1/1/1 4/1/1 64/1/1 
f 2/1/9 37/28/9 40/28/9 3/1/9 
f 48/32/1 59/1/1 64/1/1 49/32/1 
f 38/28/4 51/28/4 54/28/4 39/28/4 
usemtl rims
f 65/39/24 66/39/25 67/39/26 68/39/27 
f 69/39/28 70/39/29 71/39/30 72/39/31 
f 73/39/32 74/39/33 75/39/34 76/39/35 
f 77/39/36 65/39/24 68/39/27 78/39/37 
f 79/39/38 69/39/28 72/39/31 80/39/39 
f 81/39/40 73/39/32 76/39/35 82/39/41 
f 83/39/42 84/39/43 85/39/44 86/39/45 
f 87/39/46 77/39/36 78/39/37 88/39/47 
f 89/39/48 79/39/38 80/39/39 90/39/49 
f 84/39/43 81/39/40 82/39/41 85/39/44 
f 91/39/50 83/39/42 86/39/45 92/39/51 
f 93/39/52 87/39/46 88/39/47 94/39/53 
f 95/39/54 89/39/48 90/39/49 96/39/55 
f 97/39/56 91/39/50 92/39/51 98/39/57 
f 99/39/58 93/39/52 94/39/53 100/39/59 
f 101/39/60 95/39/54 96/39/55 102/39/61 
f 103/39/62 97/39/56 98/39/57 104/39/63 
f 105/39/64 99/39/58 100/39/59 106/39/65 
f 107/39/66 101/39/60 102/39/61 108/39/67 
f 109/39/68 103/39/62 104/39/63 110/39/69 
f 111/39/70 105/39/64 106/39/65 112/39/71 
f 66/39/25 107/39/66 108/39/67 67/39/26 
f 70/39/29 109/39/68 110/39/69 71/39/30 
f 74/39/33 111/39/70 112/39/71 75/39/34 
f 94/39/53 88/39/47 113/39/72 114/39/73 
f 96/39/55 90/39/49 115/39/74 116/39/75 
f 98/39/57 92/39/51 117/39/76 118/39/77 
f 100/39/59 94/39/53 114/39/73 119/39/78 
f 102/39/61 96/39/55 116/39/75 120/39/79 
f 104/39/63 98/39/57 118/39/77 121/39/80 
f 106/39/65 100/39/59 119/39/78 122/39/81 
f 108/39/67 102/39/61 120/39/79 123/39/82 
f 110/39/69 104/39/63 121/39/80 124/39/83 
f 112/39/71 106/39/65 122/39/81 125/39/84 
f 67/39/26 108/39/67 123/39/82 126/39/85 
f 71/39/30 110/39/69 124/39/83 127/39/86 
f 75/39/34 112/39/71 125/39/84 128/39/87 
f 68/39/27 67/39/26 126/39/85 129/39/88 
f 72/39/31 71/39/30 127/39/86 130/39/89 
f 76/39/35 75/39/34 128/39/87 131/39/90 
f 78/39/37 68/39/27 129/39/88 132/39/91 
f 80/39/39 72/39/31 130/39/89 133/39/92 
f 82/39/41 76/39/35 131/39/90 134/39/93 
f 86/39/45 85/39/44 135/39/94 136/39/95 
f 88/39/47 78/39/37 132/39/91 113/39/72 
f 90/39/49 80/39/39 133/39/92 115/39/74 
f 85/39/44 82/39/41 134/39/93 135/39/94 
f 92/39/51 86/39/45 136/39/95 117/39/76 
f 127/39/96 124/39/97 137/39/97 138/39/96 
f 128/39/98 125/39/99 139/39/99 140/39/98 
f 129/39/100 126/39/101 141/39/101 142/39/100 
f 130/39/102 127/39/96 138/39/96 143/39/102 
f 131/39/103 128/39/98 140/39/98 144/39/103 
f 132/39/104 129/39/100 142/39/100 145/39/104 
f 133/39/105 130/39/102 143/39/102 146/39/105 
f 134/39/106 131/39/103 144/39/103 147/39/106 
f 136/39/107 135/39/108 148/39/108 149/39/107 
f 113/39/109 132/39/104 145/39/104 150/39/109 
f 115/39/110 133/39/105 146/39/105 151/39/110 
f 135/39/108 134/39/106 147/39/106 148/39/108 
f 117/39/111 136/39/107 149/39/107 152/39/111 
f 114/39/112 113/39/109 150/39/109 153/39/112 
f 116/39/113 115/39/110 151/39/110 154/39/113 
f 118/39/114 117/39/111 152/39/111 155/39/114 
f 119/39/115 114/39/112 153/39/112 156/39/115 
f 120/39/116 116/39/113 154/39/113 157/39/116 
f 121/39/117 118/39/114 155/39/114 158/39/117 
f 122/39/118 119/39/115 156/39/115 159/39/118 
f 123/39/119 120/39/116 157/39/116 160/39/119 
f 124/39/97 121/39/117 158/39/117 137/39/97 
f 125/39/99 122/39/118 159/39/118 139/39/99 
f 126/39/101 123/39/119 160/39/119 141/39/101 
f 154/39/120 151/39/121 161/39/121 162/39/120 
f 155/39/122 152/39/123 163/39/123 164/39/122 
f 156/39/124 153/39/125 165/39/125 166/39/124 
f 157/39/126 154/39/120 162/39/120 167/39/126 
f 158/39/127 155/39/122 164/39/122 168/39/127 
f 159/39/128 156/39/124 166/39/124 169/39/128 
f 160/39/129 157/39/126 167/39/126 170/39/129 
f 137/39/130 158/39/127 168/39/127 171/39/130 
f 139/39/131 159/39/128 169/39/128 172/39/131 
f 141/39/132 160/39/129 170/39/129 173/39/132 
f 138/39/133 137/39/130 171/39/130 174/39/133 
f 140/39/134 139/39/131 172/39/131 175/39/134 
f 142/39/135 141/39/132 173/39/132 176/39/135 
f 143/39/136 138/39/133 174/39/133 177/39/136 
f 144/39/137 140/39/134 175/39/134 178/39/137 
f 145/39/138 142/39/135 176/39/135 179/39/138 
f 146/39/139 143/39/136 177/39/136 180/39/139 
f 147/39/140 144/39/137 178/39/137 181/39/140 
f 149/39/141 148/39/142 182/39/142 183/39/141 
f 150/39/143 145/39/138 179/39/138 184/39/143 
f 151/39/121 146/39/139 180/39/139 161/39/121 
f 148/39/142 147/39/140 181/39/140 182/39/142 
f 152/39/123 149/39/141 183/39/141 163/39/123 
f 153/39/125 150/39/143 184/39/143 165/39/125 
f 97/39/144 103/39/145 185/39/145 186/39/144 
f 99/39/146 105/39/147 187/39/147 188/39/146 
f 101/39/148 107/39/149 189/39/149 190/39/148 
f 103/39/145 109/39/150 191/39/150 185/39/145 
f 105/39/147 111/39/151 192/39/151 187/39/147 
f 107/39/149 66/39/152 193/39/152 189/39/149 
f 109/39/150 70/39/153 194/39/153 191/39/150 
f 111/39/151 74/39/154 195/39/154 192/39/151 
f 66/39/152 65/39/155 196/39/155 193/39/152 
f 70/39/153 69/39/156 197/39/156 194/39/153 
f 74/39/154 73/39/157 198/39/157 195/39/154 
f 65/39/155 77/39/158 199/39/158 196/39/155 
f 69/39/156 79/39/159 200/39/159 197/39/156 
f 73/39/157 81/39/160 201/39/160 198/39/157 
f 84/39/161 83/39/162 202/39/162 203/39/161 
f 77/39/158 87/39/163 204/39/163 199/39/158 
f 79/39/159 89/39/164 205/39/164 200/39/159 
f 81/39/160 84/39/161 203/39/161 201/39/160 
f 83/39/162 91/39/165 206/39/165 202/39/162 
f 87/39/163 93/39/166 207/39/166 204/39/163 
f 89/39/164 95/39/167 208/39/167 205/39/164 
f 91/39/165 97/39/144 186/39/144 206/39/165 
f 93/39/166 99/39/146 188/39/146 207/39/166 
f 95/39/167 101/39/148 190/39/148 208/39/167 
f 205/39/168 208/39/169 209/39/169 210/39/168 
f 206/39/170 186/39/171 211/39/171 212/39/170 
f 207/39/172 188/39/173 213/39/173 214/39/172 
f 208/39/169 190/39/174 215/39/174 209/39/169 
f 186/39/171 185/39/175 216/39/175 211/39/171 
f 188/39/173 187/39/176 217/39/176 213/39/173 
f 190/39/174 189/39/177 218/39/177 215/39/174 
f 185/39/175 191/39/178 219/39/178 216/39/175 
f 187/39/176 192/39/179 220/39/179 217/39/176 
f 189/39/177 193/39/180 221/39/180 218/39/177 
f 191/39/178 194/39/181 222/39/181 219/39/178 
f 192/39/179 195/39/182 223/39/182 220/39/179 
f 193/39/180 196/39/183 224/39/183 221/39/180 
f 194/39/181 197/39/184 225/39/184 222/39/181 
f 195/39/182 198/39/185 226/39/185 223/39/182 
f 196/39/183 199/39/186 227/39/186 224/39/183 
f 197/39/184 200/39/187 228/39/187 225/39/184 
f 198/39/185 201/39/188 229/39/188 226/39/185 
f 203/39/189 202/39/190 230/39/190 231/39/189 
f 199/39/186 204/39/191 232/39/191 227/39/186 
f 200/39/187 205/39/168 210/39/168 228/39/187 
f 201/39/188 203/39/189 231/39/189 229/39/188 
f 202/39/190 206/39/170 212/39/170 230/39/190 
f 204/39/191 207/39/172 214/39/172 232/39/191 
f 221/39/192 224/39/193 233/39/193 234/39/192 
f 222/39/194 225/39/195 235/39/195 236/39/194 
f 223/39/196 226/39/197 237/39/197 238/39/196 
f 224/39/193 227/39/198 239/39/198 233/39/193 
f 225/39/195 228/39/199 240/39/199 235/39/195 
f 226/39/197 229/39/200 241/39/200 237/39/197 
f 231/39/201 230/39/202 242/39/202 243/39/201 
f 227/39/198 232/39/203 244/39/203 239/39/198 
f 228/39/199 210/39/204 245/39/204 240/39/199 
f 229/39/200 231/39/201 243/39/201 241/39/200 
f 230/39/202 212/39/205 246/39/205 242/39/202 
f 232/39/203 214/39/206 247/39/206 244/39/203 
f 210/39/204 209/39/207 248/39/207 245/39/204 
f 212/39/205 211/39/208 249/39/208 246/39/205 
f 214/39/206 213/39/209 250/39/209 247/39/206 
f 209/39/207 215/39/210 251/39/210 248/39/207 
f 211/39/208 216/39/211 252/39/211 249/39/208 
f 213/39/209 217/39/212 253/39/212 250/39/209 
f 215/39/210 218/39/213 254/39/213 251/39/210 
f 216/39/211 219/39/214 255/39/214 252/39/211 
f 217/39/212 220/39/215 256/39/215 253/39/212 
f 218/39/213 221/39/192 234/39/192 254/39/213 
f 219/39/214 222/39/194 236/39/194 255/39/214 
f 220/39/215 223/39/196 238/39/196 256/39/215 
f 246/39/170 249/39/171 257/39/171 258/39/170 
f 247/39/216 250/39/217 259/39/217 260/39/216 
f 248/39/169 251/39/174 261/39/174 262/39/169 
f 249/39/171 252/39/175 263/39/175 257/39/171 
f 250/39/217 253/39/218 264/39/218 259/39/217 
f 251/39/174 254/39/177 265/39/177 261/39/174 
f 252/39/175 255/39/219 266/39/219 263/39/175 
f 253/39/218 256/39/220 267/39/220 264/39/218 
f 254/39/177 234/39/180 268/39/180 265/39/177 
f 255/39/219 236/39/221 269/39/221 266/39/219 
f 256/39/220 238/39/182 270/39/182 267/39/220 
f 234/39/180 233/39/183 271/39/183 268/39/180 
f 236/39/221 235/39/222 272/39/222 269/39/221 
f 238/39/182 237/39/185 273/39/185 270/39/182 
f 233/39/183 239/39/186 274/39/186 271/39/183 
f 235/39/222 240/39/187 275/39/187 272/39/222 
f 237/39/185 241/39/188 276/39/188 273/39/185 
f 243/39/189 242/39/190 277/39/190 278/39/189 
f 239/39/186 244/39/223 279/39/223 274/39/186 
f 240/39/187 245/39/168 280/39/168 275/39/187 
f 241/39/188 243/39/189 278/39/189 276/39/188 
f 242/39/190 246/39/170 258/39/170 277/39/190 
f 244/39/223 247/39/216 260/39/216 279/39/223 
f 245/39/168 248/39/169 262/39/169 280/39/168 
f 276/39/224 278/39/225 281/39/225 282/39/224 
f 277/39/226 258/39/227 283/39/227 284/39/226 
f 279/39/228 260/39/229 285/39/229 286/39/228 
f 280/39/230 262/39/231 287/39/231 288/39/230 
f 258/39/227 257/39/232 289/39/232 283/39/227 
f 260/39/229 259/39/233 290/39/233 285/39/229 
f 262/39/231 261/39/234 291/39/234 287/39/231 
f 257/39/232 263/39/235 292/39/235 289/39/232 
f 259/39/233 264/39/236 293/39/236 290/39/233 
f 261/39/234 265/39/237 294/39/237 291/39/234 
f 263/39/235 266/39/238 295/39/238 292/39/235 
f 264/39/236 267/39/239 296/39/239 293/39/236 
f 265/39/237 268/39/240 297/39/240 294/39/237 
f 266/39/238 269/39/241 298/39/241 295/39/238 
f 267/39/239 270/39/242 299/39/242 296/39/239 
f 268/39/240 271/39/243 300/39/243 297/39/240 
f 269/39/241 272/39/244 301/39/244 298/39/241 
f 270/39/242 273/39/245 302/39/245 299/39/242 
f 271/39/243 274/39/246 303/39/246 300/39/243 
f 272/39/244 275/39/247 304/39/247 301/39/244 
f 273/39/245 276/39/224 282/39/224 302/39/245 
f 278/39/225 277/39/226 284/39/226 281/39/225 
f 274/39/246 279/39/228 286/39/228 303/39/246 
f 275/39/247 280/39/230 288/39/230 304/39/247 
f 181/39/248 178/39/249 302/39/249 282/39/248 
f 178/39/249 175/39/250 299/39/250 302/39/249 
f 175/39/250 172/39/251 296/39/251 299/39/250 
f 172/39/251 169/39/252 293/39/252 296/39/251 
f 169/39/252 166/39/253 290/39/253 293/39/252 
f 166/39/253 165/39/254 285/39/254 290/39/253 
f 165/39/254 184/39/255 286/39/255 285/39/254 
f 184/39/255 179/39/256 303/39/256 286/39/255 
f 179/39/256 176/39/257 300/39/257 303/39/256 
f 176/39/257 173/39/258 297/39/258 300/39/257 
f 173/39/258 170/39/259 294/39/259 297/39/258 
f 170/39/259 167/39/260 291/39/260 294/39/259 
f 167/39/260 162/39/261 287/39/261 291/39/260 
f 162/39/261 161/39/262 288/39/262 287/39/261 
f 161/39/262 180/39/263 304/39/263 288/39/262 
f 180/39/263 177/39/264 301/39/264 304/39/263 
f 177/39/264 174/39/265 298/39/265 301/39/264 
f 174/39/265 171/39/266 295/39/266 298/39/265 
f 171/39/266 168/39/267 292/39/267 295/39/266 
f 168/39/267 164/39/268 289/39/268 292/39/267 
f 164/39/268 163/39/269 283/39/269 289/39/268 
f 163/39/269 183/39/270 284/39/270 283/39/269 
f 183/39/270 182/39/271 281/39/271 284/39/270 
f 182/39/271 181/39/248 282/39/248 281/39/271 
f 305/40/272 306/41/273 307/41/274 308/40/275 
f 309/42/276 310/43/277 311/43/278 312/42/279 
f 313/44/280 314/45/280 315/45/280 316/44/280 
f 317/46/281 318/47/281 319/47/281 320/46/281 
f 314/45/282 321/48/282 322/48/282 315/45/282 
f 323/40/283 324/41/284 325/41/285 326/40/286 
f 324/41/284 327/42/287 328/42/288 325/41/285 
f 329/40/289 330/49/290 331/49/291 308/40/275 
f 332/50/292 333/41/221 334/41/221 335/50/292 
f 336/42/293 337/43/294 338/43/295 339/42/296 
f 340/40/297 341/41/298 342/41/299 343/40/300 
f 339/42/296 338/43/295 310/43/277 309/42/276 
f 343/40/300 342/41/299 306/41/273 305/40/272 
f 344/49/301 343/40/300 305/40/272 345/49/302 
f 346/49/303 340/40/297 343/40/300 344/49/301 
f 347/40/304 348/49/305 349/49/306 350/40/307 
f 351/43/308 352/42/309 353/42/310 354/43/311 
f 345/49/302 305/40/272 308/40/275 331/49/291 
f 341/41/298 336/42/293 339/42/296 342/41/299 
f 355/43/312 356/42/313 312/42/279 311/43/278 
f 327/42/287 357/43/314 358/43/315 328/42/288 
f 359/41/217 360/51/316 361/51/316 362/41/217 
f 363/52/317 364/53/318 365/41/319 352/42/309 
f 323/40/283 366/49/320 367/49/321 368/54/322 
f 368/54/322 367/49/321 348/49/305 347/40/304 
f 369/55/323 332/50/323 335/50/323 370/55/323 
f 364/53/318 368/54/322 347/40/304 365/41/319 
f 357/43/314 327/42/287 363/52/317 371/43/324 
f 371/43/324 363/52/317 352/42/309 351/43/308 
f 366/49/320 323/40/283 326/40/286 372/49/325 
f 373/56/326 374/57/327 346/49/303 375/58/328 
f 374/57/327 318/47/329 340/40/297 346/49/303 
f 317/46/330 376/59/331 336/42/293 341/41/298 
f 321/48/332 314/45/333 377/60/334 337/43/294 
f 378/61/335 379/62/336 380/63/337 381/64/338 
f 382/65/339 378/66/335 381/67/338 383/68/340 
f 318/47/329 317/46/330 341/41/298 340/40/297 
f 376/59/331 321/48/332 337/43/294 336/42/293 
f 384/69/341 385/70/341 386/70/341 387/69/341 
f 388/71/342 384/69/342 387/69/342 389/71/342 
f 390/72/343 391/73/343 392/73/343 393/72/343 
f 385/70/344 390/72/344 393/72/344 386/70/344 
f 373/56/345 313/74/345 316/74/345 394/56/345 
f 374/57/346 373/56/346 394/56/346 395/57/346 
f 318/47/347 374/57/347 395/57/347 319/47/347 
f 396/75/1 397/76/348 395/57/348 394/56/1 
f 385/70/1 384/69/1 315/45/1 322/48/1 
f 388/77/1 396/75/1 394/56/1 316/74/1 
f 384/69/1 388/71/1 316/44/1 315/45/1 
f 397/76/348 398/78/348 319/47/348 395/57/348 
f 391/73/1 390/72/1 399/59/1 320/46/1 
f 398/78/348 391/73/1 320/46/1 319/47/348 
f 390/72/1 385/70/1 322/48/1 399/59/1 
f 389/77/348 400/76/348 401/75/348 
f 389/79/348 392/73/1 402/78/1 400/76/348 
f 389/80/348 386/70/1 393/72/1 392/73/1 
f 389/71/348 387/69/1 386/70/1 
f 391/73/349 398/78/349 402/78/349 392/73/349 
f 398/78/350 397/76/350 400/76/350 402/78/350 
f 396/75/351 388/77/351 389/77/351 401/75/351 
f 397/76/352 396/75/352 401/75/352 400/76/352 
f 357/43/353 371/43/353 403/43/353 404/43/353 
f 375/58/220 346/49/354 405/49/355 406/58/220 
f 349/49/356 348/49/356 407/49/356 408/49/356 
f 346/49/354 344/49/357 409/49/358 405/49/355 
f 348/49/356 367/49/356 410/49/356 407/49/356 
f 371/43/353 351/43/353 411/43/353 403/43/353 
f 337/43/359 377/60/223 412/60/223 413/43/360 
f 355/43/353 311/43/353 414/43/353 415/43/353 
f 310/43/361 338/43/362 416/43/363 417/43/364 
f 311/43/353 310/43/361 417/43/364 414/43/353 
f 345/49/365 331/49/356 418/49/356 419/49/366 
f 344/49/357 345/49/365 419/49/366 409/49/358 
f 366/49/356 372/49/356 420/49/356 421/49/356 
f 351/43/353 354/43/353 422/43/353 411/43/353 
f 358/43/353 357/43/353 404/43/353 423/43/353 
f 367/49/356 366/49/356 421/49/356 410/49/356 
f 338/43/362 337/43/359 413/43/360 416/43/363 
f 330/49/356 349/49/356 408/49/356 424/49/356 
f 420/49/367 423/43/367 404/43/368 421/49/368 
f 421/49/368 404/43/368 403/43/369 410/49/369 
f 410/49/369 403/43/369 411/43/370 407/49/370 
f 407/49/370 411/43/370 422/43/371 408/49/371 
f 415/43/372 424/49/372 408/49/371 422/43/371 
f 417/43/373 419/49/373 418/49/374 414/43/374 
f 419/49/373 417/43/373 416/43/375 409/49/375 
f 409/49/375 416/43/375 413/43/376 405/49/376 
f 405/49/376 413/43/376 412/60/5 406/58/5 
f 406/58/5 412/60/5 425/58/4 
f 414/43/374 418/49/374 424/49/372 415/43/372 
f 331/49/356 330/49/356 424/49/356 418/49/356 
f 354/43/353 355/43/353 415/43/353 422/43/353 
f 354/43/311 353/42/310 356/42/313 355/43/312 
f 350/40/307 349/49/306 330/49/290 329/40/289 
f 353/42/310 426/41/377 427/41/378 356/42/313 
f 428/41/379 429/81/380 308/40/275 307/41/274 
f 429/81/380 430/82/381 329/40/289 308/40/275 
f 369/55/382 431/41/383 426/41/377 353/42/310 
f 432/83/384 428/41/379 307/41/274 312/42/279 
f 433/84/385 432/83/384 312/42/279 356/42/313 
f 434/85/386 360/51/387 363/52/317 327/42/287 
f 435/41/388 434/85/386 327/42/287 324/41/284 
f 360/51/387 359/41/389 364/53/318 363/52/317 
f 436/86/390 437/87/391 323/40/283 368/54/322 
f 437/87/391 435/41/388 324/41/284 323/40/283 
f 359/41/389 436/86/390 368/54/322 364/53/318 
f 438/88/392 333/41/393 365/41/319 347/40/304 
f 439/89/394 438/88/392 347/40/304 350/40/307 
f 332/50/395 369/55/382 353/42/310 352/42/309 
f 440/41/396 433/84/385 356/42/313 427/41/378 
f 334/41/397 441/88/398 442/89/398 443/41/397 
f 335/50/399 334/41/397 443/41/397 370/55/399 
f 444/85/400 445/41/401 362/41/401 361/51/400 
f 445/41/401 446/87/402 447/86/402 362/41/401 
f 437/87/403 436/86/403 447/86/403 446/87/403 
f 431/41/173 369/55/404 370/55/404 443/41/173 
f 435/41/181 437/87/405 446/87/405 445/41/181 
f 428/41/217 432/83/406 448/83/406 449/41/217 
f 436/86/407 359/41/217 362/41/217 447/86/407 
f 432/83/408 433/84/408 450/84/408 448/83/408 
f 333/41/221 438/88/409 441/88/409 334/41/221 
f 360/51/410 434/85/410 444/85/410 361/51/410 
f 438/88/411 439/89/411 442/89/411 441/88/411 
f 434/85/412 435/41/181 445/41/181 444/85/412 
f 451/40/413 452/41/414 453/41/415 454/40/416 
f 455/42/417 456/43/418 457/43/419 458/42/420 
f 459/59/421 460/46/421 461/46/421 462/59/421 
f 463/44/422 464/45/422 465/45/422 466/44/422 
f 460/46/423 467/47/423 468/47/423 461/46/423 
f 464/45/424 469/48/424 470/48/424 465/45/424 
f 471/40/425 472/41/426 473/41/427 474/40/428 
f 475/82/429 476/81/429 477/81/429 478/82/429 
f 472/41/426 479/42/430 480/42/431 473/41/427 
f 481/40/432 482/49/433 483/49/434 454/40/416 
f 484/50/435 485/41/169 486/41/169 487/50/435 
f 488/42/436 489/43/437 490/43/438 491/42/439 
f 492/40/440 493/41/441 494/41/442 495/40/443 
f 491/42/439 490/43/438 456/43/418 455/42/417 
f 495/40/443 494/41/442 452/41/414 451/40/413 
f 496/49/444 495/40/443 451/40/413 497/49/445 
f 498/49/446 492/40/440 495/40/443 496/49/444 
f 499/40/447 500/49/448 501/49/449 502/40/450 
f 503/41/169 475/82/451 478/82/451 504/41/169 
f 505/43/452 506/42/453 507/42/454 508/43/455 
f 497/49/445 451/40/413 454/40/416 483/49/434 
f 494/41/442 491/42/439 455/42/417 452/41/414 
f 493/41/441 488/42/436 491/42/439 494/41/442 
f 509/43/456 510/42/457 458/42/420 457/43/419 
f 479/42/430 511/43/458 512/43/459 480/42/431 
f 476/81/460 513/41/185 514/41/185 477/81/460 
f 452/41/414 455/42/417 458/42/420 453/41/415 
f 515/41/185 516/51/461 517/51/461 518/41/185 
f 519/52/462 520/53/463 521/41/464 506/42/453 
f 471/40/425 522/49/465 523/49/466 524/54/467 
f 524/54/467 523/49/466 500/49/448 499/40/447 
f 525/55/468 484/50/468 487/50/468 526/55/468 
f 520/53/463 524/54/467 499/40/447 521/41/464 
f 511/43/458 479/42/430 519/52/462 527/43/469 
f 527/43/469 519/52/462 506/42/453 505/43/452 
f 522/49/465 471/40/425 474/40/428 528/49/470 
f 529/56/471 530/57/472 498/49/446 531/58/473 
f 530/57/472 467/47/474 492/40/440 498/49/446 
f 460/46/475 459/59/476 488/42/436 493/41/441 
f 469/48/477 464/45/478 375/60/328 489/43/437 
f 532/61/479 533/62/480 534/63/481 381/64/338 
f 535/65/482 532/66/479 381/67/338 380/68/337 
f 467/47/474 460/46/475 493/41/441 492/40/440 
f 459/59/476 469/48/477 489/43/437 488/42/436 
f 536/69/483 537/70/483 538/70/483 539/69/483 
f 540/71/484 536/69/484 539/69/484 541/71/484 
f 542/72/485 543/73/485 544/73/485 545/72/485 
f 537/70/486 542/72/486 545/72/486 538/70/486 
f 529/56/487 463/74/487 466/74/487 546/56/487 
f 469/48/488 459/59/488 462/59/488 470/48/488 
f 530/57/489 529/56/489 546/56/489 547/57/489 
f 467/47/490 530/57/490 547/57/490 468/47/490 
f 548/75/348 549/76/348 547/57/348 546/56/348 
f 537/70/1 536/69/1 465/45/1 470/48/1 
f 540/77/348 548/75/348 546/56/348 466/74/348 
f 536/69/1 540/71/348 466/44/348 465/45/1 
f 549/76/348 550/78/348 468/47/348 547/57/348 
f 543/73/348 542/72/1 462/59/1 461/46/348 
f 550/78/348 543/73/348 461/46/348 468/47/348 
f 542/72/1 537/70/1 470/48/1 462/59/1 
f 541/77/1 551/76/348 552/75/1 
f 541/79/1 544/73/348 553/78/348 551/76/348 
f 541/80/1 538/70/1 545/72/1 544/73/348 
f 541/71/1 539/69/1 538/70/1 
f 543/73/491 550/78/491 553/78/491 544/73/491 
f 550/78/492 549/76/492 551/76/492 553/78/492 
f 548/75/493 540/77/493 541/77/493 552/75/493 
f 549/76/494 548/75/494 552/75/494 551/76/494 
f 511/43/495 527/43/495 554/43/495 555/43/495 
f 531/58/189 498/49/496 556/49/497 557/58/189 
f 501/49/498 500/49/498 558/49/498 559/49/498 
f 498/49/496 496/49/499 560/49/500 556/49/497 
f 500/49/498 523/49/498 561/49/498 558/49/498 
f 527/43/495 505/43/495 562/43/495 554/43/495 
f 489/43/501 375/60/220 406/60/220 563/43/502 
f 509/43/495 457/43/495 564/43/495 565/43/495 
f 456/43/503 490/43/504 566/43/505 567/43/506 
f 457/43/495 456/43/503 567/43/506 564/43/495 
f 497/49/507 483/49/498 568/49/498 569/49/508 
f 496/49/499 497/49/507 569/49/508 560/49/500 
f 522/49/498 528/49/498 570/49/498 571/49/498 
f 505/43/495 508/43/495 572/43/495 562/43/495 
f 512/43/495 511/43/495 555/43/495 573/43/495 
f 523/49/498 522/49/498 571/49/498 561/49/498 
f 490/43/504 489/43/501 563/43/502 566/43/505 
f 482/49/498 501/49/498 559/49/498 574/49/498 
f 570/49/509 573/43/509 555/43/510 571/49/510 
f 571/49/510 555/43/510 554/43/511 561/49/511 
f 561/49/511 554/43/511 562/43/512 558/49/512 
f 558/49/512 562/43/512 572/43/513 559/49/513 
f 565/43/514 574/49/514 559/49/513 572/43/513 
f 567/43/515 569/49/515 568/49/516 564/43/516 
f 569/49/515 567/43/515 566/43/515 560/49/515 
f 560/49/515 566/43/515 563/43/517 556/49/517 
f 556/49/517 563/43/517 406/60/5 557/58/4 
f 557/58/4 406/60/5 425/58/4 
f 564/43/516 568/49/516 574/49/514 565/43/514 
f 483/49/498 482/49/498 574/49/498 568/49/498 
f 508/43/495 509/43/495 565/43/495 572/43/495 
f 508/43/455 507/42/454 510/42/457 509/43/456 
f 575/41/518 502/40/450 481/40/432 576/41/519 
f 502/40/450 501/49/449 482/49/433 481/40/432 
f 507/42/454 575/41/518 576/41/519 510/42/457 
f 577/41/520 578/89/521 502/40/450 575/41/518 
f 513/41/522 476/81/523 454/40/416 453/41/415 
f 476/81/523 475/82/524 481/40/432 454/40/416 
f 525/55/525 577/41/520 575/41/518 507/42/454 
f 579/83/526 513/41/522 453/41/415 458/42/420 
f 580/84/527 579/83/526 458/42/420 510/42/457 
f 581/85/528 516/51/529 519/52/462 479/42/430 
f 582/41/530 581/85/528 479/42/430 472/41/426 
f 516/51/529 515/41/531 520/53/463 519/52/462 
f 485/41/532 484/50/533 506/42/453 521/41/464 
f 583/86/534 584/87/535 471/40/425 524/54/467 
f 584/87/535 582/41/530 472/41/426 471/40/425 
f 515/41/531 583/86/534 524/54/467 520/53/463 
f 585/88/536 485/41/532 521/41/464 499/40/447 
f 578/89/521 585/88/536 499/40/447 502/40/450 
f 484/50/533 525/55/525 507/42/454 506/42/453 
f 475/82/524 503/41/537 576/41/519 481/40/432 
f 503/41/537 580/84/527 510/42/457 576/41/519 
f 586/84/538 504/41/539 514/41/539 587/83/538 
f 486/41/540 588/88/541 589/89/541 590/41/540 
f 504/41/539 478/82/542 477/81/542 514/41/539 
f 487/50/543 486/41/540 590/41/540 526/55/543 
f 591/85/544 592/41/545 518/41/545 517/51/544 
f 592/41/545 593/87/546 594/86/546 518/41/545 
f 580/84/547 503/41/169 504/41/169 586/84/547 
f 584/87/548 583/86/548 594/86/548 593/87/548 
f 577/41/185 525/55/549 526/55/549 590/41/185 
f 582/41/169 584/87/550 593/87/550 592/41/169 
f 513/41/185 579/83/551 587/83/551 514/41/185 
f 583/86/552 515/41/185 518/41/185 594/86/552 
f 579/83/553 580/84/553 586/84/553 587/83/553 
f 485/41/169 585/88/554 588/88/554 486/41/169 
f 516/51/555 581/85/555 591/85/555 517/51/555 
f 585/88/556 578/89/556 589/89/556 588/88/556 
f 581/85/557 582/41/169 592/41/169 591/85/557 
f 578/89/558 577/41/185 590/41/185 589/89/558 
f 595/40/559 596/41/560 597/41/561 598/40/562 
f 599/42/563 600/43/564 601/43/565 602/42/566 
f 603/59/567 604/46/567 605/46/567 606/59/567 
f 607/44/568 608/45/568 609/45/568 610/44/568 
f 604/46/569 611/47/569 612/47/569 605/46/569 
f 608/45/570 613/48/570 614/48/570 609/45/570 
f 615/40/571 616/41/572 617/41/573 618/40/574 
f 619/82/575 620/81/575 621/81/575 622/82/575 
f 616/41/572 623/42/576 624/42/577 617/41/573 
f 625/40/578 626/49/579 627/49/580 598/40/562 
f 628/50/581 629/41/183 630/41/183 631/50/581 
f 632/42/582 633/43/583 634/43/584 635/42/585 
f 636/40/586 637/41/587 638/41/588 639/40/589 
f 635/42/585 634/43/584 600/43/564 599/42/563 
f 639/40/589 638/41/588 596/41/560 595/40/559 
f 640/49/590 639/40/589 595/40/559 641/49/591 
f 642/49/592 636/40/586 639/40/589 640/49/590 
f 643/40/593 644/49/594 645/49/595 646/40/596 
f 647/41/183 619/82/597 622/82/597 648/41/183 
f 649/43/598 650/42/599 651/42/600 652/43/601 
f 641/49/591 595/40/559 598/40/562 627/49/580 
f 638/41/588 635/42/585 599/42/563 596/41/560 
f 637/41/587 632/42/582 635/42/585 638/41/588 
f 653/43/602 654/42/603 602/42/566 601/43/565 
f 623/42/576 655/43/604 656/43/605 624/42/577 
f 620/81/606 657/41/170 658/41/170 621/81/606 
f 596/41/560 599/42/563 602/42/566 597/41/561 
f 659/41/170 660/51/607 661/51/607 662/41/170 
f 663/52/608 664/53/609 665/41/610 650/42/599 
f 615/40/571 666/49/611 667/49/612 668/54/613 
f 668/54/613 667/49/612 644/49/594 643/40/593 
f 669/55/614 628/50/614 631/50/614 670/55/614 
f 664/53/609 668/54/613 643/40/593 665/41/610 
f 655/43/604 623/42/576 663/52/608 671/43/615 
f 671/43/615 663/52/608 650/42/599 649/43/598 
f 666/49/611 615/40/571 618/40/574 672/49/616 
f 673/56/617 674/57/618 642/49/592 675/58/619 
f 674/57/618 611/47/620 636/40/586 642/49/592 
f 604/46/621 603/59/622 632/42/582 637/41/587 
f 613/48/623 608/45/624 531/60/473 633/43/583 
f 676/61/625 677/62/626 678/63/627 381/64/338 
f 679/65/628 676/66/625 381/67/338 534/68/481 
f 611/47/620 604/46/621 637/41/587 636/40/586 
f 603/59/622 613/48/623 633/43/583 632/42/582 
f 680/69/629 681/70/629 682/70/629 683/69/629 
f 684/71/630 680/69/630 683/69/630 685/71/630 
f 686/72/631 687/73/631 688/73/631 689/72/631 
f 681/70/632 686/72/632 689/72/632 682/70/632 
f 673/56/633 607/74/633 610/74/633 690/56/633 
f 613/48/634 603/59/634 606/59/634 614/48/634 
f 674/57/635 673/56/635 690/56/635 691/57/635 
f 611/47/636 674/57/636 691/57/636 612/47/636 
f 692/75/1 693/76/1 691/57/1 690/56/1 
f 681/70/1 680/69/1 609/45/1 614/48/1 
f 684/77/1 692/75/1 690/56/1 610/74/1 
f 680/69/1 684/71/1 610/44/1 609/45/1 
f 693/76/1 694/78/1 612/47/1 691/57/1 
f 687/73/1 686/72/348 606/59/348 605/46/1 
f 694/78/1 687/73/1 605/46/1 612/47/1 
f 686/72/348 681/70/1 614/48/1 606/59/348 
f 685/77/1 695/76/348 696/75/348 
f 685/79/1 688/73/348 697/78/348 695/76/348 
f 685/80/1 682/70/1 689/72/1 688/73/348 
f 685/71/1 683/69/1 682/70/1 
f 687/73/637 694/78/637 697/78/637 688/73/637 
f 694/78/638 693/76/638 695/76/638 697/78/638 
f 692/75/639 684/77/639 685/77/639 696/75/639 
f 693/76/640 692/75/640 696/75/640 695/76/640 
f 655/43/641 671/43/641 698/43/641 699/43/641 
f 675/58/175 642/49/642 700/49/643 701/58/175 
f 645/49/644 644/49/644 702/49/644 703/49/644 
f 642/49/642 640/49/645 704/49/646 700/49/643 
f 644/49/644 667/49/644 705/49/644 702/49/644 
f 671/43/641 649/43/641 706/43/641 698/43/641 
f 633/43/647 531/60/189 557/60/189 707/43/648 
f 653/43/641 601/43/641 708/43/641 709/43/641 
f 600/43/649 634/43/650 710/43/651 711/43/652 
f 601/43/641 600/43/649 711/43/652 708/43/641 
f 641/49/653 627/49/644 712/49/644 713/49/654 
f 640/49/645 641/49/653 713/49/654 704/49/646 
f 666/49/644 672/49/644 714/49/644 715/49/644 
f 649/43/641 652/43/641 716/43/641 706/43/641 
f 656/43/641 655/43/641 699/43/641 717/43/641 
f 667/49/644 666/49/644 715/49/644 705/49/644 
f 634/43/650 633/43/647 707/43/648 710/43/651 
f 626/49/644 645/49/644 703/49/644 718/49/644 
f 714/49/655 717/43/655 699/43/656 715/49/656 
f 715/49/656 699/43/656 698/43/657 705/49/657 
f 705/49/657 698/43/657 706/43/658 702/49/658 
f 702/49/658 706/43/658 716/43/659 703/49/659 
f 709/43/660 718/49/660 703/49/659 716/43/659 
f 711/43/661 713/49/661 712/49/662 708/43/662 
f 713/49/661 711/43/661 710/43/661 704/49/661 
f 704/49/661 710/43/661 707/43/663 700/49/663 
f 700/49/663 707/43/663 557/60/4 701/58/4 
f 701/58/4 557/60/4 425/58/4 
f 708/43/662 712/49/662 718/49/660 709/43/660 
f 627/49/644 626/49/644 718/49/644 712/49/644 
f 652/43/641 653/43/641 709/43/641 716/43/641 
f 652/43/601 651/42/600 654/42/603 653/43/602 
f 719/41/664 646/40/596 625/40/578 720/41/665 
f 646/40/596 645/49/595 626/49/579 625/40/578 
f 651/42/600 719/41/664 720/41/665 654/42/603 
f 721/41/666 722/89/667 646/40/596 719/41/664 
f 657/41/668 620/81/669 598/40/562 597/41/561 
f 620/81/669 619/82/670 625/40/578 598/40/562 
f 669/55/671 721/41/666 719/41/664 651/42/600 
f 723/83/672 657/41/668 597/41/561 602/42/566 
f 724/84/673 723/83/672 602/42/566 654/42/603 
f 725/85/674 660/51/675 663/52/608 623/42/576 
f 726/41/676 725/85/674 623/42/576 616/41/572 
f 660/51/675 659/41/677 664/53/609 663/52/608 
f 629/41/678 628/50/679 650/42/599 665/41/610 
f 727/86/680 728/87/681 615/40/571 668/54/613 
f 728/87/681 726/41/676 616/41/572 615/40/571 
f 659/41/677 727/86/680 668/54/613 664/53/609 
f 729/88/682 629/41/678 665/41/610 643/40/593 
f 722/89/667 729/88/682 643/40/593 646/40/596 
f 628/50/679 669/55/671 651/42/600 650/42/599 
f 619/82/670 647/41/683 720/41/665 625/40/578 
f 647/41/683 724/84/673 654/42/603 720/41/665 
f 730/84/684 648/41/685 658/41/685 731/83/684 
f 630/41/686 732/88/687 733/89/687 734/41/686 
f 648/41/685 622/82/688 621/81/688 658/41/685 
f 631/50/689 630/41/686 734/41/686 670/55/689 
f 735/85/690 736/41/691 662/41/691 661/51/690 
f 736/41/691 737/87/692 738/86/692 662/41/691 
f 724/84/693 647/41/183 648/41/183 730/84/693 
f 728/87/694 727/86/694 738/86/694 737/87/694 
f 721/41/170 669/55/695 670/55/695 734/41/170 
f 726/41/183 728/87/696 737/87/696 736/41/183 
f 657/41/170 723/83/697 731/83/697 658/41/170 
f 727/86/698 659/41/170 662/41/170 738/86/698 
f 723/83/699 724/84/699 730/84/699 731/83/699 
f 629/41/183 729/88/700 732/88/700 630/41/183 
f 660/51/701 725/85/701 735/85/701 661/51/701 
f 729/88/702 722/89/702 733/89/702 732/88/702 
f 725/85/703 726/41/183 736/41/183 735/85/703 
f 722/89/704 721/41/170 734/41/170 733/89/704 
f 739/40/705 740/41/706 741/41/707 742/40/708 
f 743/42/709 744/43/710 745/43/711 746/42/712 
f 747/59/343 748/46/343 749/46/343 750/59/343 
f 751/44/342 752/45/342 753/45/342 754/44/342 
f 748/46/349 755/47/349 756/47/349 749/46/349 
f 752/45/341 757/48/341 758/48/341 753/45/341 
f 759/40/713 760/41/714 761/41/715 762/40/716 
f 763/82/717 764/81/717 765/81/717 766/82/717 
f 760/41/714 767/42/718 768/42/719 761/41/715 
f 769/40/720 770/49/721 771/49/722 742/40/708 
f 772/50/723 773/41/217 774/41/217 775/50/723 
f 776/42/724 777/43/725 778/43/726 779/42/727 
f 780/40/728 781/41/729 782/41/730 783/40/731 
f 779/42/727 778/43/726 744/43/710 743/42/709 
f 783/40/731 782/41/730 740/41/706 739/40/705 
f 784/49/732 783/40/731 739/40/705 785/49/733 
f 786/49/734 780/40/728 783/40/731 784/49/732 
f 787/40/735 788/49/736 789/49/737 790/40/738 
f 791/41/217 763/82/739 766/82/739 792/41/217 
f 793/43/740 794/42/741 795/42/742 796/43/743 
f 785/49/733 739/40/705 742/40/708 771/49/722 
f 782/41/730 779/42/727 743/42/709 740/41/706 
f 781/41/729 776/42/724 779/42/727 782/41/730 
f 797/43/744 798/42/745 746/42/712 745/43/711 
f 767/42/718 799/43/746 800/43/747 768/42/719 
f 764/81/748 801/41/181 802/41/181 765/81/748 
f 740/41/706 743/42/709 746/42/712 741/41/707 
f 803/41/221 804/51/749 805/51/749 806/41/221 
f 807/52/750 808/53/751 809/41/752 794/42/741 
f 759/40/713 810/49/753 811/49/754 812/54/755 
f 812/54/755 811/49/754 788/49/736 787/40/735 
f 813/55/756 772/50/756 775/50/756 814/55/756 
f 808/53/751 812/54/755 787/40/735 809/41/752 
f 799/43/746 767/42/718 807/52/750 815/43/757 
f 815/43/757 807/52/750 794/42/741 793/43/740 
f 810/49/753 759/40/713 762/40/716 816/49/758 
f 817/56/759 818/57/760 786/49/734 819/58/761 
f 818/57/760 755/47/762 780/40/728 786/49/734 
f 748/46/763 747/59/764 776/42/724 781/41/729 
f 757/48/765 752/45/766 675/60/619 777/43/725 
f 820/61/767 821/62/768 822/63/769 381/64/338 
f 823/65/770 820/66/767 381/67/338 678/68/627 
f 755/47/762 748/46/763 781/41/729 780/40/728 
f 747/59/764 757/48/765 777/43/725 776/42/724 
f 824/69/282 825/70/282 826/70/282 827/69/282 
f 828/71/280 824/69/280 827/69/280 829/71/280 
f 830/72/771 831/73/771 832/73/771 833/72/771 
f 825/70/772 830/72/772 833/72/772 826/70/772 
f 817/56/351 751/74/351 754/74/351 834/56/351 
f 757/48/344 747/59/344 750/59/344 758/48/344 
f 818/57/352 817/56/352 834/56/352 835/57/352 
f 755/47/350 818/57/350 835/57/350 756/47/350 
f 836/75/348 837/76/1 835/57/1 834/56/348 
f 825/70/348 824/69/348 753/45/348 758/48/348 
f 828/77/348 836/75/348 834/56/348 754/74/348 
f 824/69/348 828/71/348 754/44/348 753/45/348 
f 837/76/1 838/78/1 756/47/1 835/57/1 
f 831/73/1 830/72/1 750/59/1 749/46/1 
f 838/78/1 831/73/1 749/46/1 756/47/1 
f 830/72/1 825/70/348 758/48/348 750/59/1 
f 829/77/348 839/76/1 840/75/1 
f 829/79/348 832/73/348 841/78/348 839/76/1 
f 829/80/348 826/70/348 833/72/348 832/73/348 
f 829/71/348 827/69/348 826/70/348 
f 831/73/281 838/78/281 841/78/281 832/73/281 
f 838/78/347 837/76/347 839/76/347 841/78/347 
f 836/75/345 828/77/345 829/77/345 840/75/345 
f 837/76/773 836/75/773 840/75/773 839/76/773 
f 799/43/774 815/43/774 842/43/774 843/43/774 
f 819/58/187 786/49/775 844/49/776 845/58/187 
f 789/49/777 788/49/777 846/49/777 847/49/777 
f 786/49/775 784/49/778 848/49/779 844/49/776 
f 788/49/777 811/49/777 849/49/777 846/49/777 
f 815/43/774 793/43/774 850/43/774 842/43/774 
f 777/43/780 675/60/175 701/60/175 851/43/781 
f 797/43/774 745/43/774 852/43/774 853/43/774 
f 744/43/782 778/43/783 854/43/784 855/43/785 
f 745/43/774 744/43/782 855/43/785 852/43/774 
f 785/49/786 771/49/777 856/49/777 857/49/787 
f 784/49/778 785/49/786 857/49/787 848/49/779 
f 810/49/777 816/49/777 858/49/777 859/49/777 
f 793/43/774 796/43/774 860/43/774 850/43/774 
f 800/43/774 799/43/774 843/43/774 861/43/774 
f 811/49/777 810/49/777 859/49/777 849/49/777 
f 778/43/783 777/43/780 851/43/781 854/43/784 
f 770/49/777 789/49/777 847/49/777 862/49/777 
f 858/49/788 861/43/788 843/43/789 859/49/789 
f 859/49/789 843/43/789 842/43/790 849/49/790 
f 849/49/790 842/43/790 850/43/791 846/49/791 
f 846/49/791 850/43/791 860/43/792 847/49/792 
f 853/43/793 862/49/793 847/49/792 860/43/792 
f 855/43/794 857/49/794 856/49/795 852/43/795 
f 857/49/794 855/43/794 854/43/794 848/49/794 
f 848/49/794 854/43/794 851/43/796 844/49/796 
f 844/49/796 851/43/796 701/60/4 845/58/5 
f 845/58/5 701/60/4 425/58/4 
f 852/43/795 856/49/795 862/49/793 853/43/793 
f 771/49/777 770/49/777 862/49/777 856/49/777 
f 796/43/774 797/43/774 853/43/774 860/43/774 
f 796/43/743 795/42/742 798/42/745 797/43/744 
f 863/41/797 790/40/738 769/40/720 864/41/798 
f 790/40/738 789/49/737 770/49/721 769/40/720 
f 795/42/742 863/41/797 864/41/798 798/42/745 
f 865/41/799 866/89/800 790/40/738 863/41/797 
f 801/41/801 764/81/802 742/40/708 741/41/707 
f 764/81/802 763/82/803 769/40/720 742/40/708 
f 813/55/804 865/41/799 863/41/797 795/42/742 
f 867/83/805 801/41/801 741/41/707 746/42/712 
f 868/84/806 867/83/805 746/42/712 798/42/745 
f 869/85/807 804/51/808 807/52/750 767/42/718 
f 870/41/809 869/85/807 767/42/718 760/41/714 
f 804/51/808 803/41/810 808/53/751 807/52/750 
f 773/41/811 772/50/812 794/42/741 809/41/752 
f 871/86/813 872/87/814 759/40/713 812/54/755 
f 872/87/814 870/41/809 760/41/714 759/40/713 
f 803/41/810 871/86/813 812/54/755 808/53/751 
f 873/88/815 773/41/811 809/41/752 787/40/735 
f 866/89/800 873/88/815 787/40/735 790/40/738 
f 772/50/812 813/55/804 795/42/742 794/42/741 
f 763/82/803 791/41/816 864/41/798 769/40/720 
f 791/41/816 868/84/806 798/42/745 864/41/798 
f 874/84/817 792/41/818 802/41/818 875/83/817 
f 774/41/819 876/88/820 877/89/820 878/41/819 
f 792/41/818 766/82/821 765/81/821 802/41/818 
f 775/50/822 774/41/819 878/41/819 814/55/822 
f 879/85/823 880/41/824 806/41/824 805/51/823 
f 880/41/824 881/87/825 882/86/825 806/41/824 
f 868/84/826 791/41/217 792/41/217 874/84/826 
f 872/87/827 871/86/827 882/86/827 881/87/827 
f 865/41/221 813/55/828 814/55/828 878/41/221 
f 870/41/217 872/87/829 881/87/829 880/41/217 
f 801/41/181 867/83/830 875/83/830 802/41/181 
f 871/86/831 803/41/221 806/41/221 882/86/831 
f 867/83/832 868/84/832 874/84/832 875/83/832 
f 773/41/217 873/88/833 876/88/833 774/41/217 
f 804/51/834 869/85/834 879/85/834 805/51/834 
f 873/88/835 866/89/835 877/89/835 876/88/835 
f 869/85/836 870/41/217 880/41/217 879/85/836 
f 866/89/837 865/41/221 878/41/221 877/89/837 
f 883/40/838 884/41/839 885/41/840 886/40/841 
f 887/42/842 888/43/843 889/43/844 890/42/845 
f 891/59/485 892/46/485 893/46/485 894/59/485 
f 895/44/484 896/45/484 897/45/484 898/44/484 
f 892/46/491 899/47/491 900/47/491 893/46/491 
f 896/45/483 901/48/483 902/48/483 897/45/483 
f 903/40/846 904/41/847 905/41/848 906/40/849 
f 907/82/850 908/81/850 909/81/850 910/82/850 
f 904/41/847 911/42/851 912/42/852 905/41/848 
f 913/40/853 914/49/854 915/49/855 886/40/841 
f 916/50/856 917/41/185 918/41/185 919/50/856 
f 920/42/857 921/43/858 922/43/859 923/42/860 
f 924/40/861 925/41/862 926/41/863 927/40/864 
f 923/42/860 922/43/859 888/43/843 887/42/842 
f 927/40/864 926/41/863 884/41/839 883/40/838 
f 928/49/865 927/40/864 883/40/838 929/49/866 
f 930/49/867 924/40/861 927/40/864 928/49/865 
f 931/40/868 932/49/869 933/49/870 934/40/871 
f 935/41/185 907/82/872 910/82/872 936/41/185 
f 937/43/873 938/42/874 939/42/875 940/43/876 
f 929/49/866 883/40/838 886/40/841 915/49/855 
f 926/41/863 923/42/860 887/42/842 884/41/839 
f 925/41/862 920/42/857 923/42/860 926/41/863 
f 941/43/877 942/42/878 890/42/845 889/43/844 
f 911/42/851 943/43/879 944/43/880 912/42/852 
f 908/81/881 945/41/169 946/41/169 909/81/881 
f 884/41/839 887/42/842 890/42/845 885/41/840 
f 947/41/169 948/51/882 949/51/882 950/41/169 
f 951/52/883 952/53/884 953/41/885 938/42/874 
f 903/40/846 954/49/886 955/49/887 956/54/888 
f 956/54/888 955/49/887 932/49/869 931/40/868 
f 957/55/889 916/50/889 919/50/889 958/55/889 
f 952/53/884 956/54/888 931/40/868 953/41/885 
f 943/43/879 911/42/851 951/52/883 959/43/890 
f 959/43/890 951/52/883 938/42/874 937/43/873 
f 954/49/886 903/40/846 906/40/849 960/49/891 
f 961/56/892 962/57/893 930/49/867 963/58/894 
f 962/57/893 899/47/895 924/40/861 930/49/867 
f 892/46/896 891/59/897 920/42/857 925/41/862 
f 901/48/898 896/45/899 819/60/761 921/43/858 
f 964/61/900 965/62/901 966/63/902 381/64/338 
f 967/65/903 964/66/900 381/67/338 822/68/769 
f 899/47/895 892/46/896 925/41/862 924/40/861 
f 891/59/897 901/48/898 921/43/858 920/42/857 
f 968/69/424 969/70/424 970/70/424 971/69/424 
f 972/71/422 968/69/422 971/69/422 973/71/422 
f 974/72/421 975/73/421 976/73/421 977/72/421 
f 969/70/488 974/72/488 977/72/488 970/70/488 
f 961/56/493 895/74/493 898/74/493 978/56/493 
f 901/48/486 891/59/486 894/59/486 902/48/486 
f 962/57/494 961/56/494 978/56/494 979/57/494 
f 899/47/492 962/57/492 979/57/492 900/47/492 
f 980/75/1 981/76/1 979/57/1 978/56/1 
f 969/70/1 968/69/348 897/45/348 902/48/1 
f 972/77/348 980/75/1 978/56/1 898/74/348 
f 968/69/348 972/71/348 898/44/348 897/45/348 
f 981/76/1 982/78/1 900/47/1 979/57/1 
f 975/73/1 974/72/1 894/59/1 893/46/1 
f 982/78/1 975/73/1 893/46/1 900/47/1 
f 974/72/1 969/70/1 902/48/1 894/59/1 
f 973/77/348 983/76/1 984/75/348 
f 973/79/348 976/73/1 985/78/1 983/76/1 
f 973/80/348 970/70/348 977/72/348 976/73/1 
f 973/71/348 971/69/348 970/70/348 
f 975/73/423 982/78/423 985/78/423 976/73/423 
f 982/78/490 981/76/490 983/76/490 985/78/490 
f 980/75/487 972/77/487 973/77/487 984/75/487 
f 981/76/489 980/75/489 984/75/489 983/76/489 
f 943/43/904 959/43/904 986/43/904 987/43/904 
f 963/58/177 930/49/905 988/49/906 989/58/177 
f 933/49/907 932/49/907 990/49/907 991/49/907 
f 930/49/905 928/49/908 992/49/909 988/49/906 
f 932/49/907 955/49/907 993/49/907 990/49/907 
f 959/43/904 937/43/904 994/43/904 986/43/904 
f 921/43/910 819/60/187 845/60/187 995/43/911 
f 941/43/904 889/43/904 996/43/904 997/43/904 
f 888/43/912 922/43/913 998/43/914 999/43/915 
f 889/43/904 888/43/912 999/43/915 996/43/904 
f 929/49/916 915/49/907 1000/49/907 1001/49/917 
f 928/49/908 929/49/916 1001/49/917 992/49/909 
f 954/49/907 960/49/907 1002/49/907 1003/49/907 
f 937/43/904 940/43/904 1004/43/904 994/43/904 
f 944/43/904 943/43/904 987/43/904 1005/43/904 
f 955/49/907 954/49/907 1003/49/907 993/49/907 
f 922/43/913 921/43/910 995/43/911 998/43/914 
f 914/49/907 933/49/907 991/49/907 1006/49/907 
f 1002/49/918 1005/43/918 987/43/919 1003/49/919 
f 1003/49/919 987/43/919 986/43/920 993/49/920 
f 993/49/920 986/43/920 994/43/921 990/49/921 
f 990/49/921 994/43/921 1004/43/922 991/49/922 
f 997/43/923 1006/49/923 991/49/922 1004/43/922 
f 999/43/924 1001/49/924 1000/49/925 996/43/925 
f 1001/49/924 999/43/924 998/43/924 992/49/924 
f 992/49/924 998/43/924 995/43/926 988/49/926 
f 988/49/926 995/43/926 845/60/5 989/58/5 
f 989/58/5 845/60/5 425/58/4 
f 996/43/925 1000/49/925 1006/49/923 997/43/923 
f 915/49/907 914/49/907 1006/49/907 1000/49/907 
f 940/43/904 941/43/904 997/43/904 1004/43/904 
f 940/43/876 939/42/875 942/42/878 941/43/877 
f 1007/41/927 934/40/871 913/40/853 1008/41/928 
f 934/40/871 933/49/870 914/49/854 913/40/853 
f 939/42/875 1007/41/927 1008/41/928 942/42/878 
f 1009/41/929 1010/89/930 934/40/871 1007/41/927 
f 945/41/931 908/81/932 886/40/841 885/41/840 
f 908/81/932 907/82/933 913/40/853 886/40/841 
f 957/55/934 1009/41/929 1007/41/927 939/42/875 
f 1011/83/935 945/41/931 885/41/840 890/42/845 
f 1012/84/936 1011/83/935 890/42/845 942/42/878 
f 1013/85/937 948/51/938 951/52/883 911/42/851 
f 1014/41/939 1013/85/937 911/42/851 904/41/847 
f 948/51/938 947/41/940 952/53/884 951/52/883 
f 917/41/941 916/50/942 938/42/874 953/41/885 
f 1015/86/943 1016/87/944 903/40/846 956/54/888 
f 1016/87/944 1014/41/939 904/41/847 903/40/846 
f 947/41/940 1015/86/943 956/54/888 952/53/884 
f 1017/88/945 917/41/941 953/41/885 931/40/868 
f 1010/89/930 1017/88/945 931/40/868 934/40/871 
f 916/50/942 957/55/934 939/42/875 938/42/874 
f 907/82/933 935/41/946 1008/41/928 913/40/853 
f 935/41/946 1012/84/936 942/42/878 1008/41/928 
f 1018/84/947 936/41/948 946/41/948 1019/83/947 
f 918/41/949 1020/88/950 1021/89/950 1022/41/949 
f 936/41/948 910/82/951 909/81/951 946/41/948 
f 919/50/952 918/41/949 1022/41/949 958/55/952 
f 1023/85/953 1024/41/954 950/41/954 949/51/953 
f 1024/41/954 1025/87/955 1026/86/955 950/41/954 
f 1012/84/956 935/41/185 936/41/185 1018/84/956 
f 1016/87/957 1015/86/957 1026/86/957 1025/87/957 
f 1009/41/169 957/55/958 958/55/958 1022/41/169 
f 1014/41/185 1016/87/959 1025/87/959 1024/41/185 
f 945/41/169 1011/83/960 1019/83/960 946/41/169 
f 1015/86/961 947/41/169 950/41/169 1026/86/961 
f 1011/83/962 1012/84/962 1018/84/962 1019/83/962 
f 917/41/185 1017/88/963 1020/88/963 918/41/185 
f 948/51/964 1013/85/964 1023/85/964 949/51/964 
f 1017/88/965 1010/89/965 1021/89/965 1020/88/965 
f 1013/85/966 1014/41/185 1024/41/185 1023/85/966 
f 1010/89/967 1009/41/169 1022/41/169 1021/89/967 
f 1027/40/968 1028/41/969 1029/41/970 1030/40/971 
f 1031/42/972 1032/43/973 1033/43/974 1034/42/975 
f 1035/59/631 1036/46/631 1037/46/631 1038/59/631 
f 1039/44/630 1040/45/630 1041/45/630 1042/44/630 
f 1036/46/637 1043/47/637 1044/47/637 1037/46/637 
f 1040/45/629 1045/48/629 1046/48/629 1041/45/629 
f 1047/40/976 1048/41/977 1049/41/978 1050/40/979 
f 1051/82/980 1052/81/980 1053/81/980 1054/82/980 
f 1048/41/977 1055/42/981 1056/42/982 1049/41/978 
f 1057/40/983 1058/49/984 1059/49/985 1030/40/971 
f 1060/50/986 1061/41/170 1062/41/170 1063/50/986 
f 1064/42/987 1065/43/988 1066/43/989 1067/42/990 
f 1068/40/991 1069/41/992 1070/41/993 1071/40/994 
f 1067/42/990 1066/43/989 1032/43/973 1031/42/972 
f 1071/40/994 1070/41/993 1028/41/969 1027/40/968 
f 1072/49/995 1071/40/994 1027/40/968 1073/49/996 
f 1074/49/997 1068/40/991 1071/40/994 1072/49/995 
f 1075/40/998 1076/49/999 1077/49/1000 1078/40/1001 
f 1079/41/170 1051/82/1002 1054/82/1002 1080/41/170 
f 1081/43/1003 1082/42/1004 1083/42/1005 1084/43/1006 
f 1073/49/996 1027/40/968 1030/40/971 1059/49/985 
f 1070/41/993 1067/42/990 1031/42/972 1028/41/969 
f 1069/41/992 1064/42/987 1067/42/990 1070/41/993 
f 1085/43/1007 1086/42/1008 1034/42/975 1033/43/974 
f 1055/42/981 1087/43/1009 1088/43/1010 1056/42/982 
f 1052/81/1011 1089/41/183 1090/41/183 1053/81/1011 
f 1028/41/969 1031/42/972 1034/42/975 1029/41/970 
f 1091/41/183 1092/51/1012 1093/51/1012 1094/41/183 
f 1095/52/1013 1096/53/1014 1097/41/1015 1082/42/1004 
f 1047/40/976 1098/49/1016 1099/49/1017 1100/54/1018 
f 1100/54/1018 1099/49/1017 1076/49/999 1075/40/998 
f 1101/55/1019 1060/50/1019 1063/50/1019 1102/55/1019 
f 1096/53/1014 1100/54/1018 1075/40/998 1097/41/1015 
f 1087/43/1009 1055/42/981 1095/52/1013 1103/43/1020 
f 1103/43/1020 1095/52/1013 1082/42/1004 1081/43/1003 
f 1098/49/1016 1047/40/976 1050/40/979 1104/49/1021 
f 1105/56/1022 1106/57/1023 1074/49/997 377/58/334 
f 1106/57/1023 1043/47/1024 1068/40/991 1074/49/997 
f 1036/46/1025 1035/59/1026 1064/42/987 1069/41/992 
f 1045/48/1027 1040/45/1028 963/60/894 1065/43/988 
f 1107/61/1029 1108/62/1030 383/63/340 381/64/338 
f 1109/65/1031 1107/66/1029 381/67/338 966/68/902 
f 1043/47/1024 1036/46/1025 1069/41/992 1068/40/991 
f 1035/59/1026 1045/48/1027 1065/43/988 1064/42/987 
f 1110/69/570 1111/70/570 1112/70/570 1113/69/570 
f 1114/71/568 1110/69/568 1113/69/568 1115/71/568 
f 1116/72/567 1117/73/567 1118/73/567 1119/72/567 
f 1111/70/634 1116/72/634 1119/72/634 1112/70/634 
f 1105/56/639 1039/74/639 1042/74/639 1120/56/639 
f 1045/48/632 1035/59/632 1038/59/632 1046/48/632 
f 1106/57/1032 1105/56/1032 1120/56/1032 1121/57/1032 
f 1043/47/638 1106/57/638 1121/57/638 1044/47/638 
f 1122/75/1 1123/76/1 1121/57/1 1120/56/1 
f 1111/70/1 1110/69/1 1041/45/1 1046/48/1 
f 1114/77/1 1122/75/1 1120/56/1 1042/74/1 
f 1110/69/1 1114/71/1 1042/44/1 1041/45/1 
f 1123/76/1 1124/78/1 1044/47/1 1121/57/1 
f 1117/73/1 1116/72/1 1038/59/1 1037/46/1 
f 1124/78/1 1117/73/1 1037/46/1 1044/47/1 
f 1116/72/1 1111/70/1 1046/48/1 1038/59/1 
f 1115/77/1 1125/76/1 1126/75/1 
f 1115/79/1 1118/73/348 1127/78/1 1125/76/1 
f 1115/80/1 1112/70/348 1119/72/348 1118/73/348 
f 1115/71/1 1113/69/1 1112/70/348 
f 1117/73/569 1124/78/569 1127/78/569 1118/73/569 
f 1124/78/636 1123/76/636 1125/76/636 1127/78/636 
f 1122/75/633 1114/77/633 1115/77/633 1126/75/633 
f 1123/76/635 1122/75/635 1126/75/635 1125/76/635 
f 1087/43/1033 1103/43/1033 1128/43/1033 1129/43/1033 
f 377/58/223 1074/49/1034 1130/49/1035 412/58/223 
f 1077/49/1036 1076/49/1036 1131/49/1036 1132/49/1036 
f 1074/49/1034 1072/49/1037 1133/49/1038 1130/49/1035 
f 1076/49/1036 1099/49/1036 1134/49/1036 1131/49/1036 
f 1103/43/1033 1081/43/1033 1135/43/1033 1128/43/1033 
f 1065/43/1039 963/60/177 989/60/177 1136/43/1040 
f 1085/43/1033 1033/43/1033 1137/43/1033 1138/43/1033 
f 1032/43/1041 1066/43/1042 1139/43/1043 1140/43/1044 
f 1033/43/1033 1032/43/1041 1140/43/1044 1137/43/1033 
f 1073/49/1045 1059/49/1036 1141/49/1036 1142/49/1046 
f 1072/49/1037 1073/49/1045 1142/49/1046 1133/49/1038 
f 1098/49/1036 1104/49/1036 1143/49/1036 1144/49/1036 
f 1081/43/1033 1084/43/1033 1145/43/1033 1135/43/1033 
f 1088/43/1033 1087/43/1033 1129/43/1033 1146/43/1033 
f 1099/49/1036 1098/49/1036 1144/49/1036 1134/49/1036 
f 1066/43/1042 1065/43/1039 1136/43/1040 1139/43/1043 
f 1058/49/1036 1077/49/1036 1132/49/1036 1147/49/1036 
f 1143/49/1047 1146/43/1047 1129/43/1048 1144/49/1048 
f 1144/49/1048 1129/43/1048 1128/43/1049 1134/49/1049 
f 1134/49/1049 1128/43/1049 1135/43/1050 1131/49/1050 
f 1131/49/1050 1135/43/1050 1145/43/1051 1132/49/1051 
f 1138/43/1052 1147/49/1052 1132/49/1051 1145/43/1051 
f 1140/43/1053 1142/49/1053 1141/49/1054 1137/43/1054 
f 1142/49/1053 1140/43/1053 1139/43/1053 1133/49/1053 
f 1133/49/1053 1139/43/1053 1136/43/1055 1130/49/1055 
f 1130/49/1055 1136/43/1055 989/60/5 412/58/5 
f 412/58/5 989/60/5 425/58/4 
f 1137/43/1054 1141/49/1054 1147/49/1052 1138/43/1052 
f 1059/49/1036 1058/49/1036 1147/49/1036 1141/49/1036 
f 1084/43/1033 1085/43/1033 1138/43/1033 1145/43/1033 
f 1084/43/1006 1083/42/1005 1086/42/1008 1085/43/1007 
f 1148/41/1056 1078/40/1001 1057/40/983 1149/41/1057 
f 1078/40/1001 1077/49/1000 1058/49/984 1057/40/983 
f 1083/42/1005 1148/41/1056 1149/41/1057 1086/42/1008 
f 1150/41/1058 1151/89/1059 1078/40/1001 1148/41/1056 
f 1089/41/1060 1052/81/1061 1030/40/971 1029/41/970 
f 1052/81/1061 1051/82/1062 1057/40/983 1030/40/971 
f 1101/55/1063 1150/41/1058 1148/41/1056 1083/42/1005 
f 1152/83/1064 1089/41/1060 1029/41/970 1034/42/975 
f 1153/84/1065 1152/83/1064 1034/42/975 1086/42/1008 
f 1154/85/1066 1092/51/1067 1095/52/1013 1055/42/981 
f 1155/41/1068 1154/85/1066 1055/42/981 1048/41/977 
f 1092/51/1067 1091/41/1069 1096/53/1014 1095/52/1013 
f 1061/41/1070 1060/50/1071 1082/42/1004 1097/41/1015 
f 1156/86/1072 1157/87/1073 1047/40/976 1100/54/1018 
f 1157/87/1073 1155/41/1068 1048/41/977 1047/40/976 
f 1091/41/1069 1156/86/1072 1100/54/1018 1096/53/1014 
f 1158/88/1074 1061/41/1070 1097/41/1015 1075/40/998 
f 1151/89/1059 1158/88/1074 1075/40/998 1078/40/1001 
f 1060/50/1071 1101/55/1063 1083/42/1005 1082/42/1004 
f 1051/82/1062 1079/41/1075 1149/41/1057 1057/40/983 
f 1079/41/1075 1153/84/1065 1086/42/1008 1149/41/1057 
f 1159/84/1076 1080/41/1077 1090/41/1077 1160/83/1076 
f 1062/41/1078 1161/88/1079 1162/89/1079 1163/41/1078 
f 1080/41/1077 1054/82/1080 1053/81/1080 1090/41/1077 
f 1063/50/1081 1062/41/1078 1163/41/1078 1102/55/1081 
f 1164/85/1082 1165/41/1083 1094/41/1083 1093/51/1082 
f 1165/41/1083 1166/87/1084 1167/86/1084 1094/41/1083 
f 1153/84/1085 1079/41/170 1080/41/170 1159/84/1085 
f 1157/87/1086 1156/86/1086 1167/86/1086 1166/87/1086 
f 1150/41/183 1101/55/1087 1102/55/1087 1163/41/183 
f 1155/41/170 1157/87/1088 1166/87/1088 1165/41/170 
f 1089/41/183 1152/83/1089 1160/83/1089 1090/41/183 
f 1156/86/1090 1091/41/183 1094/41/183 1167/86/1090 
f 1152/83/1091 1153/84/1091 1159/84/1091 1160/83/1091 
f 1061/41/170 1158/88/1092 1161/88/1092 1062/41/170 
f 1092/51/1093 1154/85/1093 1164/85/1093 1093/51/1093 
f 1158/88/1094 1151/89/1094 1162/89/1094 1161/88/1094 
f 1154/85/1095 1155/41/170 1165/41/170 1164/85/1095 
f 1151/89/1096 1150/41/183 1163/41/183 1162/89/1096 
f 376/59/771 317/46/771 320/46/771 399/59/771 
f 430/82/1097 429/81/1097 1168/81/1097 1169/82/1097 
f 440/41/221 430/82/1098 1169/82/1098 1170/41/221 
f 342/41/299 339/42/296 309/42/276 306/41/273 
f 429/81/1099 428/41/217 449/41/217 1168/81/1099 
f 306/41/273 309/42/276 312/42/279 307/41/274 
f 321/48/772 376/59/772 399/59/772 322/48/772 
f 426/41/377 350/40/307 329/40/289 427/41/378 
f 431/41/383 439/89/394 350/40/307 426/41/377 
f 333/41/393 332/50/395 352/42/309 365/41/319 
f 430/82/381 440/41/396 427/41/378 329/40/289 
f 450/84/1100 1170/41/1101 449/41/1101 448/83/1100 
f 1170/41/1101 1169/82/1102 1168/81/1102 449/41/1101 
f 433/84/1103 440/41/221 1170/41/221 450/84/1103 
f 439/89/1104 431/41/173 443/41/173 442/89/1104 
f 1171/90/1105 1172/91/1106 373/56/326 375/58/328 
f 1173/91/1107 1174/92/1108 463/74/1108 529/56/471 
f 1174/93/1108 1175/94/1109 464/45/478 463/44/1108 
f 1176/90/1110 1173/91/1107 529/56/471 531/58/473 
f 1177/91/1111 1178/92/1112 607/74/1112 673/56/617 
f 1178/93/1112 1179/94/1113 608/45/624 607/44/1112 
f 1180/90/1114 1177/91/1111 673/56/617 675/58/619 
f 1181/91/1115 1182/92/1116 751/74/1116 817/56/759 
f 1182/93/1116 1183/94/1117 752/45/766 751/44/1116 
f 1184/90/1118 1181/91/1115 817/56/759 819/58/761 
f 1185/91/1119 1186/92/1120 895/74/1120 961/56/892 
f 1186/93/1120 1187/94/1121 896/45/899 895/44/1120 
f 1188/90/1122 1185/91/1119 961/56/892 963/58/894 
f 1189/91/1123 1190/92/1124 1039/74/1124 1105/56/1022 
f 1190/93/1124 1191/94/1125 1040/45/1028 1039/44/1124 
f 1192/90/1126 1189/91/1123 1105/56/1022 377/58/334 
f 1172/91/1106 1193/92/1127 313/74/1127 373/56/326 
f 1193/93/1127 1194/94/1128 314/45/333 313/44/1127 
f 1194/94/1128 1192/95/1126 377/60/334 314/45/333 
f 1175/94/1109 1171/95/1105 375/60/328 464/45/478 
f 1179/94/1113 1176/95/1110 531/60/473 608/45/624 
f 1183/94/1117 1180/95/1114 675/60/619 752/45/766 
f 1187/94/1121 1184/95/1118 819/60/761 896/45/899 
f 1191/94/1125 1188/95/1122 963/60/894 1040/45/1028 
f 1178/92/1129 1177/91/1130 1195/91/1131 1196/92/1132 
f 1109/65/1133 966/68/1134 1197/68/1135 1198/65/1136 
f 1194/94/1137 1193/93/1138 1199/93/1139 1200/94/1140 
f 822/63/1141 821/62/1142 1201/62/1143 1202/63/1144 
f 1173/91/1145 1176/90/1134 1203/90/1135 1204/91/1146 
f 967/65/1147 822/68/1141 1202/68/1144 1205/65/1148 
f 1193/92/1138 1172/91/1149 1206/91/1150 1199/92/1139 
f 820/66/1138 823/65/1151 1207/65/1152 1208/66/1139 
f 1175/94/1153 1174/93/1154 1209/93/1155 1210/94/1156 
f 823/65/1151 678/68/1157 1211/68/1158 1207/65/1152 
f 1189/91/1159 1192/90/1157 1212/90/1158 1213/91/1160 
f 821/62/1142 820/61/1138 1208/61/1139 1201/62/1143 
f 1174/92/1154 1173/91/1145 1204/91/1146 1209/92/1155 
f 679/65/1161 534/68/1162 1214/68/1163 1215/65/1164 
f 1191/94/1165 1190/93/1166 1216/93/1167 1217/94/1168 
f 678/63/1157 677/62/1169 1218/62/1170 1211/63/1158 
f 1172/91/1149 1171/90/1141 1219/90/1144 1206/91/1150 
f 535/65/1171 380/68/1172 1220/68/1173 1221/65/1174 
f 1190/92/1166 1189/91/1159 1213/91/1160 1216/92/1167 
f 676/66/1166 679/65/1161 1215/65/1164 1222/66/1167 
f 382/65/1175 383/68/1176 1223/68/1177 1224/65/1178 
f 1185/91/1179 1188/90/1162 1225/90/1163 1226/91/1180 
f 677/62/1169 676/61/1166 1222/61/1167 1218/62/1170 
f 378/66/1181 382/65/1175 1224/65/1178 1227/66/1182 
f 1220/63/1183 1228/62/1184 1206/91/1184 1219/90/1183 
f 1229/62/1185 1230/61/1186 1209/92/1186 1204/91/1185 
f 1230/66/1186 1221/65/1187 1210/94/1187 1209/93/1186 
f 1214/63/1188 1229/62/1185 1204/91/1185 1203/90/1188 
f 1218/62/1189 1222/61/1190 1196/92/1190 1195/91/1189 
f 1222/66/1190 1215/65/1191 1231/94/1191 1196/93/1190 
f 1211/63/1192 1218/62/1189 1195/91/1189 1232/90/1192 
f 1201/62/1193 1208/61/1194 1233/92/1195 1234/91/1193 
f 1208/66/1194 1207/65/1196 1235/94/1196 1233/93/1195 
f 1202/63/1197 1201/62/1193 1234/91/1193 1236/90/1197 
f 1237/62/1198 1238/61/1199 1239/92/1199 1226/91/1198 
f 1238/66/1199 1205/65/1200 1240/94/1200 1239/93/1199 
f 1197/63/1201 1237/62/1198 1226/91/1198 1225/90/1201 
f 1241/62/1202 1242/61/1203 1216/92/1203 1213/91/1204 
f 1242/66/1203 1198/65/1205 1217/94/1205 1216/93/1203 
f 1223/63/1206 1241/62/1202 1213/91/1204 1212/90/1206 
f 1228/62/1184 1227/61/1207 1199/92/1207 1206/91/1184 
f 1227/66/1207 1224/65/1208 1200/94/1208 1199/93/1207 
f 1224/65/1208 1223/68/1206 1212/95/1206 1200/94/1208 
f 1221/65/1187 1220/68/1183 1219/95/1183 1210/94/1187 
f 1215/65/1191 1214/68/1188 1203/95/1188 1231/94/1191 
f 1207/65/1196 1211/68/1192 1232/95/1192 1235/94/1196 
f 1205/65/1200 1202/68/1197 1236/95/1197 1240/94/1200 
f 1198/65/1205 1197/68/1201 1225/95/1201 1217/94/1205 
f 965/62/1209 964/61/1154 1238/61/1155 1237/62/1210 
f 1192/95/1157 1194/94/1137 1200/94/1140 1212/95/1158 
f 1179/94/1211 1178/93/1129 1196/93/1132 1231/94/1212 
f 964/66/1154 967/65/1147 1205/65/1148 1238/66/1155 
f 1171/95/1141 1175/94/1153 1210/94/1156 1219/95/1144 
f 1177/91/1130 1180/90/1176 1232/90/1177 1195/91/1131 
f 966/63/1134 965/62/1209 1237/62/1210 1197/63/1135 
f 1176/95/1134 1179/94/1211 1231/94/1212 1203/95/1135 
f 1182/92/1181 1181/91/1213 1234/91/1214 1233/92/1182 
f 1108/62/1215 1107/61/1129 1242/61/1132 1241/62/1216 
f 1180/95/1176 1183/94/1217 1235/94/1218 1232/95/1177 
f 380/63/1172 379/62/1219 1228/62/1220 1220/63/1173 
f 1183/94/1217 1182/93/1181 1233/93/1182 1235/94/1218 
f 1107/66/1129 1109/65/1133 1198/65/1136 1242/66/1132 
f 1184/95/1172 1187/94/1221 1240/94/1222 1236/95/1173 
f 533/62/1223 532/61/1224 1230/61/1225 1229/62/1226 
f 1181/91/1213 1184/90/1172 1236/90/1173 1234/91/1214 
f 383/63/1176 1108/62/1215 1241/62/1216 1223/63/1177 
f 1188/95/1162 1191/94/1165 1217/94/1168 1225/95/1163 
f 532/66/1224 535/65/1171 1221/65/1174 1230/66/1225 
f 1186/92/1224 1185/91/1179 1226/91/1180 1239/92/1225 
f 379/62/1219 378/61/1181 1227/61/1182 1228/62/1220 
f 534/63/1162 533/62/1223 1229/62/1226 1214/63/1163 
f 1187/94/1221 1186/93/1224 1239/93/1225 1240/94/1222 
usemtl brakes
f 1243/39/218 1244/39/218 1245/39/220 1246/39/220 
f 1247/39/169 1248/39/169 1249/39/174 1250/39/174 
f 1251/39/177 1252/39/177 1253/39/180 1254/39/180 
f 1255/39/171 1256/39/171 1257/39/175 1258/39/175 
f 1246/39/220 1245/39/220 1259/39/182 1260/39/182 
f 1250/39/174 1249/39/174 1252/39/177 1251/39/177 
f 1254/39/180 1253/39/180 1261/39/183 1262/39/183 
f 1258/39/175 1257/39/175 1263/39/219 1264/39/219 
f 1260/39/182 1259/39/182 1265/39/185 1266/39/185 
f 1262/39/183 1261/39/183 1267/39/186 1268/39/186 
f 1264/39/219 1263/39/219 1269/39/221 1270/39/221 
f 1266/39/185 1265/39/185 1271/39/188 1272/39/188 
f 1268/39/186 1267/39/186 1273/39/223 1274/39/223 
f 1270/39/221 1269/39/221 1275/39/222 1276/39/222 
f 1272/39/188 1271/39/188 1277/39/189 1278/39/189 
f 1274/39/223 1273/39/223 1279/39/216 1280/39/216 
f 1276/39/222 1275/39/222 1281/39/187 1282/39/187 
f 1278/39/189 1277/39/189 1283/39/190 1284/39/190 
f 1280/39/216 1279/39/216 1285/39/217 1286/39/217 
f 1282/39/187 1281/39/187 1287/39/168 1288/39/168 
f 1284/39/190 1283/39/190 1289/39/170 1290/39/170 
f 1286/39/217 1285/39/217 1244/39/218 1243/39/218 
f 1288/39/168 1287/39/168 1248/39/169 1247/39/169 
f 1290/39/170 1289/39/170 1256/39/171 1255/39/171 
f 1267/39/4 1285/39/4 1279/39/4 1273/39/4 
f 1267/39/4 1261/39/4 1244/39/4 1285/39/4 
f 1261/39/4 1253/39/5 1245/39/5 1244/39/4 
f 1253/39/5 1252/39/4 1259/39/4 1245/39/5 
f 1265/39/4 1259/39/4 1252/39/4 1249/39/4 
f 1271/39/5 1265/39/4 1249/39/4 1248/39/5 
f 1277/39/5 1271/39/5 1248/39/5 1287/39/5 
f 1283/39/4 1277/39/5 1287/39/5 1281/39/4 
f 1289/39/4 1283/39/4 1281/39/4 1275/39/4 
f 1256/39/4 1289/39/4 1275/39/4 1269/39/4 
f 1257/39/4 1256/39/4 1269/39/4 1263/39/4 
f 1291/39/175 1292/39/175 1293/39/171 1294/39/171 
f 1295/39/180 1296/39/180 1297/39/177 1298/39/177 
f 1299/39/174 1300/39/174 1301/39/169 1302/39/169 
f 1303/39/220 1304/39/220 1305/39/218 1306/39/218 
f 1294/39/171 1293/39/171 1307/39/170 1308/39/170 
f 1302/39/169 1301/39/169 1309/39/168 1310/39/168 
f 1306/39/218 1305/39/218 1311/39/217 1312/39/217 
f 1308/39/170 1307/39/170 1313/39/190 1314/39/190 
f 1310/39/168 1309/39/168 1315/39/187 1316/39/187 
f 1312/39/217 1311/39/217 1317/39/216 1318/39/216 
f 1314/39/190 1313/39/190 1319/39/189 1320/39/189 
f 1298/39/348 1251/39/348 1254/39/1 1295/39/1 
f 1295/39/1 1254/39/1 1262/39/348 1321/39/348 
f 1321/39/348 1262/39/348 1268/39/348 1322/39/348 
f 1322/39/348 1268/39/348 1274/39/348 1323/39/348 
f 1323/39/348 1274/39/348 1280/39/348 1318/39/348 
f 1318/39/348 1280/39/348 1286/39/1 1312/39/1 
f 1312/39/1 1286/39/1 1243/39/1 1306/39/1 
f 1306/39/1 1243/39/1 1246/39/1 1303/39/1 
f 1303/39/1 1246/39/1 1260/39/1 1324/39/1 
f 1324/39/1 1260/39/1 1266/39/348 1325/39/348 
f 1325/39/348 1266/39/348 1272/39/1 1326/39/1 
f 1326/39/1 1272/39/1 1278/39/1 1320/39/1 
f 1320/39/1 1278/39/1 1284/39/1 1314/39/1 
f 1314/39/1 1284/39/1 1290/39/1 1308/39/1 
f 1308/39/1 1290/39/1 1255/39/1 1294/39/1 
f 1294/39/1 1255/39/1 1258/39/1 1291/39/1 
f 1291/39/1 1258/39/1 1264/39/1 1327/39/1 
f 1327/39/1 1264/39/1 1270/39/1 1328/39/1 
f 1328/39/1 1270/39/1 1276/39/1 1329/39/1 
f 1329/39/1 1276/39/1 1282/39/1 1316/39/1 
f 1316/39/1 1282/39/1 1288/39/1 1310/39/1 
f 1310/39/1 1288/39/1 1247/39/1 1302/39/1 
f 1302/39/1 1247/39/1 1250/39/348 1299/39/348 
f 1299/39/348 1250/39/348 1251/39/348 1298/39/348 
f 1330/39/1 1311/39/1 1305/39/1 1304/39/1 
f 1311/39/1 1330/39/1 1331/39/1 1317/39/1 
f 1317/39/1 1331/39/1 1332/39/1 1333/39/1 
f 1333/39/1 1332/39/1 1319/39/1 1334/39/1 
f 1334/39/1 1319/39/1 1313/39/1 1335/39/1 
f 1335/39/1 1313/39/1 1307/39/1 1296/39/1 
f 1296/39/1 1307/39/1 1293/39/1 1297/39/1 
f 1292/39/348 1300/39/348 1297/39/1 1293/39/1 
f 1336/39/348 1301/39/348 1300/39/348 1292/39/348 
f 1337/39/1 1309/39/1 1301/39/348 1336/39/348 
f 1338/39/1 1315/39/1 1309/39/1 1337/39/1 
f 1324/39/182 1330/39/182 1304/39/220 1303/39/220 
f 1298/39/177 1297/39/177 1300/39/174 1299/39/174 
f 1321/39/183 1335/39/183 1296/39/180 1295/39/180 
f 1327/39/219 1336/39/219 1292/39/175 1291/39/175 
f 1325/39/185 1331/39/185 1330/39/182 1324/39/182 
f 1322/39/186 1334/39/186 1335/39/183 1321/39/183 
f 1328/39/221 1337/39/221 1336/39/219 1327/39/219 
f 1326/39/188 1332/39/188 1331/39/185 1325/39/185 
f 1323/39/223 1333/39/223 1334/39/186 1322/39/186 
f 1329/39/222 1338/39/222 1337/39/221 1328/39/221 
f 1320/39/189 1319/39/189 1332/39/188 1326/39/188 
f 1318/39/216 1317/39/216 1333/39/223 1323/39/223 
f 1316/39/187 1315/39/187 1338/39/222 1329/39/222 
usemtl tire
f 1339/39/1227 1340/39/1228 1341/39/1229 1342/39/1230 
f 1343/39/1231 1344/39/1232 1345/39/1233 1346/39/1234 
f 1347/39/1235 1348/39/1236 1349/39/1237 1350/39/1238 
f 1340/39/1228 1351/39/1239 1352/39/1240 1341/39/1229 
f 1344/39/1232 1353/39/1241 1354/39/1242 1345/39/1233 
f 1348/39/1236 1355/39/1243 1356/39/1244 1349/39/1237 
f 1351/39/1239 1357/39/1245 1358/39/1246 1352/39/1240 
f 1353/39/1241 1359/39/1247 1360/39/1248 1354/39/1242 
f 1355/39/1243 1361/39/1249 1362/39/1250 1356/39/1244 
f 1357/39/1245 1363/39/1251 1364/39/1252 1358/39/1246 
f 1359/39/1247 1365/39/1253 1366/39/1254 1360/39/1248 
f 1363/39/1251 1367/39/1255 1368/39/1256 1364/39/1252 
f 1365/39/1253 1369/39/1257 1370/39/1258 1366/39/1254 
f 1361/39/1249 1371/39/1259 1372/39/1260 1362/39/1250 
f 1367/39/1255 1373/39/1261 1374/39/1262 1368/39/1256 
f 1369/39/1257 1375/39/1263 1376/39/1264 1370/39/1258 
f 1377/39/177 1378/39/180 1379/39/1265 1380/39/1266 
f 1381/39/1267 1382/39/1268 1383/39/1269 1384/39/1270 
f 1373/39/1261 1385/39/1271 1386/39/1272 1374/39/1262 
f 1375/39/1263 1339/39/1227 1342/39/1230 1376/39/1264 
f 1382/39/1268 1343/39/1231 1346/39/1234 1383/39/1269 
f 1385/39/1271 1347/39/1235 1350/39/1238 1386/39/1272 
f 1387/39/220 1388/39/182 1389/39/1273 1390/39/1274 
f 1391/39/1275 1381/39/1267 1384/39/1270 1392/39/1276 
f 1378/39/180 1393/39/183 1394/39/1277 1379/39/1265 
f 1395/39/175 1396/39/219 1397/39/1278 1398/39/1279 
f 1388/39/182 1399/39/185 1400/39/1280 1389/39/1273 
f 1393/39/183 1401/39/186 1402/39/1281 1394/39/1277 
f 1396/39/219 1403/39/221 1404/39/1282 1397/39/1278 
f 1399/39/185 1405/39/188 1406/39/1283 1400/39/1280 
f 1401/39/186 1407/39/223 1408/39/1284 1402/39/1281 
f 1403/39/221 1409/39/222 1410/39/1285 1404/39/1282 
f 1405/39/188 1411/39/189 1412/39/1286 1406/39/1283 
f 1407/39/223 1413/39/216 1414/39/1287 1408/39/1284 
f 1409/39/222 1415/39/187 1416/39/1288 1410/39/1285 
f 1411/39/189 1417/39/190 1418/39/1289 1412/39/1286 
f 1413/39/216 1419/39/217 1420/39/1290 1414/39/1287 
f 1415/39/187 1421/39/168 1422/39/1291 1416/39/1288 
f 1417/39/190 1423/39/170 1424/39/1292 1418/39/1289 
f 1419/39/217 1425/39/218 1426/39/1293 1420/39/1290 
f 1421/39/168 1427/39/169 1428/39/1294 1422/39/1291 
f 1423/39/170 1429/39/171 1430/39/1295 1424/39/1292 
f 1425/39/218 1387/39/220 1390/39/1274 1426/39/1293 
f 1427/39/169 1431/39/174 1432/39/1296 1428/39/1294 
f 1431/39/174 1377/39/177 1380/39/1266 1432/39/1296 
f 1429/39/171 1395/39/175 1398/39/1279 1430/39/1295 
f 1433/39/1297 1434/39/1298 1435/39/1299 1436/39/1300 
f 1437/39/1301 1438/39/1302 1439/39/1303 1440/39/1304 
f 1441/39/1305 1442/39/1306 1443/39/1307 1444/39/1308 
f 1434/39/1298 1445/39/1309 1446/39/1310 1435/39/1299 
f 1438/39/1302 1447/39/1311 1448/39/1312 1439/39/1303 
f 1442/39/1306 1449/39/1313 1450/39/1314 1443/39/1307 
f 1445/39/1309 1451/39/1315 1452/39/1316 1446/39/1310 
f 1447/39/1311 1453/39/1317 1454/39/1318 1448/39/1312 
f 1449/39/1313 1455/39/1319 1456/39/1320 1450/39/1314 
f 1451/39/1315 1457/39/1321 1458/39/1322 1452/39/1316 
f 1453/39/1317 1459/39/1323 1460/39/1324 1454/39/1318 
f 1459/39/1323 1461/39/1325 1462/39/1326 1460/39/1324 
f 1455/39/1319 1463/39/1327 1464/39/1328 1456/39/1320 
f 1457/39/1321 1465/39/1329 1466/39/1330 1458/39/1322 
f 1467/39/1331 1391/39/1275 1392/39/1276 1468/39/1332 
f 1469/39/1333 1470/39/1334 1471/39/1335 1472/39/1336 
f 1463/39/1327 1473/39/1337 1474/39/1338 1464/39/1328 
f 1465/39/1329 1475/39/1339 1476/39/1340 1466/39/1330 
f 1470/39/1334 1477/39/1341 1478/39/1342 1471/39/1335 
f 1473/39/1337 1479/39/1343 1480/39/1344 1474/39/1338 
f 1475/39/1339 1481/39/1345 1482/39/1346 1476/39/1340 
f 1477/39/1341 1433/39/1297 1436/39/1300 1478/39/1342 
f 1479/39/1343 1437/39/1301 1440/39/1304 1480/39/1344 
f 1481/39/1345 1441/39/1305 1444/39/1308 1482/39/1346 
f 1483/39/1347 1484/39/1348 1485/39/1349 1486/39/1350 
f 1487/39/1351 1483/39/1347 1486/39/1350 1488/39/1352 
f 1489/39/1353 1490/39/1354 1491/39/1355 1492/39/1356 
f 1493/39/1357 1494/39/1358 1495/39/1359 1496/39/1360 
f 1497/39/1361 1487/39/1351 1488/39/1352 1498/39/1362 
f 1499/39/1363 1489/39/1353 1492/39/1356 1500/39/1364 
f 1501/39/1365 1493/39/1357 1496/39/1360 1502/39/1366 
f 1503/39/1367 1497/39/1361 1498/39/1362 1504/39/1368 
f 1505/39/1369 1499/39/1363 1500/39/1364 1506/39/1370 
f 1507/39/1371 1501/39/1365 1502/39/1366 1508/39/1372 
f 1509/39/1373 1503/39/1367 1504/39/1368 1510/39/1374 
f 1511/39/1375 1505/39/1369 1506/39/1370 1512/39/1376 
f 1513/39/1377 1507/39/1371 1508/39/1372 1514/39/1378 
f 1515/39/1379 1509/39/1373 1510/39/1374 1516/39/1380 
f 1517/39/1381 1511/39/1375 1512/39/1376 1518/39/1382 
f 1519/39/1383 1513/39/1377 1514/39/1378 1520/39/1384 
f 1521/39/1385 1515/39/1379 1516/39/1380 1522/39/1386 
f 1523/39/1387 1517/39/1381 1518/39/1382 1524/39/1388 
f 1525/39/1389 1519/39/1383 1520/39/1384 1526/39/1390 
f 1527/39/1391 1521/39/1385 1522/39/1386 1528/39/1392 
f 1529/39/1393 1523/39/1387 1524/39/1388 1530/39/1394 
f 1490/39/1354 1525/39/1389 1526/39/1390 1491/39/1355 
f 1494/39/1358 1527/39/1391 1528/39/1392 1495/39/1359 
f 1407/39/223 1401/39/186 1531/39/1395 1532/39/1396 
f 1409/39/222 1403/39/221 1533/39/1397 1534/39/1398 
f 1411/39/189 1405/39/188 1535/39/1399 1536/39/1400 
f 1413/39/216 1407/39/223 1532/39/1396 1537/39/1401 
f 1415/39/187 1409/39/222 1534/39/1398 1538/39/1402 
f 1417/39/190 1411/39/189 1536/39/1400 1539/39/1403 
f 1419/39/217 1413/39/216 1537/39/1401 1540/39/1404 
f 1421/39/168 1415/39/187 1538/39/1402 1541/39/1405 
f 1423/39/170 1417/39/190 1539/39/1403 1542/39/1406 
f 1425/39/218 1419/39/217 1540/39/1404 1543/39/1407 
f 1427/39/169 1421/39/168 1541/39/1405 1544/39/1408 
f 1429/39/171 1423/39/170 1542/39/1406 1545/39/1409 
f 1387/39/220 1425/39/218 1543/39/1407 1546/39/1410 
f 1431/39/174 1427/39/169 1544/39/1408 1547/39/1411 
f 1378/39/180 1377/39/177 1548/39/1412 1549/39/1413 
f 1395/39/175 1429/39/171 1545/39/1409 1550/39/1414 
f 1388/39/182 1387/39/220 1546/39/1410 1551/39/1415 
f 1377/39/177 1431/39/174 1547/39/1411 1548/39/1412 
f 1393/39/183 1378/39/180 1549/39/1413 1552/39/1416 
f 1396/39/219 1395/39/175 1550/39/1414 1553/39/1417 
f 1399/39/185 1388/39/182 1551/39/1415 1554/39/1418 
f 1401/39/186 1393/39/183 1552/39/1416 1531/39/1395 
f 1403/39/221 1396/39/219 1553/39/1417 1533/39/1397 
f 1405/39/188 1399/39/185 1554/39/1418 1535/39/1399 
f 1522/39/1386 1516/39/1380 1555/39/1419 1556/39/1420 
f 1524/39/1388 1518/39/1382 1557/39/1421 1558/39/1422 
f 1485/39/1349 1530/39/1394 1559/39/1423 1560/39/1424 
f 1526/39/1390 1520/39/1384 1561/39/1425 1562/39/1426 
f 1528/39/1392 1522/39/1386 1556/39/1420 1563/39/1427 
f 1530/39/1394 1524/39/1388 1558/39/1422 1559/39/1423 
f 1486/39/1350 1485/39/1349 1560/39/1424 1564/39/1428 
f 1491/39/1355 1526/39/1390 1562/39/1426 1565/39/1429 
f 1495/39/1359 1528/39/1392 1563/39/1427 1566/39/1430 
f 1488/39/1352 1486/39/1350 1564/39/1428 1567/39/1431 
f 1492/39/1356 1491/39/1355 1565/39/1429 1568/39/1432 
f 1496/39/1360 1495/39/1359 1566/39/1430 1569/39/1433 
f 1498/39/1362 1488/39/1352 1567/39/1431 1570/39/1434 
f 1500/39/1364 1492/39/1356 1568/39/1432 1571/39/1435 
f 1502/39/1366 1496/39/1360 1569/39/1433 1572/39/1436 
f 1504/39/1368 1498/39/1362 1570/39/1434 1573/39/1437 
f 1506/39/1370 1500/39/1364 1571/39/1435 1574/39/1438 
f 1508/39/1372 1502/39/1366 1572/39/1436 1575/39/1439 
f 1510/39/1374 1504/39/1368 1573/39/1437 1576/39/1440 
f 1512/39/1376 1506/39/1370 1574/39/1438 1577/39/1441 
f 1514/39/1378 1508/39/1372 1575/39/1439 1578/39/1442 
f 1516/39/1380 1510/39/1374 1576/39/1440 1555/39/1419 
f 1518/39/1382 1512/39/1376 1577/39/1441 1557/39/1421 
f 1520/39/1384 1514/39/1378 1578/39/1442 1561/39/1425 
f 1469/39/1333 1461/39/1325 1579/39/1443 1580/39/1444 
f 1580/39/1444 1579/39/1443 1380/39/1266 1379/39/1265 
f 1470/39/1334 1469/39/1333 1580/39/1444 1581/39/1445 
f 1581/39/1445 1580/39/1444 1379/39/1265 1394/39/1277 
f 1477/39/1341 1470/39/1334 1581/39/1445 1582/39/1446 
f 1582/39/1446 1581/39/1445 1394/39/1277 1402/39/1281 
f 1433/39/1297 1477/39/1341 1582/39/1446 1583/39/1447 
f 1583/39/1447 1582/39/1446 1402/39/1281 1408/39/1284 
f 1434/39/1298 1433/39/1297 1583/39/1447 1584/39/1448 
f 1584/39/1448 1583/39/1447 1408/39/1284 1414/39/1287 
f 1445/39/1309 1434/39/1298 1584/39/1448 1585/39/1449 
f 1585/39/1449 1584/39/1448 1414/39/1287 1420/39/1290 
f 1451/39/1315 1445/39/1309 1585/39/1449 1586/39/1450 
f 1586/39/1450 1585/39/1449 1420/39/1290 1426/39/1293 
f 1457/39/1321 1451/39/1315 1586/39/1450 1587/39/1451 
f 1587/39/1451 1586/39/1450 1426/39/1293 1390/39/1274 
f 1465/39/1329 1457/39/1321 1587/39/1451 1588/39/1452 
f 1588/39/1452 1587/39/1451 1390/39/1274 1389/39/1273 
f 1475/39/1339 1465/39/1329 1588/39/1452 1589/39/1453 
f 1589/39/1453 1588/39/1452 1389/39/1273 1400/39/1280 
f 1481/39/1345 1475/39/1339 1589/39/1453 1590/39/1454 
f 1590/39/1454 1589/39/1453 1400/39/1280 1406/39/1283 
f 1441/39/1305 1481/39/1345 1590/39/1454 1591/39/1455 
f 1591/39/1455 1590/39/1454 1406/39/1283 1412/39/1286 
f 1442/39/1306 1441/39/1305 1591/39/1455 1592/39/1456 
f 1592/39/1456 1591/39/1455 1412/39/1286 1418/39/1289 
f 1449/39/1313 1442/39/1306 1592/39/1456 1593/39/1457 
f 1593/39/1457 1592/39/1456 1418/39/1289 1424/39/1292 
f 1455/39/1319 1449/39/1313 1593/39/1457 1594/39/1458 
f 1594/39/1458 1593/39/1457 1424/39/1292 1430/39/1295 
f 1463/39/1327 1455/39/1319 1594/39/1458 1595/39/1459 
f 1595/39/1459 1594/39/1458 1430/39/1295 1398/39/1279 
f 1473/39/1337 1463/39/1327 1595/39/1459 1596/39/1460 
f 1596/39/1460 1595/39/1459 1398/39/1279 1397/39/1278 
f 1479/39/1343 1473/39/1337 1596/39/1460 1597/39/1461 
f 1597/39/1461 1596/39/1460 1397/39/1278 1404/39/1282 
f 1437/39/1301 1479/39/1343 1597/39/1461 1598/39/1462 
f 1598/39/1462 1597/39/1461 1404/39/1282 1410/39/1285 
f 1438/39/1302 1437/39/1301 1598/39/1462 1599/39/1463 
f 1599/39/1463 1598/39/1462 1410/39/1285 1416/39/1288 
f 1447/39/1311 1438/39/1302 1599/39/1463 1600/39/1464 
f 1600/39/1464 1599/39/1463 1416/39/1288 1422/39/1291 
f 1453/39/1317 1447/39/1311 1600/39/1464 1601/39/1465 
f 1601/39/1465 1600/39/1464 1422/39/1291 1428/39/1294 
f 1459/39/1323 1453/39/1317 1601/39/1465 1602/39/1466 
f 1602/39/1466 1601/39/1465 1428/39/1294 1432/39/1296 
f 1461/39/1325 1459/39/1323 1602/39/1466 1579/39/1443 
f 1579/39/1443 1602/39/1466 1432/39/1296 1380/39/1266 
f 1371/39/1259 1467/39/1331 1468/39/1332 1372/39/1260 
f 1467/39/1331 1371/39/1259 1603/39/1467 1604/39/1468 
f 1604/39/1468 1603/39/1467 1462/39/1326 1472/39/1336 
f 1391/39/1275 1467/39/1331 1604/39/1468 1605/39/1469 
f 1605/39/1469 1604/39/1468 1472/39/1336 1471/39/1335 
f 1381/39/1267 1391/39/1275 1605/39/1469 1606/39/1470 
f 1606/39/1470 1605/39/1469 1471/39/1335 1478/39/1342 
f 1382/39/1268 1381/39/1267 1606/39/1470 1607/39/1471 
f 1607/39/1471 1606/39/1470 1478/39/1342 1436/39/1300 
f 1343/39/1231 1382/39/1268 1607/39/1471 1608/39/1472 
f 1608/39/1472 1607/39/1471 1436/39/1300 1435/39/1299 
f 1344/39/1232 1343/39/1231 1608/39/1472 1609/39/1473 
f 1609/39/1473 1608/39/1472 1435/39/1299 1446/39/1310 
f 1353/39/1241 1344/39/1232 1609/39/1473 1610/39/1474 
f 1610/39/1474 1609/39/1473 1446/39/1310 1452/39/1316 
f 1359/39/1247 1353/39/1241 1610/39/1474 1611/39/1475 
f 1611/39/1475 1610/39/1474 1452/39/1316 1458/39/1322 
f 1365/39/1253 1359/39/1247 1611/39/1475 1612/39/1476 
f 1612/39/1476 1611/39/1475 1458/39/1322 1466/39/1330 
f 1369/39/1257 1365/39/1253 1612/39/1476 1613/39/1477 
f 1613/39/1477 1612/39/1476 1466/39/1330 1476/39/1340 
f 1375/39/1263 1369/39/1257 1613/39/1477 1614/39/1478 
f 1614/39/1478 1613/39/1477 1476/39/1340 1482/39/1346 
f 1339/39/1227 1375/39/1263 1614/39/1478 1615/39/1479 
f 1615/39/1479 1614/39/1478 1482/39/1346 1444/39/1308 
f 1340/39/1228 1339/39/1227 1615/39/1479 1616/39/1480 
f 1616/39/1480 1615/39/1479 1444/39/1308 1443/39/1307 
f 1351/39/1239 1340/39/1228 1616/39/1480 1617/39/1481 
f 1617/39/1481 1616/39/1480 1443/39/1307 1450/39/1314 
f 1357/39/1245 1351/39/1239 1617/39/1481 1618/39/1482 
f 1618/39/1482 1617/39/1481 1450/39/1314 1456/39/1320 
f 1363/39/1251 1357/39/1245 1618/39/1482 1619/39/1483 
f 1619/39/1483 1618/39/1482 1456/39/1320 1464/39/1328 
f 1367/39/1255 1363/39/1251 1619/39/1483 1620/39/1484 
f 1620/39/1484 1619/39/1483 1464/39/1328 1474/39/1338 
f 1373/39/1261 1367/39/1255 1620/39/1484 1621/39/1485 
f 1621/39/1485 1620/39/1484 1474/39/1338 1480/39/1344 
f 1385/39/1271 1373/39/1261 1621/39/1485 1622/39/1486 
f 1622/39/1486 1621/39/1485 1480/39/1344 1440/39/1304 
f 1347/39/1235 1385/39/1271 1622/39/1486 1623/39/1487 
f 1623/39/1487 1622/39/1486 1440/39/1304 1439/39/1303 
f 1348/39/1236 1347/39/1235 1623/39/1487 1624/39/1488 
f 1624/39/1488 1623/39/1487 1439/39/1303 1448/39/1312 
f 1355/39/1243 1348/39/1236 1624/39/1488 1625/39/1489 
f 1625/39/1489 1624/39/1488 1448/39/1312 1454/39/1318 
f 1361/39/1249 1355/39/1243 1625/39/1489 1626/39/1490 
f 1626/39/1490 1625/39/1489 1454/39/1318 1460/39/1324 
f 1371/39/1259 1361/39/1249 1626/39/1490 1603/39/1467 
f 1603/39/1467 1626/39/1490 1460/39/1324 1462/39/1326 
f 1461/39/1325 1469/39/1333 1472/39/1336 1462/39/1326 
f 1627/39/1491 1628/39/1492 1529/39/1393 1484/39/1348 
f 1628/39/1492 1629/39/1493 1523/39/1387 1529/39/1393 
f 1630/39/1494 1627/39/1491 1484/39/1348 1483/39/1347 
f 1531/39/1395 1552/39/1416 1631/39/1495 1632/39/1496 
f 1633/39/1497 1630/39/1494 1483/39/1347 1487/39/1351 
f 1532/39/1396 1531/39/1395 1632/39/1496 1634/39/1498 
f 1635/39/1499 1633/39/1497 1487/39/1351 1497/39/1361 
f 1537/39/1401 1532/39/1396 1634/39/1498 1636/39/1500 
f 1637/39/1501 1635/39/1499 1497/39/1361 1503/39/1367 
f 1540/39/1404 1537/39/1401 1636/39/1500 1638/39/1502 
f 1639/39/1503 1637/39/1501 1503/39/1367 1509/39/1373 
f 1543/39/1407 1540/39/1404 1638/39/1502 1640/39/1504 
f 1641/39/1505 1639/39/1503 1509/39/1373 1515/39/1379 
f 1546/39/1410 1543/39/1407 1640/39/1504 1642/39/1506 
f 1643/39/1507 1641/39/1505 1515/39/1379 1521/39/1385 
f 1551/39/1415 1546/39/1410 1642/39/1506 1644/39/1508 
f 1645/39/1509 1643/39/1507 1521/39/1385 1527/39/1391 
f 1554/39/1418 1551/39/1415 1644/39/1508 1646/39/1510 
f 1647/39/1511 1645/39/1509 1527/39/1391 1494/39/1358 
f 1535/39/1399 1554/39/1418 1646/39/1510 1648/39/1512 
f 1649/39/1513 1647/39/1511 1494/39/1358 1493/39/1357 
f 1536/39/1400 1535/39/1399 1648/39/1512 1650/39/1514 
f 1651/39/1515 1649/39/1513 1493/39/1357 1501/39/1365 
f 1539/39/1403 1536/39/1400 1650/39/1514 1652/39/1516 
f 1653/39/1517 1651/39/1515 1501/39/1365 1507/39/1371 
f 1542/39/1406 1539/39/1403 1652/39/1516 1654/39/1518 
f 1655/39/1519 1653/39/1517 1507/39/1371 1513/39/1377 
f 1545/39/1409 1542/39/1406 1654/39/1518 1656/39/1520 
f 1657/39/1521 1655/39/1519 1513/39/1377 1519/39/1383 
f 1550/39/1414 1545/39/1409 1656/39/1520 1658/39/1522 
f 1659/39/1523 1657/39/1521 1519/39/1383 1525/39/1389 
f 1553/39/1417 1550/39/1414 1658/39/1522 1660/39/1524 
f 1661/39/1525 1659/39/1523 1525/39/1389 1490/39/1354 
f 1533/39/1397 1553/39/1417 1660/39/1524 1662/39/1526 
f 1663/39/1527 1661/39/1525 1490/39/1354 1489/39/1353 
f 1534/39/1398 1533/39/1397 1662/39/1526 1664/39/1528 
f 1665/39/1529 1663/39/1527 1489/39/1353 1499/39/1363 
f 1538/39/1402 1534/39/1398 1664/39/1528 1666/39/1530 
f 1667/39/1531 1665/39/1529 1499/39/1363 1505/39/1369 
f 1541/39/1405 1538/39/1402 1666/39/1530 1668/39/1532 
f 1669/39/1533 1667/39/1531 1505/39/1369 1511/39/1375 
f 1544/39/1408 1541/39/1405 1668/39/1532 1670/39/1534 
f 1671/39/1535 1669/39/1533 1511/39/1375 1517/39/1381 
f 1547/39/1411 1544/39/1408 1670/39/1534 1672/39/1536 
f 1629/39/1493 1671/39/1535 1517/39/1381 1523/39/1387 
f 1549/39/1413 1548/39/1412 1673/39/1537 1674/39/1538 
f 1552/39/1416 1549/39/1413 1674/39/1538 1631/39/1495 
f 1484/39/1348 1529/39/1393 1530/39/1394 1485/39/1349 
f 1628/39/1492 1627/39/1491 1675/39/1539 1676/39/1540 
f 1676/39/1540 1675/39/1539 1674/39/1538 1673/39/1537 
f 1627/39/1491 1630/39/1494 1677/39/1541 1675/39/1539 
f 1675/39/1539 1677/39/1541 1631/39/1495 1674/39/1538 
f 1630/39/1494 1633/39/1497 1678/39/1542 1677/39/1541 
f 1677/39/1541 1678/39/1542 1632/39/1496 1631/39/1495 
f 1633/39/1497 1635/39/1499 1679/39/1543 1678/39/1542 
f 1678/39/1542 1679/39/1543 1634/39/1498 1632/39/1496 
f 1635/39/1499 1637/39/1501 1680/39/1544 1679/39/1543 
f 1679/39/1543 1680/39/1544 1636/39/1500 1634/39/1498 
f 1637/39/1501 1639/39/1503 1681/39/1545 1680/39/1544 
f 1680/39/1544 1681/39/1545 1638/39/1502 1636/39/1500 
f 1639/39/1503 1641/39/1505 1682/39/1546 1681/39/1545 
f 1681/39/1545 1682/39/1546 1640/39/1504 1638/39/1502 
f 1641/39/1505 1643/39/1507 1683/39/1547 1682/39/1546 
f 1682/39/1546 1683/39/1547 1642/39/1506 1640/39/1504 
f 1643/39/1507 1645/39/1509 1684/39/1548 1683/39/1547 
f 1683/39/1547 1684/39/1548 1644/39/1508 1642/39/1506 
f 1645/39/1509 1647/39/1511 1685/39/1549 1684/39/1548 
f 1684/39/1548 1685/39/1549 1646/39/1510 1644/39/1508 
f 1647/39/1511 1649/39/1513 1686/39/1550 1685/39/1549 
f 1685/39/1549 1686/39/1550 1648/39/1512 1646/39/1510 
f 1649/39/1513 1651/39/1515 1687/39/1551 1686/39/1550 
f 1686/39/1550 1687/39/1551 1650/39/1514 1648/39/1512 
f 1651/39/1515 1653/39/1517 1688/39/1552 1687/39/1551 
f 1687/39/1551 1688/39/1552 1652/39/1516 1650/39/1514 
f 1653/39/1517 1655/39/1519 1689/39/1553 1688/39/1552 
f 1688/39/1552 1689/39/1553 1654/39/1518 1652/39/1516 
f 1655/39/1519 1657/39/1521 1690/39/1554 1689/39/1553 
f 1689/39/1553 1690/39/1554 1656/39/1520 1654/39/1518 
f 1657/39/1521 1659/39/1523 1691/39/1555 1690/39/1554 
f 1690/39/1554 1691/39/1555 1658/39/1522 1656/39/1520 
f 1659/39/1523 1661/39/1525 1692/39/1556 1691/39/1555 
f 1691/39/1555 1692/39/1556 1660/39/1524 1658/39/1522 
f 1661/39/1525 1663/39/1527 1693/39/1557 1692/39/1556 
f 1692/39/1556 1693/39/1557 1662/39/1526 1660/39/1524 
f 1663/39/1527 1665/39/1529 1694/39/1558 1693/39/1557 
f 1693/39/1557 1694/39/1558 1664/39/1528 1662/39/1526 
f 1665/39/1529 1667/39/1531 1695/39/1559 1694/39/1558 
f 1694/39/1558 1695/39/1559 1666/39/1530 1664/39/1528 
f 1667/39/1531 1669/39/1533 1696/39/1560 1695/39/1559 
f 1695/39/1559 1696/39/1560 1668/39/1532 1666/39/1530 
f 1669/39/1533 1671/39/1535 1697/39/1561 1696/39/1560 
f 1696/39/1560 1697/39/1561 1670/39/1534 1668/39/1532 
f 1671/39/1535 1629/39/1493 1698/39/1562 1697/39/1561 
f 1697/39/1561 1698/39/1562 1672/39/1536 1670/39/1534 
f 1629/39/1493 1628/39/1492 1676/39/1540 1698/39/1562 
f 1698/39/1562 1676/39/1540 1673/39/1537 1672/39/1536 
f 1548/39/1412 1547/39/1411 1672/39/1536 1673/39/1537 
# 1644 polygons - 18 triangles

