# 3ds Max Wavefront OBJ Exporter v0.99 - (c)2007 guruware
# File Created: 28.03.2025 22:44:07

mtllib Nissan_350Z_RuedaPilot.mtl

#
# object LlantaCopiloto001
#

v  0.6877 0.0000 1.5528
v  0.6877 0.4019 1.4998
v  0.6674 0.3511 1.3103
v  0.6674 0.0000 1.3565
v  0.6877 -1.4998 -0.4019
v  0.6877 -1.5528 -0.0000
v  0.6674 -1.3565 -0.0000
v  0.6674 -1.3103 -0.3511
v  0.6877 1.3447 -0.7764
v  0.6877 1.0980 -1.0980
v  0.6674 0.9592 -0.9592
v  0.6674 1.1747 -0.6782
v  0.6877 0.7764 1.3447
v  0.6674 0.6782 1.1747
v  0.6877 -1.4998 0.4019
v  0.6674 -1.3103 0.3511
v  0.6877 0.7764 -1.3447
v  0.6674 0.6782 -1.1747
v  0.6877 1.0980 1.0980
v  0.6674 0.9592 0.9592
v  0.6877 -1.3447 0.7764
v  0.6674 -1.1747 0.6782
v  0.6877 0.4019 -1.4998
v  0.6674 0.3511 -1.3103
v  0.6877 1.3447 0.7764
v  0.6674 1.1747 0.6782
v  0.6877 -1.0980 1.0980
v  0.6674 -0.9592 0.9592
v  0.6877 1.4998 0.4019
v  0.6674 1.3103 0.3511
v  0.6877 -0.7764 1.3447
v  0.6674 -0.6782 1.1747
v  0.6877 0.0000 -1.5528
v  0.6674 0.0000 -1.3565
v  0.6877 1.5528 -0.0000
v  0.6674 1.3565 -0.0000
v  0.6877 -0.4019 1.4998
v  0.6674 -0.3511 1.3103
v  0.3556 0.0000 -1.7316
v  0.3556 -0.4482 -1.6726
v  0.5466 -0.4482 -1.6726
v  0.5466 0.0000 -1.7316
v  0.6877 -1.0980 -1.0980
v  0.6877 -1.3447 -0.7764
v  0.6674 -1.1747 -0.6782
v  0.6674 -0.9592 -0.9592
v  0.6877 1.4998 -0.4019
v  0.6674 1.3103 -0.3511
v  0.3556 -1.4996 0.8658
v  0.3556 -1.2244 1.2244
v  0.5466 -1.2244 1.2244
v  0.5466 -1.4996 0.8658
v  0.6877 -0.7764 -1.3447
v  0.6674 -0.6782 -1.1747
v  0.3556 -0.8658 -1.4996
v  0.5466 -0.8658 -1.4996
v  0.3556 1.4996 0.8658
v  0.3556 1.6726 0.4482
v  0.5466 1.6726 0.4482
v  0.5466 1.4996 0.8658
v  0.3556 -0.8658 1.4996
v  0.5466 -0.8658 1.4996
v  0.3556 -1.2244 -1.2244
v  0.5466 -1.2244 -1.2244
v  0.3556 1.7316 -0.0000
v  0.5466 1.7316 -0.0000
v  0.3556 -0.4482 1.6726
v  0.5466 -0.4482 1.6726
v  0.3556 -1.4996 -0.8658
v  0.5466 -1.4996 -0.8658
v  0.3556 1.6726 -0.4482
v  0.5466 1.6726 -0.4482
v  0.3556 0.0000 1.7316
v  0.5466 0.0000 1.7316
v  0.3556 -1.6726 -0.4482
v  0.5466 -1.6726 -0.4482
v  0.3556 1.4996 -0.8658
v  0.5466 1.4996 -0.8658
v  0.3556 0.4482 1.6726
v  0.5466 0.4482 1.6726
v  0.3556 -1.7316 0.0000
v  0.5466 -1.7316 0.0000
v  0.3556 1.2244 -1.2244
v  0.5466 1.2244 -1.2244
v  0.3556 0.8658 1.4996
v  0.5466 0.8658 1.4996
v  0.3556 -1.6726 0.4482
v  0.5466 -1.6726 0.4482
v  0.3556 0.8658 -1.4996
v  0.5466 0.8658 -1.4996
v  0.3556 1.2244 1.2244
v  0.5466 1.2244 1.2244
v  0.3556 0.4482 -1.6726
v  0.5466 0.4482 -1.6726
v  0.6552 -1.4444 -0.8339
v  0.6552 -1.6110 -0.4317
v  0.6688 -1.5876 -0.4254
v  0.6688 -1.4234 -0.8218
v  0.6552 1.6110 -0.4317
v  0.6552 1.4444 -0.8339
v  0.6688 1.4234 -0.8218
v  0.6688 1.5876 -0.4254
v  0.6552 0.0000 1.6678
v  0.6552 0.4317 1.6110
v  0.6688 0.4254 1.5876
v  0.6688 0.0000 1.6436
v  0.6552 -1.6678 -0.0000
v  0.6688 -1.6436 -0.0000
v  0.6552 1.1793 -1.1793
v  0.6688 1.1622 -1.1622
v  0.6552 0.8339 1.4444
v  0.6688 0.8218 1.4234
v  0.6552 -1.6110 0.4317
v  0.6688 -1.5876 0.4254
v  0.6552 0.8339 -1.4444
v  0.6688 0.8218 -1.4234
v  0.6552 1.1793 1.1793
v  0.6688 1.1622 1.1622
v  0.6552 -1.4444 0.8339
v  0.6688 -1.4234 0.8218
v  0.6552 0.4317 -1.6110
v  0.6688 0.4254 -1.5876
v  0.6552 0.0000 -1.6678
v  0.6688 -0.0000 -1.6436
v  0.6552 1.4444 0.8339
v  0.6688 1.4234 0.8218
v  0.6552 -1.1793 1.1793
v  0.6688 -1.1622 1.1622
v  0.6877 -0.4019 -1.4998
v  0.6674 -0.3511 -1.3103
v  0.6552 -0.4317 -1.6110
v  0.6552 -0.8339 -1.4444
v  0.6688 -0.8218 -1.4234
v  0.6688 -0.4254 -1.5876
v  0.6552 1.6110 0.4317
v  0.6688 1.5876 0.4254
v  0.6552 -0.8339 1.4444
v  0.6688 -0.8218 1.4234
v  0.6552 -1.1793 -1.1793
v  0.6688 -1.1622 -1.1622
v  0.6552 1.6678 -0.0000
v  0.6688 1.6436 -0.0000
v  0.6552 -0.4317 1.6110
v  0.6688 -0.4254 1.5876
v  -0.6863 -0.7880 -1.3648
v  -0.6863 -0.4079 -1.5222
v  -0.6938 -0.3958 -1.4772
v  -0.6938 -0.7646 -1.3244
v  -0.6863 -1.1143 -1.1143
v  -0.6938 -1.0814 -1.0814
v  -0.6863 1.5759 0.0000
v  -0.6863 1.5222 0.4079
v  -0.6938 1.4772 0.3958
v  -0.6938 1.5293 -0.0000
v  -0.6863 -0.4079 1.5222
v  -0.6863 -0.7880 1.3648
v  -0.6938 -0.7646 1.3244
v  -0.6938 -0.3958 1.4772
v  -0.6863 -1.3648 -0.7880
v  -0.6938 -1.3244 -0.7646
v  -0.6863 1.5222 -0.4079
v  -0.6938 1.4772 -0.3958
v  -0.6863 0.0000 1.5759
v  -0.6938 -0.0000 1.5293
v  -0.6863 -1.5222 -0.4079
v  -0.6938 -1.4772 -0.3958
v  -0.6863 1.3648 -0.7880
v  -0.6938 1.3244 -0.7646
v  -0.6863 0.4079 1.5222
v  -0.6938 0.3958 1.4772
v  -0.6863 -1.5759 0.0000
v  -0.6938 -1.5293 0.0000
v  -0.6863 1.1143 -1.1143
v  -0.6938 1.0814 -1.0814
v  -0.6863 0.7880 1.3648
v  -0.6938 0.7646 1.3244
v  -0.6863 -1.5222 0.4079
v  -0.6938 -1.4772 0.3958
v  -0.6863 0.7880 -1.3648
v  -0.6938 0.7646 -1.3244
v  -0.6863 1.1143 1.1143
v  -0.6938 1.0814 1.0814
v  -0.6863 -1.3648 0.7880
v  -0.6938 -1.3244 0.7646
v  -0.6863 0.4079 -1.5222
v  -0.6938 0.3958 -1.4772
v  -0.6863 1.3648 0.7880
v  -0.6938 1.3244 0.7646
v  -0.6863 -1.1143 1.1143
v  -0.6938 -1.0814 1.0814
v  -0.6863 -0.0000 -1.5759
v  -0.6938 -0.0000 -1.5293
v  -0.5050 -1.2244 -1.2244
v  -0.5050 -1.4996 -0.8658
v  -0.5050 1.7316 -0.0000
v  -0.5050 1.6726 -0.4482
v  -0.5050 -0.4482 1.6726
v  -0.5050 0.0000 1.7316
v  -0.5050 -1.6726 -0.4482
v  -0.5050 1.4996 -0.8658
v  -0.5050 0.4482 1.6726
v  -0.5050 -1.7316 0.0000
v  -0.5050 1.2244 -1.2244
v  -0.5050 0.8658 1.4996
v  -0.5050 -1.6726 0.4482
v  -0.5050 0.8658 -1.4996
v  -0.5050 1.2244 1.2244
v  -0.5050 -1.4996 0.8658
v  -0.5050 0.4482 -1.6726
v  -0.5050 0.0000 -1.7316
v  -0.5050 -0.4482 -1.6726
v  -0.5050 1.4996 0.8658
v  -0.5050 -1.2244 1.2244
v  -0.5050 -0.8658 -1.4996
v  -0.5050 1.6726 0.4482
v  -0.5050 -0.8658 1.4996
v  -0.7137 -1.3903 0.3725
v  -0.7137 -1.2465 0.7196
v  -0.7137 0.7196 -1.2465
v  -0.7137 0.3725 -1.3903
v  -0.7137 -0.0000 -1.4393
v  -0.7137 -0.3725 -1.3903
v  -0.7137 1.0177 1.0177
v  -0.7137 1.2465 0.7196
v  -0.7137 -1.0177 1.0177
v  -0.7137 -0.7196 -1.2465
v  -0.7137 1.3903 0.3725
v  -0.7137 -0.7196 1.2465
v  -0.7137 -1.0177 -1.0177
v  -0.7137 1.4393 -0.0000
v  -0.7137 -0.3725 1.3903
v  -0.7137 -1.2465 -0.7196
v  -0.7137 1.3903 -0.3725
v  -0.7137 -0.0000 1.4393
v  -0.7137 -1.3903 -0.3725
v  -0.7137 1.2465 -0.7196
v  -0.7137 0.3725 1.3903
v  -0.7137 -1.4393 -0.0000
v  -0.7137 1.0177 -1.0177
v  -0.7137 0.7196 1.2465
v  0.6085 0.0000 -1.7129
v  0.6085 -0.4433 -1.6546
v  0.6085 -0.8565 -1.4834
v  0.6085 -1.2112 -1.2112
v  0.6085 -1.4834 -0.8565
v  0.6085 -1.6546 -0.4433
v  0.6085 -1.7129 -0.0000
v  0.6085 -1.6546 0.4433
v  0.6085 -1.4834 0.8565
v  0.6085 -1.2112 1.2112
v  0.6085 -0.8565 1.4834
v  0.6085 -0.4433 1.6546
v  0.6085 0.0000 1.7129
v  0.6085 0.4433 1.6546
v  0.6085 0.8565 1.4834
v  0.6085 1.2112 1.2112
v  0.6085 1.4834 0.8565
v  0.6085 1.6546 0.4433
v  0.6085 1.7129 0.0000
v  0.6085 1.6546 -0.4433
v  0.6085 1.4834 -0.8565
v  0.6085 1.2112 -1.2112
v  0.6085 0.8565 -1.4834
v  0.6085 0.4433 -1.6546
v  0.6842 0.0000 -1.5994
v  0.6842 -0.4140 -1.5449
v  0.6842 -0.7997 -1.3852
v  0.6842 -1.1310 -1.1310
v  0.6842 -1.3852 -0.7997
v  0.6842 -1.5449 -0.4140
v  0.6842 -1.5994 -0.0000
v  0.6842 -1.5449 0.4140
v  0.6842 -1.3852 0.7997
v  0.6842 -1.1310 1.1310
v  0.6842 -0.7997 1.3852
v  0.6842 -0.4140 1.5449
v  0.6842 0.0000 1.5994
v  0.6842 0.4140 1.5449
v  0.6842 0.7997 1.3852
v  0.6842 1.1310 1.1310
v  0.6842 1.3852 0.7997
v  0.6842 1.5449 0.4140
v  0.6842 1.5994 -0.0000
v  0.6842 1.5449 -0.4140
v  0.6842 1.3852 -0.7997
v  0.6842 1.1310 -1.1310
v  0.6842 0.7997 -1.3852
v  0.6842 0.4140 -1.5449
v  -0.6556 -0.4217 -1.5736
v  -0.6556 -0.0000 -1.6292
v  -0.6556 0.4217 -1.5736
v  -0.6556 -0.8146 -1.4109
v  -0.5620 -0.8548 -1.4805
v  -0.5620 -1.2088 -1.2088
v  -0.6556 -1.1520 -1.1520
v  -0.5620 -1.4805 -0.8548
v  -0.6556 -1.4109 -0.8146
v  -0.5620 -1.6513 -0.4425
v  -0.6556 -1.5736 -0.4217
v  -0.5620 -1.7095 -0.0000
v  -0.6556 -1.6292 0.0000
v  -0.5620 -1.6513 0.4425
v  -0.6556 -1.5736 0.4217
v  -0.5620 -1.4805 0.8548
v  -0.6556 -1.4109 0.8146
v  -0.5620 -1.2088 1.2088
v  -0.6556 -1.1520 1.1520
v  -0.5620 -0.8548 1.4805
v  -0.6556 -0.8146 1.4109
v  -0.5620 -0.4425 1.6513
v  -0.6556 -0.4217 1.5736
v  -0.5620 0.0000 1.7095
v  -0.6556 -0.0000 1.6292
v  -0.5620 0.4425 1.6513
v  -0.6556 0.4217 1.5736
v  -0.5620 0.8548 1.4805
v  -0.6556 0.8146 1.4109
v  -0.5620 1.2088 1.2088
v  -0.6556 1.1520 1.1520
v  -0.5620 1.4805 0.8548
v  -0.6556 1.4109 0.8146
v  -0.5620 1.6513 0.4425
v  -0.6556 1.5736 0.4217
v  -0.5620 1.7095 -0.0000
v  -0.6556 1.6292 -0.0000
v  -0.5620 1.6513 -0.4425
v  -0.6556 1.5736 -0.4217
v  -0.5620 1.4805 -0.8548
v  -0.6556 1.4109 -0.8146
v  -0.5620 1.2088 -1.2088
v  -0.6556 1.1520 -1.1520
v  -0.5620 0.8548 -1.4805
v  -0.6556 0.8146 -1.4109
v  -0.5620 0.4425 -1.6513
v  -0.5620 -0.0000 -1.7095
v  -0.5620 -0.4425 -1.6513
v  -0.6146 -0.4338 -1.6191
v  -0.6146 -0.0000 -1.6762
v  -0.6146 -0.8381 -1.4517
v  -0.6146 -1.1853 -1.1853
v  -0.6146 -1.4517 -0.8381
v  -0.6146 -1.6191 -0.4338
v  -0.6146 -1.6762 -0.0000
v  -0.6146 -1.6191 0.4338
v  -0.6146 -1.4517 0.8381
v  -0.6146 -1.1853 1.1853
v  -0.6146 -0.8381 1.4517
v  -0.6146 -0.4338 1.6191
v  -0.6146 -0.0000 1.6762
v  -0.6146 0.4338 1.6191
v  -0.6146 0.8381 1.4517
v  -0.6146 1.1853 1.1853
v  -0.6146 1.4517 0.8381
v  -0.6146 1.6191 0.4338
v  -0.6146 1.6762 0.0000
v  -0.6146 1.6191 -0.4338
v  -0.6146 1.4517 -0.8381
v  -0.6146 1.1853 -1.1853
v  -0.6146 0.8381 -1.4517
v  -0.6146 0.4338 -1.6191
# 360 vertices

vn 1.0000 -0.0067 -0.0026
vn 1.0000 -0.0058 -0.0042
vn 0.9947 -0.0828 -0.0607
vn 0.9947 -0.0957 -0.0372
vn 1.0000 -0.0008 0.0071
vn 1.0000 -0.0026 0.0067
vn 0.9947 -0.0372 0.0957
vn 0.9947 -0.0111 0.1021
vn 1.0000 0.0056 -0.0045
vn 1.0000 0.0066 -0.0029
vn 0.9947 0.0939 -0.0414
vn 0.9947 0.0800 -0.0643
vn 1.0000 -0.0045 -0.0056
vn 0.9947 -0.0643 -0.0800
vn 1.0000 -0.0042 0.0058
vn 0.9947 -0.0607 0.0828
vn 1.0000 0.0071 -0.0011
vn 0.9947 0.1015 -0.0157
vn 1.0000 -0.0029 -0.0066
vn 0.9947 -0.0414 -0.0939
vn 1.0000 -0.0056 0.0045
vn 0.9947 -0.0800 0.0643
vn 1.0000 0.0071 0.0008
vn 0.9947 0.1021 0.0111
vn 1.0000 -0.0011 -0.0071
vn 0.9947 -0.0157 -0.1015
vn 1.0000 -0.0066 0.0029
vn 0.9947 -0.0939 0.0414
vn 1.0000 0.0008 -0.0071
vn 0.9947 0.0111 -0.1021
vn 1.0000 -0.0071 0.0011
vn 0.9947 -0.1015 0.0157
vn 1.0000 0.0067 0.0026
vn 0.9947 0.0957 0.0372
vn 1.0000 0.0026 -0.0067
vn 0.9947 0.0372 -0.0957
vn 1.0000 -0.0071 -0.0008
vn 0.9947 -0.1021 -0.0111
vn 0.0000 -0.9322 -0.3620
vn 0.0000 -0.8067 -0.5909
vn 0.1442 -0.7983 -0.5848
vn 0.1442 -0.9224 -0.3582
vn 1.0000 0.0029 0.0066
vn 1.0000 0.0011 0.0071
vn 0.9947 0.0157 0.1015
vn 0.9947 0.0414 0.0939
vn 1.0000 0.0042 -0.0058
vn 0.9947 0.0607 -0.0828
vn 0.0000 0.7796 -0.6263
vn 0.0000 0.9151 -0.4032
vn 0.1442 0.9056 -0.3990
vn 0.1442 0.7714 -0.6197
vn 1.0000 0.0045 0.0056
vn 0.9947 0.0643 0.0800
vn 0.0000 -0.6263 -0.7796
vn 0.1442 -0.6197 -0.7714
vn 0.0000 0.1526 0.9883
vn 0.0000 -0.1084 0.9941
vn 0.1442 -0.1073 0.9837
vn 0.1442 0.1510 0.9780
vn 0.0000 0.9883 -0.1526
vn 0.1442 0.9780 -0.1510
vn 0.0000 -0.4032 -0.9151
vn 0.1442 -0.3990 -0.9056
vn 0.0000 -0.3620 0.9322
vn 0.1442 -0.3582 0.9224
vn 0.0000 0.9941 0.1084
vn 0.1442 0.9837 0.1073
vn 0.0000 -0.1526 -0.9883
vn 0.1442 -0.1510 -0.9780
vn 0.0000 -0.5909 0.8067
vn 0.1442 -0.5848 0.7983
vn 0.0000 0.9322 0.3620
vn 0.1442 0.9224 0.3582
vn 0.0000 0.1084 -0.9941
vn 0.1442 0.1073 -0.9837
vn 0.0000 -0.7796 0.6263
vn 0.1442 -0.7714 0.6197
vn 0.0000 0.8067 0.5909
vn 0.1442 0.7983 0.5848
vn 0.0000 0.3620 -0.9322
vn 0.1442 0.3582 -0.9224
vn 0.0000 -0.9151 0.4032
vn 0.1442 -0.9056 0.3990
vn 0.0000 0.6263 0.7796
vn 0.1442 0.6197 0.7714
vn 0.0000 0.5909 -0.8067
vn 0.1442 0.5848 -0.7983
vn 0.0000 -0.9883 0.1526
vn 0.1442 -0.9780 0.1510
vn 0.0000 0.4032 0.9151
vn 0.1442 0.3990 0.9056
vn 0.0000 -0.9941 -0.1084
vn 0.1442 -0.9837 -0.1073
vn 0.7856 -0.0944 -0.6115
vn 0.7856 0.0671 -0.6151
vn 0.9086 0.0453 -0.4152
vn 0.9086 -0.0637 -0.4128
vn 0.7856 -0.3656 0.4991
vn 0.7856 -0.4824 0.3875
vn 0.9086 -0.3256 0.2616
vn 0.9086 -0.2468 0.3369
vn 0.7856 0.5768 0.2240
vn 0.7856 0.4991 0.3656
vn 0.9086 0.3369 0.2468
vn 0.9086 0.3893 0.1512
vn 0.7856 0.2240 -0.5768
vn 0.9086 0.1512 -0.3893
vn 0.7856 -0.5662 0.2495
vn 0.9086 -0.3822 0.1684
vn 0.7856 0.3875 0.4824
vn 0.9086 0.2616 0.3256
vn 0.7856 0.3656 -0.4991
vn 0.9086 0.2468 -0.3369
vn 0.7856 -0.6115 0.0944
vn 0.9086 -0.4127 0.0637
vn 0.7856 0.2495 0.5662
vn 0.9086 0.1684 0.3822
vn 0.7856 0.4824 -0.3875
vn 0.9086 0.3256 -0.2616
vn 0.7856 -0.6151 -0.0671
vn 0.9086 -0.4152 -0.0453
vn 0.7856 -0.5768 -0.2240
vn 0.9086 -0.3893 -0.1512
vn 0.7856 0.0944 0.6115
vn 0.9086 0.0637 0.4127
vn 0.7856 0.5662 -0.2495
vn 0.9086 0.3822 -0.1684
vn 1.0000 0.0058 0.0042
vn 0.9947 0.0828 0.0607
vn 0.7856 -0.4991 -0.3656
vn 0.7856 -0.3875 -0.4824
vn 0.9086 -0.2616 -0.3256
vn 0.9086 -0.3369 -0.2468
vn 0.7856 -0.0671 0.6151
vn 0.9086 -0.0453 0.4152
vn 0.7856 0.6115 -0.0944
vn 0.9086 0.4128 -0.0637
vn 0.7856 -0.2495 -0.5662
vn 0.9086 -0.1684 -0.3822
vn 0.7856 -0.2240 0.5768
vn 0.9086 -0.1512 0.3893
vn 0.7856 0.6151 0.0671
vn 0.9086 0.4152 0.0453
vn -0.9376 -0.2177 -0.2710
vn -0.9376 -0.2805 -0.2054
vn -0.9828 -0.1492 -0.1093
vn -0.9828 -0.1158 -0.1441
vn -0.9376 -0.1402 -0.3181
vn -0.9828 -0.0745 -0.1692
vn -0.9376 -0.1259 0.3241
vn -0.9376 -0.0377 0.3456
vn -0.9828 -0.0200 0.1838
vn -0.9828 -0.0669 0.1723
vn -0.9376 0.3456 0.0377
vn -0.9376 0.3436 -0.0530
vn -0.9828 0.1827 -0.0282
vn -0.9828 0.1838 0.0200
vn -0.9376 -0.0530 -0.3436
vn -0.9828 -0.0282 -0.1827
vn -0.9376 -0.2054 0.2805
vn -0.9828 -0.1093 0.1492
vn -0.9376 0.3241 0.1259
vn -0.9828 0.1723 0.0669
vn -0.9376 0.0377 -0.3456
vn -0.9828 0.0200 -0.1838
vn -0.9376 -0.2710 0.2177
vn -0.9828 -0.1441 0.1158
vn -0.9376 0.2805 0.2054
vn -0.9828 0.1492 0.1093
vn -0.9376 0.1259 -0.3241
vn -0.9828 0.0669 -0.1723
vn -0.9376 -0.3181 0.1402
vn -0.9828 -0.1692 0.0745
vn -0.9376 0.2177 0.2710
vn -0.9828 0.1158 0.1441
vn -0.9376 0.2054 -0.2805
vn -0.9828 0.1093 -0.1492
vn -0.9376 -0.3436 0.0530
vn -0.9828 -0.1827 0.0282
vn -0.9376 0.1402 0.3181
vn -0.9828 0.0745 0.1692
vn -0.9376 0.2710 -0.2177
vn -0.9828 0.1441 -0.1158
vn -0.9376 -0.3456 -0.0377
vn -0.9828 -0.1838 -0.0200
vn -0.9376 0.0530 0.3436
vn -0.9828 0.0282 0.1827
vn -0.9376 0.3181 -0.1402
vn -0.9828 0.1692 -0.0745
vn -0.9376 -0.3241 -0.1259
vn -0.9828 -0.1723 -0.0669
vn -0.1808 -0.3965 -0.9000
vn -0.1808 -0.1501 -0.9720
vn -0.1808 -0.3560 0.9168
vn -0.1808 -0.5812 0.7934
vn -0.1808 0.9777 0.1066
vn -0.1808 0.9168 0.3560
vn -0.1808 0.1066 -0.9777
vn -0.1808 -0.7667 0.6160
vn -0.1808 0.7934 0.5812
vn -0.1808 0.3560 -0.9168
vn -0.1808 -0.9000 0.3965
vn -0.1808 0.6160 0.7667
vn -0.1808 0.5812 -0.7934
vn -0.1808 -0.9720 0.1501
vn -0.1808 0.3965 0.9000
vn -0.1808 0.7667 -0.6160
vn -0.1808 -0.9777 -0.1066
vn -0.1808 -0.9168 -0.3560
vn -0.1808 -0.7934 -0.5812
vn -0.1808 0.1501 0.9720
vn -0.1808 0.9000 -0.3965
vn -0.1808 -0.6160 -0.7667
vn -0.1808 -0.1066 0.9777
vn -0.1808 0.9720 -0.1501
vn -0.9764 0.1276 -0.1742
vn -0.9764 0.1684 -0.1353
vn -0.9764 -0.2134 0.0330
vn -0.9764 -0.2147 -0.0234
vn -0.9764 -0.2013 -0.0782
vn -0.9764 -0.1742 -0.1276
vn -0.9764 0.0871 0.1976
vn -0.9764 0.0330 0.2134
vn -0.9764 0.1976 -0.0871
vn -0.9764 -0.1353 -0.1684
vn -0.9764 -0.0234 0.2147
vn -0.9764 0.2134 -0.0330
vn -0.9764 -0.0871 -0.1976
vn -0.9764 -0.0782 0.2013
vn -0.9764 0.2147 0.0234
vn -0.9764 -0.0330 -0.2134
vn -0.9764 -0.1276 0.1742
vn -0.9764 0.2013 0.0782
vn -0.9764 0.0234 -0.2147
vn -0.9764 -0.1684 0.1353
vn -0.9764 0.1742 0.1276
vn -0.9764 0.0782 -0.2013
vn -0.9764 -0.1976 0.0871
vn -0.9764 0.1353 0.1684
vn 0.4976 -0.8086 -0.3140
vn 0.4976 -0.6997 -0.5126
vn 0.4976 -0.5432 -0.6762
vn 0.4976 -0.3497 -0.7938
vn 0.4976 -0.1323 -0.8572
vn 0.4976 0.0940 -0.8623
vn 0.4976 0.3140 -0.8086
vn 0.4976 0.5126 -0.6997
vn 0.4976 0.6762 -0.5432
vn 0.4976 0.7938 -0.3497
vn 0.4976 0.8572 -0.1323
vn 0.4976 0.8623 0.0940
vn 0.4976 0.8086 0.3140
vn 0.4976 0.6997 0.5126
vn 0.4976 0.5432 0.6762
vn 0.4976 0.3497 0.7938
vn 0.4976 0.1323 0.8572
vn 0.4976 -0.0940 0.8623
vn 0.4976 -0.3140 0.8086
vn 0.4976 -0.5126 0.6997
vn 0.4976 -0.6762 0.5432
vn 0.4976 -0.7938 0.3497
vn 0.4976 -0.8572 0.1323
vn 0.4976 -0.8623 -0.0940
vn 0.9769 -0.1991 -0.0773
vn 0.9769 -0.1723 -0.1263
vn 0.9769 -0.1338 -0.1666
vn 0.9769 -0.0861 -0.1955
vn 0.9769 -0.0326 -0.2111
vn 0.9769 0.0232 -0.2124
vn 0.9769 0.0773 -0.1992
vn 0.9769 0.1262 -0.1723
vn 0.9769 0.1666 -0.1338
vn 0.9769 0.1955 -0.0861
vn 0.9769 0.2111 -0.0326
vn 0.9769 0.2124 0.0232
vn 0.9769 0.1992 0.0773
vn 0.9769 0.1723 0.1262
vn 0.9769 0.1338 0.1666
vn 0.9769 0.0861 0.1955
vn 0.9769 0.0326 0.2111
vn 0.9769 -0.0232 0.2124
vn 0.9769 -0.0773 0.1992
vn 0.9769 -0.1262 0.1723
vn 0.9769 -0.1666 0.1338
vn 0.9769 -0.1955 0.0861
vn 0.9769 -0.2111 0.0326
vn 0.9769 -0.2124 -0.0232
vn -0.8103 -0.4727 -0.3463
vn -0.8103 -0.5462 -0.2121
vn -0.8103 -0.5825 -0.0635
vn -0.8103 -0.3670 -0.4568
vn -0.4466 -0.5604 -0.6975
vn -0.4466 -0.3607 -0.8188
vn -0.8103 -0.2363 -0.5363
vn -0.4466 -0.1365 -0.8843
vn -0.8103 -0.0894 -0.5791
vn -0.4466 0.0970 -0.8895
vn -0.8103 0.0635 -0.5825
vn -0.4466 0.3239 -0.8340
vn -0.8103 0.2121 -0.5462
vn -0.4466 0.5287 -0.7218
vn -0.8103 0.3463 -0.4727
vn -0.4466 0.6975 -0.5604
vn -0.8103 0.4568 -0.3670
vn -0.4466 0.8188 -0.3607
vn -0.8103 0.5363 -0.2363
vn -0.4466 0.8843 -0.1365
vn -0.8103 0.5791 -0.0894
vn -0.4466 0.8895 0.0970
vn -0.8103 0.5825 0.0635
vn -0.4466 0.8340 0.3239
vn -0.8103 0.5462 0.2121
vn -0.4466 0.7218 0.5287
vn -0.8103 0.4727 0.3463
vn -0.4466 0.5604 0.6975
vn -0.8103 0.3670 0.4568
vn -0.4466 0.3607 0.8188
vn -0.8103 0.2363 0.5363
vn -0.4466 0.1365 0.8843
vn -0.8103 0.0894 0.5791
vn -0.4466 -0.0970 0.8895
vn -0.8103 -0.0635 0.5825
vn -0.4466 -0.3239 0.8340
vn -0.8103 -0.2121 0.5462
vn -0.4466 -0.5287 0.7218
vn -0.8103 -0.3463 0.4727
vn -0.4466 -0.6975 0.5604
vn -0.8103 -0.4568 0.3670
vn -0.4466 -0.8188 0.3607
vn -0.8103 -0.5363 0.2363
vn -0.4466 -0.8842 0.1365
vn -0.8103 -0.5791 0.0894
vn -0.4466 -0.8895 -0.0970
vn -0.4466 -0.8340 -0.3239
vn -0.4466 -0.7218 -0.5287
vn -0.6454 -0.6162 -0.4514
vn -0.6454 -0.7120 -0.2765
vn -0.6454 -0.4784 -0.5955
vn -0.6454 -0.3080 -0.6990
vn -0.6454 -0.1166 -0.7549
vn -0.6454 0.0828 -0.7594
vn -0.6454 0.2765 -0.7120
vn -0.6454 0.4514 -0.6162
vn -0.6454 0.5955 -0.4784
vn -0.6454 0.6990 -0.3080
vn -0.6454 0.7549 -0.1165
vn -0.6454 0.7594 0.0828
vn -0.6454 0.7120 0.2765
vn -0.6454 0.6162 0.4514
vn -0.6454 0.4784 0.5955
vn -0.6454 0.3080 0.6990
vn -0.6454 0.1166 0.7549
vn -0.6454 -0.0828 0.7594
vn -0.6454 -0.2765 0.7120
vn -0.6454 -0.4514 0.6162
vn -0.6454 -0.5955 0.4784
vn -0.6454 -0.6990 0.3080
vn -0.6454 -0.7549 0.1165
vn -0.6454 -0.7594 -0.0828
# 360 vertex normals

vt 0.4114 0.4460 0.0000
vt 0.4619 0.3940 0.0000
vt 0.4832 0.4220 0.0000
vt 0.4391 0.4675 0.0000
vt 0.5264 0.8752 0.0000
vt 0.4640 0.8389 0.0000
vt 0.4850 0.8107 0.0000
vt 0.5395 0.8424 0.0000
vt 0.8839 0.5071 0.0000
vt 0.9029 0.5777 0.0000
vt 0.8684 0.5825 0.0000
vt 0.8519 0.5208 0.0000
vt 0.5239 0.3571 0.0000
vt 0.5374 0.3898 0.0000
vt 0.4130 0.7874 0.0000
vt 0.4405 0.7657 0.0000
vt 0.9032 0.6509 0.0000
vt 0.8687 0.6464 0.0000
vt 0.5932 0.3378 0.0000
vt 0.5979 0.3730 0.0000
vt 0.3768 0.7242 0.0000
vt 0.4088 0.7105 0.0000
vt 0.8850 0.7217 0.0000
vt 0.8528 0.7083 0.0000
vt 0.6650 0.3375 0.0000
vt 0.6606 0.3726 0.0000
vt 0.3579 0.6536 0.0000
vt 0.3923 0.6488 0.0000
vt 0.7344 0.3561 0.0000
vt 0.7212 0.3889 0.0000
vt 0.3575 0.5804 0.0000
vt 0.3920 0.5848 0.0000
vt 0.8494 0.7853 0.0000
vt 0.8217 0.7638 0.0000
vt 0.7967 0.3924 0.0000
vt 0.7757 0.4206 0.0000
vt 0.3758 0.5096 0.0000
vt 0.4080 0.5230 0.0000
vt 0.1110 0.5781 0.0000
vt 0.1109 0.6397 0.0000
vt 0.0812 0.6396 0.0000
vt 0.0814 0.5780 0.0000
vt 0.6676 0.8935 0.0000
vt 0.5958 0.8938 0.0000
vt 0.6002 0.8586 0.0000
vt 0.6629 0.8583 0.0000
vt 0.8477 0.4439 0.0000
vt 0.8203 0.4656 0.0000
vt 0.2155 0.3503 0.0000
vt 0.2156 0.3138 0.0000
vt 0.2453 0.3139 0.0000
vt 0.2452 0.3504 0.0000
vt 0.7368 0.8742 0.0000
vt 0.7234 0.8415 0.0000
vt 0.2143 0.7773 0.0000
vt 0.2145 0.7287 0.0000
vt 0.2442 0.7288 0.0000
vt 0.2440 0.7774 0.0000
vt 0.1113 0.5095 0.0000
vt 0.1108 0.5798 0.0000
vt 0.0811 0.5796 0.0000
vt 0.0816 0.5093 0.0000
vt 0.2142 0.8592 0.0000
vt 0.2143 0.7917 0.0000
vt 0.2439 0.7917 0.0000
vt 0.2439 0.8592 0.0000
vt 0.2146 0.6687 0.0000
vt 0.2443 0.6687 0.0000
vt 0.1103 0.6481 0.0000
vt 0.0806 0.6478 0.0000
vt 0.2143 0.7215 0.0000
vt 0.2440 0.7215 0.0000
vt 0.2148 0.6012 0.0000
vt 0.2445 0.6013 0.0000
vt 0.1099 0.7097 0.0000
vt 0.0802 0.7095 0.0000
vt 0.2143 0.6532 0.0000
vt 0.2440 0.6532 0.0000
vt 0.2150 0.5310 0.0000
vt 0.2447 0.5310 0.0000
vt 0.1095 0.7605 0.0000
vt 0.0798 0.7603 0.0000
vt 0.2144 0.5916 0.0000
vt 0.2441 0.5916 0.0000
vt 0.2152 0.4627 0.0000
vt 0.2449 0.4628 0.0000
vt 0.1092 0.7970 0.0000
vt 0.0795 0.7967 0.0000
vt 0.1126 0.3335 0.0000
vt 0.1123 0.3820 0.0000
vt 0.0826 0.3818 0.0000
vt 0.0829 0.3332 0.0000
vt 0.2153 0.4011 0.0000
vt 0.2450 0.4011 0.0000
vt 0.1117 0.3721 0.0000
vt 0.1115 0.4396 0.0000
vt 0.0818 0.4395 0.0000
vt 0.0820 0.3720 0.0000
vt 0.1118 0.4421 0.0000
vt 0.0821 0.4419 0.0000
vt 0.1113 0.5098 0.0000
vt 0.0816 0.5097 0.0000
vt 0.5932 0.9144 0.0000
vt 0.5186 0.8944 0.0000
vt 0.5203 0.8904 0.0000
vt 0.5938 0.9101 0.0000
vt 0.8639 0.4312 0.0000
vt 0.9027 0.4991 0.0000
vt 0.8988 0.5007 0.0000
vt 0.8605 0.4338 0.0000
vt 0.3951 0.4335 0.0000
vt 0.4494 0.3776 0.0000
vt 0.4520 0.3811 0.0000
vt 0.3986 0.4361 0.0000
vt 0.4517 0.8555 0.0000
vt 0.4543 0.8520 0.0000
vt 0.9231 0.5749 0.0000
vt 0.9188 0.5755 0.0000
vt 0.5160 0.3380 0.0000
vt 0.5177 0.3420 0.0000
vt 0.3969 0.8001 0.0000
vt 0.4003 0.7975 0.0000
vt 0.9234 0.6535 0.0000
vt 0.9192 0.6530 0.0000
vt 0.5904 0.3172 0.0000
vt 0.5910 0.3216 0.0000
vt 0.3580 0.7322 0.0000
vt 0.3620 0.7305 0.0000
vt 0.9038 0.7296 0.0000
vt 0.8999 0.7279 0.0000
vt 0.8656 0.7978 0.0000
vt 0.8622 0.7952 0.0000
vt 0.6675 0.3169 0.0000
vt 0.6670 0.3212 0.0000
vt 0.3377 0.6564 0.0000
vt 0.3419 0.6558 0.0000
vt 0.7988 0.8373 0.0000
vt 0.7775 0.8093 0.0000
vt 0.8113 0.8537 0.0000
vt 0.7447 0.8933 0.0000
vt 0.7431 0.8893 0.0000
vt 0.8087 0.8502 0.0000
vt 0.7421 0.3368 0.0000
vt 0.7405 0.3409 0.0000
vt 0.3373 0.5778 0.0000
vt 0.3416 0.5783 0.0000
vt 0.6703 0.9140 0.0000
vt 0.6698 0.9097 0.0000
vt 0.8091 0.3758 0.0000
vt 0.8065 0.3793 0.0000
vt 0.3569 0.5017 0.0000
vt 0.3609 0.5034 0.0000
vt 0.4619 0.3864 0.0000
vt 0.5251 0.3497 0.0000
vt 0.5282 0.3574 0.0000
vt 0.4669 0.3931 0.0000
vt 0.4102 0.4386 0.0000
vt 0.4168 0.4437 0.0000
vt 0.9068 0.5769 0.0000
vt 0.9065 0.6510 0.0000
vt 0.8983 0.6499 0.0000
vt 0.8986 0.5779 0.0000
vt 0.5927 0.8940 0.0000
vt 0.5226 0.8745 0.0000
vt 0.5258 0.8667 0.0000
vt 0.5939 0.8857 0.0000
vt 0.3736 0.5026 0.0000
vt 0.3812 0.5059 0.0000
vt 0.8883 0.5052 0.0000
vt 0.8807 0.5083 0.0000
vt 0.6655 0.8944 0.0000
vt 0.6644 0.8860 0.0000
vt 0.3544 0.5742 0.0000
vt 0.3626 0.5753 0.0000
vt 0.8523 0.4408 0.0000
vt 0.8457 0.4459 0.0000
vt 0.7358 0.8755 0.0000
vt 0.7327 0.8678 0.0000
vt 0.3541 0.6483 0.0000
vt 0.3622 0.6473 0.0000
vt 0.8011 0.3881 0.0000
vt 0.7960 0.3947 0.0000
vt 0.7990 0.8388 0.0000
vt 0.7940 0.8321 0.0000
vt 0.3726 0.7200 0.0000
vt 0.3802 0.7169 0.0000
vt 0.7383 0.3507 0.0000
vt 0.7351 0.3585 0.0000
vt 0.8506 0.7866 0.0000
vt 0.8441 0.7815 0.0000
vt 0.4086 0.7844 0.0000
vt 0.4152 0.7793 0.0000
vt 0.6681 0.3312 0.0000
vt 0.6670 0.3395 0.0000
vt 0.8873 0.7226 0.0000
vt 0.8797 0.7193 0.0000
vt 0.4598 0.8371 0.0000
vt 0.4648 0.8305 0.0000
vt 0.5954 0.3308 0.0000
vt 0.5964 0.3391 0.0000
vt 0.0808 0.6683 0.0000
vt 0.0810 0.6009 0.0000
vt 0.2441 0.6490 0.0000
vt 0.2436 0.7107 0.0000
vt 0.0805 0.7214 0.0000
vt 0.0805 0.6531 0.0000
vt 0.0812 0.5306 0.0000
vt 0.2433 0.7615 0.0000
vt 0.0806 0.5915 0.0000
vt 0.0814 0.4623 0.0000
vt 0.2430 0.7979 0.0000
vt 0.2464 0.3344 0.0000
vt 0.2460 0.3830 0.0000
vt 0.0815 0.4007 0.0000
vt 0.2454 0.3725 0.0000
vt 0.2452 0.4400 0.0000
vt 0.2456 0.4431 0.0000
vt 0.0817 0.3499 0.0000
vt 0.2450 0.5102 0.0000
vt 0.2448 0.5785 0.0000
vt 0.2446 0.6401 0.0000
vt 0.2451 0.5105 0.0000
vt 0.0818 0.3134 0.0000
vt 0.0805 0.7769 0.0000
vt 0.0807 0.7284 0.0000
vt 0.2446 0.5808 0.0000
vt 0.0804 0.8591 0.0000
vt 0.0805 0.7916 0.0000
vt 0.3949 0.7107 0.0000
vt 0.4278 0.7695 0.0000
vt 0.7289 0.3734 0.0000
vt 0.6649 0.3556 0.0000
vt 0.5984 0.3552 0.0000
vt 0.5342 0.3724 0.0000
vt 0.8315 0.7715 0.0000
vt 0.8650 0.7130 0.0000
vt 0.4746 0.8176 0.0000
vt 0.4765 0.4060 0.0000
vt 0.8825 0.6477 0.0000
vt 0.5319 0.8518 0.0000
vt 0.4293 0.4537 0.0000
vt 0.8828 0.5800 0.0000
vt 0.5960 0.8696 0.0000
vt 0.3958 0.5122 0.0000
vt 0.8660 0.5145 0.0000
vt 0.6624 0.8700 0.0000
vt 0.3783 0.5775 0.0000
vt 0.8330 0.4557 0.0000
vt 0.7267 0.8528 0.0000
vt 0.3780 0.6452 0.0000
vt 0.7863 0.4076 0.0000
vt 0.7843 0.8192 0.0000
vt 0.8720 0.8028 0.0000
vt 0.8162 0.8601 0.0000
vt 0.0715 0.6379 0.0000
vt 0.0717 0.5769 0.0000
vt 0.7478 0.9008 0.0000
vt 0.2538 0.7270 0.0000
vt 0.2537 0.7751 0.0000
vt 0.6714 0.9221 0.0000
vt 0.2539 0.6676 0.0000
vt 0.5922 0.9225 0.0000
vt 0.2541 0.6009 0.0000
vt 0.5156 0.9020 0.0000
vt 0.2543 0.5314 0.0000
vt 0.4468 0.8619 0.0000
vt 0.2545 0.4638 0.0000
vt 0.3906 0.8051 0.0000
vt 0.2546 0.4029 0.0000
vt 0.3506 0.7354 0.0000
vt 0.2548 0.3526 0.0000
vt 0.3298 0.6575 0.0000
vt 0.2535 0.8580 0.0000
vt 0.2535 0.9174 0.0000
vt 0.2439 0.9193 0.0000
vt 0.3294 0.5768 0.0000
vt 0.2536 0.7913 0.0000
vt 0.3495 0.4987 0.0000
vt 0.2536 0.7218 0.0000
vt 0.3888 0.4285 0.0000
vt 0.2537 0.6543 0.0000
vt 0.4445 0.3712 0.0000
vt 0.2537 0.5933 0.0000
vt 0.5129 0.3305 0.0000
vt 0.0729 0.3836 0.0000
vt 0.0733 0.3355 0.0000
vt 0.5893 0.3092 0.0000
vt 0.0725 0.4430 0.0000
vt 0.6685 0.3088 0.0000
vt 0.0720 0.5097 0.0000
vt 0.7451 0.3293 0.0000
vt 0.0715 0.5792 0.0000
vt 0.8139 0.3693 0.0000
vt 0.0710 0.6467 0.0000
vt 0.8702 0.4262 0.0000
vt 0.0705 0.7077 0.0000
vt 0.9101 0.4959 0.0000
vt 0.0702 0.7579 0.0000
vt 0.9310 0.5738 0.0000
vt 0.0723 0.3732 0.0000
vt 0.0725 0.3137 0.0000
vt 0.0822 0.3120 0.0000
vt 0.9322 0.6545 0.0000
vt 0.0721 0.4399 0.0000
vt 0.9121 0.7326 0.0000
vt 0.0719 0.5094 0.0000
vt 0.8560 0.7904 0.0000
vt 0.8039 0.8439 0.0000
vt 0.7400 0.8819 0.0000
vt 0.6687 0.9018 0.0000
vt 0.5948 0.9022 0.0000
vt 0.5232 0.8830 0.0000
vt 0.4590 0.8456 0.0000
vt 0.4065 0.7926 0.0000
vt 0.3692 0.7275 0.0000
vt 0.3497 0.6547 0.0000
vt 0.3493 0.5793 0.0000
vt 0.3681 0.5064 0.0000
vt 0.4048 0.4409 0.0000
vt 0.4568 0.3874 0.0000
vt 0.5207 0.3493 0.0000
vt 0.5920 0.3295 0.0000
vt 0.6660 0.3291 0.0000
vt 0.7375 0.3483 0.0000
vt 0.8017 0.3857 0.0000
vt 0.8543 0.4387 0.0000
vt 0.8916 0.5038 0.0000
vt 0.9111 0.5766 0.0000
vt 0.9114 0.6520 0.0000
vt 0.8926 0.7249 0.0000
vt 0.5215 0.3408 0.0000
vt 0.5942 0.3213 0.0000
vt 0.6694 0.3217 0.0000
vt 0.4562 0.3788 0.0000
vt 0.0718 0.7262 0.0000
vt 0.0720 0.6669 0.0000
vt 0.4028 0.4327 0.0000
vt 0.0722 0.6003 0.0000
vt 0.3649 0.4989 0.0000
vt 0.0723 0.5309 0.0000
vt 0.3451 0.5729 0.0000
vt 0.0725 0.4636 0.0000
vt 0.3447 0.6495 0.0000
vt 0.0727 0.4027 0.0000
vt 0.3638 0.7237 0.0000
vt 0.0728 0.3526 0.0000
vt 0.4011 0.7902 0.0000
vt 0.0804 0.9192 0.0000
vt 0.0715 0.9170 0.0000
vt 0.0716 0.8577 0.0000
vt 0.4540 0.8447 0.0000
vt 0.0716 0.7911 0.0000
vt 0.5189 0.8833 0.0000
vt 0.0716 0.7218 0.0000
vt 0.5915 0.9035 0.0000
vt 0.0717 0.6544 0.0000
vt 0.6666 0.9039 0.0000
vt 0.0717 0.5935 0.0000
vt 0.7394 0.8844 0.0000
vt 0.2552 0.3373 0.0000
vt 0.2549 0.3852 0.0000
vt 0.8046 0.8464 0.0000
vt 0.2545 0.4445 0.0000
vt 0.8581 0.7925 0.0000
vt 0.2540 0.5111 0.0000
vt 0.8960 0.7263 0.0000
vt 0.2535 0.5805 0.0000
vt 0.9158 0.6523 0.0000
vt 0.2530 0.6479 0.0000
vt 0.9161 0.5757 0.0000
vt 0.2525 0.7087 0.0000
vt 0.8970 0.5015 0.0000
vt 0.2521 0.7588 0.0000
vt 0.8598 0.4350 0.0000
vt 0.2456 0.3124 0.0000
vt 0.2545 0.3146 0.0000
vt 0.2543 0.3739 0.0000
vt 0.8069 0.3805 0.0000
vt 0.2541 0.4405 0.0000
vt 0.7419 0.3419 0.0000
vt 0.2539 0.5099 0.0000
vt 0.2537 0.5773 0.0000
vt 0.2535 0.6381 0.0000
vt 0.0717 0.7742 0.0000
vt 0.5184 0.3329 0.0000
vt 0.5932 0.3129 0.0000
vt 0.5161 0.3274 0.0000
vt 0.5924 0.3069 0.0000
vt 0.4512 0.3720 0.0000
vt 0.4476 0.3672 0.0000
vt 0.3962 0.4275 0.0000
vt 0.3916 0.4238 0.0000
vt 0.3572 0.4956 0.0000
vt 0.3518 0.4933 0.0000
vt 0.3368 0.5717 0.0000
vt 0.3310 0.5709 0.0000
vt 0.3365 0.6506 0.0000
vt 0.3306 0.6513 0.0000
vt 0.3561 0.7269 0.0000
vt 0.3507 0.7291 0.0000
vt 0.3945 0.7954 0.0000
vt 0.3898 0.7990 0.0000
vt 0.4489 0.8514 0.0000
vt 0.4453 0.8561 0.0000
vt 0.5157 0.8912 0.0000
vt 0.5134 0.8967 0.0000
vt 0.5903 0.9120 0.0000
vt 0.5895 0.9179 0.0000
vt 0.6677 0.9123 0.0000
vt 0.6684 0.9183 0.0000
vt 0.7425 0.8923 0.0000
vt 0.7447 0.8978 0.0000
vt 0.8097 0.8532 0.0000
vt 0.8132 0.8580 0.0000
vt 0.8646 0.7977 0.0000
vt 0.8693 0.8014 0.0000
vt 0.9036 0.7296 0.0000
vt 0.9091 0.7319 0.0000
vt 0.9240 0.6535 0.0000
vt 0.9299 0.6543 0.0000
vt 0.9244 0.5746 0.0000
vt 0.9302 0.5739 0.0000
vt 0.9047 0.4983 0.0000
vt 0.9102 0.4961 0.0000
vt 0.8664 0.4298 0.0000
vt 0.8711 0.4262 0.0000
vt 0.8120 0.3738 0.0000
vt 0.8156 0.3690 0.0000
vt 0.7451 0.3340 0.0000
vt 0.7474 0.3285 0.0000
vt 0.6705 0.3132 0.0000
vt 0.6713 0.3073 0.0000
# 432 texture coords

o LlantaCopiloto001
g LlantaCopiloto001
usemtl 01___Default
s off
f 4/4/4 3/3/3 2/2/2 1/1/1 
f 8/8/8 7/7/7 6/6/6 5/5/5 
f 12/12/12 11/11/11 10/10/10 9/9/9 
f 3/3/3 14/14/14 13/13/13 2/2/2 
f 7/7/7 16/16/16 15/15/15 6/6/6 
f 11/11/11 18/18/18 17/17/17 10/10/10 
f 14/14/14 20/20/20 19/19/19 13/13/13 
f 16/16/16 22/22/22 21/21/21 15/15/15 
f 18/18/18 24/24/24 23/23/23 17/17/17 
f 20/20/20 26/26/26 25/25/25 19/19/19 
f 22/22/22 28/28/28 27/27/27 21/21/21 
f 26/26/26 30/30/30 29/29/29 25/25/25 
f 28/28/28 32/32/32 31/31/31 27/27/27 
f 24/24/24 34/34/34 33/33/33 23/23/23 
f 30/30/30 36/36/36 35/35/35 29/29/29 
f 32/32/32 38/38/38 37/37/37 31/31/31 
f 42/42/42 41/41/41 40/40/40 39/39/39 
f 46/46/46 45/45/45 44/44/44 43/43/43 
f 36/36/36 48/48/48 47/47/47 35/35/35 
f 38/38/38 4/4/4 1/1/1 37/37/37 
f 45/45/45 8/8/8 5/5/5 44/44/44 
f 48/48/48 12/12/12 9/9/9 47/47/47 
f 52/52/52 51/51/51 50/50/50 49/49/49 
f 54/54/54 46/46/46 43/43/43 53/53/53 
f 41/58/41 56/57/56 55/56/55 40/55/40 
f 60/62/60 59/61/59 58/60/58 57/59/57 
f 51/66/51 62/65/62 61/64/61 50/63/50 
f 56/57/56 64/68/64 63/67/63 55/56/55 
f 59/61/59 66/70/66 65/69/65 58/60/58 
f 62/65/62 68/72/68 67/71/67 61/64/61 
f 64/68/64 70/74/70 69/73/69 63/67/63 
f 66/70/66 72/76/72 71/75/71 65/69/65 
f 68/72/68 74/78/74 73/77/73 67/71/67 
f 70/74/70 76/80/76 75/79/75 69/73/69 
f 72/76/72 78/82/78 77/81/77 71/75/71 
f 74/78/74 80/84/80 79/83/79 73/77/73 
f 76/80/76 82/86/82 81/85/81 75/79/75 
f 78/82/78 84/88/84 83/87/83 77/81/77 
f 80/92/80 86/91/86 85/90/85 79/89/79 
f 82/86/82 88/94/88 87/93/87 81/85/81 
f 84/98/84 90/97/90 89/96/89 83/95/83 
f 86/91/86 92/100/92 91/99/91 85/90/85 
f 88/94/88 52/52/52 49/49/49 87/93/87 
f 90/97/90 94/102/94 93/101/93 89/96/89 
f 94/102/94 42/42/42 39/39/39 93/101/93 
f 92/100/92 60/62/60 57/59/57 91/99/91 
f 98/106/98 97/105/97 96/104/96 95/103/95 
f 102/110/102 101/109/101 100/108/100 99/107/99 
f 106/114/106 105/113/105 104/112/104 103/111/103 
f 97/105/97 108/116/108 107/115/107 96/104/96 
f 101/109/101 110/118/110 109/117/109 100/108/100 
f 105/113/105 112/120/112 111/119/111 104/112/104 
f 108/116/108 114/122/114 113/121/113 107/115/107 
f 110/118/110 116/124/116 115/123/115 109/117/109 
f 112/120/112 118/126/118 117/125/117 111/119/111 
f 114/122/114 120/128/120 119/127/119 113/121/113 
f 116/124/116 122/130/122 121/129/121 115/123/115 
f 122/130/122 124/132/124 123/131/123 121/129/121 
f 118/126/118 126/134/126 125/133/125 117/125/117 
f 120/128/120 128/136/128 127/135/127 119/127/119 
f 130/138/130 54/54/54 53/53/53 129/137/129 
f 134/142/134 133/141/133 132/140/132 131/139/131 
f 126/134/126 136/144/136 135/143/135 125/133/125 
f 128/136/128 138/146/138 137/145/137 127/135/127 
f 133/141/133 140/148/140 139/147/139 132/140/132 
f 136/144/136 142/150/142 141/149/141 135/143/135 
f 138/146/138 144/152/144 143/151/143 137/145/137 
f 140/148/140 98/106/98 95/103/95 139/147/139 
f 142/150/142 102/110/102 99/107/99 141/149/141 
f 144/152/144 106/114/106 103/111/103 143/151/143 
f 148/156/148 147/155/147 146/154/146 145/153/145 
f 150/158/150 148/156/148 145/153/145 149/157/149 
f 154/162/154 153/161/153 152/160/152 151/159/151 
f 158/166/158 157/165/157 156/164/156 155/163/155 
f 160/168/160 150/158/150 149/157/149 159/167/159 
f 162/170/162 154/162/154 151/159/151 161/169/161 
f 164/172/164 158/166/158 155/163/155 163/171/163 
f 166/174/166 160/168/160 159/167/159 165/173/165 
f 168/176/168 162/170/162 161/169/161 167/175/167 
f 170/178/170 164/172/164 163/171/163 169/177/169 
f 172/180/172 166/174/166 165/173/165 171/179/171 
f 174/182/174 168/176/168 167/175/167 173/181/173 
f 176/184/176 170/178/170 169/177/169 175/183/175 
f 178/186/178 172/180/172 171/179/171 177/185/177 
f 180/188/180 174/182/174 173/181/173 179/187/179 
f 182/190/182 176/184/176 175/183/175 181/189/181 
f 184/192/184 178/186/178 177/185/177 183/191/183 
f 186/194/186 180/188/180 179/187/179 185/193/185 
f 188/196/188 182/190/182 181/189/181 187/195/187 
f 190/198/190 184/192/184 183/191/183 189/197/189 
f 192/200/192 186/194/186 185/193/185 191/199/191 
f 153/161/153 188/196/188 187/195/187 152/160/152 
f 157/165/157 190/198/190 189/197/189 156/164/156 
f 194/202/194 193/201/193 63/67/63 69/73/69 
f 196/204/196 195/203/195 65/69/65 71/75/71 
f 198/206/198 197/205/197 67/71/67 73/77/73 
f 199/207/199 194/202/194 69/73/69 75/79/75 
f 200/208/200 196/204/196 71/75/71 77/81/77 
f 201/209/201 198/206/198 73/77/73 79/83/79 
f 202/210/202 199/207/199 75/79/75 81/85/81 
f 203/211/203 200/208/200 77/81/77 83/87/83 
f 204/213/204 201/212/201 79/89/79 85/90/85 
f 205/214/205 202/210/202 81/85/81 87/93/87 
f 206/216/206 203/215/203 83/95/83 89/96/89 
f 207/217/207 204/213/204 85/90/85 91/99/91 
f 208/218/208 205/214/205 87/93/87 49/49/49 
f 209/219/209 206/216/206 89/96/89 93/101/93 
f 211/221/211 210/220/210 39/39/39 40/40/40 
f 212/222/212 207/217/207 91/99/91 57/59/57 
f 213/223/213 208/218/208 49/49/49 50/50/50 
f 210/220/210 209/219/209 93/101/93 39/39/39 
f 214/225/214 211/224/211 40/55/40 55/56/55 
f 215/226/215 212/222/212 57/59/57 58/60/58 
f 216/228/216 213/227/213 50/63/50 61/64/61 
f 193/201/193 214/225/214 55/56/55 63/67/63 
f 195/203/195 215/226/215 58/60/58 65/69/65 
f 197/205/197 216/228/216 61/64/61 67/71/67 
f 218/230/218 217/229/217 178/186/178 184/192/184 
f 220/232/220 219/231/219 180/188/180 186/194/186 
f 222/234/222 221/233/221 192/200/192 147/155/147 
f 224/236/224 223/235/223 182/190/182 188/196/188 
f 225/237/225 218/230/218 184/192/184 190/198/190 
f 221/233/221 220/232/220 186/194/186 192/200/192 
f 226/238/226 222/234/222 147/155/147 148/156/148 
f 227/239/227 224/236/224 188/196/188 153/161/153 
f 228/240/228 225/237/225 190/198/190 157/165/157 
f 229/241/229 226/238/226 148/156/148 150/158/150 
f 230/242/230 227/239/227 153/161/153 154/162/154 
f 231/243/231 228/240/228 157/165/157 158/166/158 
f 232/244/232 229/241/229 150/158/150 160/168/160 
f 233/245/233 230/242/230 154/162/154 162/170/162 
f 234/246/234 231/243/231 158/166/158 164/172/164 
f 235/247/235 232/244/232 160/168/160 166/174/166 
f 236/248/236 233/245/233 162/170/162 168/176/168 
f 237/249/237 234/246/234 164/172/164 170/178/170 
f 238/250/238 235/247/235 166/174/166 172/180/172 
f 239/251/239 236/248/236 168/176/168 174/182/174 
f 240/252/240 237/249/237 170/178/170 176/184/176 
f 217/229/217 238/250/238 172/180/172 178/186/178 
f 219/231/219 239/251/239 174/182/174 180/188/180 
f 223/235/223 240/252/240 176/184/176 182/190/182 
f 242/254/242 241/253/241 123/131/123 131/139/131 
f 41/41/41 42/42/42 241/256/241 242/255/242 
f 243/257/243 242/254/242 131/139/131 132/140/132 
f 56/57/56 41/58/41 242/259/242 243/258/243 
f 244/260/244 243/257/243 132/140/132 139/147/139 
f 64/68/64 56/57/56 243/258/243 244/261/244 
f 245/262/245 244/260/244 139/147/139 95/103/95 
f 70/74/70 64/68/64 244/261/244 245/263/245 
f 246/264/246 245/262/245 95/103/95 96/104/96 
f 76/80/76 70/74/70 245/263/245 246/265/246 
f 247/266/247 246/264/246 96/104/96 107/115/107 
f 82/86/82 76/80/76 246/265/246 247/267/247 
f 248/268/248 247/266/247 107/115/107 113/121/113 
f 88/94/88 82/86/82 247/267/247 248/269/248 
f 249/270/249 248/268/248 113/121/113 119/127/119 
f 52/52/52 88/94/88 248/269/248 249/271/249 
f 250/272/250 249/270/249 119/127/119 127/135/127 
f 51/66/51 52/275/52 249/274/249 250/273/250 
f 251/276/251 250/272/250 127/135/127 137/145/137 
f 62/65/62 51/66/51 250/273/250 251/277/251 
f 252/278/252 251/276/251 137/145/137 143/151/143 
f 68/72/68 62/65/62 251/277/251 252/279/252 
f 253/280/253 252/278/252 143/151/143 103/111/103 
f 74/78/74 68/72/68 252/279/252 253/281/253 
f 254/282/254 253/280/253 103/111/103 104/112/104 
f 80/84/80 74/78/74 253/281/253 254/283/254 
f 255/284/255 254/282/254 104/112/104 111/119/111 
f 86/91/86 80/92/80 254/286/254 255/285/255 
f 256/287/256 255/284/255 111/119/111 117/125/117 
f 92/100/92 86/91/86 255/285/255 256/288/256 
f 257/289/257 256/287/256 117/125/117 125/133/125 
f 60/62/60 92/100/92 256/288/256 257/290/257 
f 258/291/258 257/289/257 125/133/125 135/143/135 
f 59/61/59 60/62/60 257/290/257 258/292/258 
f 259/293/259 258/291/258 135/143/135 141/149/141 
f 66/70/66 59/61/59 258/292/258 259/294/259 
f 260/295/260 259/293/259 141/149/141 99/107/99 
f 72/76/72 66/70/66 259/294/259 260/296/260 
f 261/297/261 260/295/260 99/107/99 100/108/100 
f 78/82/78 72/76/72 260/296/260 261/298/261 
f 262/299/262 261/297/261 100/108/100 109/117/109 
f 84/98/84 78/302/78 261/301/261 262/300/262 
f 263/303/263 262/299/262 109/117/109 115/123/115 
f 90/97/90 84/98/84 262/300/262 263/304/263 
f 264/305/264 263/303/263 115/123/115 121/129/121 
f 94/102/94 90/97/90 263/304/263 264/306/264 
f 241/253/241 264/305/264 121/129/121 123/131/123 
f 42/42/42 94/102/94 264/306/264 241/256/241 
f 34/34/34 130/138/130 129/137/129 33/33/33 
f 266/308/266 265/307/265 33/33/33 129/137/129 
f 134/142/134 124/132/124 265/307/265 266/308/266 
f 267/309/267 266/308/266 129/137/129 53/53/53 
f 133/141/133 134/142/134 266/308/266 267/309/267 
f 268/310/268 267/309/267 53/53/53 43/43/43 
f 140/148/140 133/141/133 267/309/267 268/310/268 
f 269/311/269 268/310/268 43/43/43 44/44/44 
f 98/106/98 140/148/140 268/310/268 269/311/269 
f 270/312/270 269/311/269 44/44/44 5/5/5 
f 97/105/97 98/106/98 269/311/269 270/312/270 
f 271/313/271 270/312/270 5/5/5 6/6/6 
f 108/116/108 97/105/97 270/312/270 271/313/271 
f 272/314/272 271/313/271 6/6/6 15/15/15 
f 114/122/114 108/116/108 271/313/271 272/314/272 
f 273/315/273 272/314/272 15/15/15 21/21/21 
f 120/128/120 114/122/114 272/314/272 273/315/273 
f 274/316/274 273/315/273 21/21/21 27/27/27 
f 128/136/128 120/128/120 273/315/273 274/316/274 
f 275/317/275 274/316/274 27/27/27 31/31/31 
f 138/146/138 128/136/128 274/316/274 275/317/275 
f 276/318/276 275/317/275 31/31/31 37/37/37 
f 144/152/144 138/146/138 275/317/275 276/318/276 
f 277/319/277 276/318/276 37/37/37 1/1/1 
f 106/114/106 144/152/144 276/318/276 277/319/277 
f 278/320/278 277/319/277 1/1/1 2/2/2 
f 105/113/105 106/114/106 277/319/277 278/320/278 
f 279/321/279 278/320/278 2/2/2 13/13/13 
f 112/120/112 105/113/105 278/320/278 279/321/279 
f 280/322/280 279/321/279 13/13/13 19/19/19 
f 118/126/118 112/120/112 279/321/279 280/322/280 
f 281/323/281 280/322/280 19/19/19 25/25/25 
f 126/134/126 118/126/118 280/322/280 281/323/281 
f 282/324/282 281/323/281 25/25/25 29/29/29 
f 136/144/136 126/134/126 281/323/281 282/324/282 
f 283/325/283 282/324/282 29/29/29 35/35/35 
f 142/150/142 136/144/136 282/324/282 283/325/283 
f 284/326/284 283/325/283 35/35/35 47/47/47 
f 102/110/102 142/150/142 283/325/283 284/326/284 
f 285/327/285 284/326/284 47/47/47 9/9/9 
f 101/109/101 102/110/102 284/326/284 285/327/285 
f 286/328/286 285/327/285 9/9/9 10/10/10 
f 110/118/110 101/109/101 285/327/285 286/328/286 
f 287/329/287 286/328/286 10/10/10 17/17/17 
f 116/124/116 110/118/110 286/328/286 287/329/287 
f 288/330/288 287/329/287 17/17/17 23/23/23 
f 122/130/122 116/124/116 287/329/287 288/330/288 
f 265/307/265 288/330/288 23/23/23 33/33/33 
f 124/132/124 122/130/122 288/330/288 265/307/265 
f 124/132/124 134/142/134 131/139/131 123/131/123 
f 146/154/146 191/199/191 290/332/290 289/331/289 
f 191/199/191 185/193/185 291/333/291 290/332/290 
f 145/153/145 146/154/146 289/331/289 292/334/292 
f 294/336/294 293/335/293 214/225/214 193/201/193 
f 149/157/149 145/153/145 292/334/292 295/337/295 
f 296/338/296 294/336/294 193/201/193 194/202/194 
f 159/167/159 149/157/149 295/337/295 297/339/297 
f 298/340/298 296/338/296 194/202/194 199/207/199 
f 165/173/165 159/167/159 297/339/297 299/341/299 
f 300/342/300 298/340/298 199/207/199 202/210/202 
f 171/179/171 165/173/165 299/341/299 301/343/301 
f 302/344/302 300/342/300 202/210/202 205/214/205 
f 177/185/177 171/179/171 301/343/301 303/345/303 
f 304/346/304 302/344/302 205/214/205 208/218/208 
f 183/191/183 177/185/177 303/345/303 305/347/305 
f 306/350/306 304/349/304 208/348/208 213/227/213 
f 189/197/189 183/191/183 305/347/305 307/351/307 
f 308/352/308 306/350/306 213/227/213 216/228/216 
f 156/164/156 189/197/189 307/351/307 309/353/309 
f 310/354/310 308/352/308 216/228/216 197/205/197 
f 155/163/155 156/164/156 309/353/309 311/355/311 
f 312/356/312 310/354/310 197/205/197 198/206/198 
f 163/171/163 155/163/155 311/355/311 313/357/313 
f 314/358/314 312/356/312 198/206/198 201/209/201 
f 169/177/169 163/171/163 313/357/313 315/359/315 
f 316/361/316 314/360/314 201/212/201 204/213/204 
f 175/183/175 169/177/169 315/359/315 317/362/317 
f 318/363/318 316/361/316 204/213/204 207/217/207 
f 181/189/181 175/183/175 317/362/317 319/364/319 
f 320/365/320 318/363/318 207/217/207 212/222/212 
f 187/195/187 181/189/181 319/364/319 321/366/321 
f 322/367/322 320/365/320 212/222/212 215/226/215 
f 152/160/152 187/195/187 321/366/321 323/368/323 
f 324/369/324 322/367/322 215/226/215 195/203/195 
f 151/159/151 152/160/152 323/368/323 325/370/325 
f 326/371/326 324/369/324 195/203/195 196/204/196 
f 161/169/161 151/159/151 325/370/325 327/372/327 
f 328/373/328 326/371/326 196/204/196 200/208/200 
f 167/175/167 161/169/161 327/372/327 329/374/329 
f 330/377/330 328/376/328 200/375/200 203/215/203 
f 173/181/173 167/175/167 329/374/329 331/378/331 
f 332/379/332 330/377/330 203/215/203 206/216/206 
f 179/187/179 173/181/173 331/378/331 333/380/333 
f 334/381/334 332/379/332 206/216/206 209/219/209 
f 185/193/185 179/187/179 333/380/333 291/333/291 
f 336/383/336 335/382/335 210/220/210 211/221/211 
f 293/335/293 336/384/336 211/224/211 214/225/214 
f 147/155/147 192/200/192 191/199/191 146/154/146 
f 338/386/338 337/385/337 289/331/289 290/332/290 
f 335/388/335 336/387/336 337/385/337 338/386/338 
f 337/385/337 339/389/339 292/334/292 289/331/289 
f 336/387/336 293/390/293 339/389/339 337/385/337 
f 339/389/339 340/391/340 295/337/295 292/334/292 
f 293/390/293 294/392/294 340/391/340 339/389/339 
f 340/391/340 341/393/341 297/339/297 295/337/295 
f 294/392/294 296/394/296 341/393/341 340/391/340 
f 341/393/341 342/395/342 299/341/299 297/339/297 
f 296/394/296 298/396/298 342/395/342 341/393/341 
f 342/395/342 343/397/343 301/343/301 299/341/299 
f 298/396/298 300/398/300 343/397/343 342/395/342 
f 343/397/343 344/399/344 303/345/303 301/343/301 
f 300/398/300 302/400/302 344/399/344 343/397/343 
f 344/399/344 345/401/345 305/347/305 303/345/303 
f 302/400/302 304/402/304 345/401/345 344/399/344 
f 345/401/345 346/403/346 307/351/307 305/347/305 
f 304/402/304 306/404/306 346/403/346 345/401/345 
f 346/403/346 347/405/347 309/353/309 307/351/307 
f 306/404/306 308/406/308 347/405/347 346/403/346 
f 347/405/347 348/407/348 311/355/311 309/353/309 
f 308/406/308 310/408/310 348/407/348 347/405/347 
f 348/407/348 349/409/349 313/357/313 311/355/311 
f 310/408/310 312/410/312 349/409/349 348/407/348 
f 349/409/349 350/411/350 315/359/315 313/357/313 
f 312/410/312 314/412/314 350/411/350 349/409/349 
f 350/411/350 351/413/351 317/362/317 315/359/315 
f 314/412/314 316/414/316 351/413/351 350/411/350 
f 351/413/351 352/415/352 319/364/319 317/362/317 
f 316/414/316 318/416/318 352/415/352 351/413/351 
f 352/415/352 353/417/353 321/366/321 319/364/319 
f 318/416/318 320/418/320 353/417/353 352/415/352 
f 353/417/353 354/419/354 323/368/323 321/366/321 
f 320/418/320 322/420/322 354/419/354 353/417/353 
f 354/419/354 355/421/355 325/370/325 323/368/323 
f 322/420/322 324/422/324 355/421/355 354/419/354 
f 355/421/355 356/423/356 327/372/327 325/370/325 
f 324/422/324 326/424/326 356/423/356 355/421/355 
f 356/423/356 357/425/357 329/374/329 327/372/327 
f 326/424/326 328/426/328 357/425/357 356/423/356 
f 357/425/357 358/427/358 331/378/331 329/374/329 
f 328/426/328 330/428/330 358/427/358 357/425/357 
f 358/427/358 359/429/359 333/380/333 331/378/331 
f 330/428/330 332/430/332 359/429/359 358/427/358 
f 359/429/359 360/431/360 291/333/291 333/380/333 
f 332/430/332 334/432/334 360/431/360 359/429/359 
f 360/431/360 338/386/338 290/332/290 291/333/291 
f 334/432/334 335/388/335 338/386/338 360/431/360 
f 335/382/335 334/381/334 209/219/209 210/220/210 
# 336 polygons

#
# object RinCopiloto001
#

v  0.3532 0.0670 0.7074
v  0.3532 0.2258 0.7069
v  0.3532 0.2341 0.6856
v  0.3532 0.0752 0.6862
v  0.1609 -0.6241 0.7273
v  0.3771 -0.6241 0.7273
v  0.3771 -0.7586 0.6035
v  0.1609 -0.7586 0.6035
v  0.3771 0.0670 0.7074
v  0.3771 -0.0303 0.9579
v  0.3771 0.1525 0.9573
v  0.3771 0.2497 0.7068
v  0.1609 -0.2113 0.6567
v  0.1609 -0.3086 0.9071
v  0.1609 -0.3845 0.8776
v  0.1609 -0.2873 0.6272
v  0.1609 -0.0303 0.9579
v  0.1609 0.1525 0.9573
v  0.1609 -0.6613 0.3530
v  0.3771 -0.6613 0.3530
v  0.1609 0.2497 0.7068
v  0.1609 -0.5269 0.4768
v  0.3771 -0.5269 0.4768
v  0.3771 -0.2873 0.6272
v  0.3771 -0.3845 0.8776
v  0.3771 -0.3086 0.9071
v  0.3771 -0.2113 0.6567
v  0.1848 -0.2873 0.6272
v  0.1848 -0.4121 0.5619
v  0.1848 -0.4038 0.5407
v  0.1848 -0.2790 0.6059
v  0.1609 0.0670 0.7074
v  0.1609 -0.1724 0.9432
v  0.1609 -0.0752 0.6927
v  0.1609 -0.4121 0.5619
v  0.1609 -0.5094 0.8124
v  0.1848 0.2258 0.7069
v  0.1848 0.0670 0.7074
v  0.1848 0.0752 0.6862
v  0.1848 0.2341 0.6856
v  0.1848 -0.5269 0.4768
v  0.1848 -0.5186 0.4555
v  0.3771 -0.5094 0.8124
v  0.3771 -0.4121 0.5619
v  0.3771 -0.0752 0.6927
v  0.3771 -0.1724 0.9432
v  0.3532 -0.2873 0.6272
v  0.3532 -0.2113 0.6567
v  0.3532 -0.2030 0.6354
v  0.3532 -0.2790 0.6059
v  0.1848 -0.0752 0.6927
v  0.1848 -0.2113 0.6567
v  0.1848 -0.2030 0.6354
v  0.1848 -0.0669 0.6715
v  0.3532 -0.6437 0.3692
v  0.1848 -0.6437 0.3692
v  0.3532 -0.4121 0.5619
v  0.3532 -0.5269 0.4768
v  0.3532 -0.0752 0.6927
v  0.3532 -0.5186 0.4555
v  0.1848 -0.6355 0.3480
v  0.3532 -0.6355 0.3480
v  0.3532 -0.4038 0.5407
v  0.3532 -0.0669 0.6715
v  0.4762 0.6143 1.0639
v  0.4762 0.3180 1.1867
v  0.5923 0.3226 1.2039
v  0.5923 0.6232 1.0794
v  0.4762 -1.1867 0.3180
v  0.4762 -1.2285 -0.0000
v  0.5923 -1.2464 -0.0000
v  0.5923 -1.2039 0.3226
v  0.4762 0.6143 -1.0639
v  0.4762 0.8687 -0.8687
v  0.5923 0.8814 -0.8814
v  0.5923 0.6232 -1.0794
v  0.4762 0.8687 0.8687
v  0.5923 0.8814 0.8813
v  0.4762 -1.0639 0.6143
v  0.5923 -1.0794 0.6232
v  0.4762 0.3180 -1.1867
v  0.5923 0.3226 -1.2039
v  0.4762 -0.3180 -1.1867
v  0.4762 0.0000 -1.2285
v  0.5923 0.0000 -1.2464
v  0.5923 -0.3226 -1.2039
v  0.4762 1.0639 0.6143
v  0.5923 1.0794 0.6232
v  0.4762 -0.8687 0.8687
v  0.5923 -0.8813 0.8813
v  0.4762 -0.6143 -1.0639
v  0.5923 -0.6232 -1.0794
v  0.4762 1.1867 0.3180
v  0.5923 1.2039 0.3226
v  0.4762 -0.6143 1.0639
v  0.5923 -0.6232 1.0794
v  0.4762 -0.8687 -0.8687
v  0.5923 -0.8813 -0.8814
v  0.4762 1.2285 -0.0000
v  0.5923 1.2464 -0.0000
v  0.4762 -0.3180 1.1867
v  0.5923 -0.3226 1.2039
v  0.4762 -1.0639 -0.6143
v  0.5923 -1.0794 -0.6232
v  0.4762 1.1867 -0.3180
v  0.5923 1.2039 -0.3226
v  0.4762 0.0000 1.2285
v  0.5923 0.0000 1.2464
v  0.4762 -1.1867 -0.3180
v  0.5923 -1.2039 -0.3226
v  0.4762 1.0639 -0.6143
v  0.5923 1.0794 -0.6232
v  0.6685 1.1218 0.6476
v  0.6685 1.2512 0.3352
v  0.6685 -0.9159 0.9159
v  0.6685 -0.6476 1.1218
v  0.6685 -0.6476 -1.1218
v  0.6685 -0.9159 -0.9159
v  0.6685 1.2953 -0.0000
v  0.6685 -0.3352 1.2512
v  0.6685 -1.1218 -0.6476
v  0.6685 1.2512 -0.3352
v  0.6685 0.0000 1.2953
v  0.6685 -1.2512 -0.3352
v  0.6685 1.1218 -0.6476
v  0.6685 0.3352 1.2512
v  0.6685 -1.2953 -0.0000
v  0.6685 0.9159 -0.9159
v  0.6685 0.6476 1.1218
v  0.6685 -1.2512 0.3352
v  0.6685 0.6476 -1.1218
v  0.6685 0.9159 0.9159
v  0.6685 -1.1218 0.6476
v  0.6685 0.3352 -1.2512
v  0.6685 0.0000 -1.2953
v  0.6685 -0.3352 -1.2512
v  0.7116 -1.3093 -0.3508
v  0.7116 -1.3555 -0.0000
v  0.7116 1.1739 -0.6777
v  0.7116 0.9585 -0.9585
v  0.7116 0.3508 1.3093
v  0.7116 0.6777 1.1739
v  0.7116 -1.3093 0.3508
v  0.7116 0.6777 -1.1739
v  0.7116 0.9585 0.9585
v  0.7116 -1.1739 0.6777
v  0.7116 0.3508 -1.3093
v  0.7116 0.0000 -1.3555
v  0.7116 -0.3508 -1.3093
v  0.7116 1.1739 0.6777
v  0.7116 -0.9585 0.9585
v  0.7116 -0.6777 -1.1739
v  0.7116 1.3093 0.3508
v  0.7116 -0.6777 1.1739
v  0.7116 -0.9585 -0.9585
v  0.7116 1.3555 -0.0000
v  0.7116 -0.3508 1.3093
v  0.7116 -1.1739 -0.6777
v  0.7116 1.3093 -0.3508
v  0.7116 0.0000 1.3555
v  0.7137 -1.0069 1.0069
v  0.7137 -0.7120 1.2331
v  0.7137 -0.7120 -1.2331
v  0.7137 -1.0069 -1.0069
v  0.7137 1.3754 0.3685
v  0.7137 1.4239 -0.0000
v  0.7137 -0.3685 1.3754
v  0.7137 -1.2331 -0.7120
v  0.7137 1.3754 -0.3685
v  0.7137 0.0000 1.4239
v  0.7137 -1.3754 -0.3685
v  0.7137 1.2331 -0.7120
v  0.7137 0.3685 1.3754
v  0.7137 -1.4239 -0.0000
v  0.7137 1.0069 -1.0069
v  0.7137 0.7120 1.2331
v  0.7137 -1.3754 0.3685
v  0.7137 0.7120 -1.2331
v  0.7137 1.0069 1.0069
v  0.7137 -1.2331 0.7120
v  0.7137 0.3685 -1.3754
v  0.7137 0.0000 -1.4239
v  0.7137 -0.3685 -1.3754
v  0.7137 1.2331 0.7120
v  0.4177 -1.0107 -0.5835
v  0.4177 -0.8252 -0.8252
v  0.4177 1.1273 -0.3021
v  0.4177 1.1671 -0.0000
v  0.4177 0.0000 1.1670
v  0.4177 -0.3021 1.1273
v  0.4177 -1.1273 -0.3021
v  0.4177 1.0107 -0.5835
v  0.4177 0.3021 1.1273
v  0.4177 -1.1671 -0.0000
v  0.4177 0.8252 -0.8252
v  0.4177 0.5835 1.0107
v  0.4177 -1.1273 0.3021
v  0.4177 0.5835 -1.0107
v  0.4177 0.8252 0.8252
v  0.4177 -1.0107 0.5835
v  0.4177 0.3021 -1.1273
v  0.4177 -0.3021 -1.1273
v  0.4177 0.0000 -1.1671
v  0.4177 1.0107 0.5835
v  0.4177 -0.8252 0.8252
v  0.4177 -0.5835 -1.0107
v  0.4177 1.1273 0.3021
v  0.4177 -0.5835 1.0107
v  -0.4899 -0.5835 1.0107
v  -0.4899 -0.8252 0.8252
v  -0.4899 -0.8252 -0.8252
v  -0.4899 -0.5835 -1.0107
v  -0.4899 1.1671 -0.0000
v  -0.4899 1.1273 0.3021
v  -0.4899 -0.3021 1.1273
v  -0.4899 -1.0107 -0.5835
v  -0.4899 1.1273 -0.3021
v  -0.4899 0.0000 1.1670
v  -0.4899 -1.1273 -0.3021
v  -0.4899 1.0107 -0.5835
v  -0.4899 0.3021 1.1273
v  -0.4899 -1.1671 -0.0000
v  -0.4899 0.8252 -0.8252
v  -0.4899 0.5835 1.0107
v  -0.4899 -1.1273 0.3021
v  -0.4899 0.5835 -1.0107
v  -0.4899 0.8252 0.8252
v  -0.4899 -1.0107 0.5835
v  -0.4899 0.3021 -1.1273
v  -0.4899 -0.3021 -1.1273
v  -0.4899 0.0000 -1.1671
v  -0.4899 1.0107 0.5835
v  -0.6362 0.7050 1.2211
v  -0.6362 0.3649 1.3620
v  -0.6362 -1.3620 0.3649
v  -0.6362 -1.4100 -0.0000
v  -0.6362 0.7050 -1.2211
v  -0.6362 0.9970 -0.9970
v  -0.6362 0.9970 0.9970
v  -0.6362 -1.2211 0.7050
v  -0.6362 0.3649 -1.3620
v  -0.6362 -0.3649 -1.3620
v  -0.6362 0.0000 -1.4100
v  -0.6362 1.2211 0.7050
v  -0.6362 -0.9970 0.9970
v  -0.6362 -0.7050 -1.2211
v  -0.6362 1.3620 0.3649
v  -0.6362 -0.7050 1.2211
v  -0.6362 -0.9970 -0.9970
v  -0.6362 1.4100 -0.0000
v  -0.6362 -0.3649 1.3620
v  -0.6362 -1.2211 -0.7050
v  -0.6362 1.3620 -0.3649
v  -0.6362 0.0000 1.4100
v  -0.6362 -1.3620 -0.3649
v  -0.6362 1.2211 -0.7050
v  -0.6851 -0.9970 -0.9970
v  -0.6851 -0.7050 -1.2211
v  -0.6851 1.4100 -0.0000
v  -0.6851 1.3620 0.3649
v  -0.6851 -0.3649 1.3620
v  -0.6851 -0.7050 1.2211
v  -0.6851 -1.2211 -0.7050
v  -0.6851 1.3620 -0.3649
v  -0.6851 0.0000 1.4100
v  -0.6851 -1.3620 -0.3649
v  -0.6851 1.2211 -0.7050
v  -0.6851 0.3649 1.3620
v  -0.6851 -1.4100 -0.0000
v  -0.6851 0.9970 -0.9970
v  -0.6851 0.7050 1.2211
v  -0.6851 -1.3620 0.3649
v  -0.6851 0.7050 -1.2211
v  -0.6851 0.9970 0.9970
v  -0.6851 -1.2211 0.7050
v  -0.6851 0.3649 -1.3620
v  -0.6851 -0.3649 -1.3620
v  -0.6851 0.0000 -1.4100
v  -0.6851 1.2211 0.7050
v  -0.6851 -0.9970 0.9970
v  -0.7059 0.0000 -1.4480
v  -0.7059 0.3748 -1.3987
v  -0.7059 -0.7240 -1.2540
v  -0.7059 -0.3748 -1.3987
v  -0.7059 1.3987 0.3748
v  -0.7059 1.2540 0.7240
v  -0.7059 -0.7240 1.2540
v  -0.7059 -1.0239 1.0239
v  -0.7059 -1.0239 -1.0239
v  -0.7059 1.4480 -0.0000
v  -0.7059 -0.3748 1.3987
v  -0.7059 -1.2540 -0.7240
v  -0.7059 1.3987 -0.3748
v  -0.7059 0.0000 1.4480
v  -0.7059 -1.3987 -0.3748
v  -0.7059 1.2540 -0.7240
v  -0.7059 0.3748 1.3987
v  -0.7059 -1.4480 -0.0000
v  -0.7059 1.0239 -1.0239
v  -0.7059 0.7240 1.2540
v  -0.7059 -1.3987 0.3748
v  -0.7059 0.7240 -1.2540
v  -0.7059 1.0239 1.0239
v  -0.7059 -1.2540 0.7240
v  0.6004 -0.4875 0.0624
v  0.6004 -0.4907 -0.0000
v  0.6420 -0.6557 -0.0000
v  0.6420 -0.6499 0.0565
v  0.6004 -0.4875 -0.0624
v  0.6004 -0.4766 -0.1248
v  0.6420 -0.6441 -0.1130
v  0.6420 -0.6499 -0.0565
v  0.5692 -0.2147 -0.0000
v  0.5735 -0.2402 -0.0667
v  0.5143 -0.2402 -0.0667
v  0.5143 -0.2147 -0.0000
v  0.5888 -0.3961 -0.0000
v  0.5843 -0.3708 0.0667
v  0.5143 -0.3708 0.0667
v  0.5143 -0.3961 -0.0000
v  0.5793 -0.3052 -0.0943
v  0.5143 -0.3052 -0.0943
v  0.6472 -1.0695 0.0418
v  0.6472 -1.0737 -0.0000
v  0.5810 -1.2356 -0.0000
v  0.5810 -1.2328 0.0360
v  0.6472 -1.0695 -0.0418
v  0.5810 -1.2328 -0.0360
v  0.6524 -0.7125 0.0543
v  0.6524 -0.7069 0.1086
v  0.6420 -0.6441 0.1130
v  0.6718 -0.8814 -0.0189
v  0.6718 -0.8826 -0.0000
v  0.6555 -0.8826 -0.0000
v  0.6555 -0.8814 -0.0189
v  0.5864 -0.4315 -0.0791
v  0.5864 -0.4202 -0.1583
v  0.5935 -0.4487 -0.1368
v  0.5935 -0.4598 -0.0684
v  0.5864 -0.4315 0.0791
v  0.5864 -0.4350 -0.0000
v  0.5935 -0.4632 -0.0000
v  0.5935 -0.4598 0.0684
v  0.5935 -0.4487 0.1368
v  0.6004 -0.4766 0.1247
v  0.5864 -0.4202 0.1583
v  0.6716 -0.9237 0.0469
v  0.6716 -0.9188 0.0938
v  0.6721 -0.8250 0.1004
v  0.6721 -0.8302 0.0502
v  0.6716 -0.9188 -0.0938
v  0.6716 -0.9237 -0.0469
v  0.6721 -0.8302 -0.0502
v  0.6721 -0.8250 -0.1004
v  0.6524 -0.7069 -0.1086
v  0.6524 -0.7125 -0.0543
v  0.6473 -1.0653 -0.0836
v  0.5810 -1.2299 -0.0720
v  0.6581 -1.0296 -0.0000
v  0.6581 -1.0294 -0.0189
v  0.6419 -1.0294 -0.0189
v  0.6419 -1.0296 -0.0000
v  0.6643 -1.0023 -0.0441
v  0.6643 -1.0068 -0.0000
v  0.6716 -0.9285 -0.0000
v  0.6473 -1.0653 0.0836
v  0.6643 -0.9978 0.0883
v  0.6643 -1.0023 0.0441
v  0.6720 -0.8623 -0.0201
v  0.6557 -0.8623 -0.0201
v  0.6643 -0.9978 -0.0883
v  0.5810 -1.2299 0.0720
v  0.5728 -0.2407 0.0667
v  0.5793 -0.3052 0.0943
v  0.5864 -0.3767 0.2175
v  0.5843 -0.3708 -0.0667
v  0.5864 -0.3767 -0.2175
v  0.5654 -0.1350 0.0001
v  0.5663 -0.1303 0.0350
v  0.5665 -0.1168 0.0675
v  0.5567 0.0000 -0.0000
v  0.5660 -0.1304 -0.0349
v  0.5665 -0.1169 -0.0674
v  0.5143 -0.2584 -0.0492
v  0.5143 -0.3052 -0.0691
v  0.5604 -0.3052 -0.0691
v  0.5604 -0.2584 -0.0492
v  0.5143 -0.2396 -0.0001
v  0.5604 -0.2396 -0.0001
v  0.5143 -0.3526 -0.0491
v  0.5143 -0.3713 -0.0000
v  0.5604 -0.3713 -0.0000
v  0.5604 -0.3526 -0.0491
v  0.5143 -0.2407 0.0667
v  0.5143 -0.3052 0.0943
v  0.5143 -0.2588 0.0492
v  0.5143 -0.3053 0.0691
v  0.5143 -0.3526 0.0491
v  0.5143 -0.3708 -0.0667
v  0.5604 -0.3053 0.0691
v  0.5604 -0.2588 0.0492
v  0.5604 -0.3526 0.0491
v  0.5640 -0.9978 -0.0883
v  0.5470 -1.0653 -0.0836
v  0.4861 -0.4202 0.1583
v  0.4861 -0.3767 0.2175
v  0.5713 -0.9188 0.0938
v  0.5718 -0.8250 0.1004
v  0.4932 -0.4487 0.1368
v  0.5640 -0.9978 0.0883
v  0.5713 -0.9188 -0.0938
v  0.4861 -0.3767 -0.2175
v  0.4861 -0.4202 -0.1583
v  0.5417 -0.6441 -0.1130
v  0.5521 -0.7069 -0.1086
v  0.4932 -0.4487 -0.1368
v  0.5001 -0.4766 -0.1248
v  0.5417 -0.6441 0.1130
v  0.5001 -0.4766 0.1247
v  0.4807 -1.2299 0.0720
v  0.5470 -1.0653 0.0836
v  0.5718 -0.8250 -0.1004
v  0.4807 -1.2299 -0.0720
v  0.5521 -0.7069 0.1086
v  0.4861 0.0000 -0.0000
v  0.6721 -0.8353 -0.0000
v  0.6524 -0.7180 -0.0000
v  0.6450 -0.6691 -0.0000
v  0.6464 -0.6692 0.0233
v  0.6480 -0.6957 0.0230
v  0.6720 -0.8636 -0.0000
v  0.6464 -0.6692 -0.0233
v  0.6480 -0.6957 -0.0230
v  0.6534 -1.0482 -0.0180
v  0.6534 -1.0484 -0.0000
v  0.6581 -1.0294 0.0189
v  0.6534 -1.0482 0.0180
v  0.6718 -0.8814 0.0189
v  0.6720 -0.8623 0.0201
v  0.6465 -0.6957 -0.0000
v  0.6555 -0.8814 0.0189
v  0.6557 -0.8623 0.0201
v  0.6557 -0.8636 -0.0000
v  0.6371 -1.0482 -0.0180
v  0.6371 -1.0484 -0.0000
v  0.6371 -1.0482 0.0180
v  0.6419 -1.0294 0.0189
v  0.6302 -0.6692 -0.0233
v  0.6288 -0.6691 -0.0000
v  0.6317 -0.6957 -0.0230
v  0.6004 -0.1897 0.4534
v  0.6004 -0.2453 0.4249
v  0.6420 -0.3279 0.5679
v  0.6420 -0.2760 0.5911
v  0.6004 -0.2978 0.3910
v  0.6004 -0.3464 0.3504
v  0.6420 -0.4199 0.5013
v  0.6420 -0.3739 0.5346
v  0.5843 -0.2431 0.2877
v  0.5888 -0.1981 0.3431
v  0.5143 -0.1981 0.3431
v  0.5143 -0.2431 0.2877
v  0.5692 -0.1073 0.1859
v  0.5735 -0.1779 0.1747
v  0.5143 -0.1779 0.1747
v  0.5143 -0.1073 0.1859
v  0.5843 -0.1276 0.3544
v  0.5143 -0.1276 0.3544
v  0.5793 -0.2343 0.2171
v  0.5143 -0.2343 0.2171
v  0.6472 -0.4986 0.9471
v  0.6472 -0.5368 0.9298
v  0.5810 -0.6178 1.0701
v  0.5810 -0.5852 1.0856
v  0.6480 -0.3279 0.6140
v  0.6464 -0.3145 0.5912
v  0.6302 -0.3145 0.5912
v  0.6317 -0.3279 0.6140
v  0.6472 -0.5709 0.9053
v  0.5810 -0.6476 1.0496
v  0.6524 -0.3092 0.6442
v  0.6524 -0.2594 0.6665
v  0.6420 -0.2242 0.6143
v  0.6718 -0.4571 0.7539
v  0.6718 -0.4413 0.7643
v  0.6555 -0.4413 0.7643
v  0.6555 -0.4571 0.7539
v  0.5864 -0.2843 0.3341
v  0.5864 -0.3472 0.2847
v  0.5935 -0.3428 0.3202
v  0.5935 -0.2891 0.3640
v  0.5864 -0.1472 0.4132
v  0.5864 -0.2175 0.3767
v  0.5935 -0.2316 0.4011
v  0.5935 -0.1707 0.4324
v  0.5935 -0.1059 0.4570
v  0.6004 -0.1303 0.4752
v  0.5864 -0.0730 0.4430
v  0.6716 -0.4212 0.8234
v  0.6716 -0.3782 0.8426
v  0.6721 -0.3256 0.7647
v  0.6721 -0.3716 0.7440
v  0.6465 -0.3479 0.6025
v  0.6302 -0.3479 0.6025
v  0.6716 -0.5407 0.7488
v  0.6716 -0.5024 0.7765
v  0.6721 -0.4585 0.6939
v  0.6721 -0.4994 0.6643
v  0.6524 -0.4475 0.5579
v  0.6524 -0.4033 0.5899
v  0.6473 -0.6050 0.8808
v  0.5810 -0.6773 1.0291
v  0.6450 -0.3346 0.5795
v  0.6288 -0.3346 0.5795
v  0.6581 -0.5148 0.8916
v  0.6581 -0.5311 0.8821
v  0.6419 -0.5311 0.8821
v  0.6419 -0.5148 0.8916
v  0.6643 -0.5394 0.8460
v  0.6643 -0.5034 0.8719
v  0.6716 -0.4642 0.8041
v  0.6473 -0.4603 0.9644
v  0.6643 -0.4225 0.9083
v  0.6643 -0.4629 0.8901
v  0.6720 -0.4486 0.7368
v  0.6557 -0.4486 0.7368
v  0.6643 -0.5754 0.8200
v  0.5810 -0.5525 1.1011
v  0.5728 -0.0626 0.2418
v  0.5793 -0.0709 0.3115
v  0.5864 0.0000 0.4350
v  0.5654 -0.0674 0.1169
v  0.5663 -0.0348 0.1304
v  0.5665 0.0001 0.1350
v  0.5660 -0.0954 0.0955
v  0.5143 -0.1718 0.1992
v  0.5143 -0.2124 0.2298
v  0.5604 -0.2124 0.2298
v  0.5604 -0.1718 0.1992
v  0.5143 -0.1199 0.2075
v  0.5604 -0.1199 0.2075
v  0.5143 -0.2188 0.2808
v  0.5143 -0.1856 0.3215
v  0.5604 -0.1856 0.3215
v  0.5604 -0.2188 0.2808
v  0.5143 -0.0626 0.2418
v  0.5143 -0.0709 0.3115
v  0.5143 -0.0868 0.2487
v  0.5143 -0.0928 0.2989
v  0.5143 -0.1337 0.3299
v  0.5604 -0.0928 0.2989
v  0.5604 -0.0868 0.2487
v  0.5604 -0.1337 0.3299
v  0.5640 -0.5754 0.8200
v  0.5470 -0.6050 0.8808
v  0.4861 -0.0730 0.4430
v  0.4861 0.0000 0.4350
v  0.5713 -0.3782 0.8426
v  0.5718 -0.3256 0.7647
v  0.4932 -0.1059 0.4570
v  0.5640 -0.4225 0.9083
v  0.5713 -0.5407 0.7488
v  0.4861 -0.3472 0.2847
v  0.5417 -0.4199 0.5013
v  0.5521 -0.4475 0.5579
v  0.4932 -0.3428 0.3202
v  0.5001 -0.3464 0.3504
v  0.5417 -0.2242 0.6143
v  0.5001 -0.1303 0.4752
v  0.4807 -0.5525 1.1011
v  0.5470 -0.4603 0.9644
v  0.5718 -0.4994 0.6643
v  0.4807 -0.6773 1.0291
v  0.5521 -0.2594 0.6665
v  0.6721 -0.4177 0.7234
v  0.6524 -0.3590 0.6218
v  0.6720 -0.4318 0.7479
v  0.6720 -0.4138 0.7569
v  0.6464 -0.3548 0.5679
v  0.6480 -0.3678 0.5910
v  0.6534 -0.5397 0.8988
v  0.6534 -0.5242 0.9079
v  0.6581 -0.4983 0.9010
v  0.6534 -0.5085 0.9168
v  0.6718 -0.4244 0.7728
v  0.6317 -0.3678 0.5910
v  0.6302 -0.3548 0.5679
v  0.6555 -0.4244 0.7728
v  0.6557 -0.4138 0.7569
v  0.6557 -0.4318 0.7479
v  0.6371 -0.5397 0.8988
v  0.6371 -0.5242 0.9079
v  0.6371 -0.5085 0.9168
v  0.6419 -0.4983 0.9010
v  0.6004 0.2978 0.3910
v  0.6004 0.2453 0.4249
v  0.6420 0.3279 0.5679
v  0.6420 0.3739 0.5346
v  0.6004 0.1897 0.4534
v  0.6004 0.1303 0.4752
v  0.6420 0.2242 0.6143
v  0.6420 0.2760 0.5911
v  0.5843 0.1276 0.3544
v  0.5888 0.1981 0.3431
v  0.5143 0.1981 0.3431
v  0.5143 0.1276 0.3544
v  0.5692 0.1073 0.1859
v  0.5735 0.0624 0.2414
v  0.5143 0.0624 0.2414
v  0.5143 0.1073 0.1859
v  0.5843 0.2431 0.2877
v  0.5143 0.2431 0.2877
v  0.5793 0.0709 0.3115
v  0.5143 0.0709 0.3115
v  0.6472 0.5709 0.9053
v  0.6472 0.5368 0.9298
v  0.5810 0.6178 1.0701
v  0.5810 0.6476 1.0496
v  0.6480 0.3678 0.5910
v  0.6464 0.3548 0.5679
v  0.6302 0.3548 0.5679
v  0.6317 0.3678 0.5910
v  0.6472 0.4986 0.9471
v  0.5810 0.5852 1.0856
v  0.6524 0.4033 0.5899
v  0.6524 0.4475 0.5579
v  0.6420 0.4199 0.5013
v  0.6718 0.4244 0.7728
v  0.6718 0.4413 0.7643
v  0.6555 0.4413 0.7643
v  0.6555 0.4244 0.7728
v  0.5864 0.1472 0.4132
v  0.5864 0.0730 0.4430
v  0.5935 0.1059 0.4570
v  0.5935 0.1707 0.4324
v  0.5864 0.2843 0.3341
v  0.5864 0.2175 0.3767
v  0.5935 0.2316 0.4011
v  0.5935 0.2891 0.3640
v  0.5935 0.3428 0.3202
v  0.6004 0.3464 0.3504
v  0.5864 0.3472 0.2847
v  0.6716 0.5025 0.7765
v  0.6716 0.5407 0.7488
v  0.6721 0.4994 0.6643
v  0.6721 0.4586 0.6939
v  0.6465 0.3479 0.6025
v  0.6302 0.3479 0.6025
v  0.6716 0.3782 0.8426
v  0.6716 0.4212 0.8234
v  0.6721 0.3716 0.7440
v  0.6721 0.3256 0.7647
v  0.6524 0.2594 0.6665
v  0.6524 0.3092 0.6442
v  0.6473 0.4603 0.9644
v  0.5810 0.5525 1.1011
v  0.6450 0.3346 0.5795
v  0.6288 0.3346 0.5795
v  0.6581 0.5148 0.8916
v  0.6581 0.4983 0.9010
v  0.6419 0.4983 0.9010
v  0.6419 0.5148 0.8916
v  0.6643 0.4629 0.8901
v  0.6643 0.5034 0.8719
v  0.6716 0.4642 0.8041
v  0.6473 0.6050 0.8808
v  0.6643 0.5754 0.8200
v  0.6643 0.5394 0.8460
v  0.6720 0.4138 0.7569
v  0.6557 0.4138 0.7569
v  0.6643 0.4225 0.9083
v  0.5810 0.6773 1.0291
v  0.5728 0.1781 0.1751
v  0.5793 0.2343 0.2171
v  0.5864 0.3767 0.2175
v  0.5654 0.0676 0.1168
v  0.5663 0.0955 0.0953
v  0.5665 0.1169 0.0674
v  0.5660 0.0350 0.1303
v  0.5143 0.0866 0.2484
v  0.5143 0.0928 0.2989
v  0.5604 0.0928 0.2989
v  0.5604 0.0866 0.2484
v  0.5143 0.1197 0.2075
v  0.5604 0.1197 0.2075
v  0.5143 0.1337 0.3299
v  0.5143 0.1856 0.3215
v  0.5604 0.1856 0.3215
v  0.5604 0.1337 0.3299
v  0.5143 0.1781 0.1751
v  0.5143 0.2343 0.2171
v  0.5143 0.1720 0.1996
v  0.5143 0.2124 0.2298
v  0.5143 0.2188 0.2808
v  0.5604 0.2124 0.2298
v  0.5604 0.1720 0.1996
v  0.5604 0.2188 0.2808
v  0.5640 0.4225 0.9083
v  0.5470 0.4603 0.9644
v  0.4861 0.3472 0.2847
v  0.4861 0.3767 0.2175
v  0.5713 0.5407 0.7488
v  0.5718 0.4994 0.6643
v  0.4932 0.3428 0.3202
v  0.5640 0.5754 0.8200
v  0.5713 0.3782 0.8426
v  0.4861 0.0730 0.4430
v  0.5417 0.2242 0.6143
v  0.5521 0.2594 0.6665
v  0.4932 0.1059 0.4570
v  0.5001 0.1303 0.4752
v  0.5417 0.4199 0.5013
v  0.5001 0.3464 0.3504
v  0.4807 0.6773 1.0291
v  0.5470 0.6050 0.8808
v  0.5718 0.3256 0.7647
v  0.4807 0.5525 1.1011
v  0.5521 0.4475 0.5579
v  0.6721 0.4177 0.7234
v  0.6524 0.3590 0.6218
v  0.6720 0.4318 0.7479
v  0.6720 0.4486 0.7368
v  0.6464 0.3145 0.5912
v  0.6480 0.3279 0.6140
v  0.6534 0.5085 0.9168
v  0.6534 0.5242 0.9079
v  0.6581 0.5311 0.8821
v  0.6534 0.5397 0.8988
v  0.6718 0.4571 0.7539
v  0.6317 0.3279 0.6140
v  0.6302 0.3145 0.5912
v  0.6555 0.4571 0.7539
v  0.6557 0.4486 0.7368
v  0.6557 0.4318 0.7479
v  0.6371 0.5085 0.9168
v  0.6371 0.5242 0.9079
v  0.6371 0.5397 0.8988
v  0.6419 0.5311 0.8821
v  0.6004 0.4875 -0.0624
v  0.6004 0.4907 -0.0000
v  0.6420 0.6557 -0.0000
v  0.6420 0.6499 -0.0565
v  0.6004 0.4875 0.0624
v  0.6004 0.4766 0.1247
v  0.6420 0.6441 0.1130
v  0.6420 0.6499 0.0565
v  0.5843 0.3708 0.0667
v  0.5888 0.3961 -0.0000
v  0.5143 0.3961 -0.0000
v  0.5143 0.3708 0.0667
v  0.5692 0.2147 -0.0000
v  0.5735 0.2402 0.0667
v  0.5143 0.2402 0.0667
v  0.5143 0.2147 -0.0000
v  0.5843 0.3708 -0.0667
v  0.5143 0.3708 -0.0667
v  0.5793 0.3052 0.0943
v  0.5143 0.3052 0.0943
v  0.6472 1.0695 -0.0418
v  0.6472 1.0737 -0.0000
v  0.5810 1.2356 -0.0000
v  0.5810 1.2328 -0.0360
v  0.6480 0.6957 -0.0230
v  0.6464 0.6692 -0.0233
v  0.6302 0.6692 -0.0233
v  0.6317 0.6957 -0.0230
v  0.6472 1.0695 0.0418
v  0.5810 1.2328 0.0360
v  0.6524 0.7125 -0.0543
v  0.6524 0.7069 -0.1086
v  0.6420 0.6441 -0.1130
v  0.6718 0.8814 0.0189
v  0.6718 0.8826 -0.0000
v  0.6555 0.8826 -0.0000
v  0.6555 0.8814 0.0189
v  0.5864 0.4315 0.0791
v  0.5864 0.4202 0.1583
v  0.5935 0.4487 0.1368
v  0.5935 0.4598 0.0684
v  0.5864 0.4315 -0.0791
v  0.5864 0.4350 -0.0000
v  0.5935 0.4632 -0.0000
v  0.5935 0.4598 -0.0684
v  0.5935 0.4487 -0.1368
v  0.6004 0.4766 -0.1248
v  0.5864 0.4202 -0.1583
v  0.6716 0.9237 -0.0469
v  0.6716 0.9188 -0.0938
v  0.6721 0.8250 -0.1004
v  0.6721 0.8302 -0.0502
v  0.6465 0.6957 -0.0000
v  0.6302 0.6957 -0.0000
v  0.6716 0.9188 0.0938
v  0.6716 0.9237 0.0469
v  0.6721 0.8302 0.0502
v  0.6721 0.8250 0.1004
v  0.6524 0.7069 0.1086
v  0.6524 0.7125 0.0543
v  0.6473 1.0653 0.0836
v  0.5810 1.2299 0.0720
v  0.6450 0.6691 -0.0000
v  0.6288 0.6691 -0.0000
v  0.6581 1.0296 -0.0000
v  0.6581 1.0295 0.0189
v  0.6419 1.0295 0.0189
v  0.6419 1.0296 -0.0000
v  0.6643 1.0023 0.0441
v  0.6643 1.0068 -0.0000
v  0.6716 0.9285 -0.0000
v  0.6473 1.0653 -0.0836
v  0.6643 0.9978 -0.0883
v  0.6643 1.0023 -0.0441
v  0.6720 0.8623 0.0201
v  0.6557 0.8623 0.0201
v  0.6643 0.9978 0.0883
v  0.5810 1.2299 -0.0720
v  0.5728 0.2407 -0.0667
v  0.5793 0.3052 -0.0943
v  0.5864 0.3767 -0.2175
v  0.5654 0.1350 -0.0001
v  0.5663 0.1303 -0.0350
v  0.5665 0.1168 -0.0675
v  0.5660 0.1304 0.0349
v  0.5143 0.2584 0.0492
v  0.5143 0.3052 0.0691
v  0.5604 0.3052 0.0691
v  0.5604 0.2584 0.0492
v  0.5143 0.2396 0.0001
v  0.5604 0.2396 0.0001
v  0.5143 0.3526 0.0491
v  0.5143 0.3713 -0.0000
v  0.5604 0.3713 -0.0000
v  0.5604 0.3526 0.0491
v  0.5143 0.2407 -0.0667
v  0.5143 0.3052 -0.0943
v  0.5143 0.2588 -0.0492
v  0.5143 0.3053 -0.0691
v  0.5143 0.3526 -0.0491
v  0.5604 0.3053 -0.0691
v  0.5604 0.2588 -0.0492
v  0.5604 0.3526 -0.0491
v  0.5640 0.9978 0.0883
v  0.5470 1.0653 0.0836
v  0.4861 0.4202 -0.1583
v  0.4861 0.3767 -0.2175
v  0.5713 0.9188 -0.0938
v  0.5718 0.8250 -0.1004
v  0.4932 0.4487 -0.1368
v  0.5640 0.9978 -0.0883
v  0.5713 0.9188 0.0938
v  0.4861 0.4202 0.1583
v  0.5417 0.6441 0.1130
v  0.5521 0.7069 0.1086
v  0.4932 0.4487 0.1368
v  0.5001 0.4766 0.1247
v  0.5417 0.6441 -0.1130
v  0.5001 0.4766 -0.1248
v  0.4807 1.2299 -0.0720
v  0.5470 1.0653 -0.0836
v  0.5718 0.8250 0.1004
v  0.4807 1.2299 0.0720
v  0.5521 0.7069 -0.1086
v  0.6721 0.8353 -0.0000
v  0.6524 0.7180 -0.0000
v  0.6720 0.8636 -0.0000
v  0.6720 0.8623 -0.0201
v  0.6464 0.6692 0.0233
v  0.6480 0.6957 0.0230
v  0.6534 1.0482 0.0180
v  0.6534 1.0484 -0.0000
v  0.6581 1.0295 -0.0189
v  0.6534 1.0482 -0.0180
v  0.6718 0.8814 -0.0189
v  0.6317 0.6957 0.0230
v  0.6302 0.6692 0.0233
v  0.6555 0.8814 -0.0189
v  0.6557 0.8623 -0.0201
v  0.6557 0.8636 -0.0000
v  0.6371 1.0482 0.0180
v  0.6371 1.0484 -0.0000
v  0.6371 1.0482 -0.0180
v  0.6419 1.0295 -0.0189
v  0.6004 0.1897 -0.4534
v  0.6004 0.2453 -0.4249
v  0.6420 0.3279 -0.5679
v  0.6420 0.2760 -0.5911
v  0.6004 0.2978 -0.3910
v  0.6004 0.3464 -0.3504
v  0.6420 0.4199 -0.5013
v  0.6420 0.3739 -0.5346
v  0.5843 0.2431 -0.2877
v  0.5888 0.1981 -0.3431
v  0.5143 0.1981 -0.3431
v  0.5143 0.2431 -0.2877
v  0.5692 0.1073 -0.1859
v  0.5735 0.1779 -0.1747
v  0.5143 0.1779 -0.1747
v  0.5143 0.1073 -0.1859
v  0.5843 0.1276 -0.3544
v  0.5143 0.1276 -0.3544
v  0.5793 0.2343 -0.2171
v  0.5143 0.2343 -0.2171
v  0.6472 0.4986 -0.9471
v  0.6472 0.5368 -0.9298
v  0.5810 0.6178 -1.0701
v  0.5810 0.5852 -1.0856
v  0.6480 0.3279 -0.6140
v  0.6464 0.3145 -0.5912
v  0.6302 0.3145 -0.5912
v  0.6317 0.3279 -0.6140
v  0.6472 0.5709 -0.9053
v  0.5810 0.6476 -1.0496
v  0.6524 0.3092 -0.6442
v  0.6524 0.2594 -0.6665
v  0.6420 0.2242 -0.6143
v  0.6718 0.4571 -0.7539
v  0.6718 0.4413 -0.7643
v  0.6555 0.4413 -0.7643
v  0.6555 0.4571 -0.7539
v  0.5864 0.2843 -0.3341
v  0.5864 0.3472 -0.2848
v  0.5935 0.3428 -0.3202
v  0.5935 0.2891 -0.3640
v  0.5864 0.1472 -0.4132
v  0.5864 0.2175 -0.3767
v  0.5935 0.2316 -0.4011
v  0.5935 0.1707 -0.4324
v  0.5935 0.1059 -0.4570
v  0.6004 0.1303 -0.4752
v  0.5864 0.0730 -0.4430
v  0.6716 0.4212 -0.8234
v  0.6716 0.3782 -0.8427
v  0.6721 0.3256 -0.7647
v  0.6721 0.3716 -0.7440
v  0.6465 0.3479 -0.6025
v  0.6302 0.3479 -0.6025
v  0.6716 0.5407 -0.7488
v  0.6716 0.5025 -0.7765
v  0.6721 0.4586 -0.6939
v  0.6721 0.4994 -0.6643
v  0.6524 0.4475 -0.5579
v  0.6524 0.4033 -0.5899
v  0.6473 0.6050 -0.8808
v  0.5810 0.6773 -1.0291
v  0.6450 0.3346 -0.5795
v  0.6288 0.3346 -0.5795
v  0.6581 0.5148 -0.8916
v  0.6581 0.5311 -0.8821
v  0.6419 0.5311 -0.8821
v  0.6419 0.5148 -0.8916
v  0.6643 0.5394 -0.8460
v  0.6643 0.5034 -0.8719
v  0.6716 0.4642 -0.8041
v  0.6473 0.4603 -0.9644
v  0.6643 0.4225 -0.9083
v  0.6643 0.4629 -0.8901
v  0.6720 0.4486 -0.7368
v  0.6557 0.4486 -0.7368
v  0.6643 0.5754 -0.8200
v  0.5810 0.5525 -1.1011
v  0.5728 0.0626 -0.2418
v  0.5793 0.0709 -0.3115
v  0.5864 0.0000 -0.4350
v  0.5654 0.0674 -0.1169
v  0.5663 0.0348 -0.1304
v  0.5665 -0.0001 -0.1350
v  0.5660 0.0954 -0.0955
v  0.5143 0.1718 -0.1992
v  0.5143 0.2124 -0.2298
v  0.5604 0.2124 -0.2298
v  0.5604 0.1718 -0.1992
v  0.5143 0.1199 -0.2075
v  0.5604 0.1199 -0.2075
v  0.5143 0.2188 -0.2808
v  0.5143 0.1856 -0.3215
v  0.5604 0.1856 -0.3215
v  0.5604 0.2188 -0.2808
v  0.5143 0.0626 -0.2418
v  0.5143 0.0709 -0.3115
v  0.5143 0.0868 -0.2488
v  0.5143 0.0928 -0.2989
v  0.5143 0.1337 -0.3299
v  0.5604 0.0928 -0.2989
v  0.5604 0.0868 -0.2488
v  0.5604 0.1337 -0.3299
v  0.5640 0.5754 -0.8200
v  0.5470 0.6050 -0.8808
v  0.4861 0.0730 -0.4430
v  0.4861 0.0000 -0.4350
v  0.5713 0.3782 -0.8427
v  0.5718 0.3256 -0.7647
v  0.4932 0.1059 -0.4570
v  0.5640 0.4225 -0.9083
v  0.5713 0.5407 -0.7488
v  0.4861 0.3472 -0.2848
v  0.5417 0.4199 -0.5013
v  0.5521 0.4475 -0.5579
v  0.4932 0.3428 -0.3202
v  0.5001 0.3464 -0.3504
v  0.5417 0.2242 -0.6143
v  0.5001 0.1303 -0.4752
v  0.4807 0.5525 -1.1011
v  0.5470 0.4603 -0.9644
v  0.5718 0.4994 -0.6643
v  0.4807 0.6773 -1.0291
v  0.5521 0.2594 -0.6665
v  0.6721 0.4177 -0.7234
v  0.6524 0.3590 -0.6218
v  0.6720 0.4318 -0.7479
v  0.6720 0.4138 -0.7569
v  0.6464 0.3548 -0.5679
v  0.6480 0.3678 -0.5910
v  0.6534 0.5397 -0.8988
v  0.6534 0.5242 -0.9079
v  0.6581 0.4983 -0.9010
v  0.6534 0.5085 -0.9168
v  0.6718 0.4244 -0.7728
v  0.6317 0.3678 -0.5910
v  0.6302 0.3548 -0.5679
v  0.6555 0.4244 -0.7728
v  0.6557 0.4138 -0.7569
v  0.6557 0.4318 -0.7479
v  0.6371 0.5397 -0.8988
v  0.6371 0.5242 -0.9079
v  0.6371 0.5085 -0.9168
v  0.6419 0.4983 -0.9010
v  0.6004 -0.2978 -0.3910
v  0.6004 -0.2453 -0.4249
v  0.6420 -0.3279 -0.5679
v  0.6420 -0.3739 -0.5346
v  0.6004 -0.1897 -0.4534
v  0.6004 -0.1303 -0.4752
v  0.6420 -0.2242 -0.6143
v  0.6420 -0.2760 -0.5911
v  0.5843 -0.1276 -0.3544
v  0.5888 -0.1981 -0.3431
v  0.5143 -0.1981 -0.3431
v  0.5143 -0.1276 -0.3544
v  0.5692 -0.1073 -0.1859
v  0.5735 -0.0623 -0.2414
v  0.5143 -0.0623 -0.2414
v  0.5143 -0.1073 -0.1859
v  0.5843 -0.2431 -0.2878
v  0.5143 -0.2431 -0.2878
v  0.5793 -0.0709 -0.3115
v  0.5143 -0.0709 -0.3115
v  0.6472 -0.5709 -0.9053
v  0.6472 -0.5368 -0.9298
v  0.5810 -0.6178 -1.0701
v  0.5810 -0.6476 -1.0496
v  0.6480 -0.3678 -0.5910
v  0.6464 -0.3548 -0.5679
v  0.6302 -0.3548 -0.5679
v  0.6317 -0.3678 -0.5910
v  0.6472 -0.4986 -0.9471
v  0.5810 -0.5852 -1.0856
v  0.6524 -0.4033 -0.5899
v  0.6524 -0.4475 -0.5579
v  0.6420 -0.4199 -0.5013
v  0.6718 -0.4244 -0.7728
v  0.6718 -0.4413 -0.7643
v  0.6555 -0.4413 -0.7643
v  0.6555 -0.4244 -0.7728
v  0.5864 -0.1472 -0.4132
v  0.5864 -0.0730 -0.4430
v  0.5935 -0.1059 -0.4570
v  0.5935 -0.1707 -0.4324
v  0.5864 -0.2843 -0.3341
v  0.5864 -0.2175 -0.3767
v  0.5935 -0.2316 -0.4011
v  0.5935 -0.2891 -0.3640
v  0.5935 -0.3428 -0.3202
v  0.6004 -0.3464 -0.3504
v  0.5864 -0.3472 -0.2847
v  0.6716 -0.5025 -0.7765
v  0.6716 -0.5407 -0.7488
v  0.6721 -0.4994 -0.6643
v  0.6721 -0.4585 -0.6939
v  0.6465 -0.3479 -0.6025
v  0.6302 -0.3479 -0.6025
v  0.6716 -0.3782 -0.8427
v  0.6716 -0.4212 -0.8234
v  0.6721 -0.3716 -0.7440
v  0.6721 -0.3256 -0.7647
v  0.6524 -0.2594 -0.6665
v  0.6524 -0.3092 -0.6442
v  0.6473 -0.4603 -0.9644
v  0.5810 -0.5525 -1.1011
v  0.6450 -0.3346 -0.5795
v  0.6288 -0.3346 -0.5795
v  0.6581 -0.5148 -0.8916
v  0.6581 -0.4983 -0.9010
v  0.6419 -0.4983 -0.9010
v  0.6419 -0.5148 -0.8916
v  0.6643 -0.4629 -0.8901
v  0.6643 -0.5034 -0.8719
v  0.6716 -0.4642 -0.8041
v  0.6473 -0.6050 -0.8808
v  0.6643 -0.5754 -0.8200
v  0.6643 -0.5394 -0.8460
v  0.6720 -0.4138 -0.7569
v  0.6557 -0.4138 -0.7569
v  0.6643 -0.4225 -0.9083
v  0.5810 -0.6773 -1.0291
v  0.5728 -0.1781 -0.1751
v  0.5793 -0.2343 -0.2171
v  0.5654 -0.0676 -0.1168
v  0.5663 -0.0955 -0.0954
v  0.5660 -0.0350 -0.1304
v  0.5143 -0.0866 -0.2484
v  0.5143 -0.0928 -0.2989
v  0.5604 -0.0928 -0.2989
v  0.5604 -0.0866 -0.2484
v  0.5143 -0.1197 -0.2075
v  0.5604 -0.1197 -0.2075
v  0.5143 -0.1337 -0.3299
v  0.5143 -0.1856 -0.3215
v  0.5604 -0.1856 -0.3215
v  0.5604 -0.1337 -0.3299
v  0.5143 -0.1781 -0.1751
v  0.5143 -0.2343 -0.2171
v  0.5143 -0.1720 -0.1996
v  0.5143 -0.2124 -0.2298
v  0.5143 -0.2188 -0.2808
v  0.5604 -0.2124 -0.2298
v  0.5604 -0.1720 -0.1996
v  0.5604 -0.2188 -0.2808
v  0.5640 -0.4225 -0.9083
v  0.5470 -0.4603 -0.9644
v  0.4861 -0.3472 -0.2847
v  0.5713 -0.5407 -0.7488
v  0.5718 -0.4994 -0.6643
v  0.4932 -0.3428 -0.3202
v  0.5640 -0.5754 -0.8200
v  0.5713 -0.3782 -0.8427
v  0.4861 -0.0730 -0.4430
v  0.5417 -0.2242 -0.6143
v  0.5521 -0.2594 -0.6665
v  0.4932 -0.1059 -0.4570
v  0.5001 -0.1303 -0.4752
v  0.5417 -0.4199 -0.5013
v  0.5001 -0.3464 -0.3504
v  0.4807 -0.6773 -1.0291
v  0.5470 -0.6050 -0.8808
v  0.5718 -0.3256 -0.7647
v  0.4807 -0.5525 -1.1011
v  0.5521 -0.4475 -0.5579
v  0.6721 -0.4177 -0.7234
v  0.6524 -0.3590 -0.6218
v  0.6720 -0.4318 -0.7479
v  0.6720 -0.4486 -0.7368
v  0.6464 -0.3145 -0.5912
v  0.6480 -0.3279 -0.6140
v  0.6534 -0.5085 -0.9168
v  0.6534 -0.5242 -0.9079
v  0.6581 -0.5311 -0.8821
v  0.6534 -0.5397 -0.8988
v  0.6718 -0.4571 -0.7539
v  0.6317 -0.3279 -0.6140
v  0.6302 -0.3145 -0.5912
v  0.6555 -0.4571 -0.7539
v  0.6557 -0.4486 -0.7368
v  0.6557 -0.4318 -0.7479
v  0.6371 -0.5085 -0.9168
v  0.6371 -0.5242 -0.9079
v  0.6371 -0.5397 -0.8988
v  0.6419 -0.5311 -0.8821
v  0.6302 -0.6692 0.0233
v  0.6317 -0.6957 0.0230
v  0.6302 -0.6957 -0.0000
v  0.5668 -0.1213 0.0701
v  0.5666 -0.1353 0.0363
v  0.5666 -0.0362 0.1353
v  0.5657 -0.0700 0.1213
v  0.5664 -0.0990 0.0991
v  0.5668 0.0001 0.1401
v  0.5666 0.0991 0.0990
v  0.5657 0.0701 0.1213
v  0.5664 0.0363 0.1353
v  0.5668 0.1213 0.0700
v  0.5666 0.1353 -0.0363
v  0.5657 0.1401 -0.0001
v  0.5664 0.1353 0.0362
v  0.5668 0.1213 -0.0701
v  0.5666 0.0362 -0.1353
v  0.5657 0.0700 -0.1214
v  0.5664 0.0990 -0.0991
v  0.5668 -0.0001 -0.1401
v  0.5666 -0.0991 -0.0990
v  0.5657 -0.0701 -0.1213
v  0.5664 -0.0363 -0.1353
v  0.5668 -0.1213 -0.0700
v  0.5657 -0.1401 0.0001
v  0.5664 -0.1353 -0.0362
v  0.5564 0.0991 0.0990
v  0.5555 0.0701 0.1213
v  0.5563 -0.0001 -0.1350
v  0.5558 -0.0350 -0.1304
v  0.5555 -0.1401 0.0001
v  0.5562 -0.1353 -0.0362
v  0.5561 0.1303 -0.0350
v  0.5563 0.1168 -0.0675
v  0.5566 0.0001 0.1401
v  0.5564 -0.0362 0.1353
v  0.5558 0.0954 -0.0955
v  0.5564 -0.1353 0.0363
v  0.5558 0.1304 0.0349
v  0.5552 0.1350 -0.0001
v  0.5555 -0.0700 0.1213
v  0.5562 -0.0990 0.0991
v  0.5563 0.1169 0.0674
v  0.5566 -0.1213 -0.0700
v  0.5564 -0.0991 -0.0990
v  0.5563 0.0001 0.1350
v  0.5558 0.0350 0.1303
v  0.5555 -0.0701 -0.1213
v  0.5562 -0.0363 -0.1353
v  0.5561 0.0955 0.0953
v  0.5566 -0.1213 0.0701
v  0.5563 -0.1168 0.0675
v  0.5558 -0.0954 0.0955
v  0.5552 0.0676 0.1168
v  0.5563 -0.1169 -0.0674
v  0.5558 -0.1304 -0.0349
v  0.5566 -0.0001 -0.1401
v  0.5564 0.0362 -0.1353
v  0.5552 -0.1350 0.0001
v  0.5561 -0.1303 0.0350
v  0.5561 -0.0348 0.1304
v  0.5552 -0.0674 0.1169
v  0.5562 0.0363 0.1353
v  0.5566 0.1213 0.0700
v  0.5555 0.1401 -0.0001
v  0.5564 0.1353 -0.0363
v  0.5562 0.1353 0.0362
v  0.5566 0.1213 -0.0701
v  0.5561 0.0348 -0.1304
v  0.5552 0.0674 -0.1169
v  0.5555 0.0700 -0.1214
v  0.5562 0.0990 -0.0991
v  0.5561 -0.0955 -0.0954
v  0.5552 -0.0676 -0.1168
v  0.3180 -0.8790 0.2355
v  0.2255 -0.8790 0.2355
v  0.2255 -0.7881 0.4550
v  0.3180 -0.7881 0.4550
v  0.3180 0.4550 -0.7881
v  0.2255 0.4550 -0.7881
v  0.2255 0.2355 -0.8790
v  0.3180 0.2355 -0.8790
v  0.3180 0.0000 -0.9100
v  0.2255 0.0000 -0.9100
v  0.2255 -0.2355 -0.8790
v  0.3180 -0.2355 -0.8790
v  0.3180 0.6435 0.6435
v  0.2255 0.6435 0.6435
v  0.2255 0.7881 0.4550
v  0.3180 0.7881 0.4550
v  0.2255 -0.6435 0.6435
v  0.3180 -0.6435 0.6435
v  0.2255 -0.4550 -0.7881
v  0.3180 -0.4550 -0.7881
v  0.2255 0.8790 0.2355
v  0.3180 0.8790 0.2355
v  0.2255 -0.4550 0.7881
v  0.3180 -0.4550 0.7881
v  0.2255 -0.6435 -0.6435
v  0.3180 -0.6435 -0.6435
v  0.2255 0.9100 -0.0000
v  0.3180 0.9100 -0.0000
v  0.2255 -0.2355 0.8790
v  0.3180 -0.2355 0.8790
v  0.2255 -0.7881 -0.4550
v  0.3180 -0.7881 -0.4550
v  0.2255 0.8790 -0.2355
v  0.3180 0.8790 -0.2355
v  0.2255 0.0000 0.9100
v  0.3180 0.0000 0.9100
v  0.2255 -0.8790 -0.2355
v  0.3180 -0.8790 -0.2355
v  0.2255 0.7881 -0.4550
v  0.3180 0.7881 -0.4550
v  0.2255 0.2355 0.8790
v  0.3180 0.2355 0.8790
v  0.2255 -0.9100 -0.0000
v  0.3180 -0.9100 -0.0000
v  0.2255 0.6435 -0.6435
v  0.3180 0.6435 -0.6435
v  0.2255 0.4550 0.7881
v  0.3180 0.4550 0.7881
v  0.3180 0.4564 0.2635
v  0.4035 0.4564 0.2635
v  0.4035 0.3727 0.3727
v  0.3180 0.3727 0.3727
v  0.3180 -0.1364 -0.5091
v  0.4035 -0.1364 -0.5091
v  0.4035 0.0000 -0.5270
v  0.3180 0.0000 -0.5270
v  0.3180 0.1364 -0.5091
v  0.4035 0.1364 -0.5091
v  0.4035 0.2635 -0.4564
v  0.3180 0.2635 -0.4564
v  0.3180 -0.4564 0.2635
v  0.4035 -0.4564 0.2635
v  0.4035 -0.5091 0.1364
v  0.3180 -0.5091 0.1364
v  0.4035 0.2635 0.4564
v  0.3180 0.2635 0.4564
v  0.4035 0.3727 -0.3727
v  0.3180 0.3727 -0.3727
v  0.4035 -0.5270 -0.0000
v  0.3180 -0.5270 -0.0000
v  0.4035 0.1364 0.5091
v  0.3180 0.1364 0.5091
v  0.4035 0.4564 -0.2635
v  0.3180 0.4564 -0.2635
v  0.4035 -0.5091 -0.1364
v  0.3180 -0.5091 -0.1364
v  0.4035 0.0000 0.5270
v  0.3180 0.0000 0.5270
v  0.3180 -0.2635 -0.4564
v  0.3180 -0.3727 -0.3727
v  0.3180 -0.4564 -0.2635
v  0.3180 -0.3727 0.3727
v  0.3180 -0.2635 0.4564
v  0.3180 -0.1364 0.5091
v  0.3180 0.5091 0.1364
v  0.3180 0.5270 -0.0000
v  0.3180 0.5091 -0.1364
v  0.4035 -0.3727 0.3727
v  0.4035 -0.2635 0.4564
v  0.4035 -0.1364 0.5091
v  0.4035 -0.4564 -0.2635
v  0.4035 -0.3727 -0.3727
v  0.4035 -0.2635 -0.4564
v  0.4035 0.5091 0.1364
v  0.4035 0.5270 -0.0000
v  0.4035 0.5091 -0.1364
# 1338 vertices

vn 1.0000 0.0000 -0.0000
vn 0.0000 0.9490 -0.3152
vn 0.0000 0.9310 -0.3651
vn -1.0000 0.0000 -0.0000
vn -1.0000 0.0000 0.0000
vn 0.0000 0.9490 0.3152
vn 0.0000 0.9310 0.3651
vn 0.0000 0.0000 -1.0000
vn 0.0000 0.0000 1.0000
vn 0.0000 0.9985 -0.0556
vn 0.0000 0.9985 0.0556
vn 0.0000 0.9821 -0.1884
vn 0.0000 0.9821 0.1884
vn 0.0000 -0.9310 0.3651
vn 0.0000 -0.9310 -0.3651
vn 0.0000 -0.9821 -0.1884
vn 0.0000 -0.9490 -0.3152
vn 0.0000 -0.9985 -0.0556
vn 0.0000 -0.9490 0.3152
vn 0.0000 -0.9821 0.1884
vn 0.0000 -0.9985 0.0556
vn 0.0000 -0.9985 0.0557
vn 0.0000 -0.9985 -0.0557
vn 0.1523 -0.6190 -0.7705
vn 0.1523 -0.7973 -0.5840
vn 0.3595 -0.7528 -0.5514
vn 0.3595 -0.5844 -0.7275
vn 0.1523 -0.5840 0.7973
vn 0.1523 -0.3578 0.9213
vn 0.3595 -0.3378 0.8698
vn 0.3595 -0.5514 0.7528
vn 0.1523 0.9768 -0.1508
vn 0.1523 0.9044 -0.3985
vn 0.3595 0.8539 -0.3762
vn 0.3595 0.9222 -0.1424
vn 0.1524 -0.3985 -0.9044
vn 0.3595 -0.3762 -0.8539
vn 0.1523 -0.7705 0.6190
vn 0.3595 -0.7275 0.5844
vn 0.1524 0.9825 0.1071
vn 0.3595 0.9276 0.1012
vn 0.1524 0.7973 0.5840
vn 0.1524 0.9213 0.3578
vn 0.3595 0.8698 0.3378
vn 0.3595 0.7528 0.5514
vn 0.1524 -0.1508 -0.9768
vn 0.3595 -0.1424 -0.9222
vn 0.1523 -0.9044 0.3985
vn 0.3595 -0.8539 0.3762
vn 0.1523 0.6190 0.7705
vn 0.3595 0.5844 0.7275
vn 0.1524 0.1071 -0.9825
vn 0.3595 0.1012 -0.9276
vn 0.1523 -0.9768 0.1508
vn 0.3595 -0.9222 0.1424
vn 0.1523 0.3985 0.9044
vn 0.3595 0.3762 0.8539
vn 0.1524 0.3578 -0.9213
vn 0.3595 0.3378 -0.8698
vn 0.1523 -0.9825 -0.1071
vn 0.3595 -0.9276 -0.1012
vn 0.1523 0.1508 0.9768
vn 0.3595 0.1424 0.9222
vn 0.1524 0.5840 -0.7973
vn 0.3595 0.5514 -0.7528
vn 0.1523 -0.9213 -0.3578
vn 0.3595 -0.8698 -0.3378
vn 0.1523 -0.1071 0.9825
vn 0.3595 -0.1012 0.9276
vn 0.1524 0.7705 -0.6190
vn 0.3595 0.7275 -0.5844
vn 0.5397 -0.1284 -0.8320
vn 0.5397 0.0913 -0.8369
vn 0.5397 -0.7704 0.3394
vn 0.5397 -0.8320 0.1284
vn 0.5397 0.5272 0.6563
vn 0.5397 0.3394 0.7704
vn 0.5397 0.3048 -0.7847
vn 0.5397 -0.8369 -0.0913
vn 0.5397 0.1284 0.8320
vn 0.5397 0.4975 -0.6791
vn 0.5397 -0.7847 -0.3048
vn 0.5397 -0.0913 0.8369
vn 0.5397 0.6563 -0.5272
vn 0.5397 -0.6791 -0.4975
vn 0.5397 -0.3048 0.7847
vn 0.5397 0.7704 -0.3394
vn 0.5397 -0.5272 -0.6563
vn 0.5397 -0.4975 0.6791
vn 0.5397 0.8320 -0.1284
vn 0.5397 -0.3394 -0.7704
vn 0.5397 -0.6563 0.5272
vn 0.5397 0.8369 0.0913
vn 0.5397 0.7847 0.3048
vn 0.5397 0.6791 0.4975
vn 0.8132 -0.2107 0.5425
vn 0.8132 -0.0631 0.5785
vn 0.8132 0.5326 -0.2346
vn 0.8132 0.4537 -0.3645
vn 0.8132 -0.3645 -0.4537
vn 0.8132 -0.4695 -0.3439
vn 0.8132 -0.3439 0.4695
vn 0.8132 0.5752 -0.0888
vn 0.8132 -0.2346 -0.5326
vn 0.8132 -0.4537 0.3645
vn 0.8132 0.5785 0.0631
vn 0.8132 0.4695 0.3439
vn 0.8132 0.5425 0.2107
vn 0.8132 -0.0888 -0.5752
vn 0.8132 -0.5326 0.2346
vn 0.8132 0.3645 0.4537
vn 0.8132 0.0631 -0.5785
vn 0.8132 -0.5752 0.0888
vn 0.8132 0.2346 0.5326
vn 0.8132 0.2107 -0.5425
vn 0.8132 -0.5785 -0.0631
vn 0.8132 0.0888 0.5752
vn 0.8132 0.3439 -0.4695
vn 0.8132 -0.5425 -0.2107
vn 0.9995 -0.0305 0.0047
vn 0.9995 -0.0282 0.0124
vn 0.9995 0.0124 0.0282
vn 0.9995 0.0193 0.0240
vn 0.9995 0.0112 -0.0287
vn 0.9995 0.0033 -0.0307
vn 0.9995 -0.0307 -0.0033
vn 0.9995 0.0047 0.0305
vn 0.9995 0.0182 -0.0249
vn 0.9995 -0.0287 -0.0112
vn 0.9995 -0.0033 0.0307
vn 0.9995 0.0240 -0.0193
vn 0.9995 -0.0249 -0.0182
vn 0.9995 -0.0112 0.0287
vn 0.9995 0.0282 -0.0124
vn 0.9995 -0.0193 -0.0240
vn 0.9995 -0.0182 0.0249
vn 0.9995 0.0305 -0.0047
vn 0.9995 -0.0124 -0.0282
vn 0.9995 -0.0240 0.0193
vn 0.9995 0.0307 0.0033
vn 0.9995 0.0249 0.0182
vn 0.9995 0.0287 0.0112
vn 0.9995 -0.0047 -0.0305
vn 0.7241 0.2781 0.6311
vn 0.7241 0.1052 0.6816
vn 0.7241 0.2497 -0.6429
vn 0.7241 0.4076 -0.5564
vn 0.7241 -0.6856 -0.0748
vn 0.7241 -0.6429 -0.2497
vn 0.7241 -0.0748 0.6856
vn 0.7241 0.5377 -0.4319
vn 0.7241 -0.5564 -0.4076
vn 0.7241 -0.2497 0.6429
vn 0.7241 0.6311 -0.2781
vn 0.7241 -0.4319 -0.5377
vn 0.7241 -0.4076 0.5564
vn 0.7241 0.6816 -0.1052
vn 0.7241 -0.2781 -0.6311
vn 0.7241 -0.5377 0.4319
vn 0.7241 0.6856 0.0748
vn 0.7241 0.6429 0.2497
vn 0.7241 0.5564 0.4076
vn 0.7241 -0.1052 -0.6816
vn 0.7241 -0.6311 0.2781
vn 0.7241 0.4319 0.5377
vn 0.7241 0.0748 -0.6856
vn 0.7241 -0.6816 0.1052
vn 0.0000 -0.9151 0.4032
vn 0.0000 -0.9883 0.1526
vn 0.0000 0.6263 0.7796
vn 0.0000 0.4032 0.9151
vn -0.0000 0.1084 -0.9941
vn -0.0000 0.3620 -0.9322
vn 0.0000 -0.9941 -0.1084
vn 0.0000 0.1526 0.9883
vn -0.0000 0.5909 -0.8067
vn 0.0000 -0.9322 -0.3620
vn -0.0000 -0.1084 0.9941
vn -0.0000 0.7796 -0.6263
vn 0.0000 -0.8067 -0.5909
vn -0.0000 -0.3620 0.9322
vn 0.0000 0.9151 -0.4032
vn 0.0000 -0.6263 -0.7796
vn -0.0000 -0.5909 0.8067
vn 0.0000 0.9883 -0.1526
vn 0.0000 -0.4032 -0.9151
vn 0.0000 -0.7796 0.6263
vn 0.0000 0.9941 0.1084
vn 0.0000 0.9322 0.3620
vn 0.0000 0.8067 0.5909
vn -0.0000 -0.1526 -0.9883
vn -0.8568 -0.4160 -0.3047
vn -0.8568 -0.3230 -0.4020
vn -0.8568 -0.1867 0.4807
vn -0.8568 -0.3047 0.4160
vn -0.8568 0.4719 -0.2079
vn -0.8568 0.5096 -0.0787
vn -0.8568 -0.2079 -0.4719
vn -0.8568 -0.4020 0.3230
vn -0.8568 0.5126 0.0559
vn -0.8568 0.4807 0.1867
vn -0.8568 0.4160 0.3047
vn -0.8568 -0.0787 -0.5096
vn -0.8568 -0.4719 0.2079
vn -0.8568 0.3230 0.4020
vn -0.8568 0.0559 -0.5126
vn -0.8568 -0.5096 0.0787
vn -0.8568 0.2079 0.4719
vn -0.8568 0.1867 -0.4807
vn -0.8568 -0.5126 -0.0559
vn -0.8568 0.0787 0.5096
vn -0.8568 0.3047 -0.4160
vn -0.8568 -0.4807 -0.1867
vn -0.8568 -0.0559 0.5126
vn -0.8568 0.4020 -0.3230
vn 0.0000 0.1084 -0.9941
vn 0.0000 0.3620 -0.9322
vn 0.0000 0.5909 -0.8067
vn 0.0000 -0.1084 0.9941
vn 0.0000 0.7796 -0.6263
vn 0.0000 -0.3620 0.9322
vn 0.0000 -0.5909 0.8067
vn 0.0000 -0.1526 -0.9883
vn -0.8777 0.4764 0.0520
vn -0.8777 0.4467 0.1735
vn -0.8777 0.3866 0.2832
vn -0.8777 0.3001 0.3736
vn -0.8777 -0.0731 -0.4736
vn -0.8777 0.0520 -0.4764
vn -0.8777 -0.4385 0.1932
vn -0.8777 -0.4736 0.0731
vn -0.8777 0.1932 0.4385
vn -0.8777 0.1735 -0.4467
vn -0.8777 -0.4764 -0.0520
vn -0.8777 0.0731 0.4736
vn -0.8777 0.2832 -0.3866
vn -0.8777 -0.4467 -0.1735
vn -0.8777 -0.0520 0.4764
vn -0.8777 0.3736 -0.3001
vn -0.8777 -0.3866 -0.2832
vn -0.8777 -0.1735 0.4467
vn -0.8777 0.4385 -0.1932
vn -0.8777 -0.3001 -0.3736
vn -0.8777 -0.2832 0.3866
vn -0.8777 0.4736 -0.0731
vn -0.8777 -0.1932 -0.4385
vn -0.8777 -0.3736 0.3001
vn 0.0170 -0.9940 -0.1084
vn 0.0170 -0.9881 0.1526
vn 0.0170 -0.9150 0.4031
vn 0.0170 -0.7795 0.6262
vn 0.0170 -0.5909 0.8066
vn 0.0170 -0.3620 0.9320
vn 0.0170 -0.1084 0.9940
vn 0.0170 0.1526 0.9881
vn 0.0170 0.4031 0.9150
vn 0.0170 0.6262 0.7795
vn 0.0170 0.8066 0.5909
vn 0.0170 0.9320 0.3620
vn 0.0170 0.9940 0.1084
vn 0.0170 0.9881 -0.1526
vn 0.0170 0.9150 -0.4031
vn 0.0170 0.7795 -0.6262
vn 0.0170 0.5909 -0.8066
vn 0.0170 0.3620 -0.9320
vn 0.0170 0.1084 -0.9940
vn 0.0170 -0.1526 -0.9881
vn 0.0170 -0.4031 -0.9150
vn 0.0170 -0.6262 -0.7795
vn 0.0170 -0.8066 -0.5909
vn 0.0170 -0.9320 -0.3620
vn 0.9686 -0.1136 0.2212
vn 0.9694 -0.0889 0.2288
vn 0.9676 -0.0914 0.2353
vn 0.9780 -0.0945 0.1858
vn 0.9686 -0.0655 0.2398
vn 0.9671 -0.0540 0.2485
vn 0.9773 -0.0511 0.2056
vn 0.9780 -0.0556 0.2009
vn 0.0000 0.6714 -0.7411
vn 0.0000 -0.6698 0.7426
vn 0.0000 0.9995 -0.0316
vn 0.9495 0.1400 -0.2809
vn 0.9483 0.1149 -0.2958
vn 0.9260 0.1367 -0.3520
vn 0.9257 0.1679 -0.3390
vn 0.9495 0.0863 -0.3018
vn 0.9257 0.1049 -0.3634
vn 0.9860 -0.0757 0.1488
vn 0.9861 -0.0757 0.1480
vn 0.9773 -0.1010 0.1862
vn 0.0000 -0.3059 0.9521
vn 0.9890 -0.0474 0.1402
vn 0.9942 -0.0230 0.1048
vn 0.9647 -0.0563 0.2573
vn 0.9676 -0.0666 0.2434
vn 0.9890 -0.0597 0.1355
vn 0.9918 -0.0462 0.1191
vn 0.9695 -0.0887 0.2284
vn 0.9676 -0.1151 0.2245
vn 0.9647 -0.1321 0.2278
vn 0.9671 -0.1278 0.2198
vn 0.9940 -0.0534 0.0957
vn 0.9988 0.0221 -0.0437
vn 0.9990 0.0202 -0.0395
vn 0.9959 -0.0411 0.0804
vn 0.9967 -0.0370 0.0719
vn 0.9990 0.0118 -0.0428
vn 0.9988 0.0132 -0.0472
vn 0.9967 -0.0212 0.0780
vn 0.9959 -0.0239 0.0871
vn 0.9861 -0.0440 0.1603
vn 0.9860 -0.0445 0.1609
vn 0.9518 0.0839 -0.2951
vn 0.9260 0.1047 -0.3627
vn 0.0000 0.3557 -0.9346
vn 0.9852 0.0462 -0.1651
vn 0.9843 0.0639 -0.1646
vn 0.9987 0.0185 -0.0476
vn 0.9518 0.1373 -0.2743
vn 0.9867 0.0737 -0.1452
vn 0.9852 0.0773 -0.1531
vn 0.0000 0.9069 0.4214
vn 0.9867 0.0436 -0.1569
vn 0.9260 0.1676 -0.3383
vn 0.9980 -0.0534 0.0347
vn 0.9979 -0.0355 0.0544
vn 0.9979 -0.0499 0.0421
vn 0.9992 0.0011 0.0393
vn 1.0000 -0.0004 0.0011
vn 0.9992 -0.0274 0.0281
vn 0.9981 -0.0065 0.0609
vn 0.9978 0.0115 0.0646
vn 0.9979 0.0115 0.0643
vn 0.9980 -0.0233 0.0592
vn 0.9974 -0.0545 0.0479
vn 0.9974 -0.0557 0.0450
vn 1.0000 -0.0000 -0.0000
vn 0.9975 0.0080 0.0704
vn 0.9974 0.0111 0.0708
vn 0.0000 -0.9995 0.0316
vn 0.0000 -0.6714 0.7411
vn 0.0000 0.0067 -1.0000
vn 0.0000 -0.7184 -0.6956
vn 0.0000 -0.0020 -1.0000
vn -0.0000 -0.7142 -0.6999
vn 0.0000 -0.9996 0.0283
vn 1.0000 0.0000 0.0000
vn 0.0000 0.6698 -0.7426
vn 0.0000 0.9996 -0.0283
vn 0.0000 0.0020 1.0000
vn 0.0000 0.7142 0.6999
vn 0.0000 -0.9046 -0.4262
vn 0.0000 0.9162 -0.4008
vn 0.0000 0.9086 -0.4176
vn 0.0000 0.9552 0.2961
vn 0.0000 0.9902 -0.1396
vn 0.0000 0.9852 -0.1712
vn 0.0000 -0.4055 -0.9141
vn 0.0000 -0.3886 -0.9214
vn 0.0000 -0.8343 -0.5513
vn 0.0000 -0.6364 -0.7713
vn 0.0000 -0.6115 -0.7912
vn 0.0000 -0.8053 -0.5928
vn 0.0000 0.9877 0.1563
vn 0.0000 0.9944 0.1061
vn -0.9276 -0.1352 0.3482
vn -0.9517 -0.1112 0.2863
vn -0.9862 -0.0600 0.1544
vn -0.9989 -0.0169 0.0435
vn -0.9965 0.0303 -0.0780
vn -0.9864 0.0594 -0.1531
vn -0.9706 0.0872 -0.2245
vn -0.9789 0.0740 -0.1905
vn -0.9706 0.0872 -0.2246
vn -0.9978 0.0239 -0.0616
vn 0.9972 -0.0271 0.0699
vn 0.9806 -0.0709 0.1827
vn 0.9662 -0.0933 0.2403
vn 0.9791 -0.0936 0.1806
vn 0.9819 -0.0889 0.1675
vn 1.0000 0.0022 -0.0048
vn 1.0000 0.0018 -0.0046
vn 0.9791 -0.0528 0.1965
vn 0.9819 -0.0474 0.1836
vn 0.9687 0.0680 -0.2389
vn 0.9685 0.0680 -0.2397
vn 0.9688 0.0897 -0.2309
vn 0.9685 0.0902 -0.2322
vn 0.9685 0.1116 -0.2227
vn 0.9687 0.1111 -0.2222
vn 1.0000 0.0013 -0.0043
vn 1.0000 0.0011 -0.0029
vn 1.0000 0.0017 -0.0050
vn 1.0000 0.0020 -0.0041
vn 0.9731 -0.0834 0.2148
vn 1.0000 0.0033 -0.0084
vn 1.0000 0.0038 -0.0082
vn 1.0000 0.0027 -0.0086
vn 0.9698 0.0871 -0.2280
vn 0.9698 0.0883 -0.2275
vn 0.9698 0.0896 -0.2270
vn 0.0000 -0.9479 -0.3185
vn -0.0000 0.3034 -0.9529
vn 0.0000 -0.3693 0.9293
vn 0.0000 0.3666 -0.9304
vn 0.0000 0.3683 -0.9297
vn 0.0000 0.9283 0.3719
vn 0.0000 -0.4168 0.9090
vn -0.0000 0.9144 0.4048
vn 0.0000 -0.9536 -0.3011
vn -0.0000 -0.3547 0.9350
vn 0.9686 -0.2483 0.0122
vn 0.9694 -0.2426 0.0375
vn 0.9676 -0.2495 0.0385
vn 0.9780 -0.2081 0.0110
vn 0.9686 -0.2404 0.0632
vn 0.9671 -0.2422 0.0775
vn 0.9773 -0.2036 0.0585
vn 0.9780 -0.2018 0.0523
vn 0.0000 -0.8694 0.4942
vn 0.0000 0.9775 0.2109
vn 0.0000 -0.9780 -0.2088
vn 0.0000 0.5271 0.8498
vn 0.9495 0.3133 -0.0192
vn 0.9483 0.3136 -0.0484
vn 0.9260 0.3732 -0.0576
vn 0.9257 0.3775 -0.0241
vn 0.0000 -0.1631 -0.9866
vn 0.9495 0.3045 -0.0762
vn 0.9257 0.3672 -0.0909
vn 0.9860 -0.1667 0.0088
vn 0.9861 -0.1660 0.0084
vn 0.9773 -0.2118 0.0056
vn 0.0000 -0.9775 0.2111
vn 0.9890 -0.1451 0.0290
vn 0.9942 -0.1023 0.0325
vn 0.9647 -0.2510 0.0799
vn 0.9676 -0.2441 0.0640
vn 0.9890 -0.1472 0.0160
vn 0.9918 -0.1262 0.0195
vn 0.9695 -0.2421 0.0374
vn 0.9676 -0.2520 0.0126
vn 0.9647 -0.2634 -0.0005
vn 0.9671 -0.2543 -0.0008
vn 0.9940 -0.1095 0.0016
vn 0.9988 0.0489 -0.0027
vn 0.9990 0.0443 -0.0023
vn 0.9959 -0.0902 0.0046
vn 0.9967 -0.0808 0.0039
vn 0.0000 -0.9886 0.1503
vn 0.9990 0.0430 -0.0112
vn 0.9988 0.0475 -0.0122
vn 0.9967 -0.0782 0.0206
vn 0.9959 -0.0873 0.0228
vn 0.9861 -0.1608 0.0420
vn 0.9860 -0.1616 0.0419
vn 0.9518 0.2975 -0.0749
vn 0.9260 0.3665 -0.0907
vn 0.0000 0.9875 -0.1575
vn 0.0000 0.9872 -0.1592
vn 0.9852 0.1661 -0.0425
vn 0.9843 0.1745 -0.0270
vn 0.9987 0.0505 -0.0078
vn 0.9518 0.3062 -0.0183
vn 0.9867 0.1626 -0.0088
vn 0.9852 0.1712 -0.0096
vn 0.0000 0.0886 0.9961
vn 0.9867 0.1577 -0.0407
vn 0.9260 0.3768 -0.0240
vn 0.9980 -0.0567 -0.0289
vn 0.9979 -0.0649 -0.0036
vn 0.9979 -0.0614 -0.0222
vn 0.9992 -0.0335 0.0206
vn 1.0000 -0.0012 0.0002
vn 0.9992 -0.0381 -0.0097
vn 0.9981 -0.0560 0.0248
vn 0.9978 -0.0502 0.0423
vn 0.9980 -0.0629 0.0094
vn 0.9974 -0.0688 -0.0233
vn 0.9974 -0.0669 -0.0258
vn 0.9975 -0.0569 0.0421
vn 0.0000 -0.5271 -0.8498
vn 0.0000 -0.9775 -0.2109
vn 0.0000 0.8694 -0.4942
vn 0.0000 0.2432 -0.9700
vn 0.0000 0.8650 -0.5017
vn 0.0000 -0.2432 0.9700
vn 0.0000 0.2491 -0.9685
vn 0.0000 -0.5243 -0.8515
vn 0.0000 0.9780 0.2087
vn 0.0000 0.5243 0.8515
vn 0.0000 -0.8650 0.5017
vn 0.0000 -0.2491 0.9685
vn 0.0000 -0.0832 -0.9965
vn 0.0000 0.8052 0.5930
vn 0.0000 0.8160 0.5781
vn 0.0000 0.2212 0.9752
vn 0.0000 0.6160 0.7877
vn 0.0000 0.6408 0.7677
vn 0.0000 0.5888 -0.8082
vn 0.0000 0.6036 -0.7973
vn 0.0000 0.0603 -0.9982
vn 0.0000 0.3497 -0.9368
vn 0.0000 0.3795 -0.9252
vn 0.0000 0.1107 -0.9939
vn 0.0000 0.3585 0.9335
vn 0.0000 0.4053 0.9142
vn -0.9276 -0.3692 0.0570
vn -0.9517 -0.3035 0.0469
vn -0.9862 -0.1637 0.0253
vn -0.9989 -0.0461 0.0071
vn -0.9965 0.0827 -0.0128
vn -0.9864 0.1623 -0.0251
vn -0.9706 0.2381 -0.0368
vn -0.9789 0.2020 -0.0312
vn -0.9978 0.0653 -0.0101
vn 0.9972 -0.0741 0.0114
vn 0.9806 -0.1937 0.0299
vn 1.0000 0.0049 -0.0008
vn 1.0000 0.0052 -0.0011
vn 0.9662 -0.2548 0.0393
vn 0.9791 -0.2032 0.0092
vn 0.9819 -0.1895 0.0067
vn 1.0000 0.0053 -0.0005
vn 0.9791 -0.1966 0.0525
vn 0.9819 -0.1827 0.0507
vn 0.9687 0.2409 -0.0606
vn 0.9685 0.2415 -0.0610
vn 0.9688 0.2448 -0.0378
vn 0.9685 0.2462 -0.0380
vn 1.0000 0.0031 -0.0005
vn 1.0000 0.0045 -0.0003
vn 0.9685 0.2487 -0.0147
vn 0.9687 0.2480 -0.0149
vn 1.0000 0.0044 -0.0010
vn 0.9731 -0.2278 0.0352
vn 0.9965 -0.0464 0.0696
vn 0.9984 -0.0559 0.0086
vn 1.0000 0.0089 -0.0014
vn 1.0000 0.0090 -0.0008
vn 0.9965 -0.0652 -0.0524
vn 1.0000 0.0088 -0.0020
vn 0.9698 0.2410 -0.0386
vn 0.9698 0.2412 -0.0372
vn 0.9698 0.2414 -0.0359
vn 0.0000 -0.9879 0.1548
vn 0.0000 -0.1981 -0.9802
vn 0.0000 0.9769 -0.2137
vn 0.0000 -0.9895 0.1448
vn 0.0000 0.9890 -0.1477
vn 0.0000 0.9893 -0.1459
vn 0.0000 0.1420 0.9899
vn 0.0000 -0.9956 0.0936
vn 0.0000 0.1067 0.9943
vn 0.0000 -0.2160 -0.9764
vn 0.0000 -0.9871 0.1603
vn 0.0000 0.9959 -0.0909
vn 0.9686 -0.1348 -0.2089
vn 0.9694 -0.1537 -0.1914
vn 0.9676 -0.1581 -0.1968
vn 0.9780 -0.1136 -0.1748
vn 0.9686 -0.1750 -0.1766
vn 0.9671 -0.1882 -0.1711
vn 0.9773 -0.1525 -0.1471
vn 0.9780 -0.1462 -0.1486
vn 0.0000 -0.8626 -0.5058
vn 0.0000 0.3061 0.9520
vn 0.0000 -0.3082 -0.9513
vn 0.0000 -0.4724 0.8814
vn 0.9495 0.1733 0.2617
vn 0.9483 0.1987 0.2474
vn 0.9260 0.2365 0.2944
vn 0.9257 0.2096 0.3149
vn 0.0000 0.7729 -0.6346
vn 0.9495 0.2182 0.2256
vn 0.9257 0.2623 0.2725
vn 0.9860 -0.0910 -0.1400
vn 0.9861 -0.0903 -0.1396
vn 0.9773 -0.1108 -0.1806
vn 0.0000 -0.6715 -0.7410
vn 0.9890 -0.0977 -0.1111
vn 0.9942 -0.0793 -0.0724
vn 0.9647 -0.1947 -0.1774
vn 0.9676 -0.1775 -0.1794
vn 0.9890 -0.0875 -0.1194
vn 0.9918 -0.0800 -0.0995
vn 0.9695 -0.1534 -0.1910
vn 0.9676 -0.1369 -0.2119
vn 0.9647 -0.1312 -0.2283
vn 0.9671 -0.1265 -0.2206
vn 0.9940 -0.0562 -0.0941
vn 0.9988 0.0268 0.0410
vn 0.9990 0.0242 0.0373
vn 0.9959 -0.0491 -0.0758
vn 0.9967 -0.0438 -0.0680
vn 0.0000 -0.6245 -0.7810
vn 0.9990 0.0312 0.0316
vn 0.9988 0.0343 0.0350
vn 0.9967 -0.0570 -0.0574
vn 0.9959 -0.0634 -0.0642
vn 0.9861 -0.1168 -0.1183
vn 0.9860 -0.1171 -0.1190
vn 0.9518 0.2136 0.2202
vn 0.9260 0.2618 0.2720
vn 0.0000 0.6302 0.7765
vn 0.0000 0.6315 0.7754
vn 0.9852 0.1199 0.1226
vn 0.9843 0.1106 0.1377
vn 0.9987 0.0320 0.0398
vn 0.9518 0.1690 0.2560
vn 0.9867 0.0889 0.1364
vn 0.9852 0.0939 0.1435
vn 0.0000 -0.8184 0.5747
vn 0.9867 0.1141 0.1162
vn 0.9260 0.2092 0.3143
vn 0.9980 -0.0033 -0.0636
vn 0.9979 -0.0293 -0.0580
vn 0.9979 -0.0115 -0.0643
vn 0.9992 -0.0346 -0.0187
vn 1.0000 -0.0008 -0.0009
vn 0.9992 -0.0106 -0.0378
vn 0.9981 -0.0495 -0.0360
vn 0.9978 -0.0617 -0.0223
vn 0.9980 -0.0396 -0.0497
vn 0.9974 -0.0142 -0.0712
vn 0.9974 -0.0111 -0.0708
vn 0.9975 -0.0649 -0.0283
vn 0.0000 0.4724 -0.8814
vn 0.0000 -0.3061 -0.9520
vn 0.0000 0.8626 0.5058
vn 0.0000 0.9616 -0.2744
vn 0.0000 0.8670 0.4983
vn 0.0000 -0.9616 0.2744
vn 0.0000 0.9633 -0.2685
vn 0.0000 0.4753 -0.8798
vn 0.0000 0.3082 0.9513
vn 0.0000 -0.4753 0.8798
vn 0.0000 -0.8670 -0.4983
vn 0.0000 -0.9633 0.2686
vn 0.0000 0.8214 -0.5703
vn 0.0000 -0.1110 0.9938
vn 0.0000 -0.0926 0.9957
vn 0.0000 -0.7340 0.6792
vn 0.0000 -0.3742 0.9274
vn 0.0000 -0.3444 0.9388
vn 0.0000 0.9944 0.1058
vn 0.0000 0.9923 0.1241
vn 0.0000 0.8946 -0.4469
vn 0.0000 0.9862 -0.1655
vn 0.0000 0.9910 -0.1340
vn 0.0000 0.9160 -0.4011
vn 0.0000 -0.6292 0.7772
vn 0.0000 -0.5891 0.8081
vn -0.9276 -0.2339 -0.2912
vn -0.9517 -0.1924 -0.2395
vn -0.9862 -0.1037 -0.1291
vn -0.9989 -0.0292 -0.0364
vn -0.9965 0.0524 0.0652
vn -0.9864 0.1028 0.1280
vn -0.9706 0.1509 0.1878
vn -0.9789 0.1280 0.1593
vn -0.9978 0.0414 0.0515
vn 0.9972 -0.0470 -0.0584
vn 0.9806 -0.1227 -0.1528
vn 1.0000 0.0031 0.0039
vn 1.0000 0.0035 0.0040
vn 0.9662 -0.1615 -0.2010
vn 0.9791 -0.1096 -0.1714
vn 0.9819 -0.1006 -0.1607
vn 1.0000 0.0031 0.0043
vn 0.9791 -0.1437 -0.1440
vn 0.9819 -0.1353 -0.1329
vn 0.9687 0.1729 0.1784
vn 0.9685 0.1736 0.1787
vn 0.9688 0.1551 0.1931
vn 0.9685 0.1560 0.1942
vn 1.0000 0.0020 0.0025
vn 1.0000 0.0025 0.0037
vn 0.9685 0.1371 0.2080
vn 0.9687 0.1369 0.2073
vn 1.0000 0.0031 0.0033
vn 0.9731 -0.1443 -0.1797
vn 0.9965 -0.0835 -0.0054
vn 0.9984 -0.0354 -0.0441
vn 1.0000 0.0057 0.0070
vn 1.0000 0.0052 0.0074
vn 0.9965 0.0127 -0.0827
vn 1.0000 0.0061 0.0067
vn 0.9698 0.1539 0.1894
vn 0.9698 0.1528 0.1903
vn 0.9698 0.1518 0.1911
vn 0.0000 -0.6281 -0.7782
vn 0.0000 0.7498 -0.6617
vn 0.0000 0.6735 0.7392
vn 0.0000 -0.6202 -0.7845
vn 0.0000 0.6224 0.7827
vn 0.0000 0.6210 0.7838
vn 0.0000 -0.7863 0.6179
vn 0.0000 -0.5788 -0.8155
vn 0.0000 -0.8077 0.5896
vn 0.0000 0.7376 -0.6753
vn 0.0000 -0.6324 -0.7747
vn 0.0000 0.5767 0.8170
vn 0.9686 0.1136 -0.2212
vn 0.9694 0.0889 -0.2288
vn 0.9676 0.0914 -0.2353
vn 0.9780 0.0945 -0.1858
vn 0.9686 0.0655 -0.2398
vn 0.9671 0.0540 -0.2485
vn 0.9773 0.0511 -0.2056
vn 0.9780 0.0556 -0.2009
vn 0.9495 -0.1400 0.2809
vn 0.9483 -0.1149 0.2958
vn 0.9260 -0.1367 0.3520
vn 0.9257 -0.1679 0.3390
vn 0.0000 0.9360 0.3520
vn 0.9495 -0.0863 0.3018
vn 0.9257 -0.1049 0.3634
vn 0.9860 0.0757 -0.1488
vn 0.9861 0.0757 -0.1480
vn 0.9773 0.1010 -0.1862
vn 0.0000 0.3059 -0.9521
vn 0.9890 0.0474 -0.1402
vn 0.9942 0.0230 -0.1048
vn 0.9647 0.0563 -0.2573
vn 0.9676 0.0666 -0.2434
vn 0.9890 0.0597 -0.1355
vn 0.9918 0.0462 -0.1191
vn 0.9695 0.0887 -0.2283
vn 0.9676 0.1151 -0.2245
vn 0.9647 0.1321 -0.2278
vn 0.9671 0.1278 -0.2198
vn 0.9940 0.0534 -0.0957
vn 0.9988 -0.0221 0.0437
vn 0.9990 -0.0202 0.0395
vn 0.9959 0.0411 -0.0804
vn 0.9967 0.0370 -0.0719
vn 0.0000 0.3641 -0.9314
vn 0.9990 -0.0118 0.0428
vn 0.9988 -0.0132 0.0472
vn 0.9967 0.0212 -0.0780
vn 0.9959 0.0239 -0.0871
vn 0.9861 0.0440 -0.1603
vn 0.9860 0.0445 -0.1609
vn 0.9518 -0.0839 0.2951
vn 0.9260 -0.1047 0.3627
vn 0.0000 -0.3574 0.9340
vn 0.0000 -0.3557 0.9346
vn 0.9852 -0.0462 0.1651
vn 0.9843 -0.0639 0.1646
vn 0.9987 -0.0185 0.0476
vn 0.9518 -0.1373 0.2743
vn 0.9867 -0.0737 0.1452
vn 0.9852 -0.0773 0.1531
vn 0.0000 -0.9069 -0.4214
vn 0.9867 -0.0436 0.1569
vn 0.9260 -0.1676 0.3383
vn 0.9980 0.0534 -0.0347
vn 0.9979 0.0356 -0.0544
vn 0.9979 0.0499 -0.0421
vn 0.9992 -0.0011 -0.0393
vn 1.0000 0.0004 -0.0012
vn 0.9992 0.0274 -0.0281
vn 0.9981 0.0065 -0.0609
vn 0.9978 -0.0115 -0.0646
vn 0.9980 0.0233 -0.0592
vn 0.9974 0.0545 -0.0479
vn 0.9974 0.0557 -0.0450
vn 0.9975 -0.0080 -0.0704
vn 0.0000 -0.0067 1.0000
vn 0.0000 0.7184 0.6956
vn 0.0000 -0.7142 -0.6999
vn 0.0000 0.9046 0.4262
vn 0.0000 -0.9162 0.4008
vn 0.0000 -0.9086 0.4176
vn 0.0000 -0.9552 -0.2961
vn 0.0000 -0.9902 0.1396
vn 0.0000 -0.9852 0.1711
vn 0.0000 0.4055 0.9141
vn 0.0000 0.3886 0.9214
vn 0.0000 0.8343 0.5513
vn 0.0000 0.6365 0.7713
vn 0.0000 0.6115 0.7912
vn 0.0000 0.8054 0.5928
vn 0.0000 -0.9877 -0.1563
vn 0.0000 -0.9944 -0.1061
vn -0.9276 0.1352 -0.3482
vn -0.9517 0.1112 -0.2863
vn -0.9862 0.0600 -0.1544
vn -0.9989 0.0169 -0.0435
vn -0.9965 -0.0303 0.0780
vn -0.9864 -0.0594 0.1531
vn -0.9706 -0.0872 0.2245
vn -0.9789 -0.0740 0.1905
vn -0.9978 -0.0239 0.0616
vn 0.9972 0.0271 -0.0699
vn 0.9806 0.0709 -0.1827
vn 1.0000 -0.0018 0.0046
vn 1.0000 -0.0017 0.0050
vn 0.9662 0.0933 -0.2403
vn 0.9791 0.0936 -0.1806
vn 0.9819 0.0889 -0.1675
vn 1.0000 -0.0022 0.0048
vn 0.9791 0.0528 -0.1965
vn 0.9819 0.0474 -0.1836
vn 0.9686 -0.0680 0.2389
vn 0.9685 -0.0679 0.2397
vn 0.9688 -0.0897 0.2309
vn 0.9685 -0.0902 0.2322
vn 1.0000 -0.0011 0.0030
vn 1.0000 -0.0020 0.0041
vn 0.9685 -0.1116 0.2227
vn 0.9687 -0.1111 0.2222
vn 1.0000 -0.0013 0.0043
vn 0.9731 0.0834 -0.2148
vn 0.9965 -0.0371 -0.0750
vn 0.9984 0.0205 -0.0527
vn 1.0000 -0.0033 0.0084
vn 1.0000 -0.0038 0.0082
vn 0.9965 0.0779 -0.0303
vn 1.0000 -0.0027 0.0086
vn 0.9698 -0.0871 0.2280
vn 0.9698 -0.0883 0.2275
vn 0.9698 -0.0896 0.2270
vn 0.0000 0.3599 -0.9330
vn 0.0000 0.9479 0.3185
vn 0.0000 -0.3034 0.9529
vn 0.0000 0.3693 -0.9293
vn -0.0000 -0.3666 0.9304
vn 0.0000 -0.3683 0.9297
vn 0.0000 -0.9283 -0.3720
vn 0.0000 0.4168 -0.9090
vn 0.0000 -0.9144 -0.4047
vn 0.0000 0.9536 0.3012
vn 0.0000 0.3547 -0.9350
vn 0.0000 -0.4192 0.9079
vn 0.9686 0.2483 -0.0122
vn 0.9694 0.2426 -0.0375
vn 0.9676 0.2495 -0.0385
vn 0.9780 0.2081 -0.0110
vn 0.9686 0.2404 -0.0632
vn 0.9671 0.2422 -0.0775
vn 0.9773 0.2036 -0.0585
vn 0.9780 0.2018 -0.0523
vn 0.9495 -0.3133 0.0192
vn 0.9483 -0.3136 0.0484
vn 0.9260 -0.3732 0.0576
vn 0.9257 -0.3775 0.0241
vn 0.0000 0.1631 0.9866
vn 0.9495 -0.3045 0.0762
vn 0.9257 -0.3672 0.0909
vn 0.9860 0.1667 -0.0088
vn 0.9861 0.1660 -0.0084
vn 0.9773 0.2118 -0.0056
vn 0.0000 0.9775 -0.2111
vn 0.9890 0.1451 -0.0290
vn 0.9942 0.1023 -0.0325
vn 0.9647 0.2510 -0.0799
vn 0.9676 0.2441 -0.0640
vn 0.9890 0.1472 -0.0160
vn 0.9918 0.1262 -0.0195
vn 0.9695 0.2421 -0.0374
vn 0.9676 0.2520 -0.0126
vn 0.9647 0.2634 0.0005
vn 0.9671 0.2543 0.0008
vn 0.9940 0.1095 -0.0016
vn 0.9988 -0.0489 0.0027
vn 0.9990 -0.0443 0.0023
vn 0.9959 0.0902 -0.0046
vn 0.9967 0.0808 -0.0039
vn 0.0000 0.9886 -0.1503
vn 0.9990 -0.0430 0.0112
vn 0.9988 -0.0475 0.0122
vn 0.9967 0.0782 -0.0206
vn 0.9959 0.0873 -0.0228
vn 0.9861 0.1608 -0.0420
vn 0.9860 0.1616 -0.0419
vn 0.9518 -0.2975 0.0749
vn 0.9260 -0.3665 0.0907
vn 0.0000 -0.9875 0.1575
vn 0.0000 -0.9872 0.1592
vn 0.9852 -0.1661 0.0425
vn 0.9843 -0.1745 0.0269
vn 0.9987 -0.0505 0.0078
vn 0.9518 -0.3062 0.0183
vn 0.9867 -0.1626 0.0088
vn 0.9852 -0.1712 0.0096
vn 0.0000 -0.0885 -0.9961
vn 0.9867 -0.1577 0.0407
vn 0.9260 -0.3768 0.0240
vn 0.9980 0.0567 0.0289
vn 0.9979 0.0649 0.0036
vn 0.9979 0.0614 0.0222
vn 0.9992 0.0335 -0.0206
vn 1.0000 0.0012 -0.0002
vn 0.9992 0.0381 0.0097
vn 0.9981 0.0560 -0.0248
vn 0.9978 0.0502 -0.0423
vn 0.9980 0.0629 -0.0094
vn 0.9974 0.0688 0.0233
vn 0.9974 0.0669 0.0258
vn 0.9975 0.0569 -0.0421
vn 0.0000 0.0832 0.9965
vn 0.0000 -0.8052 -0.5930
vn 0.0000 -0.8160 -0.5781
vn 0.0000 -0.2212 -0.9752
vn 0.0000 -0.6160 -0.7877
vn 0.0000 -0.6408 -0.7677
vn 0.0000 -0.5888 0.8082
vn 0.0000 -0.6036 0.7973
vn 0.0000 -0.0603 0.9982
vn 0.0000 -0.3498 0.9368
vn 0.0000 -0.3795 0.9252
vn 0.0000 -0.1107 0.9939
vn 0.0000 -0.3585 -0.9335
vn 0.0000 -0.4053 -0.9142
vn -0.9276 0.3692 -0.0570
vn -0.9517 0.3035 -0.0469
vn -0.9862 0.1637 -0.0253
vn -0.9989 0.0461 -0.0071
vn -0.9965 -0.0827 0.0128
vn -0.9864 -0.1623 0.0251
vn -0.9706 -0.2381 0.0368
vn -0.9789 -0.2020 0.0312
vn -0.9978 -0.0653 0.0101
vn 0.9972 0.0741 -0.0114
vn 0.9806 0.1937 -0.0299
vn 1.0000 -0.0049 0.0008
vn 1.0000 -0.0052 0.0011
vn 0.9662 0.2548 -0.0393
vn 0.9791 0.2032 -0.0093
vn 0.9819 0.1895 -0.0067
vn 1.0000 -0.0053 0.0005
vn 0.9791 0.1966 -0.0525
vn 0.9819 0.1827 -0.0507
vn 0.9687 -0.2409 0.0606
vn 0.9685 -0.2415 0.0610
vn 0.9688 -0.2448 0.0378
vn 0.9685 -0.2462 0.0380
vn 1.0000 -0.0031 0.0005
vn 1.0000 -0.0045 0.0003
vn 0.9685 -0.2487 0.0147
vn 0.9687 -0.2480 0.0149
vn 1.0000 -0.0044 0.0010
vn 0.9731 0.2278 -0.0352
vn 0.9965 0.0464 -0.0696
vn 0.9984 0.0559 -0.0086
vn 1.0000 -0.0089 0.0014
vn 1.0000 -0.0090 0.0008
vn 0.9965 0.0652 0.0523
vn 1.0000 -0.0088 0.0020
vn 0.9698 -0.2410 0.0386
vn 0.9698 -0.2412 0.0372
vn 0.9698 -0.2414 0.0359
vn 0.0000 0.9879 -0.1548
vn 0.0000 0.1981 0.9802
vn 0.0000 -0.9769 0.2137
vn 0.0000 0.9895 -0.1448
vn 0.0000 -0.9890 0.1477
vn 0.0000 -0.9893 0.1459
vn 0.0000 -0.1420 -0.9899
vn 0.0000 0.9956 -0.0935
vn 0.0000 -0.1067 -0.9943
vn 0.0000 0.2160 0.9764
vn 0.0000 0.9871 -0.1603
vn 0.0000 -0.9959 0.0909
vn 0.9686 0.1347 0.2089
vn 0.9694 0.1537 0.1914
vn 0.9676 0.1581 0.1968
vn 0.9780 0.1136 0.1748
vn 0.9686 0.1750 0.1766
vn 0.9671 0.1882 0.1711
vn 0.9773 0.1525 0.1471
vn 0.9780 0.1462 0.1486
vn 0.9495 -0.1733 -0.2617
vn 0.9483 -0.1987 -0.2474
vn 0.9260 -0.2365 -0.2944
vn 0.9257 -0.2096 -0.3149
vn 0.0000 -0.7729 0.6346
vn 0.9495 -0.2182 -0.2256
vn 0.9257 -0.2623 -0.2725
vn 0.9860 0.0910 0.1400
vn 0.9861 0.0903 0.1396
vn 0.9773 0.1108 0.1806
vn 0.0000 0.6716 0.7410
vn 0.9890 0.0977 0.1111
vn 0.9942 0.0793 0.0724
vn 0.9647 0.1947 0.1774
vn 0.9676 0.1775 0.1794
vn 0.9890 0.0875 0.1194
vn 0.9918 0.0800 0.0995
vn 0.9695 0.1534 0.1910
vn 0.9676 0.1369 0.2119
vn 0.9647 0.1312 0.2283
vn 0.9671 0.1265 0.2206
vn 0.9940 0.0562 0.0941
vn 0.9988 -0.0268 -0.0410
vn 0.9990 -0.0242 -0.0372
vn 0.9959 0.0491 0.0758
vn 0.9967 0.0438 0.0680
vn 0.0000 0.6245 0.7810
vn 0.9990 -0.0312 -0.0316
vn 0.9988 -0.0343 -0.0350
vn 0.9967 0.0570 0.0574
vn 0.9959 0.0634 0.0642
vn 0.9861 0.1168 0.1182
vn 0.9860 0.1171 0.1190
vn 0.9518 -0.2136 -0.2202
vn 0.9260 -0.2618 -0.2720
vn 0.0000 -0.6302 -0.7765
vn 0.0000 -0.6315 -0.7753
vn 0.9852 -0.1199 -0.1226
vn 0.9843 -0.1106 -0.1377
vn 0.9987 -0.0320 -0.0398
vn 0.9518 -0.1690 -0.2560
vn 0.9867 -0.0889 -0.1364
vn 0.9852 -0.0939 -0.1435
vn 0.0000 0.8184 -0.5747
vn 0.9867 -0.1141 -0.1162
vn 0.9260 -0.2092 -0.3143
vn 0.9980 0.0033 0.0636
vn 0.9979 0.0293 0.0580
vn 0.9992 0.0346 0.0187
vn 1.0000 0.0008 0.0009
vn 0.9992 0.0106 0.0378
vn 0.9981 0.0495 0.0360
vn 0.9978 0.0617 0.0223
vn 0.9980 0.0396 0.0497
vn 0.9974 0.0142 0.0712
vn 0.9975 0.0649 0.0283
vn 0.0000 -0.9633 0.2685
vn 0.0000 -0.8214 0.5703
vn 0.0000 0.1110 -0.9938
vn 0.0000 0.0926 -0.9957
vn 0.0000 0.7340 -0.6792
vn 0.0000 0.3742 -0.9273
vn 0.0000 0.3444 -0.9388
vn 0.0000 -0.9944 -0.1058
vn 0.0000 -0.9923 -0.1241
vn 0.0000 -0.8946 0.4469
vn 0.0000 -0.9862 0.1655
vn 0.0000 -0.9910 0.1340
vn 0.0000 -0.9160 0.4011
vn 0.0000 0.6292 -0.7772
vn 0.0000 0.5891 -0.8081
vn -0.9276 0.2340 0.2912
vn -0.9517 0.1924 0.2395
vn -0.9862 0.1037 0.1291
vn -0.9989 0.0292 0.0364
vn -0.9965 -0.0524 -0.0652
vn -0.9864 -0.1028 -0.1280
vn -0.9706 -0.1509 -0.1878
vn -0.9789 -0.1280 -0.1593
vn -0.9978 -0.0414 -0.0515
vn 0.9972 0.0470 0.0584
vn 0.9806 0.1227 0.1528
vn 1.0000 -0.0031 -0.0039
vn 1.0000 -0.0035 -0.0040
vn 0.9662 0.1615 0.2010
vn 0.9791 0.1096 0.1714
vn 0.9819 0.1006 0.1607
vn 1.0000 -0.0031 -0.0043
vn 0.9791 0.1437 0.1440
vn 0.9819 0.1353 0.1329
vn 0.9687 -0.1729 -0.1784
vn 0.9685 -0.1736 -0.1787
vn 0.9688 -0.1551 -0.1931
vn 0.9685 -0.1560 -0.1942
vn 1.0000 -0.0020 -0.0025
vn 1.0000 -0.0025 -0.0037
vn 0.9685 -0.1371 -0.2080
vn 0.9687 -0.1369 -0.2073
vn 1.0000 -0.0031 -0.0033
vn 0.9731 0.1443 0.1797
vn 0.9965 0.0834 0.0054
vn 0.9984 0.0354 0.0441
vn 1.0000 -0.0057 -0.0070
vn 1.0000 -0.0052 -0.0074
vn 0.9965 -0.0127 0.0827
vn 1.0000 -0.0061 -0.0067
vn 0.9698 -0.1539 -0.1894
vn 0.9698 -0.1528 -0.1902
vn 0.9698 -0.1518 -0.1911
vn 0.0000 0.6280 0.7782
vn 0.0000 -0.7498 0.6617
vn 0.0000 -0.6735 -0.7392
vn 0.0000 0.6202 0.7845
vn 0.0000 -0.6224 -0.7827
vn 0.0000 -0.6210 -0.7838
vn 0.0000 0.7862 -0.6179
vn 0.0000 0.5788 0.8155
vn 0.0000 0.8077 -0.5896
vn 0.0000 -0.7376 0.6753
vn 0.0000 0.6324 0.7746
vn 0.0000 -0.5767 -0.8170
vn 0.0000 -0.9360 -0.3520
vn 0.0000 -0.3641 0.9314
vn 0.0000 0.3574 -0.9340
vn 0.9965 0.0371 0.0749
vn 0.9984 -0.0205 0.0527
vn 0.9965 -0.0779 0.0303
vn 0.0000 -0.3599 0.9330
vn 0.0000 0.4192 -0.9079
vn 0.9978 -0.0538 0.0377
vn 0.9981 -0.0528 0.0322
vn 0.9981 -0.0543 -0.0296
vn 0.9987 -0.0491 0.0094
vn 0.9979 -0.0484 0.0440
vn 0.9978 -0.0596 -0.0278
vn 0.9981 -0.0015 -0.0618
vn 0.9987 -0.0327 -0.0379
vn 0.9979 -0.0623 -0.0199
vn 0.9978 -0.0057 -0.0655
vn 0.9981 0.0528 -0.0322
vn 0.9987 0.0164 -0.0473
vn 0.9979 -0.0139 -0.0639
vn 0.9978 0.0538 -0.0377
vn 0.9981 0.0543 0.0296
vn 0.9987 0.0491 -0.0094
vn 0.9979 0.0484 -0.0440
vn 0.9978 0.0596 0.0278
vn 0.9981 0.0015 0.0618
vn 0.9987 0.0327 0.0379
vn 0.9979 0.0623 0.0199
vn 0.9978 0.0057 0.0655
vn 0.9987 -0.0164 0.0473
vn 0.9979 0.0139 0.0639
vn 0.0000 -0.6256 -0.7801
vn 0.0000 -0.4015 -0.9159
vn 0.0000 -0.4038 -0.9148
vn 0.0000 -0.6261 -0.7798
vn 0.0000 -0.8072 -0.5903
vn 0.0000 -0.9321 -0.3623
vn 0.0000 -0.9319 -0.3628
vn 0.0000 -0.8057 -0.5924
vn 0.0000 -0.1077 0.9942
vn 0.0000 -0.3628 0.9319
vn 0.0000 -0.3623 0.9321
vn 0.0000 -0.1103 0.9939
vn 0.0000 -0.7798 0.6261
vn 0.0000 -0.5926 0.8055
vn 0.0000 -0.5905 0.8071
vn 0.0000 -0.7801 0.6256
vn 0.0000 -0.9939 -0.1103
vn 0.0000 -0.9942 -0.1077
vn 0.0000 -0.9148 0.4039
vn 0.0000 -0.9158 0.4015
vn 0.0000 -0.5925 0.8056
vn 0.0000 -0.5904 0.8071
vn 0.0000 -0.1076 0.9942
vn 0.0000 -0.1102 0.9939
vn 0.0000 -0.9148 0.4038
vn 0.0000 -0.9884 0.1517
vn 0.0000 -0.9883 0.1523
vn 0.0000 -0.9159 0.4015
vn 0.0000 0.1523 0.9883
vn 0.0000 0.1517 0.9884
vn 0.0000 0.4015 0.9159
vn 0.0000 0.4038 0.9148
vn 0.0000 0.8072 0.5903
vn 0.0000 0.9321 0.3623
vn 0.0000 0.9319 0.3628
vn 0.0000 0.8057 0.5924
vn 0.0000 0.8071 0.5904
vn 0.0000 0.6256 0.7801
vn 0.0000 0.6261 0.7798
vn 0.0000 0.8056 0.5924
vn 0.0000 0.4013 0.9159
vn 0.0000 0.4037 0.9149
vn 0.0000 0.9148 -0.4039
vn 0.0000 0.7798 -0.6261
vn 0.0000 0.7801 -0.6256
vn 0.0000 0.9158 -0.4016
vn 0.0000 0.1076 -0.9942
vn 0.0000 -0.1523 -0.9883
vn 0.0000 -0.1517 -0.9884
vn 0.0000 0.1102 -0.9939
vn 0.0000 0.9939 0.1103
vn 0.0000 0.9942 0.1077
vn 0.0000 0.3628 -0.9319
vn 0.0000 0.3623 -0.9321
vn 0.9974 -0.0541 0.0479
vn 0.9973 -0.0548 0.0487
vn 0.9973 -0.0695 -0.0231
vn 0.9978 -0.0658 0.0066
vn 0.9974 -0.0577 0.0422
vn 0.9974 -0.0686 -0.0229
vn 0.9973 -0.0147 -0.0717
vn 0.9978 -0.0386 -0.0537
vn 0.9974 -0.0654 -0.0289
vn 0.9974 -0.0144 -0.0709
vn 0.9973 0.0547 -0.0486
vn 0.9978 0.0272 -0.0602
vn 0.9978 0.0272 -0.0603
vn 0.9974 -0.0077 -0.0711
vn 0.9974 0.0541 -0.0479
vn 0.9973 0.0695 0.0231
vn 0.9978 0.0658 -0.0066
vn 0.9974 0.0577 -0.0422
vn 0.9974 0.0686 0.0229
vn 0.9973 0.0147 0.0717
vn 0.9978 0.0386 0.0537
vn 0.9973 0.0148 0.0717
vn 0.9974 0.0654 0.0289
vn 0.9974 0.0144 0.0709
vn 0.9978 -0.0272 0.0603
vn 0.9974 0.0077 0.0711
vn 0.0000 -0.9939 -0.1104
vn 0.0000 -0.9942 -0.1078
vn 0.0000 -0.8071 -0.5904
vn 0.0000 -0.8056 -0.5925
vn 0.0000 0.5924 -0.8056
vn 0.0000 0.5904 -0.8071
vn 0.0000 -0.4013 -0.9159
vn 0.0000 -0.4037 -0.9149
vn 0.0000 0.1077 -0.9942
vn 0.0000 0.1103 -0.9939
vn 0.0000 0.5926 -0.8055
vn 0.0000 0.5905 -0.8071
vn 0.0000 0.9148 -0.4038
vn 0.0000 0.9159 -0.4015
vn 0.0000 0.9939 0.1104
vn 0.0000 0.9884 -0.1517
vn 0.0000 0.9883 -0.1523
vn 0.0000 0.9942 0.1078
# 1226 vertex normals

vt 0.3473 0.7500 0.0000
vt 0.8750 0.5000 0.0000
vt 0.6250 0.5000 0.0000
vt 0.3750 0.7500 0.0000
vt 0.6250 0.7500 0.0000
vt 0.3750 0.0971 0.0000
vt 0.6250 0.0971 0.0000
vt 0.6250 0.1529 0.0000
vt 0.3750 0.1529 0.0000
vt 0.8750 0.7500 0.0000
vt 0.3750 0.2500 0.0000
vt 0.6250 0.2500 0.0000
vt 0.3750 0.5000 0.0000
vt 0.6250 1.0000 0.0000
vt 0.3750 1.0000 0.0000
vt 0.3750 0.5971 0.0000
vt 0.6250 0.5971 0.0000
vt 0.6250 0.6529 0.0000
vt 0.3750 0.6529 0.0000
vt 0.1527 0.5971 0.0000
vt 0.1527 0.5000 0.0000
vt 0.8750 0.5971 0.0000
vt 0.8750 0.6529 0.0000
vt 0.6250 0.0000 0.0000
vt 0.3750 0.0000 0.0000
vt 0.6104 0.0000 0.0000
vt 0.6104 0.2500 0.0000
vt 0.1527 0.7500 0.0000
vt 0.6177 0.5000 0.0000
vt 0.6177 0.7500 0.0000
vt 0.3473 0.5971 0.0000
vt 0.3473 0.6529 0.0000
vt 0.1527 0.6529 0.0000
vt 0.3473 0.5000 0.0000
vt 0.1250 0.5000 0.0000
vt 0.1250 0.7500 0.0000
vt 0.1250 0.6529 0.0000
vt 0.1250 0.5971 0.0000
vt 0.7920 0.7336 0.0000
vt 0.7214 0.8014 0.0000
vt 0.7246 0.8058 0.0000
vt 0.7962 0.7370 0.0000
vt 0.1988 0.7203 0.0000
vt 0.1519 0.6343 0.0000
vt 0.1468 0.6363 0.0000
vt 0.1944 0.7236 0.0000
vt 0.5575 0.1269 0.0000
vt 0.6512 0.1544 0.0000
vt 0.6534 0.1494 0.0000
vt 0.5583 0.1215 0.0000
vt 0.8426 0.6498 0.0000
vt 0.8476 0.6520 0.0000
vt 0.2663 0.7912 0.0000
vt 0.2629 0.7955 0.0000
vt 0.4599 0.1247 0.0000
vt 0.4593 0.1192 0.0000
vt 0.2795 0.1951 0.0000
vt 0.3651 0.1480 0.0000
vt 0.3631 0.1429 0.0000
vt 0.2763 0.1907 0.0000
vt 0.8700 0.5556 0.0000
vt 0.8754 0.5564 0.0000
vt 0.3497 0.8422 0.0000
vt 0.3475 0.8472 0.0000
vt 0.2089 0.2629 0.0000
vt 0.2047 0.2595 0.0000
vt 0.8722 0.4575 0.0000
vt 0.8776 0.4569 0.0000
vt 0.4434 0.8697 0.0000
vt 0.4426 0.8751 0.0000
vt 0.1583 0.3467 0.0000
vt 0.1533 0.3445 0.0000
vt 0.8490 0.3622 0.0000
vt 0.8541 0.3602 0.0000
vt 0.5410 0.8718 0.0000
vt 0.5416 0.8773 0.0000
vt 0.1309 0.4409 0.0000
vt 0.1255 0.4401 0.0000
vt 0.8021 0.2762 0.0000
vt 0.8065 0.2730 0.0000
vt 0.6358 0.8486 0.0000
vt 0.6378 0.8537 0.0000
vt 0.1287 0.5390 0.0000
vt 0.1233 0.5396 0.0000
vt 0.7346 0.2053 0.0000
vt 0.7380 0.2010 0.0000
vt 0.8901 0.5587 0.0000
vt 0.8924 0.4553 0.0000
vt 0.3415 0.8608 0.0000
vt 0.4403 0.8898 0.0000
vt 0.1931 0.2501 0.0000
vt 0.1397 0.3385 0.0000
vt 0.8680 0.3548 0.0000
vt 0.5432 0.8921 0.0000
vt 0.1108 0.4378 0.0000
vt 0.8185 0.2641 0.0000
vt 0.6432 0.8676 0.0000
vt 0.1085 0.5412 0.0000
vt 0.7474 0.1894 0.0000
vt 0.7334 0.8179 0.0000
vt 0.1329 0.6417 0.0000
vt 0.6594 0.1357 0.0000
vt 0.8078 0.7464 0.0000
vt 0.1824 0.7324 0.0000
vt 0.5606 0.1067 0.0000
vt 0.8612 0.6580 0.0000
vt 0.2535 0.8071 0.0000
vt 0.4577 0.1044 0.0000
vt 0.3577 0.1289 0.0000
vt 0.2675 0.1786 0.0000
vt 0.0903 0.5432 0.0000
vt 0.1159 0.6484 0.0000
vt 0.7588 0.1750 0.0000
vt 0.6668 0.1188 0.0000
vt 0.7442 0.8327 0.0000
vt 0.8221 0.7579 0.0000
vt 0.1676 0.7433 0.0000
vt 0.5634 0.0885 0.0000
vt 0.8780 0.6654 0.0000
vt 0.2421 0.8215 0.0000
vt 0.4557 0.0861 0.0000
vt 0.3511 0.1118 0.0000
vt 0.2566 0.1638 0.0000
vt 0.9082 0.5615 0.0000
vt 0.3341 0.8777 0.0000
vt 0.1788 0.2386 0.0000
vt 0.9106 0.4533 0.0000
vt 0.4375 0.9080 0.0000
vt 0.1229 0.3311 0.0000
vt 0.8850 0.3482 0.0000
vt 0.5452 0.9104 0.0000
vt 0.0927 0.4350 0.0000
vt 0.8333 0.2532 0.0000
vt 0.6498 0.8848 0.0000
vt 0.3257 0.8968 0.0000
vt 0.4343 0.9287 0.0000
vt 0.1626 0.2255 0.0000
vt 0.1038 0.3227 0.0000
vt 0.9313 0.4510 0.0000
vt 0.9044 0.3406 0.0000
vt 0.5474 0.9313 0.0000
vt 0.0721 0.4318 0.0000
vt 0.8501 0.2409 0.0000
vt 0.6573 0.9043 0.0000
vt 0.0696 0.5455 0.0000
vt 0.7719 0.1587 0.0000
vt 0.7566 0.8496 0.0000
vt 0.0964 0.6559 0.0000
vt 0.6752 0.0997 0.0000
vt 0.8383 0.7710 0.0000
vt 0.1508 0.7556 0.0000
vt 0.5666 0.0678 0.0000
vt 0.8971 0.6739 0.0000
vt 0.2290 0.8378 0.0000
vt 0.4535 0.0653 0.0000
vt 0.3436 0.0922 0.0000
vt 0.2443 0.1469 0.0000
vt 0.9288 0.5647 0.0000
vt 0.1494 0.4438 0.0000
vt 0.1754 0.3543 0.0000
vt 0.7870 0.2873 0.0000
vt 0.8316 0.3690 0.0000
vt 0.6290 0.8310 0.0000
vt 0.5390 0.8531 0.0000
vt 0.1473 0.5370 0.0000
vt 0.7229 0.2200 0.0000
vt 0.7104 0.7862 0.0000
vt 0.1693 0.6275 0.0000
vt 0.6437 0.1716 0.0000
vt 0.7774 0.7218 0.0000
vt 0.2139 0.7092 0.0000
vt 0.5546 0.1454 0.0000
vt 0.8255 0.6422 0.0000
vt 0.2780 0.7766 0.0000
vt 0.4619 0.1434 0.0000
vt 0.2905 0.2103 0.0000
vt 0.3719 0.1655 0.0000
vt 0.8515 0.5527 0.0000
vt 0.3572 0.8249 0.0000
vt 0.2235 0.2747 0.0000
vt 0.8536 0.4596 0.0000
vt 0.4462 0.8511 0.0000
vt 0.8350 0.7684 0.0000
vt 0.7541 0.8462 0.0000
vt 0.1542 0.7531 0.0000
vt 0.1004 0.6544 0.0000
vt 0.5659 0.0720 0.0000
vt 0.6735 0.1036 0.0000
vt 0.8932 0.6721 0.0000
vt 0.2317 0.8345 0.0000
vt 0.4539 0.0695 0.0000
vt 0.2468 0.1503 0.0000
vt 0.3451 0.0962 0.0000
vt 0.9246 0.5641 0.0000
vt 0.3274 0.8930 0.0000
vt 0.1659 0.2281 0.0000
vt 0.9271 0.4515 0.0000
vt 0.4350 0.9245 0.0000
vt 0.1077 0.3244 0.0000
vt 0.9005 0.3421 0.0000
vt 0.5470 0.9270 0.0000
vt 0.0763 0.4324 0.0000
vt 0.8467 0.2434 0.0000
vt 0.6558 0.9003 0.0000
vt 0.0738 0.5450 0.0000
vt 0.7692 0.1620 0.0000
vt 0.3409 0.0854 0.0000
vt 0.4527 0.0579 0.0000
vt 0.1569 0.2209 0.0000
vt 0.2400 0.1409 0.0000
vt 0.9386 0.4502 0.0000
vt 0.9360 0.5658 0.0000
vt 0.4332 0.9360 0.0000
vt 0.3228 0.9036 0.0000
vt 0.0971 0.3197 0.0000
vt 0.9113 0.3379 0.0000
vt 0.5482 0.9386 0.0000
vt 0.0649 0.4307 0.0000
vt 0.8560 0.2365 0.0000
vt 0.6600 0.9112 0.0000
vt 0.0623 0.5463 0.0000
vt 0.7765 0.1529 0.0000
vt 0.7609 0.8556 0.0000
vt 0.0896 0.6586 0.0000
vt 0.6781 0.0929 0.0000
vt 0.8440 0.7757 0.0000
vt 0.1449 0.7600 0.0000
vt 0.5677 0.0605 0.0000
vt 0.9038 0.6768 0.0000
vt 0.2244 0.8436 0.0000
vt 0.6386 0.5174 0.0000
vt 0.6399 0.4995 0.0000
vt 0.6865 0.5005 0.0000
vt 0.6845 0.5166 0.0000
vt 0.6394 0.4816 0.0000
vt 0.6367 0.4637 0.0000
vt 0.6839 0.4680 0.0000
vt 0.6852 0.4842 0.0000
vt 0.5619 0.4979 0.0000
vt 0.5695 0.4790 0.0000
vt 0.6132 0.4990 0.0000
vt 0.6056 0.5180 0.0000
vt 0.5881 0.4714 0.0000
vt 0.8031 0.5148 0.0000
vt 0.8046 0.5029 0.0000
vt 0.8503 0.5038 0.0000
vt 0.8493 0.5141 0.0000
vt 0.8037 0.4909 0.0000
vt 0.8497 0.4934 0.0000
vt 0.7022 0.5164 0.0000
vt 0.7003 0.5319 0.0000
vt 0.6825 0.5328 0.0000
vt 0.7504 0.4963 0.0000
vt 0.7506 0.5018 0.0000
vt 0.6236 0.4765 0.0000
vt 0.6209 0.4537 0.0000
vt 0.6289 0.4601 0.0000
vt 0.6316 0.4797 0.0000
vt 0.6227 0.5219 0.0000
vt 0.6242 0.4992 0.0000
vt 0.6321 0.4994 0.0000
vt 0.6307 0.5189 0.0000
vt 0.6272 0.5385 0.0000
vt 0.6352 0.5352 0.0000
vt 0.6190 0.5445 0.0000
vt 0.7619 0.5154 0.0000
vt 0.7603 0.5289 0.0000
vt 0.7337 0.5302 0.0000
vt 0.7355 0.5158 0.0000
vt 0.7614 0.4751 0.0000
vt 0.7625 0.4885 0.0000
vt 0.7361 0.4871 0.0000
vt 0.7349 0.4727 0.0000
vt 0.7016 0.4696 0.0000
vt 0.7029 0.4852 0.0000
vt 0.8027 0.4788 0.0000
vt 0.8491 0.4831 0.0000
vt 0.7921 0.5026 0.0000
vt 0.7922 0.4972 0.0000
vt 0.7847 0.4898 0.0000
vt 0.7857 0.5025 0.0000
vt 0.7636 0.5020 0.0000
vt 0.8017 0.5268 0.0000
vt 0.7826 0.5277 0.0000
vt 0.7841 0.5151 0.0000
vt 0.7450 0.4959 0.0000
vt 0.7837 0.4771 0.0000
vt 0.8483 0.5244 0.0000
vt 0.5689 0.5172 0.0000
vt 0.5869 0.5255 0.0000
vt 0.6064 0.5612 0.0000
vt 0.6064 0.4797 0.0000
vt 0.6090 0.4365 0.0000
vt 0.5394 0.4975 0.0000
vt 0.5379 0.5075 0.0000
vt 0.5339 0.5167 0.0000
vt 0.5013 0.4967 0.0000
vt 0.5383 0.4874 0.0000
vt 0.5347 0.4780 0.0000
vt 0.5746 0.4841 0.0000
vt 0.5879 0.4786 0.0000
vt 0.5690 0.4981 0.0000
vt 0.6012 0.4846 0.0000
vt 0.6061 0.4988 0.0000
vt 0.5741 0.5123 0.0000
vt 0.5871 0.5183 0.0000
vt 0.6006 0.5128 0.0000
vt 0.7372 0.5015 0.0000
vt 0.7041 0.5008 0.0000
vt 0.6903 0.5005 0.0000
vt 0.6902 0.5072 0.0000
vt 0.6977 0.5073 0.0000
vt 0.7452 0.5016 0.0000
vt 0.6905 0.4939 0.0000
vt 0.6979 0.4941 0.0000
vt 0.7975 0.4975 0.0000
vt 0.7974 0.5027 0.0000
vt 0.7920 0.5080 0.0000
vt 0.7973 0.5079 0.0000
vt 0.7502 0.5072 0.0000
vt 0.7448 0.5074 0.0000
vt 0.6978 0.5007 0.0000
vt 0.5521 0.6278 0.0000
vt 0.5680 0.6199 0.0000
vt 0.5904 0.6614 0.0000
vt 0.5756 0.6678 0.0000
vt 0.5830 0.6105 0.0000
vt 0.5970 0.5992 0.0000
vt 0.6168 0.6428 0.0000
vt 0.6036 0.6521 0.0000
vt 0.5682 0.5806 0.0000
vt 0.5551 0.5962 0.0000
vt 0.5304 0.5506 0.0000
vt 0.5504 0.5478 0.0000
vt 0.5351 0.5991 0.0000
vt 0.5661 0.5603 0.0000
vt 0.6363 0.7711 0.0000
vt 0.6472 0.7664 0.0000
vt 0.6692 0.8071 0.0000
vt 0.6599 0.8113 0.0000
vt 0.5901 0.6746 0.0000
vt 0.5865 0.6680 0.0000
vt 0.6570 0.7595 0.0000
vt 0.6777 0.8013 0.0000
vt 0.5846 0.6832 0.0000
vt 0.5704 0.6893 0.0000
vt 0.5608 0.6741 0.0000
vt 0.6257 0.7155 0.0000
vt 0.6212 0.7184 0.0000
vt 0.5795 0.5941 0.0000
vt 0.5976 0.5803 0.0000
vt 0.5961 0.5905 0.0000
vt 0.5807 0.6027 0.0000
vt 0.5403 0.6160 0.0000
vt 0.5604 0.6060 0.0000
vt 0.5642 0.6130 0.0000
vt 0.5468 0.6217 0.0000
vt 0.5284 0.6283 0.0000
vt 0.5351 0.6337 0.0000
vt 0.5192 0.6241 0.0000
vt 0.6152 0.7352 0.0000
vt 0.6029 0.7405 0.0000
vt 0.5885 0.7178 0.0000
vt 0.6017 0.7122 0.0000
vt 0.5958 0.6714 0.0000
vt 0.6494 0.7145 0.0000
vt 0.6384 0.7222 0.0000
vt 0.6265 0.6983 0.0000
vt 0.6383 0.6900 0.0000
vt 0.6243 0.6592 0.0000
vt 0.6116 0.6681 0.0000
vt 0.6668 0.7527 0.0000
vt 0.6863 0.7956 0.0000
vt 0.5922 0.6648 0.0000
vt 0.6412 0.7553 0.0000
vt 0.6459 0.7526 0.0000
vt 0.6484 0.7423 0.0000
vt 0.6381 0.7496 0.0000
vt 0.6275 0.7299 0.0000
vt 0.6254 0.7758 0.0000
vt 0.6150 0.7595 0.0000
vt 0.6266 0.7546 0.0000
vt 0.6235 0.7105 0.0000
vt 0.6588 0.7351 0.0000
vt 0.6506 0.8156 0.0000
vt 0.5175 0.5664 0.0000
vt 0.5194 0.5864 0.0000
vt 0.4986 0.6214 0.0000
vt 0.5196 0.5306 0.0000
vt 0.5103 0.5343 0.0000
vt 0.5004 0.5354 0.0000
vt 0.5276 0.5246 0.0000
vt 0.5486 0.5548 0.0000
vt 0.5599 0.5638 0.0000
vt 0.5339 0.5569 0.0000
vt 0.5614 0.5785 0.0000
vt 0.5517 0.5900 0.0000
vt 0.5243 0.5685 0.0000
vt 0.5257 0.5829 0.0000
vt 0.5370 0.5921 0.0000
vt 0.6148 0.7065 0.0000
vt 0.5989 0.6771 0.0000
vt 0.6186 0.7136 0.0000
vt 0.6135 0.7161 0.0000
vt 0.5980 0.6616 0.0000
vt 0.6015 0.6683 0.0000
vt 0.6482 0.7575 0.0000
vt 0.6438 0.7600 0.0000
vt 0.6365 0.7579 0.0000
vt 0.6393 0.7625 0.0000
vt 0.6164 0.7207 0.0000
vt 0.4147 0.6071 0.0000
vt 0.4293 0.6171 0.0000
vt 0.4052 0.6576 0.0000
vt 0.3924 0.6478 0.0000
vt 0.4449 0.6256 0.0000
vt 0.4615 0.6322 0.0000
vt 0.4342 0.6716 0.0000
vt 0.4197 0.6646 0.0000
vt 0.4630 0.5976 0.0000
vt 0.4432 0.5939 0.0000
vt 0.4698 0.5494 0.0000
vt 0.4822 0.5656 0.0000
vt 0.4308 0.5778 0.0000
vt 0.4793 0.5856 0.0000
vt 0.3344 0.7530 0.0000
vt 0.3439 0.7602 0.0000
vt 0.3202 0.8000 0.0000
vt 0.3119 0.7939 0.0000
vt 0.3937 0.6640 0.0000
vt 0.3975 0.6575 0.0000
vt 0.3546 0.7654 0.0000
vt 0.3293 0.8046 0.0000
vt 0.3837 0.6635 0.0000
vt 0.3714 0.6541 0.0000
vt 0.3796 0.6380 0.0000
vt 0.3766 0.7158 0.0000
vt 0.3719 0.7133 0.0000
vt 0.4571 0.6143 0.0000
vt 0.4779 0.6233 0.0000
vt 0.4685 0.6271 0.0000
vt 0.4504 0.6197 0.0000
vt 0.4189 0.5909 0.0000
vt 0.4375 0.6035 0.0000
vt 0.4334 0.6104 0.0000
vt 0.4173 0.5994 0.0000
vt 0.4024 0.5866 0.0000
vt 0.4013 0.5952 0.0000
vt 0.4014 0.5764 0.0000
vt 0.3546 0.7165 0.0000
vt 0.3439 0.7083 0.0000
vt 0.3561 0.6843 0.0000
vt 0.3675 0.6930 0.0000
vt 0.3993 0.6675 0.0000
vt 0.3892 0.7361 0.0000
vt 0.3772 0.7304 0.0000
vt 0.3917 0.7079 0.0000
vt 0.4046 0.7141 0.0000
vt 0.4239 0.6863 0.0000
vt 0.4100 0.6796 0.0000
vt 0.3653 0.7706 0.0000
vt 0.3384 0.8092 0.0000
vt 0.4032 0.6609 0.0000
vt 0.3504 0.7494 0.0000
vt 0.3549 0.7522 0.0000
vt 0.3650 0.7493 0.0000
vt 0.3537 0.7438 0.0000
vt 0.3652 0.7246 0.0000
vt 0.3249 0.7458 0.0000
vt 0.3337 0.7285 0.0000
vt 0.3437 0.7362 0.0000
vt 0.3797 0.7113 0.0000
vt 0.3763 0.7547 0.0000
vt 0.3036 0.7879 0.0000
vt 0.4499 0.5459 0.0000
vt 0.4337 0.5576 0.0000
vt 0.3935 0.5569 0.0000
vt 0.4815 0.5298 0.0000
vt 0.4737 0.5235 0.0000
vt 0.4678 0.5154 0.0000
vt 0.4906 0.5339 0.0000
vt 0.4753 0.5674 0.0000
vt 0.4732 0.5819 0.0000
vt 0.4662 0.5555 0.0000
vt 0.4615 0.5905 0.0000
vt 0.4468 0.5878 0.0000
vt 0.4515 0.5529 0.0000
vt 0.4398 0.5614 0.0000
vt 0.4377 0.5760 0.0000
vt 0.3788 0.7017 0.0000
vt 0.3960 0.6729 0.0000
vt 0.3747 0.7087 0.0000
vt 0.3700 0.7054 0.0000
vt 0.4088 0.6644 0.0000
vt 0.4049 0.6709 0.0000
vt 0.3520 0.7567 0.0000
vt 0.3476 0.7540 0.0000
vt 0.3458 0.7466 0.0000
vt 0.3433 0.7513 0.0000
vt 0.3675 0.7102 0.0000
vt 0.3639 0.4760 0.0000
vt 0.3627 0.4939 0.0000
vt 0.3160 0.4930 0.0000
vt 0.3180 0.4768 0.0000
vt 0.3632 0.5118 0.0000
vt 0.3659 0.5297 0.0000
vt 0.3186 0.5254 0.0000
vt 0.3173 0.5092 0.0000
vt 0.3961 0.5137 0.0000
vt 0.3894 0.4944 0.0000
vt 0.4406 0.4955 0.0000
vt 0.4330 0.5145 0.0000
vt 0.3969 0.4755 0.0000
vt 0.4145 0.5220 0.0000
vt 0.1994 0.4786 0.0000
vt 0.1980 0.4906 0.0000
vt 0.1522 0.4896 0.0000
vt 0.1532 0.4793 0.0000
vt 0.3049 0.4861 0.0000
vt 0.3124 0.4862 0.0000
vt 0.1989 0.5026 0.0000
vt 0.1528 0.5000 0.0000
vt 0.3003 0.4771 0.0000
vt 0.3022 0.4615 0.0000
vt 0.3200 0.4606 0.0000
vt 0.2522 0.4971 0.0000
vt 0.2520 0.4917 0.0000
vt 0.3789 0.5169 0.0000
vt 0.3816 0.5397 0.0000
vt 0.3737 0.5334 0.0000
vt 0.3710 0.5137 0.0000
vt 0.3799 0.4715 0.0000
vt 0.3784 0.4942 0.0000
vt 0.3704 0.4941 0.0000
vt 0.3718 0.4745 0.0000
vt 0.3753 0.4549 0.0000
vt 0.3674 0.4582 0.0000
vt 0.3835 0.4489 0.0000
vt 0.2406 0.4780 0.0000
vt 0.2423 0.4646 0.0000
vt 0.2688 0.4632 0.0000
vt 0.2671 0.4776 0.0000
vt 0.3047 0.4927 0.0000
vt 0.2411 0.5183 0.0000
vt 0.2401 0.5049 0.0000
vt 0.2664 0.5063 0.0000
vt 0.2676 0.5208 0.0000
vt 0.3009 0.5238 0.0000
vt 0.2997 0.5082 0.0000
vt 0.1998 0.5146 0.0000
vt 0.1534 0.5103 0.0000
vt 0.3122 0.4929 0.0000
vt 0.2104 0.4908 0.0000
vt 0.2103 0.4962 0.0000
vt 0.2178 0.5036 0.0000
vt 0.2168 0.4909 0.0000
vt 0.2390 0.4914 0.0000
vt 0.2008 0.4667 0.0000
vt 0.2199 0.4657 0.0000
vt 0.2184 0.4783 0.0000
vt 0.2575 0.4975 0.0000
vt 0.2188 0.5163 0.0000
vt 0.1543 0.4690 0.0000
vt 0.4337 0.4762 0.0000
vt 0.4156 0.4679 0.0000
vt 0.3962 0.4322 0.0000
vt 0.4631 0.4959 0.0000
vt 0.4647 0.4859 0.0000
vt 0.4687 0.4767 0.0000
vt 0.4642 0.5060 0.0000
vt 0.4280 0.5093 0.0000
vt 0.4146 0.5148 0.0000
vt 0.4336 0.4954 0.0000
vt 0.4014 0.5088 0.0000
vt 0.3964 0.4946 0.0000
vt 0.4284 0.4811 0.0000
vt 0.4155 0.4752 0.0000
vt 0.4020 0.4806 0.0000
vt 0.2653 0.4919 0.0000
vt 0.2984 0.4926 0.0000
vt 0.2573 0.4918 0.0000
vt 0.2578 0.4860 0.0000
vt 0.3121 0.4996 0.0000
vt 0.3046 0.4993 0.0000
vt 0.2050 0.4959 0.0000
vt 0.2051 0.4907 0.0000
vt 0.2106 0.4854 0.0000
vt 0.2053 0.4855 0.0000
vt 0.2524 0.4862 0.0000
vt 0.4505 0.3656 0.0000
vt 0.4346 0.3735 0.0000
vt 0.4121 0.3320 0.0000
vt 0.4269 0.3257 0.0000
vt 0.4196 0.3829 0.0000
vt 0.4056 0.3943 0.0000
vt 0.3857 0.3506 0.0000
vt 0.3989 0.3413 0.0000
vt 0.4344 0.4128 0.0000
vt 0.4474 0.3972 0.0000
vt 0.4721 0.4428 0.0000
vt 0.4521 0.4456 0.0000
vt 0.4674 0.3944 0.0000
vt 0.4364 0.4331 0.0000
vt 0.3663 0.2223 0.0000
vt 0.3553 0.2270 0.0000
vt 0.3333 0.1864 0.0000
vt 0.3426 0.1821 0.0000
vt 0.4124 0.3188 0.0000
vt 0.4161 0.3254 0.0000
vt 0.3456 0.2339 0.0000
vt 0.3248 0.1921 0.0000
vt 0.4179 0.3102 0.0000
vt 0.4321 0.3041 0.0000
vt 0.4417 0.3193 0.0000
vt 0.3768 0.2779 0.0000
vt 0.3813 0.2750 0.0000
vt 0.4230 0.3993 0.0000
vt 0.4049 0.4131 0.0000
vt 0.4064 0.4029 0.0000
vt 0.4218 0.3907 0.0000
vt 0.4622 0.3774 0.0000
vt 0.4421 0.3874 0.0000
vt 0.4383 0.3804 0.0000
vt 0.4557 0.3718 0.0000
vt 0.4742 0.3651 0.0000
vt 0.4674 0.3597 0.0000
vt 0.4834 0.3693 0.0000
vt 0.3873 0.2582 0.0000
vt 0.3996 0.2529 0.0000
vt 0.4140 0.2756 0.0000
vt 0.4009 0.2813 0.0000
vt 0.4067 0.3220 0.0000
vt 0.3531 0.2789 0.0000
vt 0.3641 0.2712 0.0000
vt 0.3760 0.2951 0.0000
vt 0.3643 0.3034 0.0000
vt 0.3783 0.3342 0.0000
vt 0.3910 0.3253 0.0000
vt 0.3358 0.2407 0.0000
vt 0.3163 0.1978 0.0000
vt 0.4103 0.3286 0.0000
vt 0.3613 0.2381 0.0000
vt 0.3567 0.2408 0.0000
vt 0.3541 0.2511 0.0000
vt 0.3644 0.2438 0.0000
vt 0.3751 0.2635 0.0000
vt 0.3772 0.2176 0.0000
vt 0.3875 0.2339 0.0000
vt 0.3760 0.2389 0.0000
vt 0.3791 0.2829 0.0000
vt 0.3438 0.2583 0.0000
vt 0.3520 0.1778 0.0000
vt 0.4851 0.4270 0.0000
vt 0.4832 0.4070 0.0000
vt 0.5039 0.3720 0.0000
vt 0.4829 0.4628 0.0000
vt 0.4922 0.4591 0.0000
vt 0.5021 0.4580 0.0000
vt 0.4749 0.4688 0.0000
vt 0.4540 0.4386 0.0000
vt 0.4427 0.4296 0.0000
vt 0.4687 0.4365 0.0000
vt 0.4412 0.4150 0.0000
vt 0.4508 0.4035 0.0000
vt 0.4783 0.4249 0.0000
vt 0.4769 0.4105 0.0000
vt 0.4655 0.4014 0.0000
vt 0.3877 0.2869 0.0000
vt 0.4037 0.3164 0.0000
vt 0.3839 0.2798 0.0000
vt 0.3890 0.2773 0.0000
vt 0.4045 0.3318 0.0000
vt 0.4010 0.3252 0.0000
vt 0.3543 0.2359 0.0000
vt 0.3588 0.2334 0.0000
vt 0.3660 0.2355 0.0000
vt 0.3633 0.2309 0.0000
vt 0.3861 0.2727 0.0000
vt 0.5878 0.3863 0.0000
vt 0.5732 0.3763 0.0000
vt 0.5974 0.3358 0.0000
vt 0.6102 0.3456 0.0000
vt 0.5577 0.3678 0.0000
vt 0.5410 0.3612 0.0000
vt 0.5684 0.3219 0.0000
vt 0.5829 0.3288 0.0000
vt 0.5395 0.3958 0.0000
vt 0.5593 0.3995 0.0000
vt 0.5327 0.4440 0.0000
vt 0.5204 0.4279 0.0000
vt 0.5717 0.4156 0.0000
vt 0.5232 0.4078 0.0000
vt 0.6681 0.2404 0.0000
vt 0.6586 0.2332 0.0000
vt 0.6824 0.1934 0.0000
vt 0.6907 0.1995 0.0000
vt 0.6088 0.3294 0.0000
vt 0.6050 0.3359 0.0000
vt 0.6479 0.2280 0.0000
vt 0.6733 0.1888 0.0000
vt 0.6188 0.3299 0.0000
vt 0.6311 0.3393 0.0000
vt 0.6230 0.3554 0.0000
vt 0.6259 0.2776 0.0000
vt 0.6306 0.2801 0.0000
vt 0.5454 0.3791 0.0000
vt 0.5246 0.3701 0.0000
vt 0.5340 0.3663 0.0000
vt 0.5521 0.3737 0.0000
vt 0.5836 0.4025 0.0000
vt 0.5650 0.3899 0.0000
vt 0.5692 0.3830 0.0000
vt 0.5852 0.3940 0.0000
vt 0.6001 0.4069 0.0000
vt 0.6013 0.3982 0.0000
vt 0.6011 0.4171 0.0000
vt 0.6480 0.2770 0.0000
vt 0.6586 0.2851 0.0000
vt 0.6464 0.3091 0.0000
vt 0.6351 0.3004 0.0000
vt 0.6032 0.3259 0.0000
vt 0.6133 0.2573 0.0000
vt 0.6253 0.2630 0.0000
vt 0.6108 0.2855 0.0000
vt 0.5980 0.2793 0.0000
vt 0.5786 0.3071 0.0000
vt 0.5926 0.3138 0.0000
vt 0.6372 0.2228 0.0000
vt 0.6641 0.1842 0.0000
vt 0.5993 0.3325 0.0000
vt 0.6522 0.2440 0.0000
vt 0.6476 0.2412 0.0000
vt 0.6375 0.2442 0.0000
vt 0.6488 0.2496 0.0000
vt 0.6374 0.2688 0.0000
vt 0.6776 0.2476 0.0000
vt 0.6689 0.2649 0.0000
vt 0.6588 0.2572 0.0000
vt 0.6228 0.2821 0.0000
vt 0.6262 0.2387 0.0000
vt 0.6989 0.2055 0.0000
vt 0.5527 0.4475 0.0000
vt 0.5688 0.4358 0.0000
vt 0.5211 0.4636 0.0000
vt 0.5288 0.4699 0.0000
vt 0.5119 0.4595 0.0000
vt 0.5273 0.4260 0.0000
vt 0.5293 0.4115 0.0000
vt 0.5364 0.4379 0.0000
vt 0.5411 0.4029 0.0000
vt 0.5557 0.4056 0.0000
vt 0.5511 0.4405 0.0000
vt 0.5627 0.4320 0.0000
vt 0.5648 0.4175 0.0000
vt 0.6237 0.2917 0.0000
vt 0.6065 0.3205 0.0000
vt 0.6279 0.2847 0.0000
vt 0.6325 0.2880 0.0000
vt 0.5937 0.3290 0.0000
vt 0.5977 0.3225 0.0000
vt 0.6506 0.2368 0.0000
vt 0.6549 0.2394 0.0000
vt 0.6567 0.2468 0.0000
vt 0.6593 0.2421 0.0000
vt 0.6350 0.2832 0.0000
vt 0.5351 0.5175 0.0000
vt 0.5393 0.5079 0.0000
vt 0.5107 0.5357 0.0000
vt 0.5203 0.5319 0.0000
vt 0.5286 0.5257 0.0000
vt 0.5004 0.5369 0.0000
vt 0.4727 0.5245 0.0000
vt 0.4807 0.5311 0.0000
vt 0.4902 0.5353 0.0000
vt 0.4666 0.5161 0.0000
vt 0.4633 0.4855 0.0000
vt 0.4617 0.4959 0.0000
vt 0.4628 0.5063 0.0000
vt 0.4674 0.4759 0.0000
vt 0.4919 0.4577 0.0000
vt 0.4823 0.4615 0.0000
vt 0.4739 0.4677 0.0000
vt 0.5022 0.4565 0.0000
vt 0.5299 0.4689 0.0000
vt 0.5218 0.4623 0.0000
vt 0.5124 0.4581 0.0000
vt 0.5360 0.4773 0.0000
vt 0.5408 0.4975 0.0000
vt 0.5397 0.4871 0.0000
vt 0.0000 0.0000 0.0000
# 790 texture coords

o RinCopiloto001
g RinCopiloto001
usemtl Material__5
s off
f 364/433/361 363/433/361 362/433/361 361/433/361 
f 368/434/363 367/435/363 366/435/362 365/434/362 
f 372/436/361 371/437/361 370/437/361 369/436/361 
f 376/441/365 375/440/365 374/439/364 373/438/364 
f 371/437/367 378/442/367 377/442/366 370/437/366 
f 380/445/368 367/435/368 368/444/368 379/443/368 
f 381/447/369 378/446/369 371/437/369 372/436/369 
f 379/443/364 368/444/364 365/444/364 382/443/364 
f 367/435/361 380/445/361 383/445/361 366/435/361 
f 387/451/361 386/450/361 385/449/361 384/448/361 
f 391/452/364 390/453/364 389/453/364 388/452/364 
f 386/450/371 374/455/371 375/454/370 385/449/370 
f 378/456/364 381/457/364 392/457/364 377/456/364 
f 394/457/364 393/458/364 377/456/364 392/457/364 
f 373/438/364 374/439/364 393/458/364 394/457/364 
f 396/459/365 395/443/364 382/443/364 365/444/364 
f 375/440/365 376/441/365 395/443/364 396/459/365 
f 400/460/364 399/460/364 398/460/364 397/460/364 
f 390/453/364 402/453/364 401/453/364 389/453/364 
f 396/434/372 403/461/372 385/449/370 375/454/370 
f 365/434/362 366/435/362 403/461/372 396/434/372 
f 403/461/361 404/445/361 384/448/361 385/449/361 
f 366/435/361 383/445/361 404/445/361 403/461/361 
f 406/462/361 405/436/361 369/436/361 370/437/361 
f 386/450/361 387/451/361 405/436/361 406/462/361 
f 410/463/361 409/464/361 408/464/361 407/463/361 
f 414/460/364 413/465/364 412/465/364 411/460/364 
f 406/462/373 393/442/373 374/455/371 386/450/371 
f 370/437/366 377/442/366 393/442/373 406/462/373 
f 413/465/364 391/452/364 388/452/364 412/465/364 
f 380/445/374 379/467/374 416/453/374 415/466/374 
f 381/468/375 372/436/375 362/433/375 397/460/375 
f 394/468/376 392/468/377 398/460/377 411/460/376 
f 373/469/378 394/468/376 411/460/376 412/465/378 
f 382/467/379 395/467/380 389/453/380 401/453/379 
f 395/467/380 376/470/381 388/452/381 389/453/380 
f 384/448/382 404/445/380 417/466/380 407/463/382 
f 404/445/380 383/445/379 418/466/379 417/466/380 
f 369/436/377 405/436/376 419/433/376 361/433/377 
f 405/436/376 387/451/383 408/464/383 419/433/376 
f 376/470/381 373/469/378 412/465/378 388/452/381 
f 387/451/383 384/448/382 407/463/382 408/464/383 
f 392/468/377 381/468/375 397/460/375 398/460/377 
f 372/436/375 369/436/377 361/433/377 362/433/375 
f 379/467/374 382/467/379 401/453/379 416/453/374 
f 383/445/379 380/445/374 415/466/374 418/466/379 
f 400/460/375 363/433/375 364/433/377 399/460/377 
f 422/466/374 421/453/374 402/453/379 420/466/379 
f 423/466/380 390/453/380 391/452/381 410/463/381 
f 420/466/379 402/453/379 390/453/380 423/466/380 
f 414/460/376 424/433/376 409/464/378 413/465/378 
f 399/460/377 364/433/377 424/433/376 414/460/376 
f 413/465/378 409/464/378 410/463/381 391/452/381 
f 423/466/361 410/463/361 407/463/361 417/466/361 
f 402/453/364 421/453/364 416/453/364 401/453/364 
f 420/466/361 423/466/361 417/466/361 418/466/361 
f 421/453/368 422/466/368 415/466/368 416/453/368 
f 422/466/361 420/466/361 418/466/361 415/466/361 
f 424/433/361 364/433/361 361/433/361 419/433/361 
f 363/433/369 400/460/369 397/460/369 362/433/369 
f 409/464/361 424/433/361 419/433/361 408/464/361 
f 399/460/364 414/460/364 411/460/364 398/460/364 
f 428/474/387 427/473/386 426/472/385 425/471/384 
f 432/478/391 431/477/390 430/476/389 429/475/388 
f 436/482/395 435/481/394 434/480/393 433/479/392 
f 438/484/397 428/474/387 425/471/384 437/483/396 
f 440/486/399 432/478/391 429/475/388 439/485/398 
f 442/488/401 436/482/395 433/479/392 441/487/400 
f 446/492/405 445/491/404 444/490/403 443/489/402 
f 448/494/407 438/484/397 437/483/396 447/493/406 
f 450/496/409 440/486/399 439/485/398 449/495/408 
f 445/491/404 442/488/401 441/487/400 444/490/403 
f 452/498/411 446/492/405 443/489/402 451/497/410 
f 454/500/413 448/494/407 447/493/406 453/499/412 
f 456/502/415 450/496/409 449/495/408 455/501/414 
f 458/504/417 452/498/411 451/497/410 457/503/416 
f 460/506/419 454/500/413 453/499/412 459/505/418 
f 462/508/421 456/502/415 455/501/414 461/507/420 
f 464/510/423 458/504/417 457/503/416 463/509/422 
f 466/512/425 460/506/419 459/505/418 465/511/424 
f 468/514/427 462/508/421 461/507/420 467/513/426 
f 470/516/429 464/510/423 463/509/422 469/515/428 
f 472/518/431 466/512/425 465/511/424 471/517/430 
f 427/473/386 468/514/427 467/513/426 426/472/385 
f 431/477/390 470/516/429 469/515/428 430/476/389 
f 435/481/394 472/518/431 471/517/430 434/480/393 
f 474/520/433 473/519/432 448/494/407 454/500/413 
f 476/522/435 475/521/434 450/496/409 456/502/415 
f 478/524/437 477/523/436 452/498/411 458/504/417 
f 479/525/438 474/520/433 454/500/413 460/506/419 
f 480/526/439 476/522/435 456/502/415 462/508/421 
f 481/527/440 478/524/437 458/504/417 464/510/423 
f 482/528/441 479/525/438 460/506/419 466/512/425 
f 483/529/442 480/526/439 462/508/421 468/514/427 
f 484/530/443 481/527/440 464/510/423 470/516/429 
f 485/531/444 482/528/441 466/512/425 472/518/431 
f 486/532/445 483/529/442 468/514/427 427/473/386 
f 487/533/446 484/530/443 470/516/429 431/477/390 
f 488/534/447 485/531/444 472/518/431 435/481/394 
f 489/535/448 486/532/445 427/473/386 428/474/387 
f 490/536/449 487/533/446 431/477/390 432/478/391 
f 491/537/450 488/534/447 435/481/394 436/482/395 
f 492/538/451 489/535/448 428/474/387 438/484/397 
f 493/539/452 490/536/449 432/478/391 440/486/399 
f 494/540/453 491/537/450 436/482/395 442/488/401 
f 496/542/455 495/541/454 445/491/404 446/492/405 
f 473/519/432 492/538/451 438/484/397 448/494/407 
f 475/521/434 493/539/452 440/486/399 450/496/409 
f 495/541/454 494/540/453 442/488/401 445/491/404 
f 477/523/436 496/542/455 446/492/405 452/498/411 
f 498/544/456 497/543/457 484/530/457 487/533/456 
f 500/546/458 499/545/459 485/531/459 488/534/458 
f 502/548/460 501/547/461 486/532/461 489/535/460 
f 503/549/462 498/544/456 487/533/456 490/536/462 
f 504/550/463 500/546/458 488/534/458 491/537/463 
f 505/551/464 502/548/460 489/535/460 492/538/464 
f 506/552/465 503/549/462 490/536/462 493/539/465 
f 507/553/466 504/550/463 491/537/463 494/540/466 
f 509/555/467 508/554/468 495/541/468 496/542/467 
f 510/556/469 505/551/464 492/538/464 473/519/469 
f 511/557/470 506/552/465 493/539/465 475/521/470 
f 508/554/468 507/553/466 494/540/466 495/541/468 
f 512/558/471 509/555/467 496/542/467 477/523/471 
f 513/559/472 510/556/469 473/519/469 474/520/472 
f 514/560/473 511/557/470 475/521/470 476/522/473 
f 515/561/474 512/558/471 477/523/471 478/524/474 
f 516/562/475 513/559/472 474/520/472 479/525/475 
f 517/563/476 514/560/473 476/522/473 480/526/476 
f 518/564/477 515/561/474 478/524/474 481/527/477 
f 519/565/478 516/562/475 479/525/475 482/528/478 
f 520/566/479 517/563/476 480/526/476 483/529/479 
f 497/543/457 518/564/477 481/527/477 484/530/457 
f 499/545/459 519/565/478 482/528/478 485/531/459 
f 501/547/461 520/566/479 483/529/479 486/532/461 
f 522/568/480 521/567/481 511/557/481 514/560/480 
f 524/570/482 523/569/483 512/558/483 515/561/482 
f 526/572/484 525/571/485 513/559/485 516/562/484 
f 527/573/486 522/568/480 514/560/480 517/563/486 
f 528/574/487 524/570/482 515/561/482 518/564/487 
f 529/575/488 526/572/484 516/562/484 519/565/488 
f 530/576/489 527/573/486 517/563/486 520/566/489 
f 531/577/490 528/574/487 518/564/487 497/543/490 
f 532/578/491 529/575/488 519/565/488 499/545/491 
f 533/579/492 530/576/489 520/566/489 501/547/492 
f 534/580/493 531/577/490 497/543/490 498/544/493 
f 535/581/494 532/578/491 499/545/491 500/546/494 
f 536/582/495 533/579/492 501/547/492 502/548/495 
f 537/583/496 534/580/493 498/544/493 503/549/496 
f 538/584/497 535/581/494 500/546/494 504/550/497 
f 539/585/498 536/582/495 502/548/495 505/551/498 
f 540/586/499 537/583/496 503/549/496 506/552/499 
f 541/587/500 538/584/497 504/550/497 507/553/500 
f 543/589/501 542/588/502 508/554/502 509/555/501 
f 544/590/503 539/585/498 505/551/498 510/556/503 
f 521/567/481 540/586/499 506/552/499 511/557/481 
f 542/588/502 541/587/500 507/553/500 508/554/502 
f 523/569/483 543/589/501 509/555/501 512/558/483 
f 525/571/485 544/590/503 510/556/503 513/559/485 
f 546/592/504 545/591/505 463/509/505 457/503/504 
f 548/594/506 547/593/507 465/511/507 459/505/506 
f 550/596/508 549/595/509 467/513/509 461/507/508 
f 545/591/505 551/597/510 469/515/510 463/509/505 
f 547/593/507 552/598/511 471/517/511 465/511/507 
f 549/595/509 553/599/512 426/472/512 467/513/509 
f 551/597/510 554/600/513 430/476/513 469/515/510 
f 552/598/511 555/601/514 434/480/514 471/517/511 
f 553/599/512 556/602/515 425/471/515 426/472/512 
f 554/600/513 557/603/516 429/475/516 430/476/513 
f 555/601/514 558/604/517 433/479/517 434/480/514 
f 556/602/515 559/605/518 437/483/518 425/471/515 
f 557/603/516 560/606/519 439/485/519 429/475/516 
f 558/604/517 561/607/520 441/487/520 433/479/517 
f 563/609/521 562/608/522 443/489/522 444/490/521 
f 559/605/518 564/610/523 447/493/523 437/483/518 
f 560/606/519 565/611/524 449/495/524 439/485/519 
f 561/607/520 563/609/521 444/490/521 441/487/520 
f 562/608/522 566/612/525 451/497/525 443/489/522 
f 564/610/523 567/613/526 453/499/526 447/493/523 
f 565/611/524 568/614/527 455/501/527 449/495/524 
f 566/612/525 546/592/504 457/503/504 451/497/525 
f 567/613/526 548/594/506 459/505/506 453/499/526 
f 568/614/527 550/596/508 461/507/508 455/501/527 
f 570/611/528 569/614/529 568/614/529 565/611/528 
f 572/612/530 571/592/531 546/592/531 566/612/530 
f 574/613/532 573/594/533 548/594/533 567/613/532 
f 569/614/529 575/596/534 550/596/534 568/614/529 
f 571/592/531 576/591/535 545/591/535 546/592/531 
f 573/594/533 577/593/536 547/593/536 548/594/533 
f 575/596/534 578/595/537 549/595/537 550/596/534 
f 576/591/535 579/597/538 551/597/538 545/591/535 
f 577/593/536 580/598/539 552/598/539 547/593/536 
f 578/595/537 581/599/540 553/599/540 549/595/537 
f 579/597/538 582/600/541 554/600/541 551/597/538 
f 580/598/539 583/601/542 555/601/542 552/598/539 
f 581/599/540 584/602/543 556/602/543 553/599/540 
f 582/600/541 585/603/544 557/603/544 554/600/541 
f 583/601/542 586/604/545 558/604/545 555/601/542 
f 584/602/543 587/605/546 559/605/546 556/602/543 
f 585/603/544 588/606/547 560/606/547 557/603/544 
f 586/604/545 589/607/548 561/607/548 558/604/545 
f 591/609/549 590/608/550 562/608/550 563/609/549 
f 587/605/546 592/610/551 564/610/551 559/605/546 
f 588/606/547 570/611/528 565/611/528 560/606/547 
f 589/607/548 591/609/549 563/609/549 561/607/548 
f 590/608/550 572/612/530 566/612/530 562/608/550 
f 592/610/551 574/613/532 567/613/532 564/610/551 
f 594/616/552 593/615/553 584/602/553 581/599/552 
f 596/618/554 595/617/555 585/603/555 582/600/554 
f 598/620/556 597/619/557 586/604/557 583/601/556 
f 593/615/553 599/621/558 587/605/558 584/602/553 
f 595/617/555 600/622/559 588/606/559 585/603/555 
f 597/619/557 601/623/560 589/607/560 586/604/557 
f 603/625/561 602/624/562 590/608/562 591/609/561 
f 599/621/558 604/626/563 592/610/563 587/605/558 
f 600/622/559 605/627/564 570/611/564 588/606/559 
f 601/623/560 603/625/561 591/609/561 589/607/560 
f 602/624/562 606/628/565 572/612/565 590/608/562 
f 604/626/563 607/629/566 574/613/566 592/610/563 
f 605/627/564 608/630/567 569/614/567 570/611/564 
f 606/628/565 609/631/568 571/592/568 572/612/565 
f 607/629/566 610/632/569 573/594/569 574/613/566 
f 608/630/567 611/633/570 575/596/570 569/614/567 
f 609/631/568 612/634/571 576/591/571 571/592/568 
f 610/632/569 613/635/572 577/593/572 573/594/569 
f 611/633/570 614/636/573 578/595/573 575/596/570 
f 612/634/571 615/637/574 579/597/574 576/591/571 
f 613/635/572 616/638/575 580/598/575 577/593/572 
f 614/636/573 594/616/552 581/599/552 578/595/573 
f 615/637/574 596/618/554 582/600/554 579/597/574 
f 616/638/575 598/620/556 583/601/556 580/598/575 
f 618/628/530 617/631/531 609/631/531 606/628/530 
f 620/629/576 619/632/577 610/632/577 607/629/576 
f 622/630/529 621/633/534 611/633/534 608/630/529 
f 617/631/531 623/634/535 612/634/535 609/631/531 
f 619/632/577 624/635/578 613/635/578 610/632/577 
f 621/633/534 625/636/537 614/636/537 611/633/534 
f 623/634/535 626/637/579 615/637/579 612/634/535 
f 624/635/578 627/638/580 616/638/580 613/635/578 
f 625/636/537 628/616/540 594/616/540 614/636/537 
f 626/637/579 629/618/581 596/618/581 615/637/579 
f 627/638/580 630/620/542 598/620/542 616/638/580 
f 628/616/540 631/615/543 593/615/543 594/616/540 
f 629/618/581 632/617/582 595/617/582 596/618/581 
f 630/620/542 633/619/545 597/619/545 598/620/542 
f 631/615/543 634/621/546 599/621/546 593/615/543 
f 632/617/582 635/622/547 600/622/547 595/617/582 
f 633/619/545 636/623/548 601/623/548 597/619/545 
f 638/625/549 637/624/550 602/624/550 603/625/549 
f 634/621/546 639/626/583 604/626/583 599/621/546 
f 635/622/547 640/627/528 605/627/528 600/622/547 
f 636/623/548 638/625/549 603/625/549 601/623/548 
f 637/624/550 618/628/530 606/628/530 602/624/550 
f 639/626/583 620/629/576 607/629/576 604/626/583 
f 640/627/528 622/630/529 608/630/529 605/627/528 
f 642/640/584 641/639/585 638/625/585 636/623/584 
f 644/642/586 643/641/587 618/628/587 637/624/586 
f 646/644/588 645/643/589 620/629/589 639/626/588 
f 648/646/590 647/645/591 622/630/591 640/627/590 
f 643/641/587 649/647/592 617/631/592 618/628/587 
f 645/643/589 650/648/593 619/632/593 620/629/589 
f 647/645/591 651/649/594 621/633/594 622/630/591 
f 649/647/592 652/650/595 623/634/595 617/631/592 
f 650/648/593 653/651/596 624/635/596 619/632/593 
f 651/649/594 654/652/597 625/636/597 621/633/594 
f 652/650/595 655/653/598 626/637/598 623/634/595 
f 653/651/596 656/654/599 627/638/599 624/635/596 
f 654/652/597 657/655/600 628/616/600 625/636/597 
f 655/653/598 658/656/601 629/618/601 626/637/598 
f 656/654/599 659/657/602 630/620/602 627/638/599 
f 657/655/600 660/658/603 631/615/603 628/616/600 
f 658/656/601 661/659/604 632/617/604 629/618/601 
f 659/657/602 662/660/605 633/619/605 630/620/602 
f 660/658/603 663/661/606 634/621/606 631/615/603 
f 661/659/604 664/662/607 635/622/607 632/617/604 
f 662/660/605 642/640/584 636/623/584 633/619/605 
f 641/639/585 644/642/586 637/624/586 638/625/585 
f 663/661/606 646/644/588 639/626/588 634/621/606 
f 664/662/607 648/646/590 640/627/590 635/622/607 
f 642/640/608 662/660/609 538/584/609 541/587/608 
f 662/660/609 659/657/610 535/581/610 538/584/609 
f 659/657/610 656/654/611 532/578/611 535/581/610 
f 656/654/611 653/651/612 529/575/612 532/578/611 
f 653/651/612 650/648/613 526/572/613 529/575/612 
f 650/648/613 645/643/614 525/571/614 526/572/613 
f 645/643/614 646/644/615 544/590/615 525/571/614 
f 646/644/615 663/661/616 539/585/616 544/590/615 
f 663/661/616 660/658/617 536/582/617 539/585/616 
f 660/658/617 657/655/618 533/579/618 536/582/617 
f 657/655/618 654/652/619 530/576/619 533/579/618 
f 654/652/619 651/649/620 527/573/620 530/576/619 
f 651/649/620 647/645/621 522/568/621 527/573/620 
f 647/645/621 648/646/622 521/567/622 522/568/621 
f 648/646/622 664/662/623 540/586/623 521/567/622 
f 664/662/623 661/659/624 537/583/624 540/586/623 
f 661/659/624 658/656/625 534/580/625 537/583/624 
f 658/656/625 655/653/626 531/577/626 534/580/625 
f 655/653/626 652/650/627 528/574/627 531/577/626 
f 652/650/627 649/647/628 524/570/628 528/574/627 
f 649/647/628 643/641/629 523/569/629 524/570/628 
f 643/641/629 644/642/630 543/589/630 523/569/629 
f 644/642/630 641/639/631 542/588/631 543/589/630 
f 641/639/631 642/640/608 541/587/608 542/588/631 
f 668/666/635 667/665/634 666/664/633 665/663/632 
f 672/670/639 671/669/638 670/668/637 669/667/636 
f 676/671/640 675/672/640 674/672/640 673/671/640 
f 680/673/641 679/674/641 678/674/641 677/673/641 
f 675/672/642 682/675/642 681/675/642 674/672/642 
f 686/679/646 685/678/645 684/677/644 683/676/643 
f 685/678/645 688/681/648 687/680/647 684/677/644 
f 668/666/635 691/684/651 690/683/650 689/682/649 
f 695/685/652 694/686/581 693/686/581 692/685/652 
f 699/690/656 698/689/655 697/688/654 696/687/653 
f 703/694/660 702/693/659 701/692/658 700/691/657 
f 669/667/636 670/668/637 698/689/655 699/690/656 
f 665/663/632 666/664/633 702/693/659 703/694/660 
f 705/696/662 665/663/632 703/694/660 704/695/661 
f 704/695/661 703/694/660 700/691/657 706/697/663 
f 710/701/667 709/700/666 708/699/665 707/698/664 
f 714/705/671 713/704/670 712/703/669 711/702/668 
f 691/684/651 668/666/635 665/663/632 705/696/662 
f 702/693/659 699/690/656 696/687/653 701/692/658 
f 671/669/638 672/670/639 716/707/673 715/706/672 
f 688/681/648 718/709/675 717/708/674 687/680/647 
f 722/710/577 721/711/676 720/711/676 719/710/577 
f 712/703/669 725/714/679 724/713/678 723/712/677 
f 728/717/682 727/716/681 726/715/680 683/676/643 
f 707/698/664 708/699/665 727/716/681 728/717/682 
f 730/718/683 695/685/683 692/685/683 729/718/683 
f 725/714/679 707/698/664 728/717/682 724/713/678 
f 731/719/684 723/712/677 687/680/647 717/708/674 
f 711/702/668 712/703/669 723/712/677 731/719/684 
f 732/720/685 686/679/646 683/676/643 726/715/680 
f 735/723/688 706/697/663 734/722/687 733/721/686 
f 706/697/663 700/691/657 678/674/689 734/722/687 
f 701/692/658 696/687/653 736/724/691 677/673/690 
f 697/688/654 737/725/694 674/672/693 681/675/692 
f 741/729/698 740/728/697 739/727/696 738/726/695 
f 743/731/700 741/729/698 738/726/695 742/730/699 
f 700/691/657 701/692/658 677/673/690 678/674/689 
f 696/687/653 697/688/654 681/675/692 736/724/691 
f 747/732/701 746/733/701 745/733/701 744/732/701 
f 749/734/702 747/732/702 744/732/702 748/734/702 
f 753/735/703 752/736/703 751/736/703 750/735/703 
f 746/733/704 753/735/704 750/735/704 745/733/704 
f 754/721/705 676/671/705 673/671/705 733/721/705 
f 755/722/706 754/721/706 733/721/706 734/722/706 
f 679/674/707 755/722/707 734/722/707 678/674/707 
f 754/721/361 755/722/708 757/738/708 756/737/361 
f 682/675/361 675/672/361 744/732/361 745/733/361 
f 676/671/361 754/721/361 756/737/361 748/734/361 
f 675/672/361 676/671/361 748/734/361 744/732/361 
f 755/722/708 679/674/708 758/739/708 757/738/708 
f 680/673/361 759/724/361 750/735/361 751/736/361 
f 679/674/708 680/673/361 751/736/361 758/739/708 
f 759/724/361 682/675/361 745/733/361 750/735/361 
f 761/737/708 760/738/708 749/734/708 
f 760/738/708 762/739/361 752/736/361 749/734/708 
f 752/736/361 753/735/361 746/733/361 749/734/708 
f 746/733/361 747/732/361 749/734/708 
f 752/736/709 762/739/709 758/739/709 751/736/709 
f 762/739/710 760/738/710 757/738/710 758/739/710 
f 761/737/711 749/734/711 748/734/711 756/737/711 
f 760/738/712 761/737/712 756/737/712 757/738/712 
f 764/708/713 763/719/713 731/719/713 717/708/713 
f 766/723/580 765/697/715 706/697/714 735/723/580 
f 768/700/716 767/699/716 708/699/716 709/700/716 
f 765/697/715 769/695/718 704/695/717 706/697/714 
f 767/699/716 770/716/716 727/716/716 708/699/716 
f 763/719/713 771/702/713 711/702/713 731/719/713 
f 773/688/720 772/725/583 737/725/583 697/688/719 
f 775/706/713 774/669/713 671/669/713 715/706/713 
f 777/668/724 776/689/723 698/689/722 670/668/721 
f 774/669/713 777/668/724 670/668/721 671/669/713 
f 779/696/726 778/684/716 691/684/716 705/696/725 
f 769/695/718 779/696/726 705/696/725 704/695/717 
f 781/715/716 780/720/716 732/720/716 726/715/716 
f 771/702/713 782/705/713 714/705/713 711/702/713 
f 783/709/713 764/708/713 717/708/713 718/709/713 
f 770/716/716 781/715/716 726/715/716 727/716/716 
f 776/689/723 773/688/720 697/688/719 698/689/722 
f 784/683/716 768/700/716 709/700/716 690/683/716 
f 781/715/728 764/708/728 783/709/727 780/720/727 
f 770/716/729 763/719/729 764/708/728 781/715/728 
f 767/699/730 771/702/730 763/719/729 770/716/729 
f 768/700/731 782/705/731 771/702/730 767/699/730 
f 782/705/731 768/700/731 784/683/732 775/706/732 
f 774/669/734 778/684/734 779/696/733 777/668/733 
f 769/695/735 776/689/735 777/668/733 779/696/733 
f 765/697/736 773/688/736 776/689/735 769/695/735 
f 766/723/365 772/725/365 773/688/736 765/697/736 
f 785/729/364 772/725/365 766/723/365 
f 775/706/732 784/683/732 778/684/734 774/669/734 
f 778/684/716 784/683/716 690/683/716 691/684/716 
f 782/705/713 775/706/713 715/706/713 714/705/713 
f 715/706/672 716/707/673 713/704/670 714/705/671 
f 689/682/649 690/683/650 709/700/666 710/701/667 
f 716/707/673 787/741/738 786/740/737 713/704/670 
f 667/665/634 668/666/635 789/743/740 788/742/739 
f 668/666/635 689/682/649 790/744/741 789/743/740 
f 713/704/670 786/740/737 791/745/743 729/718/742 
f 672/670/639 667/665/634 788/742/739 792/746/744 
f 716/707/673 672/670/639 792/746/744 793/747/745 
f 687/680/647 723/712/677 720/711/747 794/748/746 
f 684/677/644 687/680/647 794/748/746 795/749/748 
f 723/712/677 724/713/678 719/710/749 720/711/747 
f 728/717/682 683/676/643 797/751/751 796/750/750 
f 683/676/643 684/677/644 795/749/748 797/751/751 
f 724/713/678 728/717/682 796/750/750 719/710/749 
f 707/698/664 725/714/679 693/686/753 798/752/752 
f 710/701/667 707/698/664 798/752/752 799/753/754 
f 712/703/669 713/704/670 729/718/742 692/685/755 
f 787/741/738 716/707/673 793/747/745 800/754/756 
f 803/745/757 802/753/758 801/752/758 694/686/757 
f 730/718/759 803/745/757 694/686/757 695/685/759 
f 721/711/760 722/710/761 805/749/761 804/748/760 
f 722/710/761 807/750/762 806/751/762 805/749/761 
f 806/751/763 807/750/763 796/750/763 797/751/763 
f 803/745/533 730/718/764 729/718/764 791/745/533 
f 805/749/541 806/751/765 797/751/765 795/749/541 
f 809/742/577 808/746/766 792/746/766 788/742/577 
f 807/750/767 722/710/577 719/710/577 796/750/767 
f 808/746/768 810/747/768 793/747/768 792/746/768 
f 694/686/581 801/752/769 798/752/769 693/686/581 
f 721/711/770 804/748/770 794/748/770 720/711/770 
f 801/752/771 802/753/771 799/753/771 798/752/771 
f 804/748/772 805/749/541 795/749/541 794/748/772 
f 814/758/776 813/757/775 812/756/774 811/755/773 
f 818/762/780 817/761/779 816/760/778 815/759/777 
f 822/763/781 821/764/781 820/764/781 819/763/781 
f 826/765/782 825/766/782 824/766/782 823/765/782 
f 821/764/783 828/767/783 827/767/783 820/764/783 
f 825/766/784 830/768/784 829/768/784 824/766/784 
f 834/772/788 833/771/787 832/770/786 831/769/785 
f 838/773/789 837/774/789 836/774/789 835/773/789 
f 833/771/787 840/776/791 839/775/790 832/770/786 
f 814/758/776 843/779/794 842/778/793 841/777/792 
f 847/780/795 846/781/529 845/781/529 844/780/795 
f 851/785/799 850/784/798 849/783/797 848/782/796 
f 855/789/803 854/788/802 853/787/801 852/786/800 
f 815/759/777 816/760/778 850/784/798 851/785/799 
f 811/755/773 812/756/774 854/788/802 855/789/803 
f 857/791/805 811/755/773 855/789/803 856/790/804 
f 856/790/804 855/789/803 852/786/800 858/792/806 
f 862/796/810 861/795/809 860/794/808 859/793/807 
f 864/797/529 838/773/811 835/773/811 863/797/529 
f 868/801/815 867/800/814 866/799/813 865/798/812 
f 843/779/794 814/758/776 811/755/773 857/791/805 
f 812/756/774 815/759/777 851/785/799 854/788/802 
f 854/788/802 851/785/799 848/782/796 853/787/801 
f 817/761/779 818/762/780 870/803/817 869/802/816 
f 840/776/791 872/805/819 871/804/818 839/775/790 
f 837/774/820 874/806/545 873/806/545 836/774/820 
f 813/757/775 818/762/780 815/759/777 812/756/774 
f 878/807/545 877/808/821 876/808/821 875/807/545 
f 866/799/813 881/811/824 880/810/823 879/809/822 
f 884/814/827 883/813/826 882/812/825 831/769/785 
f 859/793/807 860/794/808 883/813/826 884/814/827 
f 886/815/828 847/780/828 844/780/828 885/815/828 
f 881/811/824 859/793/807 884/814/827 880/810/823 
f 887/816/829 879/809/822 839/775/790 871/804/818 
f 865/798/812 866/799/813 879/809/822 887/816/829 
f 888/817/830 834/772/788 831/769/785 882/812/825 
f 891/820/833 858/792/806 890/819/832 889/818/831 
f 858/792/806 852/786/800 827/767/834 890/819/832 
f 853/787/801 848/782/796 819/763/836 820/764/835 
f 849/783/797 735/723/688 824/766/838 829/768/837 
f 741/729/698 894/823/841 893/822/840 892/821/839 
f 740/728/697 741/729/698 892/821/839 895/824/842 
f 852/786/800 853/787/801 820/764/835 827/767/834 
f 848/782/796 849/783/797 829/768/837 819/763/836 
f 899/825/843 898/826/843 897/826/843 896/825/843 
f 901/827/844 899/825/844 896/825/844 900/827/844 
f 905/828/845 904/829/845 903/829/845 902/828/845 
f 898/826/846 905/828/846 902/828/846 897/826/846 
f 906/818/847 826/765/847 823/765/847 889/818/847 
f 830/768/848 822/763/848 819/763/848 829/768/848 
f 907/819/849 906/818/849 889/818/849 890/819/849 
f 828/767/850 907/819/850 890/819/850 827/767/850 
f 906/818/708 907/819/708 909/831/708 908/830/708 
f 830/768/361 825/766/361 896/825/361 897/826/361 
f 826/765/708 906/818/708 908/830/708 900/827/708 
f 825/766/361 826/765/708 900/827/708 896/825/361 
f 907/819/708 828/767/708 910/832/708 909/831/708 
f 821/764/708 822/763/361 902/828/361 903/829/708 
f 828/767/708 821/764/708 903/829/708 910/832/708 
f 822/763/361 830/768/361 897/826/361 902/828/361 
f 912/830/361 911/831/708 901/827/361 
f 911/831/708 913/832/708 904/829/708 901/827/361 
f 904/829/708 905/828/361 898/826/361 901/827/361 
f 898/826/361 899/825/361 901/827/361 
f 904/829/851 913/832/851 910/832/851 903/829/851 
f 913/832/852 911/831/852 909/831/852 910/832/852 
f 912/830/853 901/827/853 900/827/853 908/830/853 
f 911/831/854 912/830/854 908/830/854 909/831/854 
f 915/804/855 914/816/855 887/816/855 871/804/855 
f 917/820/549 916/792/857 858/792/856 891/820/549 
f 919/795/858 918/794/858 860/794/858 861/795/858 
f 916/792/857 920/790/860 856/790/859 858/792/856 
f 918/794/858 921/813/858 883/813/858 860/794/858 
f 914/816/855 922/798/855 865/798/855 887/816/855 
f 923/783/862 766/723/580 735/723/580 849/783/861 
f 925/802/855 924/761/855 817/761/855 869/802/855 
f 927/760/866 926/784/865 850/784/864 816/760/863 
f 924/761/855 927/760/866 816/760/863 817/761/855 
f 929/791/868 928/779/858 843/779/858 857/791/867 
f 920/790/860 929/791/868 857/791/867 856/790/859 
f 931/812/858 930/817/858 888/817/858 882/812/858 
f 922/798/855 932/801/855 868/801/855 865/798/855 
f 933/805/855 915/804/855 871/804/855 872/805/855 
f 921/813/858 931/812/858 882/812/858 883/813/858 
f 926/784/865 923/783/862 849/783/861 850/784/864 
f 934/778/858 919/795/858 861/795/858 842/778/858 
f 931/812/870 915/804/870 933/805/869 930/817/869 
f 921/813/871 914/816/871 915/804/870 931/812/870 
f 918/794/872 922/798/872 914/816/871 921/813/871 
f 919/795/873 932/801/873 922/798/872 918/794/872 
f 932/801/873 919/795/873 934/778/874 925/802/874 
f 924/761/876 928/779/876 929/791/875 927/760/875 
f 920/790/875 926/784/875 927/760/875 929/791/875 
f 916/792/877 923/783/877 926/784/875 920/790/875 
f 917/820/364 766/723/365 923/783/877 916/792/877 
f 785/729/364 766/723/365 917/820/364 
f 925/802/874 934/778/874 928/779/876 924/761/876 
f 928/779/858 934/778/858 842/778/858 843/779/858 
f 932/801/855 925/802/855 869/802/855 868/801/855 
f 869/802/816 870/803/817 867/800/814 868/801/815 
f 936/834/879 841/777/792 862/796/810 935/833/878 
f 841/777/792 842/778/793 861/795/809 862/796/810 
f 870/803/817 936/834/879 935/833/878 867/800/814 
f 935/833/878 862/796/810 938/836/881 937/835/880 
f 813/757/775 814/758/776 836/774/883 873/806/882 
f 814/758/776 841/777/792 835/773/884 836/774/883 
f 867/800/814 935/833/878 937/835/880 885/815/885 
f 818/762/780 813/757/775 873/806/882 939/837/886 
f 870/803/817 818/762/780 939/837/886 940/838/887 
f 839/775/790 879/809/822 876/808/889 941/839/888 
f 832/770/786 839/775/790 941/839/888 942/840/890 
f 879/809/822 880/810/823 875/807/891 876/808/889 
f 881/811/824 866/799/813 844/780/893 845/781/892 
f 884/814/827 831/769/785 944/842/895 943/841/894 
f 831/769/785 832/770/786 942/840/890 944/842/895 
f 880/810/823 884/814/827 943/841/894 875/807/891 
f 859/793/807 881/811/824 845/781/892 945/843/896 
f 862/796/810 859/793/807 945/843/896 938/836/881 
f 866/799/813 867/800/814 885/815/885 844/780/893 
f 841/777/792 936/834/879 863/797/897 835/773/884 
f 936/834/879 870/803/817 940/838/887 863/797/897 
f 947/837/898 874/806/899 864/797/899 946/838/898 
f 950/835/900 949/836/901 948/843/901 846/781/900 
f 874/806/899 837/774/902 838/773/902 864/797/899 
f 886/815/903 950/835/900 846/781/900 847/780/903 
f 877/808/904 878/807/905 952/840/905 951/839/904 
f 878/807/905 954/841/906 953/842/906 952/840/905 
f 946/838/907 864/797/529 863/797/529 940/838/907 
f 953/842/908 954/841/908 943/841/908 944/842/908 
f 950/835/545 886/815/909 885/815/909 937/835/545 
f 952/840/529 953/842/910 944/842/910 942/840/529 
f 874/806/545 947/837/911 939/837/911 873/806/545 
f 954/841/912 878/807/545 875/807/545 943/841/912 
f 947/837/913 946/838/913 940/838/913 939/837/913 
f 846/781/529 948/843/914 945/843/914 845/781/529 
f 877/808/915 951/839/915 941/839/915 876/808/915 
f 948/843/916 949/836/916 938/836/916 945/843/916 
f 951/839/917 952/840/529 942/840/529 941/839/917 
f 949/836/918 950/835/545 937/835/545 938/836/918 
f 958/847/922 957/846/921 956/845/920 955/844/919 
f 962/851/926 961/850/925 960/849/924 959/848/923 
f 966/852/927 965/853/927 964/853/927 963/852/927 
f 970/854/928 969/855/928 968/855/928 967/854/928 
f 965/853/929 972/856/929 971/856/929 964/853/929 
f 969/855/930 974/857/930 973/857/930 968/855/930 
f 978/861/934 977/860/933 976/859/932 975/858/931 
f 982/862/935 981/863/935 980/863/935 979/862/935 
f 977/860/933 984/865/937 983/864/936 976/859/932 
f 958/847/922 987/868/940 986/867/939 985/866/938 
f 991/869/941 990/870/543 989/870/543 988/869/941 
f 995/874/945 994/873/944 993/872/943 992/871/942 
f 999/878/949 998/877/948 997/876/947 996/875/946 
f 959/848/923 960/849/924 994/873/944 995/874/945 
f 955/844/919 956/845/920 998/877/948 999/878/949 
f 1001/880/951 955/844/919 999/878/949 1000/879/950 
f 1000/879/950 999/878/949 996/875/946 1002/881/952 
f 1006/885/956 1005/884/955 1004/883/954 1003/882/953 
f 1008/886/543 982/862/957 979/862/957 1007/886/543 
f 1012/890/961 1011/889/960 1010/888/959 1009/887/958 
f 987/868/940 958/847/922 955/844/919 1001/880/951 
f 956/845/920 959/848/923 995/874/945 998/877/948 
f 998/877/948 995/874/945 992/871/942 997/876/947 
f 961/850/925 962/851/926 1014/892/963 1013/891/962 
f 984/865/937 1016/894/965 1015/893/964 983/864/936 
f 981/863/966 1018/895/530 1017/895/530 980/863/966 
f 957/846/921 962/851/926 959/848/923 956/845/920 
f 1022/896/530 1021/897/967 1020/897/967 1019/896/530 
f 1010/888/959 1025/900/970 1024/899/969 1023/898/968 
f 1028/903/973 1027/902/972 1026/901/971 975/858/931 
f 1003/882/953 1004/883/954 1027/902/972 1028/903/973 
f 1030/904/974 991/869/974 988/869/974 1029/904/974 
f 1025/900/970 1003/882/953 1028/903/973 1024/899/969 
f 1031/905/975 1023/898/968 983/864/936 1015/893/964 
f 1009/887/958 1010/888/959 1023/898/968 1031/905/975 
f 1032/906/976 978/861/934 975/858/931 1026/901/971 
f 1035/909/979 1002/881/952 1034/908/978 1033/907/977 
f 1002/881/952 996/875/946 971/856/980 1034/908/978 
f 997/876/947 992/871/942 963/852/982 964/853/981 
f 993/872/943 891/820/833 968/855/984 973/857/983 
f 741/729/698 1038/912/987 1037/911/986 1036/910/985 
f 894/823/841 741/729/698 1036/910/985 1039/913/988 
f 996/875/946 997/876/947 964/853/981 971/856/980 
f 992/871/942 993/872/943 973/857/983 963/852/982 
f 1043/914/989 1042/915/989 1041/915/989 1040/914/989 
f 1045/916/990 1043/914/990 1040/914/990 1044/916/990 
f 1049/917/991 1048/918/991 1047/918/991 1046/917/991 
f 1042/915/992 1049/917/992 1046/917/992 1041/915/992 
f 1050/907/993 970/854/993 967/854/993 1033/907/993 
f 974/857/994 966/852/994 963/852/994 973/857/994 
f 1051/908/995 1050/907/995 1033/907/995 1034/908/995 
f 972/856/996 1051/908/996 1034/908/996 971/856/996 
f 1050/907/361 1051/908/361 1053/920/361 1052/919/361 
f 974/857/361 969/855/361 1040/914/361 1041/915/361 
f 970/854/361 1050/907/361 1052/919/361 1044/916/361 
f 969/855/361 970/854/361 1044/916/361 1040/914/361 
f 1051/908/361 972/856/361 1054/921/361 1053/920/361 
f 965/853/361 966/852/708 1046/917/708 1047/918/361 
f 972/856/361 965/853/361 1047/918/361 1054/921/361 
f 966/852/708 974/857/361 1041/915/361 1046/917/708 
f 1056/919/708 1055/920/708 1045/916/361 
f 1055/920/708 1057/921/708 1048/918/708 1045/916/361 
f 1048/918/708 1049/917/361 1042/915/361 1045/916/361 
f 1042/915/361 1043/914/361 1045/916/361 
f 1048/918/997 1057/921/997 1054/921/997 1047/918/997 
f 1057/921/998 1055/920/998 1053/920/998 1054/921/998 
f 1056/919/999 1045/916/999 1044/916/999 1052/919/999 
f 1055/920/1000 1056/919/1000 1052/919/1000 1053/920/1000 
f 1059/893/1001 1058/905/1001 1031/905/1001 1015/893/1001 
f 1061/909/535 1060/881/1003 1002/881/1002 1035/909/535 
f 1063/884/1004 1062/883/1004 1004/883/1004 1005/884/1004 
f 1060/881/1003 1064/879/1006 1000/879/1005 1002/881/1002 
f 1062/883/1004 1065/902/1004 1027/902/1004 1004/883/1004 
f 1058/905/1001 1066/887/1001 1009/887/1001 1031/905/1001 
f 1067/872/1008 917/820/549 891/820/549 993/872/1007 
f 1069/891/1001 1068/850/1001 961/850/1001 1013/891/1001 
f 1071/849/1012 1070/873/1011 994/873/1010 960/849/1009 
f 1068/850/1001 1071/849/1012 960/849/1009 961/850/1001 
f 1073/880/1014 1072/868/1004 987/868/1004 1001/880/1013 
f 1064/879/1006 1073/880/1014 1001/880/1013 1000/879/1005 
f 1075/901/1004 1074/906/1004 1032/906/1004 1026/901/1004 
f 1066/887/1001 1076/890/1001 1012/890/1001 1009/887/1001 
f 1077/894/1001 1059/893/1001 1015/893/1001 1016/894/1001 
f 1065/902/1004 1075/901/1004 1026/901/1004 1027/902/1004 
f 1070/873/1011 1067/872/1008 993/872/1007 994/873/1010 
f 1078/867/1004 1063/884/1004 1005/884/1004 986/867/1004 
f 1075/901/1016 1059/893/1016 1077/894/1015 1074/906/1015 
f 1065/902/1017 1058/905/1017 1059/893/1016 1075/901/1016 
f 1062/883/1018 1066/887/1018 1058/905/1017 1065/902/1017 
f 1063/884/1019 1076/890/1019 1066/887/1018 1062/883/1018 
f 1076/890/1019 1063/884/1019 1078/867/1020 1069/891/1020 
f 1068/850/1022 1072/868/1022 1073/880/1021 1071/849/1021 
f 1064/879/1021 1070/873/1021 1071/849/1021 1073/880/1021 
f 1060/881/1023 1067/872/1023 1070/873/1021 1064/879/1021 
f 1061/909/364 917/820/364 1067/872/1023 1060/881/1023 
f 785/729/364 917/820/364 1061/909/364 
f 1069/891/1020 1078/867/1020 1072/868/1022 1068/850/1022 
f 1072/868/1004 1078/867/1004 986/867/1004 987/868/1004 
f 1076/890/1001 1069/891/1001 1013/891/1001 1012/890/1001 
f 1013/891/962 1014/892/963 1011/889/960 1012/890/961 
f 1080/923/1025 985/866/938 1006/885/956 1079/922/1024 
f 985/866/938 986/867/939 1005/884/955 1006/885/956 
f 1014/892/963 1080/923/1025 1079/922/1024 1011/889/960 
f 1079/922/1024 1006/885/956 1082/925/1027 1081/924/1026 
f 957/846/921 958/847/922 980/863/1029 1017/895/1028 
f 958/847/922 985/866/938 979/862/1030 980/863/1029 
f 1011/889/960 1079/922/1024 1081/924/1026 1029/904/1031 
f 962/851/926 957/846/921 1017/895/1028 1083/926/1032 
f 1014/892/963 962/851/926 1083/926/1032 1084/927/1033 
f 983/864/936 1023/898/968 1020/897/1035 1085/928/1034 
f 976/859/932 983/864/936 1085/928/1034 1086/929/1036 
f 1023/898/968 1024/899/969 1019/896/1037 1020/897/1035 
f 1025/900/970 1010/888/959 988/869/1039 989/870/1038 
f 1028/903/973 975/858/931 1088/931/1041 1087/930/1040 
f 975/858/931 976/859/932 1086/929/1036 1088/931/1041 
f 1024/899/969 1028/903/973 1087/930/1040 1019/896/1037 
f 1003/882/953 1025/900/970 989/870/1038 1089/932/1042 
f 1006/885/956 1003/882/953 1089/932/1042 1082/925/1027 
f 1010/888/959 1011/889/960 1029/904/1031 988/869/1039 
f 985/866/938 1080/923/1025 1007/886/1043 979/862/1030 
f 1080/923/1025 1014/892/963 1084/927/1033 1007/886/1043 
f 1091/926/1044 1018/895/1045 1008/886/1045 1090/927/1044 
f 1094/924/1046 1093/925/1047 1092/932/1047 990/870/1046 
f 1018/895/1045 981/863/1048 982/862/1048 1008/886/1045 
f 1030/904/1049 1094/924/1046 990/870/1046 991/869/1049 
f 1021/897/1050 1022/896/1051 1096/929/1051 1095/928/1050 
f 1022/896/1051 1098/930/1052 1097/931/1052 1096/929/1051 
f 1090/927/1053 1008/886/543 1007/886/543 1084/927/1053 
f 1097/931/1054 1098/930/1054 1087/930/1054 1088/931/1054 
f 1094/924/530 1030/904/1055 1029/904/1055 1081/924/530 
f 1096/929/543 1097/931/1056 1088/931/1056 1086/929/543 
f 1018/895/530 1091/926/1057 1083/926/1057 1017/895/530 
f 1098/930/1058 1022/896/530 1019/896/530 1087/930/1058 
f 1091/926/1059 1090/927/1059 1084/927/1059 1083/926/1059 
f 990/870/543 1092/932/1060 1089/932/1060 989/870/543 
f 1021/897/1061 1095/928/1061 1085/928/1061 1020/897/1061 
f 1092/932/1062 1093/925/1062 1082/925/1062 1089/932/1062 
f 1095/928/1063 1096/929/543 1086/929/543 1085/928/1063 
f 1093/925/1064 1094/924/530 1081/924/530 1082/925/1064 
f 1102/936/1068 1101/935/1067 1100/934/1066 1099/933/1065 
f 1106/940/1072 1105/939/1071 1104/938/1070 1103/937/1069 
f 1110/941/703 1109/942/703 1108/942/703 1107/941/703 
f 1114/943/702 1113/944/702 1112/944/702 1111/943/702 
f 1109/942/709 1116/945/709 1115/945/709 1108/942/709 
f 1113/944/701 1118/946/701 1117/946/701 1112/944/701 
f 1122/950/1076 1121/949/1075 1120/948/1074 1119/947/1073 
f 1126/951/1077 1125/952/1077 1124/952/1077 1123/951/1077 
f 1121/949/1075 1128/954/1079 1127/953/1078 1120/948/1074 
f 1102/936/1068 1131/957/1082 1130/956/1081 1129/955/1080 
f 1135/958/1083 1134/959/577 1133/959/577 1132/958/1083 
f 1139/963/1087 1138/962/1086 1137/961/1085 1136/960/1084 
f 1143/967/1091 1142/966/1090 1141/965/1089 1140/964/1088 
f 1103/937/1069 1104/938/1070 1138/962/1086 1139/963/1087 
f 1099/933/1065 1100/934/1066 1142/966/1090 1143/967/1091 
f 1145/969/1093 1099/933/1065 1143/967/1091 1144/968/1092 
f 1144/968/1092 1143/967/1091 1140/964/1088 1146/970/1094 
f 1150/974/1098 1149/973/1097 1148/972/1096 1147/971/1095 
f 1152/975/577 1126/951/1099 1123/951/1099 1151/975/577 
f 1156/979/1103 1155/978/1102 1154/977/1101 1153/976/1100 
f 1131/957/1082 1102/936/1068 1099/933/1065 1145/969/1093 
f 1100/934/1066 1103/937/1069 1139/963/1087 1142/966/1090 
f 1142/966/1090 1139/963/1087 1136/960/1084 1141/965/1089 
f 1105/939/1071 1106/940/1072 1158/981/1105 1157/980/1104 
f 1128/954/1079 1160/983/1107 1159/982/1106 1127/953/1078 
f 1125/952/1108 1162/984/541 1161/984/541 1124/952/1108 
f 1101/935/1067 1106/940/1072 1103/937/1069 1100/934/1066 
f 1166/985/581 1165/986/1109 1164/986/1109 1163/985/581 
f 1154/977/1101 1169/989/1112 1168/988/1111 1167/987/1110 
f 1172/992/1115 1171/991/1114 1170/990/1113 1119/947/1073 
f 1147/971/1095 1148/972/1096 1171/991/1114 1172/992/1115 
f 1174/993/1116 1135/958/1116 1132/958/1116 1173/993/1116 
f 1169/989/1112 1147/971/1095 1172/992/1115 1168/988/1111 
f 1175/994/1117 1167/987/1110 1127/953/1078 1159/982/1106 
f 1153/976/1100 1154/977/1101 1167/987/1110 1175/994/1117 
f 1176/995/1118 1122/950/1076 1119/947/1073 1170/990/1113 
f 1179/998/1121 1146/970/1094 1178/997/1120 1177/996/1119 
f 1146/970/1094 1140/964/1088 1115/945/1122 1178/997/1120 
f 1141/965/1089 1136/960/1084 1107/941/1124 1108/942/1123 
f 1137/961/1085 1035/909/979 1112/944/1126 1117/946/1125 
f 741/729/698 1182/1001/1129 1181/1000/1128 1180/999/1127 
f 1038/912/987 741/729/698 1180/999/1127 1183/1002/1130 
f 1140/964/1088 1141/965/1089 1108/942/1123 1115/945/1122 
f 1136/960/1084 1137/961/1085 1117/946/1125 1107/941/1124 
f 1187/1003/642 1186/1004/642 1185/1004/642 1184/1003/642 
f 1189/1005/640 1187/1003/640 1184/1003/640 1188/1005/640 
f 1193/1006/1131 1192/1007/1131 1191/1007/1131 1190/1006/1131 
f 1186/1004/1132 1193/1006/1132 1190/1006/1132 1185/1004/1132 
f 1194/996/711 1114/943/711 1111/943/711 1177/996/711 
f 1118/946/704 1110/941/704 1107/941/704 1117/946/704 
f 1195/997/712 1194/996/712 1177/996/712 1178/997/712 
f 1116/945/710 1195/997/710 1178/997/710 1115/945/710 
f 1194/996/708 1195/997/361 1197/1009/361 1196/1008/708 
f 1118/946/708 1113/944/708 1184/1003/708 1185/1004/708 
f 1114/943/708 1194/996/708 1196/1008/708 1188/1005/708 
f 1113/944/708 1114/943/708 1188/1005/708 1184/1003/708 
f 1195/997/361 1116/945/361 1198/1010/361 1197/1009/361 
f 1109/942/361 1110/941/361 1190/1006/361 1191/1007/361 
f 1116/945/361 1109/942/361 1191/1007/361 1198/1010/361 
f 1110/941/361 1118/946/708 1185/1004/708 1190/1006/361 
f 1200/1008/361 1199/1009/361 1189/1005/708 
f 1199/1009/361 1201/1010/708 1192/1007/708 1189/1005/708 
f 1192/1007/708 1193/1006/708 1186/1004/708 1189/1005/708 
f 1186/1004/708 1187/1003/708 1189/1005/708 
f 1192/1007/641 1201/1010/641 1198/1010/641 1191/1007/641 
f 1201/1010/707 1199/1009/707 1197/1009/707 1198/1010/707 
f 1200/1008/705 1189/1005/705 1188/1005/705 1196/1008/705 
f 1199/1009/1133 1200/1008/1133 1196/1008/1133 1197/1009/1133 
f 1203/982/1134 1202/994/1134 1175/994/1134 1159/982/1134 
f 1205/998/547 1204/970/1136 1146/970/1135 1179/998/547 
f 1207/973/1137 1206/972/1137 1148/972/1137 1149/973/1137 
f 1204/970/1136 1208/968/1139 1144/968/1138 1146/970/1135 
f 1206/972/1137 1209/991/1137 1171/991/1137 1148/972/1137 
f 1202/994/1134 1210/976/1134 1153/976/1134 1175/994/1134 
f 1211/961/1141 1061/909/535 1035/909/535 1137/961/1140 
f 1213/980/1134 1212/939/1134 1105/939/1134 1157/980/1134 
f 1215/938/1145 1214/962/1144 1138/962/1143 1104/938/1142 
f 1212/939/1134 1215/938/1145 1104/938/1142 1105/939/1134 
f 1217/969/1147 1216/957/1137 1131/957/1137 1145/969/1146 
f 1208/968/1139 1217/969/1147 1145/969/1146 1144/968/1138 
f 1219/990/1137 1218/995/1137 1176/995/1137 1170/990/1137 
f 1210/976/1134 1220/979/1134 1156/979/1134 1153/976/1134 
f 1221/983/1134 1203/982/1134 1159/982/1134 1160/983/1134 
f 1209/991/1137 1219/990/1137 1170/990/1137 1171/991/1137 
f 1214/962/1144 1211/961/1141 1137/961/1140 1138/962/1143 
f 1222/956/1137 1207/973/1137 1149/973/1137 1130/956/1137 
f 1219/990/1149 1203/982/1149 1221/983/1148 1218/995/1148 
f 1209/991/1150 1202/994/1150 1203/982/1149 1219/990/1149 
f 1206/972/1151 1210/976/1151 1202/994/1150 1209/991/1150 
f 1207/973/1152 1220/979/1152 1210/976/1151 1206/972/1151 
f 1220/979/1152 1207/973/1152 1222/956/1153 1213/980/1153 
f 1212/939/1155 1216/957/1155 1217/969/1154 1215/938/1154 
f 1208/968/1154 1214/962/1154 1215/938/1154 1217/969/1154 
f 1204/970/1156 1211/961/1156 1214/962/1154 1208/968/1154 
f 1205/998/365 1061/909/364 1211/961/1156 1204/970/1156 
f 785/729/364 1061/909/364 1205/998/365 
f 1213/980/1153 1222/956/1153 1216/957/1155 1212/939/1155 
f 1216/957/1137 1222/956/1137 1130/956/1137 1131/957/1137 
f 1220/979/1134 1213/980/1134 1157/980/1134 1156/979/1134 
f 1157/980/1104 1158/981/1105 1155/978/1102 1156/979/1103 
f 1224/1012/1158 1129/955/1080 1150/974/1098 1223/1011/1157 
f 1129/955/1080 1130/956/1081 1149/973/1097 1150/974/1098 
f 1158/981/1105 1224/1012/1158 1223/1011/1157 1155/978/1102 
f 1223/1011/1157 1150/974/1098 1226/1014/1160 1225/1013/1159 
f 1101/935/1067 1102/936/1068 1124/952/1162 1161/984/1161 
f 1102/936/1068 1129/955/1080 1123/951/1163 1124/952/1162 
f 1155/978/1102 1223/1011/1157 1225/1013/1159 1173/993/1164 
f 1106/940/1072 1101/935/1067 1161/984/1161 1227/1015/1165 
f 1158/981/1105 1106/940/1072 1227/1015/1165 1228/1016/1166 
f 1127/953/1078 1167/987/1110 1164/986/1168 1229/1017/1167 
f 1120/948/1074 1127/953/1078 1229/1017/1167 1230/1018/1169 
f 1167/987/1110 1168/988/1111 1163/985/1170 1164/986/1168 
f 1169/989/1112 1154/977/1101 1132/958/1172 1133/959/1171 
f 1172/992/1115 1119/947/1073 1232/1020/1174 1231/1019/1173 
f 1119/947/1073 1120/948/1074 1230/1018/1169 1232/1020/1174 
f 1168/988/1111 1172/992/1115 1231/1019/1173 1163/985/1170 
f 1147/971/1095 1169/989/1112 1133/959/1171 1233/1021/1175 
f 1150/974/1098 1147/971/1095 1233/1021/1175 1226/1014/1160 
f 1154/977/1101 1155/978/1102 1173/993/1164 1132/958/1172 
f 1129/955/1080 1224/1012/1158 1151/975/1176 1123/951/1163 
f 1224/1012/1158 1158/981/1105 1228/1016/1166 1151/975/1176 
f 1235/1015/1177 1162/984/1178 1152/975/1178 1234/1016/1177 
f 1238/1013/1179 1237/1014/1180 1236/1021/1180 1134/959/1179 
f 1162/984/1178 1125/952/1181 1126/951/1181 1152/975/1178 
f 1174/993/1182 1238/1013/1179 1134/959/1179 1135/958/1182 
f 1165/986/1183 1166/985/1184 1240/1018/1184 1239/1017/1183 
f 1166/985/1184 1242/1019/1185 1241/1020/1185 1240/1018/1184 
f 1234/1016/1186 1152/975/577 1151/975/577 1228/1016/1186 
f 1241/1020/1187 1242/1019/1187 1231/1019/1187 1232/1020/1187 
f 1238/1013/581 1174/993/1188 1173/993/1188 1225/1013/581 
f 1240/1018/577 1241/1020/1189 1232/1020/1189 1230/1018/577 
f 1162/984/541 1235/1015/1190 1227/1015/1190 1161/984/541 
f 1242/1019/1191 1166/985/581 1163/985/581 1231/1019/1191 
f 1235/1015/1192 1234/1016/1192 1228/1016/1192 1227/1015/1192 
f 1134/959/577 1236/1021/1193 1233/1021/1193 1133/959/577 
f 1165/986/1194 1239/1017/1194 1229/1017/1194 1164/986/1194 
f 1236/1021/1195 1237/1014/1195 1226/1014/1195 1233/1021/1195 
f 1239/1017/1196 1240/1018/577 1230/1018/577 1229/1017/1196 
f 1237/1014/1197 1238/1013/581 1225/1013/581 1226/1014/1197 
f 1246/1025/1201 1245/1024/1200 1244/1023/1199 1243/1022/1198 
f 1250/1029/1205 1249/1028/1204 1248/1027/1203 1247/1026/1202 
f 1254/1030/845 1253/1031/845 1252/1031/845 1251/1030/845 
f 1258/1032/844 1257/1033/844 1256/1033/844 1255/1032/844 
f 1253/1031/851 1260/1034/851 1259/1034/851 1252/1031/851 
f 1257/1033/843 1262/1035/843 1261/1035/843 1256/1033/843 
f 1266/1039/1209 1265/1038/1208 1264/1037/1207 1263/1036/1206 
f 1270/1040/1210 1269/1041/1210 1268/1041/1210 1267/1040/1210 
f 1265/1038/1208 1272/1043/1212 1271/1042/1211 1264/1037/1207 
f 1246/1025/1201 1275/1046/1215 1274/1045/1214 1273/1044/1213 
f 1279/1047/1216 1278/1048/545 1277/1048/545 1276/1047/1216 
f 1283/1052/1220 1282/1051/1219 1281/1050/1218 1280/1049/1217 
f 1287/1056/1224 1286/1055/1223 1285/1054/1222 1284/1053/1221 
f 1247/1026/1202 1248/1027/1203 1282/1051/1219 1283/1052/1220 
f 1243/1022/1198 1244/1023/1199 1286/1055/1223 1287/1056/1224 
f 1289/1058/1226 1243/1022/1198 1287/1056/1224 1288/1057/1225 
f 1288/1057/1225 1287/1056/1224 1284/1053/1221 1290/1059/1227 
f 1294/1063/1231 1293/1062/1230 1292/1061/1229 1291/1060/1228 
f 1296/1064/545 1270/1040/1232 1267/1040/1232 1295/1064/545 
f 1300/1068/1236 1299/1067/1235 1298/1066/1234 1297/1065/1233 
f 1275/1046/1215 1246/1025/1201 1243/1022/1198 1289/1058/1226 
f 1244/1023/1199 1247/1026/1202 1283/1052/1220 1286/1055/1223 
f 1286/1055/1223 1283/1052/1220 1280/1049/1217 1285/1054/1222 
f 1249/1028/1204 1250/1029/1205 1302/1070/1238 1301/1069/1237 
f 1272/1043/1212 1304/1072/1240 1303/1071/1239 1271/1042/1211 
f 1269/1041/1241 1306/1073/529 1305/1073/529 1268/1041/1241 
f 1245/1024/1200 1250/1029/1205 1247/1026/1202 1244/1023/1199 
f 1310/1074/529 1309/1075/1242 1308/1075/1242 1307/1074/529 
f 1298/1066/1234 1313/1078/1245 1312/1077/1244 1311/1076/1243 
f 1316/1081/1248 1315/1080/1247 1314/1079/1246 1263/1036/1206 
f 1291/1060/1228 1292/1061/1229 1315/1080/1247 1316/1081/1248 
f 1318/1082/1249 1279/1047/1249 1276/1047/1249 1317/1082/1249 
f 1313/1078/1245 1291/1060/1228 1316/1081/1248 1312/1077/1244 
f 1319/1083/1250 1311/1076/1243 1271/1042/1211 1303/1071/1239 
f 1297/1065/1233 1298/1066/1234 1311/1076/1243 1319/1083/1250 
f 1320/1084/1251 1266/1039/1209 1263/1036/1206 1314/1079/1246 
f 1323/1087/1254 1290/1059/1227 1322/1086/1253 1321/1085/1252 
f 1290/1059/1227 1284/1053/1221 1259/1034/1255 1322/1086/1253 
f 1285/1054/1222 1280/1049/1217 1251/1030/1257 1252/1031/1256 
f 1281/1050/1218 1179/998/1121 1256/1033/1259 1261/1035/1258 
f 741/729/698 1326/1090/1262 1325/1089/1261 1324/1088/1260 
f 1182/1001/1129 741/729/698 1324/1088/1260 1327/1091/1263 
f 1284/1053/1221 1285/1054/1222 1252/1031/1256 1259/1034/1255 
f 1280/1049/1217 1281/1050/1218 1261/1035/1258 1251/1030/1257 
f 1331/1092/784 1330/1093/784 1329/1093/784 1328/1092/784 
f 1333/1094/782 1331/1092/782 1328/1092/782 1332/1094/782 
f 1337/1095/781 1336/1096/781 1335/1096/781 1334/1095/781 
f 1330/1093/848 1337/1095/848 1334/1095/848 1329/1093/848 
f 1338/1085/853 1258/1032/853 1255/1032/853 1321/1085/853 
f 1262/1035/846 1254/1030/846 1251/1030/846 1261/1035/846 
f 1339/1086/854 1338/1085/854 1321/1085/854 1322/1086/854 
f 1260/1034/852 1339/1086/852 1322/1086/852 1259/1034/852 
f 1338/1085/361 1339/1086/361 1341/1098/361 1340/1097/361 
f 1262/1035/361 1257/1033/708 1328/1092/708 1329/1093/361 
f 1258/1032/708 1338/1085/361 1340/1097/361 1332/1094/708 
f 1257/1033/708 1258/1032/708 1332/1094/708 1328/1092/708 
f 1339/1086/361 1260/1034/361 1342/1099/361 1341/1098/361 
f 1253/1031/361 1254/1030/361 1334/1095/361 1335/1096/361 
f 1260/1034/361 1253/1031/361 1335/1096/361 1342/1099/361 
f 1254/1030/361 1262/1035/361 1329/1093/361 1334/1095/361 
f 1344/1097/708 1343/1098/361 1333/1094/708 
f 1343/1098/361 1345/1099/361 1336/1096/361 1333/1094/708 
f 1336/1096/361 1337/1095/708 1330/1093/708 1333/1094/708 
f 1330/1093/708 1331/1092/708 1333/1094/708 
f 1336/1096/783 1345/1099/783 1342/1099/783 1335/1096/783 
f 1345/1099/850 1343/1098/850 1341/1098/850 1342/1099/850 
f 1344/1097/847 1333/1094/847 1332/1094/847 1340/1097/847 
f 1343/1098/849 1344/1097/849 1340/1097/849 1341/1098/849 
f 1347/1071/1264 1346/1083/1264 1319/1083/1264 1303/1071/1264 
f 1349/1087/537 1348/1059/1266 1290/1059/1265 1323/1087/537 
f 1351/1062/1267 1350/1061/1267 1292/1061/1267 1293/1062/1267 
f 1348/1059/1266 1352/1057/1269 1288/1057/1268 1290/1059/1265 
f 1350/1061/1267 1353/1080/1267 1315/1080/1267 1292/1061/1267 
f 1346/1083/1264 1354/1065/1264 1297/1065/1264 1319/1083/1264 
f 1355/1050/1271 1205/998/547 1179/998/547 1281/1050/1270 
f 1357/1069/1264 1356/1028/1264 1249/1028/1264 1301/1069/1264 
f 1359/1027/1275 1358/1051/1274 1282/1051/1273 1248/1027/1272 
f 1356/1028/1264 1359/1027/1275 1248/1027/1272 1249/1028/1264 
f 1361/1058/1277 1360/1046/1267 1275/1046/1267 1289/1058/1276 
f 1352/1057/1269 1361/1058/1277 1289/1058/1276 1288/1057/1268 
f 1363/1079/1267 1362/1084/1267 1320/1084/1267 1314/1079/1267 
f 1354/1065/1264 1364/1068/1264 1300/1068/1264 1297/1065/1264 
f 1365/1072/1264 1347/1071/1264 1303/1071/1264 1304/1072/1264 
f 1353/1080/1267 1363/1079/1267 1314/1079/1267 1315/1080/1267 
f 1358/1051/1274 1355/1050/1271 1281/1050/1270 1282/1051/1273 
f 1366/1045/1267 1351/1062/1267 1293/1062/1267 1274/1045/1267 
f 1363/1079/1279 1347/1071/1279 1365/1072/1278 1362/1084/1278 
f 1353/1080/1280 1346/1083/1280 1347/1071/1279 1363/1079/1279 
f 1350/1061/1281 1354/1065/1281 1346/1083/1280 1353/1080/1280 
f 1351/1062/1282 1364/1068/1282 1354/1065/1281 1350/1061/1281 
f 1364/1068/1282 1351/1062/1282 1366/1045/1283 1357/1069/1283 
f 1356/1028/1285 1360/1046/1285 1361/1058/1284 1359/1027/1284 
f 1352/1057/1284 1358/1051/1284 1359/1027/1284 1361/1058/1284 
f 1348/1059/1286 1355/1050/1286 1358/1051/1284 1352/1057/1284 
f 1349/1087/365 1205/998/365 1355/1050/1286 1348/1059/1286 
f 785/729/364 1205/998/365 1349/1087/365 
f 1357/1069/1283 1366/1045/1283 1360/1046/1285 1356/1028/1285 
f 1360/1046/1267 1366/1045/1267 1274/1045/1267 1275/1046/1267 
f 1364/1068/1264 1357/1069/1264 1301/1069/1264 1300/1068/1264 
f 1301/1069/1237 1302/1070/1238 1299/1067/1235 1300/1068/1236 
f 1368/1101/1288 1273/1044/1213 1294/1063/1231 1367/1100/1287 
f 1273/1044/1213 1274/1045/1214 1293/1062/1230 1294/1063/1231 
f 1302/1070/1238 1368/1101/1288 1367/1100/1287 1299/1067/1235 
f 1367/1100/1287 1294/1063/1231 1370/1103/1290 1369/1102/1289 
f 1245/1024/1200 1246/1025/1201 1268/1041/1292 1305/1073/1291 
f 1246/1025/1201 1273/1044/1213 1267/1040/1293 1268/1041/1292 
f 1299/1067/1235 1367/1100/1287 1369/1102/1289 1317/1082/1294 
f 1250/1029/1205 1245/1024/1200 1305/1073/1291 1371/1104/1295 
f 1302/1070/1238 1250/1029/1205 1371/1104/1295 1372/1105/1296 
f 1271/1042/1211 1311/1076/1243 1308/1075/1298 1373/1106/1297 
f 1264/1037/1207 1271/1042/1211 1373/1106/1297 1374/1107/1299 
f 1311/1076/1243 1312/1077/1244 1307/1074/1300 1308/1075/1298 
f 1313/1078/1245 1298/1066/1234 1276/1047/1302 1277/1048/1301 
f 1316/1081/1248 1263/1036/1206 1376/1109/1304 1375/1108/1303 
f 1263/1036/1206 1264/1037/1207 1374/1107/1299 1376/1109/1304 
f 1312/1077/1244 1316/1081/1248 1375/1108/1303 1307/1074/1300 
f 1291/1060/1228 1313/1078/1245 1277/1048/1301 1377/1110/1305 
f 1294/1063/1231 1291/1060/1228 1377/1110/1305 1370/1103/1290 
f 1298/1066/1234 1299/1067/1235 1317/1082/1294 1276/1047/1302 
f 1273/1044/1213 1368/1101/1288 1295/1064/1306 1267/1040/1293 
f 1368/1101/1288 1302/1070/1238 1372/1105/1296 1295/1064/1306 
f 1379/1104/1307 1306/1073/1308 1296/1064/1308 1378/1105/1307 
f 1382/1102/1309 1381/1103/1310 1380/1110/1310 1278/1048/1309 
f 1306/1073/1308 1269/1041/1311 1270/1040/1311 1296/1064/1308 
f 1318/1082/1312 1382/1102/1309 1278/1048/1309 1279/1047/1312 
f 1309/1075/1313 1310/1074/1314 1384/1107/1314 1383/1106/1313 
f 1310/1074/1314 1386/1108/1315 1385/1109/1315 1384/1107/1314 
f 1378/1105/1316 1296/1064/545 1295/1064/545 1372/1105/1316 
f 1385/1109/1317 1386/1108/1317 1375/1108/1317 1376/1109/1317 
f 1382/1102/529 1318/1082/1318 1317/1082/1318 1369/1102/529 
f 1384/1107/545 1385/1109/1319 1376/1109/1319 1374/1107/545 
f 1306/1073/529 1379/1104/1320 1371/1104/1320 1305/1073/529 
f 1386/1108/1321 1310/1074/529 1307/1074/529 1375/1108/1321 
f 1379/1104/1322 1378/1105/1322 1372/1105/1322 1371/1104/1322 
f 1278/1048/545 1380/1110/1323 1377/1110/1323 1277/1048/545 
f 1309/1075/1324 1383/1106/1324 1373/1106/1324 1308/1075/1324 
f 1380/1110/1325 1381/1103/1325 1370/1103/1325 1377/1110/1325 
f 1383/1106/1326 1384/1107/545 1374/1107/545 1373/1106/1326 
f 1381/1103/1327 1382/1102/529 1369/1102/529 1370/1103/1327 
f 1390/1114/1331 1389/1113/1330 1388/1112/1329 1387/1111/1328 
f 1394/1118/1335 1393/1117/1334 1392/1116/1333 1391/1115/1332 
f 1398/1119/991 1397/1120/991 1396/1120/991 1395/1119/991 
f 1402/1121/990 1401/1122/990 1400/1122/990 1399/1121/990 
f 1397/1120/997 1404/1123/997 1403/1123/997 1396/1120/997 
f 1401/1122/989 1406/1124/989 1405/1124/989 1400/1122/989 
f 1410/1128/1339 1409/1127/1338 1408/1126/1337 1407/1125/1336 
f 1414/1129/1340 1413/1130/1340 1412/1130/1340 1411/1129/1340 
f 1409/1127/1338 1416/1132/1342 1415/1131/1341 1408/1126/1337 
f 1390/1114/1331 1419/1135/1345 1418/1134/1344 1417/1133/1343 
f 1423/1136/1346 1422/1137/530 1421/1137/530 1420/1136/1346 
f 1427/1141/1350 1426/1140/1349 1425/1139/1348 1424/1138/1347 
f 1431/1145/1354 1430/1144/1353 1429/1143/1352 1428/1142/1351 
f 1391/1115/1332 1392/1116/1333 1426/1140/1349 1427/1141/1350 
f 1387/1111/1328 1388/1112/1329 1430/1144/1353 1431/1145/1354 
f 1433/1147/1356 1387/1111/1328 1431/1145/1354 1432/1146/1355 
f 1432/1146/1355 1431/1145/1354 1428/1142/1351 1434/1148/1357 
f 1438/1152/1361 1437/1151/1360 1436/1150/1359 1435/1149/1358 
f 1440/1153/530 1414/1129/1362 1411/1129/1362 1439/1153/530 
f 1444/1157/1366 1443/1156/1365 1442/1155/1364 1441/1154/1363 
f 1419/1135/1345 1390/1114/1331 1387/1111/1328 1433/1147/1356 
f 1388/1112/1329 1391/1115/1332 1427/1141/1350 1430/1144/1353 
f 1430/1144/1353 1427/1141/1350 1424/1138/1347 1429/1143/1352 
f 1393/1117/1334 1394/1118/1335 1446/1159/1368 1445/1158/1367 
f 1416/1132/1342 1448/1161/1370 1447/1160/1369 1415/1131/1341 
f 1413/1130/1371 1450/1162/543 1449/1162/543 1412/1130/1371 
f 1389/1113/1330 1394/1118/1335 1391/1115/1332 1388/1112/1329 
f 1454/1163/543 1453/1164/1372 1452/1164/1372 1451/1163/543 
f 1442/1155/1364 1457/1167/1375 1456/1166/1374 1455/1165/1373 
f 1460/1170/1378 1459/1169/1377 1458/1168/1376 1407/1125/1336 
f 1435/1149/1358 1436/1150/1359 1459/1169/1377 1460/1170/1378 
f 1462/1171/1379 1423/1136/1379 1420/1136/1379 1461/1171/1379 
f 1457/1167/1375 1435/1149/1358 1460/1170/1378 1456/1166/1374 
f 1463/1172/1380 1455/1165/1373 1415/1131/1341 1447/1160/1369 
f 1441/1154/1363 1442/1155/1364 1455/1165/1373 1463/1172/1380 
f 1464/1173/1381 1410/1128/1339 1407/1125/1336 1458/1168/1376 
f 737/725/694 1434/1148/1357 1466/1175/1383 1465/1174/1382 
f 1434/1148/1357 1428/1142/1351 1403/1123/1384 1466/1175/1383 
f 1429/1143/1352 1424/1138/1347 1395/1119/1386 1396/1120/1385 
f 1425/1139/1348 1323/1087/1254 1400/1122/1388 1405/1124/1387 
f 741/729/698 743/731/700 1468/1177/1390 1467/1176/1389 
f 1326/1090/1262 741/729/698 1467/1176/1389 1469/1178/1391 
f 1428/1142/1351 1429/1143/1352 1396/1120/1385 1403/1123/1384 
f 1424/1138/1347 1425/1139/1348 1405/1124/1387 1395/1119/1386 
f 1473/1179/930 1472/1180/930 1471/1180/930 1470/1179/930 
f 1475/1181/928 1473/1179/928 1470/1179/928 1474/1181/928 
f 1479/1182/927 1478/1183/927 1477/1183/927 1476/1182/927 
f 1472/1180/994 1479/1182/994 1476/1182/994 1471/1180/994 
f 1480/1174/999 1402/1121/999 1399/1121/999 1465/1174/999 
f 1406/1124/992 1398/1119/992 1395/1119/992 1405/1124/992 
f 1481/1175/1392 1480/1174/1392 1465/1174/1392 1466/1175/1392 
f 1404/1123/998 1481/1175/998 1466/1175/998 1403/1123/998 
f 1480/1174/361 1481/1175/361 1483/1185/361 1482/1184/361 
f 1406/1124/361 1401/1122/361 1470/1179/361 1471/1180/361 
f 1402/1121/361 1480/1174/361 1482/1184/361 1474/1181/361 
f 1401/1122/361 1402/1121/361 1474/1181/361 1470/1179/361 
f 1481/1175/361 1404/1123/361 1484/1186/361 1483/1185/361 
f 1397/1120/361 1398/1119/361 1476/1182/361 1477/1183/361 
f 1404/1123/361 1397/1120/361 1477/1183/361 1484/1186/361 
f 1398/1119/361 1406/1124/361 1471/1180/361 1476/1182/361 
f 1486/1184/361 1485/1185/361 1475/1181/361 
f 1485/1185/361 1487/1186/361 1478/1183/708 1475/1181/361 
f 1478/1183/708 1479/1182/708 1472/1180/708 1475/1181/361 
f 1472/1180/708 1473/1179/361 1475/1181/361 
f 1478/1183/929 1487/1186/929 1484/1186/929 1477/1183/929 
f 1487/1186/996 1485/1185/996 1483/1185/996 1484/1186/996 
f 1486/1184/993 1475/1181/993 1474/1181/993 1482/1184/993 
f 1485/1185/995 1486/1184/995 1482/1184/995 1483/1185/995 
f 1489/1160/1393 1488/1172/1393 1463/1172/1393 1447/1160/1393 
f 772/725/583 1490/1148/1395 1434/1148/1394 737/725/583 
f 1492/1151/1396 1491/1150/1396 1436/1150/1396 1437/1151/1396 
f 1490/1148/1395 1493/1146/1398 1432/1146/1397 1434/1148/1394 
f 1491/1150/1396 1494/1169/1396 1459/1169/1396 1436/1150/1396 
f 1488/1172/1393 1495/1154/1393 1441/1154/1393 1463/1172/1393 
f 1496/1139/1400 1349/1087/537 1323/1087/537 1425/1139/1399 
f 1498/1158/1393 1497/1117/1393 1393/1117/1393 1445/1158/1393 
f 1500/1116/1404 1499/1140/1403 1426/1140/1402 1392/1116/1401 
f 1497/1117/1393 1500/1116/1404 1392/1116/1401 1393/1117/1393 
f 1502/1147/1406 1501/1135/1396 1419/1135/1396 1433/1147/1405 
f 1493/1146/1398 1502/1147/1406 1433/1147/1405 1432/1146/1397 
f 1504/1168/1396 1503/1173/1396 1464/1173/1396 1458/1168/1396 
f 1495/1154/1393 1505/1157/1393 1444/1157/1393 1441/1154/1393 
f 1506/1161/1393 1489/1160/1393 1447/1160/1393 1448/1161/1393 
f 1494/1169/1396 1504/1168/1396 1458/1168/1396 1459/1169/1396 
f 1499/1140/1403 1496/1139/1400 1425/1139/1399 1426/1140/1402 
f 1507/1134/1396 1492/1151/1396 1437/1151/1396 1418/1134/1396 
f 1504/1168/1408 1489/1160/1408 1506/1161/1407 1503/1173/1407 
f 1494/1169/1409 1488/1172/1409 1489/1160/1408 1504/1168/1408 
f 1491/1150/1410 1495/1154/1410 1488/1172/1409 1494/1169/1409 
f 1492/1151/1411 1505/1157/1411 1495/1154/1410 1491/1150/1410 
f 1505/1157/1411 1492/1151/1411 1507/1134/1412 1498/1158/1412 
f 1497/1117/1414 1501/1135/1414 1502/1147/1413 1500/1116/1413 
f 1493/1146/1413 1499/1140/1413 1500/1116/1413 1502/1147/1413 
f 1490/1148/1415 1496/1139/1415 1499/1140/1413 1493/1146/1413 
f 772/725/365 1349/1087/365 1496/1139/1415 1490/1148/1415 
f 785/729/364 1349/1087/365 772/725/365 
f 1498/1158/1412 1507/1134/1412 1501/1135/1414 1497/1117/1414 
f 1501/1135/1396 1507/1134/1396 1418/1134/1396 1419/1135/1396 
f 1505/1157/1393 1498/1158/1393 1445/1158/1393 1444/1157/1393 
f 1445/1158/1367 1446/1159/1368 1443/1156/1365 1444/1157/1366 
f 1509/1188/1417 1417/1133/1343 1438/1152/1361 1508/1187/1416 
f 1417/1133/1343 1418/1134/1344 1437/1151/1360 1438/1152/1361 
f 1446/1159/1368 1509/1188/1417 1508/1187/1416 1443/1156/1365 
f 1508/1187/1416 1438/1152/1361 1511/1190/1419 1510/1189/1418 
f 1389/1113/1330 1390/1114/1331 1412/1130/1421 1449/1162/1420 
f 1390/1114/1331 1417/1133/1343 1411/1129/1422 1412/1130/1421 
f 1443/1156/1365 1508/1187/1416 1510/1189/1418 1461/1171/1423 
f 1394/1118/1335 1389/1113/1330 1449/1162/1420 1512/1191/1424 
f 1446/1159/1368 1394/1118/1335 1512/1191/1424 1513/1192/1425 
f 1415/1131/1341 1455/1165/1373 1452/1164/1427 1514/1193/1426 
f 1408/1126/1337 1415/1131/1341 1514/1193/1426 1515/1194/1428 
f 1455/1165/1373 1456/1166/1374 1451/1163/1429 1452/1164/1427 
f 1457/1167/1375 1442/1155/1364 1420/1136/1431 1421/1137/1430 
f 1460/1170/1378 1407/1125/1336 1517/1196/1433 1516/1195/1432 
f 1407/1125/1336 1408/1126/1337 1515/1194/1428 1517/1196/1433 
f 1456/1166/1374 1460/1170/1378 1516/1195/1432 1451/1163/1429 
f 1435/1149/1358 1457/1167/1375 1421/1137/1430 1518/1197/1434 
f 1438/1152/1361 1435/1149/1358 1518/1197/1434 1511/1190/1419 
f 1442/1155/1364 1443/1156/1365 1461/1171/1423 1420/1136/1431 
f 1417/1133/1343 1509/1188/1417 1439/1153/1435 1411/1129/1422 
f 1509/1188/1417 1446/1159/1368 1513/1192/1425 1439/1153/1435 
f 1520/1191/1436 1450/1162/1437 1440/1153/1437 1519/1192/1436 
f 1523/1189/1438 1522/1190/1439 1521/1197/1439 1422/1137/1438 
f 1450/1162/1437 1413/1130/1440 1414/1129/1440 1440/1153/1437 
f 1462/1171/1441 1523/1189/1438 1422/1137/1438 1423/1136/1441 
f 1453/1164/1442 1454/1163/1443 1525/1194/1443 1524/1193/1442 
f 1454/1163/1443 1527/1195/1444 1526/1196/1444 1525/1194/1443 
f 1519/1192/1445 1440/1153/530 1439/1153/530 1513/1192/1445 
f 1526/1196/1446 1527/1195/1446 1516/1195/1446 1517/1196/1446 
f 1523/1189/543 1462/1171/1447 1461/1171/1447 1510/1189/543 
f 1525/1194/530 1526/1196/1448 1517/1196/1448 1515/1194/530 
f 1450/1162/543 1520/1191/1449 1512/1191/1449 1449/1162/543 
f 1527/1195/1450 1454/1163/543 1451/1163/543 1516/1195/1450 
f 1520/1191/1451 1519/1192/1451 1513/1192/1451 1512/1191/1451 
f 1422/1137/530 1521/1197/1452 1518/1197/1452 1421/1137/530 
f 1453/1164/1453 1524/1193/1453 1514/1193/1453 1452/1164/1453 
f 1521/1197/1454 1522/1190/1454 1511/1190/1454 1518/1197/1454 
f 1524/1193/1455 1525/1194/530 1515/1194/530 1514/1193/1455 
f 1522/1190/1456 1523/1189/543 1510/1189/543 1511/1190/1456 
f 759/724/1131 680/673/1131 677/673/1131 736/724/1131 
f 1529/744/1457 1528/743/1457 789/743/1457 790/744/1457 
f 1530/754/581 1529/744/1458 790/744/1458 800/754/581 
f 666/664/633 669/667/636 699/690/656 702/693/659 
f 1528/743/1459 809/742/577 788/742/577 789/743/1459 
f 667/665/634 672/670/639 669/667/636 666/664/633 
f 682/675/1132 759/724/1132 736/724/1132 681/675/1132 
f 787/741/738 689/682/649 710/701/667 786/740/737 
f 786/740/737 710/701/667 799/753/754 791/745/743 
f 725/714/679 712/703/669 692/685/755 693/686/753 
f 689/682/649 787/741/738 800/754/756 790/744/741 
f 808/746/1460 809/742/1461 1530/754/1461 810/747/1460 
f 809/742/1461 1528/743/1462 1529/744/1462 1530/754/1461 
f 810/747/1463 1530/754/581 800/754/581 793/747/1463 
f 802/753/1464 803/745/533 791/745/533 799/753/1464 
f 735/723/688 733/721/686 1532/1199/1466 1531/1198/1465 
f 889/818/831 823/765/1468 1534/1201/1468 1533/1200/1467 
f 823/765/1468 824/766/838 1535/1202/1469 1534/1201/1468 
f 891/820/833 889/818/831 1533/1200/1467 1536/1203/1470 
f 1033/907/977 967/854/1472 1538/1205/1472 1537/1204/1471 
f 967/854/1472 968/855/984 1539/1206/1473 1538/1205/1472 
f 1035/909/979 1033/907/977 1537/1204/1471 1540/1207/1474 
f 1177/996/1119 1111/943/1476 1542/1209/1476 1541/1208/1475 
f 1111/943/1476 1112/944/1126 1543/1210/1477 1542/1209/1476 
f 1179/998/1121 1177/996/1119 1541/1208/1475 1544/1211/1478 
f 1321/1085/1252 1255/1032/1480 1546/1213/1480 1545/1212/1479 
f 1255/1032/1480 1256/1033/1259 1547/1214/1481 1546/1213/1480 
f 1323/1087/1254 1321/1085/1252 1545/1212/1479 1548/1215/1482 
f 1465/1174/1382 1399/1121/1484 1550/1217/1484 1549/1216/1483 
f 1399/1121/1484 1400/1122/1388 1551/1218/1485 1550/1217/1484 
f 737/725/694 1465/1174/1382 1549/1216/1483 1552/1219/1486 
f 733/721/686 673/671/1487 1553/1220/1487 1532/1199/1466 
f 673/671/1487 674/672/693 1554/1221/1488 1553/1220/1487 
f 674/672/693 737/725/694 1552/1219/1486 1554/1221/1488 
f 824/766/838 735/723/688 1531/1198/1465 1535/1202/1469 
f 968/855/984 891/820/833 1536/1203/1470 1539/1206/1473 
f 1112/944/1126 1035/909/979 1540/1207/1474 1543/1210/1477 
f 1256/1033/1259 1179/998/1121 1544/1211/1478 1547/1214/1481 
f 1400/1122/1388 1323/1087/1254 1548/1215/1482 1551/1218/1485 
f 1556/1205/1492 1555/1204/1491 1537/1204/1490 1538/1205/1489 
f 1558/1178/1496 1557/1090/1495 1326/1090/1494 1469/1178/1493 
f 1560/1221/1500 1559/1220/1499 1553/1220/1498 1554/1221/1497 
f 1562/1001/1504 1561/1000/1503 1181/1000/1502 1182/1001/1501 
f 1564/1200/1506 1563/1203/1495 1536/1203/1494 1533/1200/1505 
f 1565/1091/1508 1562/1001/1504 1182/1001/1501 1327/1091/1507 
f 1559/1220/1499 1566/1199/1510 1532/1199/1509 1553/1220/1498 
f 1568/999/1499 1567/1002/1512 1183/1002/1511 1180/999/1498 
f 1570/1202/1516 1569/1201/1515 1534/1201/1514 1535/1202/1513 
f 1567/1002/1512 1571/912/1518 1038/912/1517 1183/1002/1511 
f 1573/1216/1520 1572/1219/1518 1552/1219/1517 1549/1216/1519 
f 1561/1000/1503 1568/999/1499 1180/999/1498 1181/1000/1502 
f 1569/1201/1515 1564/1200/1506 1533/1200/1505 1534/1201/1514 
f 1575/913/1524 1574/823/1523 894/823/1522 1039/913/1521 
f 1577/1218/1528 1576/1217/1527 1550/1217/1526 1551/1218/1525 
f 1571/912/1518 1578/911/1530 1037/911/1529 1038/912/1517 
f 1566/1199/1510 1579/1198/1504 1531/1198/1501 1532/1199/1509 
f 1581/824/1534 1580/728/1533 740/728/1532 895/824/1531 
f 1576/1217/1527 1573/1216/1520 1549/1216/1519 1550/1217/1526 
f 1582/910/1527 1575/913/1524 1039/913/1521 1036/910/1526 
f 1584/730/1538 1583/731/1537 743/731/1536 742/730/1535 
f 1586/1212/1540 1585/1215/1523 1548/1215/1522 1545/1212/1539 
f 1578/911/1530 1582/910/1527 1036/910/1526 1037/911/1529 
f 1587/726/1542 1584/730/1538 742/730/1535 738/726/1541 
f 1579/1198/1543 1566/1199/1544 1588/727/1544 1580/728/1543 
f 1564/1200/1545 1569/1201/1546 1590/821/1546 1589/822/1545 
f 1569/1201/1546 1570/1202/1547 1581/824/1547 1590/821/1546 
f 1563/1203/1548 1564/1200/1545 1589/822/1545 1574/823/1548 
f 1555/1204/1549 1556/1205/1550 1582/910/1550 1578/911/1549 
f 1556/1205/1550 1591/1206/1551 1575/913/1551 1582/910/1550 
f 1592/1207/1552 1555/1204/1549 1578/911/1549 1571/912/1552 
f 1594/1208/1553 1593/1209/1555 1568/999/1554 1561/1000/1553 
f 1593/1209/1555 1595/1210/1556 1567/1002/1556 1568/999/1554 
f 1596/1211/1557 1594/1208/1553 1561/1000/1553 1562/1001/1557 
f 1586/1212/1558 1599/1213/1559 1598/1088/1559 1597/1089/1558 
f 1599/1213/1559 1600/1214/1560 1565/1091/1560 1598/1088/1559 
f 1585/1215/1561 1586/1212/1558 1597/1089/1558 1557/1090/1561 
f 1573/1216/1564 1576/1217/1563 1602/1176/1563 1601/1177/1562 
f 1576/1217/1563 1577/1218/1565 1558/1178/1565 1602/1176/1563 
f 1572/1219/1566 1573/1216/1564 1601/1177/1562 1583/731/1566 
f 1566/1199/1544 1559/1220/1567 1587/726/1567 1588/727/1544 
f 1559/1220/1567 1560/1221/1568 1584/730/1568 1587/726/1567 
f 1560/1221/1568 1572/1219/1566 1583/731/1566 1584/730/1568 
f 1570/1202/1547 1579/1198/1543 1580/728/1543 1581/824/1547 
f 1591/1206/1551 1563/1203/1548 1574/823/1548 1575/913/1551 
f 1595/1210/1556 1592/1207/1552 1571/912/1552 1567/1002/1556 
f 1600/1214/1560 1596/1211/1557 1562/1001/1557 1565/1091/1560 
f 1577/1218/1565 1585/1215/1561 1557/1090/1561 1558/1178/1565 
f 1597/1089/1570 1598/1088/1515 1324/1088/1514 1325/1089/1569 
f 1572/1219/1518 1560/1221/1500 1554/1221/1497 1552/1219/1517 
f 1591/1206/1572 1556/1205/1492 1538/1205/1489 1539/1206/1571 
f 1598/1088/1515 1565/1091/1508 1327/1091/1507 1324/1088/1514 
f 1579/1198/1504 1570/1202/1516 1535/1202/1513 1531/1198/1501 
f 1555/1204/1491 1592/1207/1537 1540/1207/1536 1537/1204/1490 
f 1557/1090/1495 1597/1089/1570 1325/1089/1569 1326/1090/1494 
f 1563/1203/1495 1591/1206/1572 1539/1206/1571 1536/1203/1494 
f 1593/1209/1542 1594/1208/1574 1541/1208/1573 1542/1209/1541 
f 1601/1177/1576 1602/1176/1492 1467/1176/1489 1468/1177/1575 
f 1592/1207/1537 1595/1210/1578 1543/1210/1577 1540/1207/1536 
f 1580/728/1533 1588/727/1580 739/727/1579 740/728/1532 
f 1595/1210/1578 1593/1209/1542 1542/1209/1541 1543/1210/1577 
f 1602/1176/1492 1558/1178/1496 1469/1178/1493 1467/1176/1489 
f 1596/1211/1533 1600/1214/1582 1547/1214/1581 1544/1211/1532 
f 1589/822/1586 1590/821/1585 892/821/1584 893/822/1583 
f 1594/1208/1574 1596/1211/1533 1544/1211/1532 1541/1208/1573 
f 1583/731/1537 1601/1177/1576 1468/1177/1575 743/731/1536 
f 1585/1215/1523 1577/1218/1528 1551/1218/1525 1548/1215/1522 
f 1590/821/1585 1581/824/1534 895/824/1531 892/821/1584 
f 1599/1213/1585 1586/1212/1540 1545/1212/1539 1546/1213/1584 
f 1588/727/1580 1587/726/1542 738/726/1541 739/727/1579 
f 1574/823/1523 1589/822/1586 893/822/1583 894/823/1522 
f 1600/1214/1582 1599/1213/1585 1546/1213/1584 1547/1214/1581 
f 1606/1222/580 1605/1222/580 1604/1222/578 1603/1222/578 
f 1610/1222/534 1609/1222/534 1608/1222/529 1607/1222/529 
f 1614/1222/540 1613/1222/540 1612/1222/537 1611/1222/537 
f 1618/1222/535 1617/1222/535 1616/1222/531 1615/1222/531 
f 1620/1222/542 1619/1222/542 1605/1222/580 1606/1222/580 
f 1611/1222/537 1612/1222/537 1609/1222/534 1610/1222/534 
f 1622/1222/543 1621/1222/543 1613/1222/540 1614/1222/540 
f 1624/1222/579 1623/1222/579 1617/1222/535 1618/1222/535 
f 1626/1222/545 1625/1222/545 1619/1222/542 1620/1222/542 
f 1628/1222/546 1627/1222/546 1621/1222/543 1622/1222/543 
f 1630/1222/581 1629/1222/581 1623/1222/579 1624/1222/579 
f 1632/1222/548 1631/1222/548 1625/1222/545 1626/1222/545 
f 1634/1222/583 1633/1222/583 1627/1222/546 1628/1222/546 
f 1636/1222/582 1635/1222/582 1629/1222/581 1630/1222/581 
f 1638/1222/549 1637/1222/549 1631/1222/548 1632/1222/548 
f 1640/1222/576 1639/1222/576 1633/1222/583 1634/1222/583 
f 1642/1222/547 1641/1222/547 1635/1222/582 1636/1222/582 
f 1644/1222/550 1643/1222/550 1637/1222/549 1638/1222/549 
f 1646/1222/577 1645/1222/577 1639/1222/576 1640/1222/576 
f 1648/1222/528 1647/1222/528 1641/1222/547 1642/1222/547 
f 1650/1222/530 1649/1222/530 1643/1222/550 1644/1222/550 
f 1603/1222/578 1604/1222/578 1645/1222/577 1646/1222/577 
f 1607/1222/529 1608/1222/529 1647/1222/528 1648/1222/528 
f 1615/1222/531 1616/1222/531 1649/1222/530 1650/1222/530 
f 1633/1222/364 1639/1222/364 1645/1222/364 1627/1222/364 
f 1645/1222/364 1604/1222/364 1621/1222/364 1627/1222/364 
f 1604/1222/364 1605/1222/365 1613/1222/365 1621/1222/364 
f 1605/1222/365 1619/1222/364 1612/1222/364 1613/1222/365 
f 1609/1222/364 1612/1222/364 1619/1222/364 1625/1222/364 
f 1608/1222/365 1609/1222/364 1625/1222/364 1631/1222/365 
f 1647/1222/365 1608/1222/365 1631/1222/365 1637/1222/365 
f 1641/1222/364 1647/1222/365 1637/1222/365 1643/1222/364 
f 1635/1222/364 1641/1222/364 1643/1222/364 1649/1222/364 
f 1629/1222/364 1635/1222/364 1649/1222/364 1616/1222/364 
f 1623/1222/364 1629/1222/364 1616/1222/364 1617/1222/364 
f 1654/1222/531 1653/1222/531 1652/1222/535 1651/1222/535 
f 1658/1222/537 1657/1222/537 1656/1222/540 1655/1222/540 
f 1662/1222/529 1661/1222/529 1660/1222/534 1659/1222/534 
f 1666/1222/578 1665/1222/578 1664/1222/580 1663/1222/580 
f 1668/1222/530 1667/1222/530 1653/1222/531 1654/1222/531 
f 1670/1222/528 1669/1222/528 1661/1222/529 1662/1222/529 
f 1672/1222/577 1671/1222/577 1665/1222/578 1666/1222/578 
f 1674/1222/550 1673/1222/550 1667/1222/530 1668/1222/530 
f 1676/1222/547 1675/1222/547 1669/1222/528 1670/1222/528 
f 1678/1222/576 1677/1222/576 1671/1222/577 1672/1222/577 
f 1680/1222/549 1679/1222/549 1673/1222/550 1674/1222/550 
f 1655/1222/361 1614/1222/361 1611/1222/708 1658/1222/708 
f 1681/1222/708 1622/1222/708 1614/1222/361 1655/1222/361 
f 1682/1222/708 1628/1222/708 1622/1222/708 1681/1222/708 
f 1683/1222/708 1634/1222/708 1628/1222/708 1682/1222/708 
f 1678/1222/708 1640/1222/708 1634/1222/708 1683/1222/708 
f 1672/1222/361 1646/1222/361 1640/1222/708 1678/1222/708 
f 1666/1222/361 1603/1222/361 1646/1222/361 1672/1222/361 
f 1663/1222/361 1606/1222/361 1603/1222/361 1666/1222/361 
f 1684/1222/361 1620/1222/361 1606/1222/361 1663/1222/361 
f 1685/1222/708 1626/1222/708 1620/1222/361 1684/1222/361 
f 1686/1222/361 1632/1222/361 1626/1222/708 1685/1222/708 
f 1680/1222/361 1638/1222/361 1632/1222/361 1686/1222/361 
f 1674/1222/361 1644/1222/361 1638/1222/361 1680/1222/361 
f 1668/1222/361 1650/1222/361 1644/1222/361 1674/1222/361 
f 1654/1222/361 1615/1222/361 1650/1222/361 1668/1222/361 
f 1651/1222/361 1618/1222/361 1615/1222/361 1654/1222/361 
f 1687/1222/361 1624/1222/361 1618/1222/361 1651/1222/361 
f 1688/1222/361 1630/1222/361 1624/1222/361 1687/1222/361 
f 1689/1222/361 1636/1222/361 1630/1222/361 1688/1222/361 
f 1676/1222/361 1642/1222/361 1636/1222/361 1689/1222/361 
f 1670/1222/361 1648/1222/361 1642/1222/361 1676/1222/361 
f 1662/1222/361 1607/1222/361 1648/1222/361 1670/1222/361 
f 1659/1222/708 1610/1222/708 1607/1222/361 1662/1222/361 
f 1658/1222/708 1611/1222/708 1610/1222/708 1659/1222/708 
f 1664/1222/361 1665/1222/361 1671/1222/361 1690/1222/361 
f 1677/1222/361 1691/1222/361 1690/1222/361 1671/1222/361 
f 1693/1222/361 1692/1222/361 1691/1222/361 1677/1222/361 
f 1694/1222/361 1679/1222/361 1692/1222/361 1693/1222/361 
f 1695/1222/361 1673/1222/361 1679/1222/361 1694/1222/361 
f 1656/1222/361 1667/1222/361 1673/1222/361 1695/1222/361 
f 1657/1222/361 1653/1222/361 1667/1222/361 1656/1222/361 
f 1653/1222/361 1657/1222/361 1660/1222/708 1652/1222/708 
f 1652/1222/708 1660/1222/708 1661/1222/708 1696/1222/708 
f 1696/1222/708 1661/1222/708 1669/1222/361 1697/1222/361 
f 1697/1222/361 1669/1222/361 1675/1222/361 1698/1222/361 
f 1663/1222/580 1664/1222/580 1690/1222/542 1684/1222/542 
f 1659/1222/534 1660/1222/534 1657/1222/537 1658/1222/537 
f 1655/1222/540 1656/1222/540 1695/1222/543 1681/1222/543 
f 1651/1222/535 1652/1222/535 1696/1222/579 1687/1222/579 
f 1684/1222/542 1690/1222/542 1691/1222/545 1685/1222/545 
f 1681/1222/543 1695/1222/543 1694/1222/546 1682/1222/546 
f 1687/1222/579 1696/1222/579 1697/1222/581 1688/1222/581 
f 1685/1222/545 1691/1222/545 1692/1222/548 1686/1222/548 
f 1682/1222/546 1694/1222/546 1693/1222/583 1683/1222/583 
f 1688/1222/581 1697/1222/581 1698/1222/582 1689/1222/582 
f 1686/1222/548 1692/1222/548 1679/1222/549 1680/1222/549 
f 1683/1222/583 1693/1222/583 1677/1222/576 1678/1222/576 
f 1689/1222/582 1698/1222/582 1675/1222/547 1676/1222/547 
# 1308 polygons - 18 triangles

