# 3ds Max Wavefront OBJ Exporter v0.99 - (c)2007 guruware
# File Created: 20.03.2025 18:45:15

mtllib Nissan_350Z_Rueda.mtl

#
# object Cube_003
#

v  -0.3435 -0.0699 0.7131
v  -0.3435 -0.2287 0.7125
v  -0.3435 -0.2370 0.6913
v  -0.3435 -0.0782 0.6918
v  -0.1512 0.6212 0.7329
v  -0.3675 0.6212 0.7329
v  -0.3675 0.7557 0.6091
v  -0.1512 0.7557 0.6091
v  -0.3675 -0.0699 0.7131
v  -0.3675 0.0274 0.9635
v  -0.3675 -0.1554 0.9629
v  -0.3675 -0.2527 0.7125
v  -0.1512 0.2084 0.6623
v  -0.1512 0.3057 0.9128
v  -0.1512 0.3816 0.8833
v  -0.1512 0.2844 0.6328
v  -0.1512 0.0274 0.9635
v  -0.1512 -0.1554 0.9629
v  -0.1512 0.6584 0.3586
v  -0.3675 0.6584 0.3586
v  -0.1512 -0.2527 0.7125
v  -0.1512 0.5239 0.4824
v  -0.3675 0.5239 0.4824
v  -0.3675 0.2844 0.6328
v  -0.3675 0.3816 0.8833
v  -0.3675 0.3057 0.9128
v  -0.3675 0.2084 0.6623
v  -0.1751 0.2844 0.6328
v  -0.1751 0.4092 0.5675
v  -0.1751 0.4009 0.5463
v  -0.1751 0.2761 0.6116
v  -0.1512 -0.0699 0.7131
v  -0.1512 0.1695 0.9489
v  -0.1512 0.0722 0.6984
v  -0.1512 0.4092 0.5675
v  -0.1512 0.5064 0.8180
v  -0.1751 -0.2287 0.7125
v  -0.1751 -0.0699 0.7131
v  -0.1751 -0.0782 0.6918
v  -0.1751 -0.2370 0.6913
v  -0.1751 0.5239 0.4824
v  -0.1751 0.5157 0.4612
v  -0.3675 0.5064 0.8180
v  -0.3675 0.4092 0.5675
v  -0.3675 0.0722 0.6984
v  -0.3675 0.1695 0.9489
v  -0.3435 0.2844 0.6328
v  -0.3435 0.2084 0.6623
v  -0.3435 0.2001 0.6411
v  -0.3435 0.2761 0.6116
v  -0.1751 0.0722 0.6984
v  -0.1751 0.2084 0.6623
v  -0.1751 0.2001 0.6411
v  -0.1751 0.0640 0.6771
v  -0.3435 0.6408 0.3749
v  -0.1751 0.6408 0.3749
v  -0.3435 0.4092 0.5675
v  -0.3435 0.5239 0.4824
v  -0.3435 0.0722 0.6984
v  -0.3435 0.5157 0.4612
v  -0.1751 0.6325 0.3536
v  -0.3435 0.6325 0.3536
v  -0.3435 0.4009 0.5463
v  -0.3435 0.0640 0.6771
v  -0.4666 -0.6172 1.0696
v  -0.4666 -0.3209 1.1923
v  -0.5826 -0.3255 1.2096
v  -0.5826 -0.6261 1.0851
v  -0.4666 1.1837 0.3236
v  -0.4666 1.2256 0.0056
v  -0.5826 1.2435 0.0056
v  -0.5826 1.2010 0.3282
v  -0.4666 -0.6172 -1.0583
v  -0.4666 -0.8716 -0.8631
v  -0.5826 -0.8843 -0.8757
v  -0.5826 -0.6261 -1.0738
v  -0.4666 -0.8716 0.8743
v  -0.5826 -0.8843 0.8870
v  -0.4666 1.0610 0.6199
v  -0.5826 1.0765 0.6288
v  -0.4666 -0.3209 -1.1810
v  -0.5826 -0.3255 -1.1983
v  -0.4666 0.3150 -1.1810
v  -0.4666 -0.0029 -1.2229
v  -0.5826 -0.0029 -1.2408
v  -0.5826 0.3197 -1.1983
v  -0.4666 -1.0669 0.6199
v  -0.5826 -1.0823 0.6288
v  -0.4666 0.8658 0.8743
v  -0.5826 0.8784 0.8870
v  -0.4666 0.6113 -1.0583
v  -0.5826 0.6203 -1.0738
v  -0.4666 -1.1896 0.3236
v  -0.5826 -1.2069 0.3282
v  -0.4666 0.6113 1.0696
v  -0.5826 0.6203 1.0851
v  -0.4666 0.8658 -0.8631
v  -0.5826 0.8784 -0.8757
v  -0.4666 -1.2314 0.0056
v  -0.5826 -1.2493 0.0056
v  -0.4666 0.3150 1.1923
v  -0.5826 0.3197 1.2096
v  -0.4666 1.0610 -0.6086
v  -0.5826 1.0765 -0.6176
v  -0.4666 -1.1896 -0.3123
v  -0.5826 -1.2069 -0.3170
v  -0.4666 -0.0029 1.2342
v  -0.5826 -0.0029 1.2521
v  -0.4666 1.1837 -0.3123
v  -0.5826 1.2010 -0.3170
v  -0.4666 -1.0669 -0.6086
v  -0.5826 -1.0823 -0.6176
v  -0.6588 -1.1247 0.6533
v  -0.6588 -1.2541 0.3409
v  -0.6588 0.9130 0.9215
v  -0.6588 0.6447 1.1274
v  -0.6588 0.6447 -1.1161
v  -0.6588 0.9130 -0.9103
v  -0.6588 -1.2982 0.0056
v  -0.6588 0.3323 1.2568
v  -0.6588 1.1188 -0.6420
v  -0.6588 -1.2541 -0.3296
v  -0.6588 -0.0029 1.3009
v  -0.6588 1.2482 -0.3296
v  -0.6588 -1.1247 -0.6420
v  -0.6588 -0.3382 1.2568
v  -0.6588 1.2924 0.0056
v  -0.6588 -0.9188 -0.9103
v  -0.6588 -0.6506 1.1274
v  -0.6588 1.2482 0.3409
v  -0.6588 -0.6506 -1.1161
v  -0.6588 -0.9188 0.9215
v  -0.6588 1.1188 0.6533
v  -0.6588 -0.3382 -1.2455
v  -0.6588 -0.0029 -1.2897
v  -0.6588 0.3323 -1.2455
v  -0.7019 1.3064 -0.3452
v  -0.7019 1.3526 0.0056
v  -0.7019 -1.1768 -0.6721
v  -0.7019 -0.9614 -0.9528
v  -0.7019 -0.3537 1.3149
v  -0.7019 -0.6807 1.1795
v  -0.7019 1.3064 0.3565
v  -0.7019 -0.6807 -1.1682
v  -0.7019 -0.9614 0.9641
v  -0.7019 1.1710 0.6834
v  -0.7019 -0.3537 -1.3037
v  -0.7019 -0.0029 -1.3498
v  -0.7019 0.3479 -1.3037
v  -0.7019 -1.1768 0.6834
v  -0.7019 0.9556 0.9641
v  -0.7019 0.6748 -1.1682
v  -0.7019 -1.3122 0.3565
v  -0.7019 0.6748 1.1795
v  -0.7019 0.9556 -0.9528
v  -0.7019 -1.3584 0.0056
v  -0.7019 0.3479 1.3149
v  -0.7019 1.1710 -0.6721
v  -0.7019 -1.3122 -0.3452
v  -0.7019 -0.0029 1.3611
v  -0.7040 1.0039 1.0125
v  -0.7040 0.7090 1.2388
v  -0.7040 0.7090 -1.2275
v  -0.7040 1.0039 -1.0012
v  -0.7040 -1.3783 0.3742
v  -0.7040 -1.4268 0.0056
v  -0.7040 0.3656 1.3810
v  -0.7040 1.2302 -0.7063
v  -0.7040 -1.3783 -0.3629
v  -0.7040 -0.0029 1.4296
v  -0.7040 1.3725 -0.3629
v  -0.7040 -1.2361 -0.7063
v  -0.7040 -0.3715 1.3810
v  -0.7040 1.4210 0.0056
v  -0.7040 -1.0098 -1.0012
v  -0.7040 -0.7149 1.2388
v  -0.7040 1.3725 0.3742
v  -0.7040 -0.7149 -1.2275
v  -0.7040 -1.0098 1.0125
v  -0.7040 1.2302 0.7176
v  -0.7040 -0.3715 -1.3698
v  -0.7040 -0.0029 -1.4183
v  -0.7040 0.3656 -1.3698
v  -0.7040 -1.2361 0.7176
v  -0.4080 1.0078 -0.5779
v  -0.4080 0.8223 -0.8196
v  -0.4080 -1.1302 -0.2964
v  -0.4080 -1.1700 0.0056
v  -0.4080 -0.0029 1.1727
v  -0.4080 0.2991 1.1329
v  -0.4080 1.1244 -0.2964
v  -0.4080 -1.0136 -0.5779
v  -0.4080 -0.3050 1.1329
v  -0.4080 1.1641 0.0056
v  -0.4080 -0.8282 -0.8196
v  -0.4080 -0.5864 1.0163
v  -0.4080 1.1244 0.3077
v  -0.4080 -0.5864 -1.0051
v  -0.4080 -0.8282 0.8309
v  -0.4080 1.0078 0.5892
v  -0.4080 -0.3050 -1.1216
v  -0.4080 0.2991 -1.1216
v  -0.4080 -0.0029 -1.1614
v  -0.4080 -1.0136 0.5892
v  -0.4080 0.8223 0.8309
v  -0.4080 0.5806 -1.0051
v  -0.4080 -1.1302 0.3077
v  -0.4080 0.5806 1.0163
v  0.4996 0.5806 1.0163
v  0.4996 0.8223 0.8309
v  0.4996 0.8223 -0.8196
v  0.4996 0.5806 -1.0051
v  0.4996 -1.1700 0.0056
v  0.4996 -1.1302 0.3077
v  0.4996 0.2991 1.1329
v  0.4996 1.0078 -0.5779
v  0.4996 -1.1302 -0.2964
v  0.4996 -0.0029 1.1727
v  0.4996 1.1244 -0.2964
v  0.4996 -1.0136 -0.5779
v  0.4996 -0.3050 1.1329
v  0.4996 1.1641 0.0056
v  0.4996 -0.8282 -0.8196
v  0.4996 -0.5864 1.0163
v  0.4996 1.1244 0.3077
v  0.4996 -0.5864 -1.0051
v  0.4996 -0.8282 0.8309
v  0.4996 1.0078 0.5892
v  0.4996 -0.3050 -1.1216
v  0.4996 0.2991 -1.1216
v  0.4996 -0.0029 -1.1614
v  0.4996 -1.0136 0.5892
v  0.6459 -0.7079 1.2267
v  0.6459 -0.3679 1.3676
v  0.6459 1.3590 0.3706
v  0.6459 1.4071 0.0056
v  0.6459 -0.7079 -1.2155
v  0.6459 -0.9999 -0.9914
v  0.6459 -0.9999 1.0027
v  0.6459 1.2182 0.7106
v  0.6459 -0.3679 -1.3563
v  0.6459 0.3620 -1.3563
v  0.6459 -0.0029 -1.4044
v  0.6459 -1.2240 0.7106
v  0.6459 0.9941 1.0027
v  0.6459 0.7021 -1.2155
v  0.6459 -1.3649 0.3706
v  0.6459 0.7021 1.2267
v  0.6459 0.9941 -0.9914
v  0.6459 -1.4129 0.0056
v  0.6459 0.3620 1.3676
v  0.6459 1.2182 -0.6994
v  0.6459 -1.3649 -0.3593
v  0.6459 -0.0029 1.4156
v  0.6459 1.3590 -0.3593
v  0.6459 -1.2240 -0.6994
v  0.6948 0.9941 -0.9914
v  0.6948 0.7021 -1.2155
v  0.6948 -1.4129 0.0056
v  0.6948 -1.3649 0.3706
v  0.6948 0.3620 1.3676
v  0.6948 0.7021 1.2267
v  0.6948 1.2182 -0.6994
v  0.6948 -1.3649 -0.3593
v  0.6948 -0.0029 1.4156
v  0.6948 1.3590 -0.3593
v  0.6948 -1.2240 -0.6994
v  0.6948 -0.3679 1.3676
v  0.6948 1.4071 0.0056
v  0.6948 -0.9999 -0.9914
v  0.6948 -0.7079 1.2267
v  0.6948 1.3590 0.3706
v  0.6948 -0.7079 -1.2155
v  0.6948 -0.9999 1.0027
v  0.6948 1.2182 0.7106
v  0.6948 -0.3679 -1.3563
v  0.6948 0.3620 -1.3563
v  0.6948 -0.0029 -1.4044
v  0.6948 -1.2240 0.7106
v  0.6948 0.9941 1.0027
v  0.7155 -0.0029 -1.4424
v  0.7155 -0.3777 -1.3930
v  0.7155 0.7211 -1.2484
v  0.7155 0.3719 -1.3930
v  0.7155 -1.4016 0.3804
v  0.7155 -1.2569 0.7297
v  0.7155 0.7211 1.2597
v  0.7155 1.0210 1.0295
v  0.7155 1.0210 -1.0183
v  0.7155 -1.4509 0.0056
v  0.7155 0.3719 1.4043
v  0.7155 1.2511 -0.7184
v  0.7155 -1.4016 -0.3691
v  0.7155 -0.0029 1.4537
v  0.7155 1.3958 -0.3691
v  0.7155 -1.2569 -0.7184
v  0.7155 -0.3777 1.4043
v  0.7155 1.4451 0.0056
v  0.7155 -1.0268 -1.0183
v  0.7155 -0.7269 1.2597
v  0.7155 1.3958 0.3804
v  0.7155 -0.7269 -1.2484
v  0.7155 -1.0268 1.0295
v  0.7155 1.2511 0.7297
v  -0.5907 0.4846 0.0680
v  -0.5907 0.4877 0.0056
v  -0.6323 0.6528 0.0056
v  -0.6323 0.6470 0.0622
v  -0.5907 0.4846 -0.0567
v  -0.5907 0.4737 -0.1191
v  -0.6323 0.6412 -0.1074
v  -0.6323 0.6470 -0.0509
v  -0.5595 0.2118 0.0056
v  -0.5638 0.2373 -0.0611
v  -0.5046 0.2373 -0.0611
v  -0.5046 0.2118 0.0056
v  -0.5791 0.3932 0.0056
v  -0.5746 0.3678 0.0723
v  -0.5046 0.3678 0.0723
v  -0.5046 0.3932 0.0056
v  -0.5696 0.3023 -0.0887
v  -0.5046 0.3023 -0.0887
v  -0.6376 1.0666 0.0474
v  -0.6375 1.0708 0.0056
v  -0.5713 1.2327 0.0056
v  -0.5713 1.2298 0.0417
v  -0.6376 1.0666 -0.0361
v  -0.5713 1.2298 -0.0304
v  -0.6427 0.7095 0.0600
v  -0.6428 0.7040 0.1143
v  -0.6323 0.6412 0.1187
v  -0.6621 0.8785 -0.0132
v  -0.6621 0.8796 0.0056
v  -0.6458 0.8796 0.0056
v  -0.6458 0.8785 -0.0132
v  -0.5767 0.4285 -0.0735
v  -0.5767 0.4173 -0.1526
v  -0.5838 0.4458 -0.1312
v  -0.5838 0.4569 -0.0628
v  -0.5767 0.4285 0.0848
v  -0.5767 0.4321 0.0056
v  -0.5838 0.4602 0.0056
v  -0.5838 0.4569 0.0740
v  -0.5838 0.4458 0.1424
v  -0.5907 0.4737 0.1304
v  -0.5767 0.4173 0.1639
v  -0.6620 0.9207 0.0525
v  -0.6620 0.9159 0.0994
v  -0.6624 0.8221 0.1060
v  -0.6624 0.8273 0.0558
v  -0.6620 0.9159 -0.0882
v  -0.6620 0.9207 -0.0413
v  -0.6624 0.8273 -0.0445
v  -0.6624 0.8221 -0.0947
v  -0.6428 0.7040 -0.1030
v  -0.6427 0.7095 -0.0487
v  -0.6376 1.0624 -0.0779
v  -0.5713 1.2269 -0.0664
v  -0.6484 1.0267 0.0056
v  -0.6485 1.0265 -0.0133
v  -0.6322 1.0265 -0.0133
v  -0.6322 1.0267 0.0056
v  -0.6546 0.9994 -0.0385
v  -0.6546 1.0039 0.0056
v  -0.6620 0.9256 0.0056
v  -0.6376 1.0624 0.0892
v  -0.6546 0.9949 0.0939
v  -0.6546 0.9994 0.0498
v  -0.6623 0.8594 -0.0145
v  -0.6460 0.8594 -0.0145
v  -0.6546 0.9949 -0.0826
v  -0.5713 1.2269 0.0777
v  -0.5631 0.2378 0.0723
v  -0.5696 0.3023 0.1000
v  -0.5767 0.3738 0.2231
v  -0.5746 0.3678 -0.0611
v  -0.5767 0.3738 -0.2119
v  -0.5557 0.1320 0.0057
v  -0.5566 0.1274 0.0407
v  -0.5568 0.1139 0.0732
v  -0.5470 -0.0029 0.0056
v  -0.5563 0.1275 -0.0293
v  -0.5568 0.1140 -0.0618
v  -0.5046 0.2555 -0.0435
v  -0.5046 0.3023 -0.0634
v  -0.5508 0.3023 -0.0634
v  -0.5508 0.2555 -0.0435
v  -0.5046 0.2367 0.0056
v  -0.5508 0.2367 0.0056
v  -0.5046 0.3496 -0.0435
v  -0.5046 0.3683 0.0056
v  -0.5508 0.3683 0.0056
v  -0.5508 0.3496 -0.0435
v  -0.5046 0.2378 0.0723
v  -0.5046 0.3023 0.1000
v  -0.5046 0.2559 0.0548
v  -0.5046 0.3024 0.0747
v  -0.5046 0.3497 0.0548
v  -0.5046 0.3678 -0.0611
v  -0.5508 0.3024 0.0747
v  -0.5508 0.2559 0.0548
v  -0.5508 0.3497 0.0548
v  -0.5543 0.9949 -0.0826
v  -0.5373 1.0624 -0.0779
v  -0.4764 0.4173 0.1639
v  -0.4764 0.3738 0.2231
v  -0.5616 0.9159 0.0994
v  -0.5621 0.8221 0.1060
v  -0.4835 0.4458 0.1424
v  -0.5543 0.9949 0.0939
v  -0.5616 0.9159 -0.0882
v  -0.4764 0.3738 -0.2119
v  -0.4764 0.4173 -0.1526
v  -0.5320 0.6412 -0.1074
v  -0.5424 0.7040 -0.1030
v  -0.4835 0.4458 -0.1312
v  -0.4904 0.4737 -0.1191
v  -0.5320 0.6412 0.1187
v  -0.4904 0.4737 0.1304
v  -0.4710 1.2269 0.0777
v  -0.5373 1.0624 0.0892
v  -0.5621 0.8221 -0.0947
v  -0.4710 1.2269 -0.0664
v  -0.5424 0.7040 0.1143
v  -0.4764 -0.0029 0.0056
v  -0.6624 0.8324 0.0056
v  -0.6427 0.7151 0.0056
v  -0.6354 0.6662 0.0056
v  -0.6368 0.6663 0.0289
v  -0.6383 0.6928 0.0287
v  -0.6623 0.8607 0.0056
v  -0.6368 0.6663 -0.0177
v  -0.6383 0.6928 -0.0174
v  -0.6437 1.0453 -0.0124
v  -0.6437 1.0455 0.0056
v  -0.6485 1.0265 0.0246
v  -0.6437 1.0453 0.0237
v  -0.6621 0.8785 0.0245
v  -0.6623 0.8594 0.0257
v  -0.6368 0.6928 0.0056
v  -0.6458 0.8785 0.0245
v  -0.6460 0.8594 0.0257
v  -0.6460 0.8607 0.0056
v  -0.6274 1.0453 -0.0124
v  -0.6275 1.0455 0.0056
v  -0.6274 1.0453 0.0237
v  -0.6322 1.0265 0.0246
v  -0.6205 0.6663 -0.0177
v  -0.6191 0.6662 0.0056
v  -0.6220 0.6928 -0.0174
v  -0.5907 0.1868 0.4590
v  -0.5907 0.2424 0.4306
v  -0.6323 0.3249 0.5735
v  -0.6323 0.2731 0.5967
v  -0.5907 0.2949 0.3967
v  -0.5907 0.3434 0.3561
v  -0.6323 0.4170 0.5069
v  -0.6323 0.3710 0.5402
v  -0.5746 0.2402 0.2934
v  -0.5791 0.1951 0.3487
v  -0.5046 0.1951 0.3487
v  -0.5046 0.2402 0.2934
v  -0.5595 0.1044 0.1916
v  -0.5638 0.1749 0.1803
v  -0.5046 0.1749 0.1803
v  -0.5046 0.1044 0.1916
v  -0.5746 0.1247 0.3601
v  -0.5046 0.1247 0.3601
v  -0.5696 0.2314 0.2228
v  -0.5046 0.2314 0.2228
v  -0.6376 0.4957 0.9528
v  -0.6375 0.5339 0.9355
v  -0.5713 0.6149 1.0757
v  -0.5713 0.5823 1.0912
v  -0.6383 0.3250 0.6196
v  -0.6368 0.3115 0.5969
v  -0.6205 0.3115 0.5969
v  -0.6220 0.3250 0.6196
v  -0.6376 0.5680 0.9110
v  -0.5713 0.6447 1.0552
v  -0.6427 0.3063 0.6498
v  -0.6428 0.2564 0.6721
v  -0.6323 0.2212 0.6200
v  -0.6621 0.4541 0.7595
v  -0.6621 0.4384 0.7700
v  -0.6458 0.4384 0.7700
v  -0.6458 0.4541 0.7595
v  -0.5767 0.2814 0.3397
v  -0.5767 0.3443 0.2904
v  -0.5838 0.3399 0.3259
v  -0.5838 0.2862 0.3697
v  -0.5767 0.1443 0.4189
v  -0.5767 0.2146 0.3824
v  -0.5838 0.2287 0.4067
v  -0.5838 0.1678 0.4381
v  -0.5838 0.1030 0.4627
v  -0.5907 0.1274 0.4808
v  -0.5767 0.0701 0.4487
v  -0.6620 0.4183 0.8290
v  -0.6620 0.3753 0.8483
v  -0.6624 0.3227 0.7703
v  -0.6624 0.3687 0.7497
v  -0.6368 0.3450 0.6082
v  -0.6206 0.3450 0.6082
v  -0.6620 0.5377 0.7545
v  -0.6620 0.4995 0.7821
v  -0.6624 0.4556 0.6995
v  -0.6624 0.4965 0.6699
v  -0.6428 0.4446 0.5635
v  -0.6427 0.4004 0.5955
v  -0.6376 0.6021 0.8865
v  -0.5713 0.6744 1.0347
v  -0.6354 0.3316 0.5851
v  -0.6191 0.3316 0.5851
v  -0.6484 0.5119 0.8973
v  -0.6485 0.5282 0.8877
v  -0.6322 0.5282 0.8877
v  -0.6322 0.5119 0.8973
v  -0.6546 0.5365 0.8516
v  -0.6546 0.5005 0.8776
v  -0.6620 0.4613 0.8097
v  -0.6376 0.4574 0.9700
v  -0.6546 0.4195 0.9139
v  -0.6546 0.4600 0.8957
v  -0.6623 0.4457 0.7424
v  -0.6460 0.4457 0.7424
v  -0.6546 0.5724 0.8256
v  -0.5713 0.5496 1.1067
v  -0.5631 0.0597 0.2475
v  -0.5696 0.0680 0.3171
v  -0.5767 -0.0029 0.4406
v  -0.5557 0.0645 0.1226
v  -0.5566 0.0319 0.1360
v  -0.5568 -0.0030 0.1406
v  -0.5563 0.0925 0.1011
v  -0.5046 0.1689 0.2048
v  -0.5046 0.2095 0.2354
v  -0.5508 0.2095 0.2354
v  -0.5508 0.1689 0.2048
v  -0.5046 0.1170 0.2131
v  -0.5508 0.1170 0.2131
v  -0.5046 0.2159 0.2864
v  -0.5046 0.1827 0.3272
v  -0.5508 0.1827 0.3272
v  -0.5508 0.2159 0.2864
v  -0.5046 0.0597 0.2475
v  -0.5046 0.0680 0.3171
v  -0.5046 0.0839 0.2544
v  -0.5046 0.0899 0.3045
v  -0.5046 0.1308 0.3355
v  -0.5508 0.0899 0.3045
v  -0.5508 0.0839 0.2544
v  -0.5508 0.1308 0.3355
v  -0.5543 0.5724 0.8256
v  -0.5373 0.6021 0.8865
v  -0.4764 0.0701 0.4487
v  -0.4764 -0.0029 0.4406
v  -0.5616 0.3753 0.8483
v  -0.5621 0.3227 0.7703
v  -0.4835 0.1030 0.4627
v  -0.5543 0.4195 0.9139
v  -0.5616 0.5377 0.7545
v  -0.4764 0.3443 0.2904
v  -0.5320 0.4170 0.5069
v  -0.5424 0.4446 0.5635
v  -0.4835 0.3399 0.3259
v  -0.4904 0.3434 0.3561
v  -0.5320 0.2212 0.6200
v  -0.4904 0.1274 0.4808
v  -0.4710 0.5496 1.1067
v  -0.5373 0.4574 0.9700
v  -0.5621 0.4965 0.6699
v  -0.4710 0.6744 1.0347
v  -0.5424 0.2564 0.6721
v  -0.6624 0.4147 0.7291
v  -0.6427 0.3561 0.6275
v  -0.6623 0.4289 0.7535
v  -0.6623 0.4108 0.7625
v  -0.6368 0.3519 0.5736
v  -0.6383 0.3649 0.5966
v  -0.6437 0.5368 0.9044
v  -0.6437 0.5213 0.9136
v  -0.6485 0.4954 0.9066
v  -0.6437 0.5056 0.9225
v  -0.6621 0.4214 0.7784
v  -0.6220 0.3649 0.5966
v  -0.6205 0.3519 0.5736
v  -0.6458 0.4214 0.7784
v  -0.6460 0.4108 0.7625
v  -0.6460 0.4289 0.7535
v  -0.6274 0.5368 0.9044
v  -0.6275 0.5213 0.9136
v  -0.6274 0.5056 0.9225
v  -0.6322 0.4954 0.9066
v  -0.5907 -0.3007 0.3967
v  -0.5907 -0.2482 0.4306
v  -0.6323 -0.3308 0.5735
v  -0.6323 -0.3768 0.5402
v  -0.5907 -0.1927 0.4590
v  -0.5907 -0.1332 0.4808
v  -0.6323 -0.2271 0.6200
v  -0.6323 -0.2789 0.5967
v  -0.5746 -0.1305 0.3601
v  -0.5791 -0.2010 0.3487
v  -0.5046 -0.2010 0.3487
v  -0.5046 -0.1305 0.3601
v  -0.5595 -0.1103 0.1916
v  -0.5638 -0.0653 0.2470
v  -0.5046 -0.0653 0.2470
v  -0.5046 -0.1103 0.1916
v  -0.5746 -0.2461 0.2934
v  -0.5046 -0.2461 0.2934
v  -0.5696 -0.0738 0.3171
v  -0.5046 -0.0738 0.3171
v  -0.6376 -0.5739 0.9110
v  -0.6375 -0.5398 0.9355
v  -0.5713 -0.6207 1.0757
v  -0.5713 -0.6505 1.0552
v  -0.6383 -0.3707 0.5966
v  -0.6368 -0.3577 0.5736
v  -0.6205 -0.3577 0.5736
v  -0.6220 -0.3707 0.5966
v  -0.6376 -0.5015 0.9528
v  -0.5713 -0.5881 1.0912
v  -0.6427 -0.4062 0.5955
v  -0.6428 -0.4504 0.5635
v  -0.6323 -0.4229 0.5069
v  -0.6621 -0.4273 0.7784
v  -0.6621 -0.4442 0.7700
v  -0.6458 -0.4442 0.7700
v  -0.6458 -0.4273 0.7784
v  -0.5767 -0.1501 0.4189
v  -0.5767 -0.0759 0.4487
v  -0.5838 -0.1088 0.4627
v  -0.5838 -0.1736 0.4381
v  -0.5767 -0.2872 0.3397
v  -0.5767 -0.2204 0.3824
v  -0.5838 -0.2345 0.4067
v  -0.5838 -0.2921 0.3697
v  -0.5838 -0.3458 0.3259
v  -0.5907 -0.3493 0.3561
v  -0.5767 -0.3501 0.2904
v  -0.6620 -0.5054 0.7821
v  -0.6620 -0.5436 0.7545
v  -0.6624 -0.5024 0.6699
v  -0.6624 -0.4615 0.6995
v  -0.6368 -0.3508 0.6082
v  -0.6206 -0.3508 0.6082
v  -0.6620 -0.3811 0.8483
v  -0.6620 -0.4241 0.8290
v  -0.6624 -0.3745 0.7497
v  -0.6624 -0.3285 0.7703
v  -0.6428 -0.2623 0.6721
v  -0.6427 -0.3121 0.6498
v  -0.6376 -0.4632 0.9700
v  -0.5713 -0.5555 1.1067
v  -0.6354 -0.3375 0.5851
v  -0.6191 -0.3375 0.5851
v  -0.6484 -0.5177 0.8973
v  -0.6485 -0.5013 0.9066
v  -0.6322 -0.5013 0.9066
v  -0.6322 -0.5177 0.8973
v  -0.6546 -0.4659 0.8957
v  -0.6546 -0.5063 0.8776
v  -0.6620 -0.4672 0.8097
v  -0.6376 -0.6080 0.8865
v  -0.6546 -0.5783 0.8256
v  -0.6546 -0.5423 0.8516
v  -0.6623 -0.4167 0.7625
v  -0.6460 -0.4167 0.7625
v  -0.6546 -0.4254 0.9139
v  -0.5713 -0.6802 1.0347
v  -0.5631 -0.1810 0.1808
v  -0.5696 -0.2372 0.2228
v  -0.5767 -0.3796 0.2231
v  -0.5557 -0.0705 0.1225
v  -0.5566 -0.0984 0.1010
v  -0.5568 -0.1198 0.0731
v  -0.5563 -0.0379 0.1360
v  -0.5046 -0.0895 0.2540
v  -0.5046 -0.0957 0.3045
v  -0.5508 -0.0957 0.3045
v  -0.5508 -0.0895 0.2540
v  -0.5046 -0.1227 0.2132
v  -0.5508 -0.1227 0.2132
v  -0.5046 -0.1367 0.3355
v  -0.5046 -0.1886 0.3272
v  -0.5508 -0.1886 0.3272
v  -0.5508 -0.1367 0.3355
v  -0.5046 -0.1810 0.1808
v  -0.5046 -0.2372 0.2228
v  -0.5046 -0.1749 0.2052
v  -0.5046 -0.2154 0.2355
v  -0.5046 -0.2218 0.2864
v  -0.5508 -0.2154 0.2355
v  -0.5508 -0.1749 0.2052
v  -0.5508 -0.2218 0.2864
v  -0.5543 -0.4254 0.9139
v  -0.5373 -0.4632 0.9700
v  -0.4764 -0.3501 0.2904
v  -0.4764 -0.3796 0.2231
v  -0.5616 -0.5436 0.7545
v  -0.5621 -0.5024 0.6699
v  -0.4835 -0.3458 0.3259
v  -0.5543 -0.5783 0.8256
v  -0.5616 -0.3811 0.8483
v  -0.4764 -0.0759 0.4487
v  -0.5320 -0.2271 0.6200
v  -0.5424 -0.2623 0.6721
v  -0.4835 -0.1088 0.4627
v  -0.4904 -0.1332 0.4808
v  -0.5320 -0.4229 0.5069
v  -0.4904 -0.3493 0.3561
v  -0.4710 -0.6802 1.0347
v  -0.5373 -0.6080 0.8865
v  -0.5621 -0.3285 0.7703
v  -0.4710 -0.5555 1.1067
v  -0.5424 -0.4504 0.5635
v  -0.6624 -0.4206 0.7291
v  -0.6427 -0.3619 0.6275
v  -0.6623 -0.4347 0.7535
v  -0.6623 -0.4515 0.7424
v  -0.6368 -0.3174 0.5969
v  -0.6383 -0.3308 0.6196
v  -0.6437 -0.5114 0.9225
v  -0.6437 -0.5271 0.9136
v  -0.6485 -0.5340 0.8877
v  -0.6437 -0.5427 0.9044
v  -0.6621 -0.4600 0.7595
v  -0.6220 -0.3308 0.6196
v  -0.6205 -0.3174 0.5969
v  -0.6458 -0.4600 0.7595
v  -0.6460 -0.4515 0.7424
v  -0.6460 -0.4347 0.7535
v  -0.6274 -0.5114 0.9225
v  -0.6275 -0.5271 0.9136
v  -0.6274 -0.5427 0.9044
v  -0.6322 -0.5340 0.8877
v  -0.5907 -0.4904 -0.0567
v  -0.5907 -0.4936 0.0056
v  -0.6323 -0.6586 0.0056
v  -0.6323 -0.6528 -0.0509
v  -0.5907 -0.4904 0.0680
v  -0.5907 -0.4796 0.1304
v  -0.6323 -0.6470 0.1187
v  -0.6323 -0.6528 0.0622
v  -0.5746 -0.3737 0.0723
v  -0.5791 -0.3991 0.0056
v  -0.5046 -0.3991 0.0056
v  -0.5046 -0.3737 0.0723
v  -0.5595 -0.2176 0.0056
v  -0.5638 -0.2431 0.0723
v  -0.5046 -0.2431 0.0723
v  -0.5046 -0.2176 0.0056
v  -0.5746 -0.3737 -0.0611
v  -0.5046 -0.3737 -0.0611
v  -0.5696 -0.3081 0.1000
v  -0.5046 -0.3081 0.1000
v  -0.6376 -1.0724 -0.0361
v  -0.6375 -1.0766 0.0056
v  -0.5713 -1.2386 0.0056
v  -0.5713 -1.2357 -0.0304
v  -0.6383 -0.6986 -0.0174
v  -0.6368 -0.6722 -0.0177
v  -0.6205 -0.6722 -0.0177
v  -0.6220 -0.6986 -0.0174
v  -0.6376 -1.0724 0.0474
v  -0.5713 -1.2357 0.0417
v  -0.6427 -0.7154 -0.0487
v  -0.6428 -0.7098 -0.1030
v  -0.6323 -0.6470 -0.1074
v  -0.6621 -0.8843 0.0245
v  -0.6621 -0.8855 0.0056
v  -0.6458 -0.8855 0.0056
v  -0.6458 -0.8843 0.0245
v  -0.5767 -0.4344 0.0848
v  -0.5767 -0.4231 0.1639
v  -0.5838 -0.4517 0.1424
v  -0.5838 -0.4627 0.0740
v  -0.5767 -0.4344 -0.0735
v  -0.5767 -0.4379 0.0056
v  -0.5838 -0.4661 0.0056
v  -0.5838 -0.4627 -0.0628
v  -0.5838 -0.4517 -0.1312
v  -0.5907 -0.4796 -0.1191
v  -0.5767 -0.4231 -0.1526
v  -0.6620 -0.9266 -0.0413
v  -0.6620 -0.9218 -0.0882
v  -0.6624 -0.8279 -0.0947
v  -0.6624 -0.8331 -0.0445
v  -0.6368 -0.6987 0.0056
v  -0.6206 -0.6987 0.0056
v  -0.6620 -0.9218 0.0994
v  -0.6620 -0.9266 0.0525
v  -0.6624 -0.8331 0.0558
v  -0.6624 -0.8279 0.1060
v  -0.6428 -0.7098 0.1143
v  -0.6427 -0.7154 0.0600
v  -0.6376 -1.0683 0.0892
v  -0.5713 -1.2328 0.0777
v  -0.6354 -0.6721 0.0056
v  -0.6191 -0.6721 0.0056
v  -0.6484 -1.0325 0.0056
v  -0.6485 -1.0324 0.0246
v  -0.6322 -1.0324 0.0246
v  -0.6322 -1.0325 0.0056
v  -0.6546 -1.0052 0.0498
v  -0.6546 -1.0097 0.0056
v  -0.6620 -0.9314 0.0056
v  -0.6376 -1.0683 -0.0779
v  -0.6546 -1.0007 -0.0826
v  -0.6546 -1.0052 -0.0385
v  -0.6623 -0.8653 0.0257
v  -0.6460 -0.8653 0.0257
v  -0.6546 -1.0007 0.0939
v  -0.5713 -1.2328 -0.0664
v  -0.5631 -0.2437 -0.0611
v  -0.5696 -0.3081 -0.0887
v  -0.5767 -0.3796 -0.2119
v  -0.5557 -0.1379 0.0056
v  -0.5566 -0.1333 -0.0294
v  -0.5568 -0.1198 -0.0619
v  -0.5563 -0.1333 0.0405
v  -0.5046 -0.2613 0.0548
v  -0.5046 -0.3082 0.0747
v  -0.5508 -0.3082 0.0747
v  -0.5508 -0.2613 0.0548
v  -0.5046 -0.2425 0.0057
v  -0.5508 -0.2425 0.0057
v  -0.5046 -0.3555 0.0548
v  -0.5046 -0.3742 0.0056
v  -0.5508 -0.3742 0.0056
v  -0.5508 -0.3555 0.0548
v  -0.5046 -0.2437 -0.0611
v  -0.5046 -0.3081 -0.0887
v  -0.5046 -0.2618 -0.0435
v  -0.5046 -0.3082 -0.0634
v  -0.5046 -0.3555 -0.0435
v  -0.5508 -0.3082 -0.0634
v  -0.5508 -0.2618 -0.0435
v  -0.5508 -0.3555 -0.0435
v  -0.5543 -1.0007 0.0939
v  -0.5373 -1.0683 0.0892
v  -0.4764 -0.4231 -0.1526
v  -0.4764 -0.3796 -0.2119
v  -0.5616 -0.9218 -0.0882
v  -0.5621 -0.8279 -0.0947
v  -0.4835 -0.4517 -0.1312
v  -0.5543 -1.0007 -0.0826
v  -0.5616 -0.9218 0.0994
v  -0.4764 -0.4231 0.1639
v  -0.5320 -0.6470 0.1187
v  -0.5424 -0.7098 0.1143
v  -0.4835 -0.4517 0.1424
v  -0.4904 -0.4796 0.1304
v  -0.5320 -0.6470 -0.1074
v  -0.4904 -0.4796 -0.1191
v  -0.4710 -1.2328 -0.0664
v  -0.5373 -1.0683 -0.0779
v  -0.5621 -0.8279 0.1060
v  -0.4710 -1.2328 0.0777
v  -0.5424 -0.7098 -0.1030
v  -0.6624 -0.8382 0.0056
v  -0.6427 -0.7210 0.0056
v  -0.6623 -0.8665 0.0056
v  -0.6623 -0.8653 -0.0145
v  -0.6368 -0.6722 0.0289
v  -0.6383 -0.6986 0.0286
v  -0.6437 -1.0512 0.0237
v  -0.6437 -1.0513 0.0056
v  -0.6485 -1.0324 -0.0133
v  -0.6437 -1.0512 -0.0124
v  -0.6621 -0.8843 -0.0132
v  -0.6220 -0.6986 0.0286
v  -0.6205 -0.6722 0.0289
v  -0.6458 -0.8843 -0.0132
v  -0.6460 -0.8653 -0.0145
v  -0.6460 -0.8665 0.0056
v  -0.6274 -1.0512 0.0237
v  -0.6275 -1.0513 0.0056
v  -0.6274 -1.0512 -0.0124
v  -0.6322 -1.0324 -0.0133
v  -0.5907 -0.1927 -0.4478
v  -0.5907 -0.2482 -0.4193
v  -0.6323 -0.3308 -0.5622
v  -0.6323 -0.2789 -0.5855
v  -0.5907 -0.3007 -0.3854
v  -0.5907 -0.3493 -0.3448
v  -0.6323 -0.4229 -0.4957
v  -0.6323 -0.3768 -0.5289
v  -0.5746 -0.2461 -0.2821
v  -0.5791 -0.2010 -0.3374
v  -0.5046 -0.2010 -0.3374
v  -0.5046 -0.2461 -0.2821
v  -0.5595 -0.1103 -0.1803
v  -0.5638 -0.1808 -0.1690
v  -0.5046 -0.1808 -0.1690
v  -0.5046 -0.1103 -0.1803
v  -0.5746 -0.1305 -0.3488
v  -0.5046 -0.1305 -0.3488
v  -0.5696 -0.2372 -0.2115
v  -0.5046 -0.2372 -0.2115
v  -0.6376 -0.5015 -0.9415
v  -0.6375 -0.5398 -0.9242
v  -0.5713 -0.6207 -1.0645
v  -0.5713 -0.5881 -1.0800
v  -0.6383 -0.3308 -0.6084
v  -0.6368 -0.3174 -0.5856
v  -0.6205 -0.3174 -0.5856
v  -0.6220 -0.3308 -0.6084
v  -0.6376 -0.5739 -0.8997
v  -0.5713 -0.6505 -1.0439
v  -0.6427 -0.3121 -0.6385
v  -0.6428 -0.2623 -0.6609
v  -0.6323 -0.2271 -0.6087
v  -0.6621 -0.4600 -0.7483
v  -0.6621 -0.4442 -0.7587
v  -0.6458 -0.4442 -0.7587
v  -0.6458 -0.4600 -0.7483
v  -0.5767 -0.2872 -0.3285
v  -0.5767 -0.3501 -0.2791
v  -0.5838 -0.3458 -0.3146
v  -0.5838 -0.2921 -0.3584
v  -0.5767 -0.1501 -0.4076
v  -0.5767 -0.2204 -0.3711
v  -0.5838 -0.2345 -0.3955
v  -0.5838 -0.1736 -0.4268
v  -0.5838 -0.1088 -0.4514
v  -0.5907 -0.1332 -0.4695
v  -0.5767 -0.0759 -0.4374
v  -0.6620 -0.4241 -0.8177
v  -0.6620 -0.3811 -0.8370
v  -0.6624 -0.3285 -0.7590
v  -0.6624 -0.3745 -0.7384
v  -0.6368 -0.3508 -0.5969
v  -0.6206 -0.3508 -0.5969
v  -0.6620 -0.5436 -0.7432
v  -0.6620 -0.5054 -0.7708
v  -0.6624 -0.4615 -0.6882
v  -0.6624 -0.5024 -0.6587
v  -0.6428 -0.4504 -0.5522
v  -0.6427 -0.4062 -0.5842
v  -0.6376 -0.6080 -0.8752
v  -0.5713 -0.6802 -1.0234
v  -0.6354 -0.3375 -0.5738
v  -0.6191 -0.3375 -0.5738
v  -0.6484 -0.5177 -0.8860
v  -0.6485 -0.5340 -0.8764
v  -0.6322 -0.5340 -0.8764
v  -0.6322 -0.5177 -0.8860
v  -0.6546 -0.5423 -0.8403
v  -0.6546 -0.5063 -0.8663
v  -0.6620 -0.4672 -0.7984
v  -0.6376 -0.4632 -0.9588
v  -0.6546 -0.4254 -0.9026
v  -0.6546 -0.4659 -0.8845
v  -0.6623 -0.4515 -0.7311
v  -0.6460 -0.4515 -0.7311
v  -0.6546 -0.5783 -0.8144
v  -0.5713 -0.5555 -1.0955
v  -0.5631 -0.0655 -0.2362
v  -0.5696 -0.0738 -0.3058
v  -0.5767 -0.0029 -0.4294
v  -0.5557 -0.0703 -0.1113
v  -0.5566 -0.0377 -0.1248
v  -0.5568 -0.0029 -0.1293
v  -0.5563 -0.0983 -0.0898
v  -0.5046 -0.1747 -0.1936
v  -0.5046 -0.2154 -0.2242
v  -0.5508 -0.2154 -0.2242
v  -0.5508 -0.1747 -0.1936
v  -0.5046 -0.1228 -0.2018
v  -0.5508 -0.1228 -0.2018
v  -0.5046 -0.2218 -0.2751
v  -0.5046 -0.1886 -0.3159
v  -0.5508 -0.1886 -0.3159
v  -0.5508 -0.2218 -0.2751
v  -0.5046 -0.0655 -0.2362
v  -0.5046 -0.0738 -0.3058
v  -0.5046 -0.0898 -0.2431
v  -0.5046 -0.0957 -0.2933
v  -0.5046 -0.1367 -0.3243
v  -0.5508 -0.0957 -0.2933
v  -0.5508 -0.0898 -0.2431
v  -0.5508 -0.1367 -0.3243
v  -0.5543 -0.5783 -0.8144
v  -0.5373 -0.6080 -0.8752
v  -0.4764 -0.0759 -0.4374
v  -0.4764 -0.0029 -0.4294
v  -0.5616 -0.3811 -0.8370
v  -0.5621 -0.3285 -0.7590
v  -0.4835 -0.1088 -0.4514
v  -0.5543 -0.4254 -0.9026
v  -0.5616 -0.5436 -0.7432
v  -0.4764 -0.3501 -0.2791
v  -0.5320 -0.4229 -0.4957
v  -0.5424 -0.4504 -0.5522
v  -0.4835 -0.3458 -0.3146
v  -0.4904 -0.3493 -0.3448
v  -0.5320 -0.2271 -0.6087
v  -0.4904 -0.1332 -0.4695
v  -0.4710 -0.5555 -1.0955
v  -0.5373 -0.4632 -0.9588
v  -0.5621 -0.5024 -0.6587
v  -0.4710 -0.6802 -1.0234
v  -0.5424 -0.2623 -0.6609
v  -0.6624 -0.4206 -0.7178
v  -0.6427 -0.3619 -0.6162
v  -0.6623 -0.4347 -0.7423
v  -0.6623 -0.4167 -0.7512
v  -0.6368 -0.3577 -0.5623
v  -0.6383 -0.3707 -0.5853
v  -0.6437 -0.5427 -0.8931
v  -0.6437 -0.5271 -0.9023
v  -0.6485 -0.5013 -0.8953
v  -0.6437 -0.5114 -0.9112
v  -0.6621 -0.4273 -0.7671
v  -0.6220 -0.3707 -0.5853
v  -0.6205 -0.3577 -0.5623
v  -0.6458 -0.4273 -0.7671
v  -0.6460 -0.4167 -0.7512
v  -0.6460 -0.4347 -0.7423
v  -0.6274 -0.5427 -0.8931
v  -0.6275 -0.5271 -0.9023
v  -0.6274 -0.5114 -0.9112
v  -0.6322 -0.5013 -0.8953
v  -0.5907 0.2949 -0.3854
v  -0.5907 0.2424 -0.4193
v  -0.6323 0.3249 -0.5622
v  -0.6323 0.3710 -0.5289
v  -0.5907 0.1868 -0.4478
v  -0.5907 0.1274 -0.4695
v  -0.6323 0.2212 -0.6087
v  -0.6323 0.2731 -0.5855
v  -0.5746 0.1247 -0.3488
v  -0.5791 0.1951 -0.3374
v  -0.5046 0.1951 -0.3374
v  -0.5046 0.1247 -0.3488
v  -0.5595 0.1044 -0.1803
v  -0.5638 0.0594 -0.2357
v  -0.5046 0.0594 -0.2357
v  -0.5046 0.1044 -0.1803
v  -0.5746 0.2402 -0.2821
v  -0.5046 0.2402 -0.2821
v  -0.5696 0.0680 -0.3058
v  -0.5046 0.0680 -0.3058
v  -0.6376 0.5680 -0.8997
v  -0.6375 0.5339 -0.9242
v  -0.5713 0.6149 -1.0645
v  -0.5713 0.6447 -1.0439
v  -0.6383 0.3649 -0.5853
v  -0.6368 0.3519 -0.5623
v  -0.6205 0.3519 -0.5623
v  -0.6220 0.3649 -0.5853
v  -0.6376 0.4957 -0.9415
v  -0.5713 0.5823 -1.0800
v  -0.6427 0.4004 -0.5842
v  -0.6428 0.4446 -0.5522
v  -0.6323 0.4170 -0.4957
v  -0.6621 0.4214 -0.7671
v  -0.6621 0.4384 -0.7587
v  -0.6458 0.4384 -0.7587
v  -0.6458 0.4214 -0.7671
v  -0.5767 0.1443 -0.4076
v  -0.5767 0.0701 -0.4374
v  -0.5838 0.1030 -0.4514
v  -0.5838 0.1678 -0.4268
v  -0.5767 0.2814 -0.3285
v  -0.5767 0.2146 -0.3711
v  -0.5838 0.2287 -0.3955
v  -0.5838 0.2862 -0.3584
v  -0.5838 0.3399 -0.3146
v  -0.5907 0.3434 -0.3448
v  -0.5767 0.3443 -0.2791
v  -0.6620 0.4995 -0.7708
v  -0.6620 0.5377 -0.7432
v  -0.6624 0.4965 -0.6587
v  -0.6624 0.4556 -0.6882
v  -0.6368 0.3450 -0.5969
v  -0.6206 0.3450 -0.5969
v  -0.6620 0.3753 -0.8370
v  -0.6620 0.4183 -0.8177
v  -0.6624 0.3687 -0.7384
v  -0.6624 0.3227 -0.7590
v  -0.6428 0.2564 -0.6609
v  -0.6427 0.3063 -0.6385
v  -0.6376 0.4574 -0.9588
v  -0.5713 0.5496 -1.0955
v  -0.6354 0.3316 -0.5738
v  -0.6191 0.3316 -0.5738
v  -0.6484 0.5119 -0.8860
v  -0.6485 0.4954 -0.8953
v  -0.6322 0.4954 -0.8953
v  -0.6322 0.5119 -0.8860
v  -0.6546 0.4600 -0.8845
v  -0.6546 0.5005 -0.8663
v  -0.6620 0.4613 -0.7984
v  -0.6376 0.6021 -0.8752
v  -0.6546 0.5724 -0.8144
v  -0.6546 0.5365 -0.8403
v  -0.6623 0.4108 -0.7512
v  -0.6460 0.4108 -0.7512
v  -0.6546 0.4195 -0.9026
v  -0.5713 0.6744 -1.0234
v  -0.5631 0.1752 -0.1695
v  -0.5696 0.2314 -0.2115
v  -0.5557 0.0646 -0.1112
v  -0.5566 0.0926 -0.0897
v  -0.5563 0.0320 -0.1247
v  -0.5046 0.0837 -0.2427
v  -0.5046 0.0899 -0.2932
v  -0.5508 0.0899 -0.2932
v  -0.5508 0.0837 -0.2427
v  -0.5046 0.1168 -0.2019
v  -0.5508 0.1168 -0.2019
v  -0.5046 0.1308 -0.3243
v  -0.5046 0.1827 -0.3159
v  -0.5508 0.1827 -0.3159
v  -0.5508 0.1308 -0.3243
v  -0.5046 0.1752 -0.1695
v  -0.5046 0.2314 -0.2115
v  -0.5046 0.1691 -0.1939
v  -0.5046 0.2095 -0.2242
v  -0.5046 0.2159 -0.2751
v  -0.5508 0.2095 -0.2242
v  -0.5508 0.1691 -0.1939
v  -0.5508 0.2159 -0.2751
v  -0.5543 0.4195 -0.9026
v  -0.5373 0.4574 -0.9588
v  -0.4764 0.3443 -0.2791
v  -0.5616 0.5377 -0.7432
v  -0.5621 0.4965 -0.6587
v  -0.4835 0.3399 -0.3146
v  -0.5543 0.5724 -0.8144
v  -0.5616 0.3753 -0.8370
v  -0.4764 0.0701 -0.4374
v  -0.5320 0.2212 -0.6087
v  -0.5424 0.2564 -0.6609
v  -0.4835 0.1030 -0.4514
v  -0.4904 0.1274 -0.4695
v  -0.5320 0.4170 -0.4957
v  -0.4904 0.3434 -0.3448
v  -0.4710 0.6744 -1.0234
v  -0.5373 0.6021 -0.8752
v  -0.5621 0.3227 -0.7590
v  -0.4710 0.5496 -1.0955
v  -0.5424 0.4446 -0.5522
v  -0.6624 0.4147 -0.7178
v  -0.6427 0.3561 -0.6162
v  -0.6623 0.4289 -0.7423
v  -0.6623 0.4457 -0.7311
v  -0.6368 0.3115 -0.5856
v  -0.6383 0.3250 -0.6084
v  -0.6437 0.5056 -0.9112
v  -0.6437 0.5213 -0.9023
v  -0.6485 0.5282 -0.8764
v  -0.6437 0.5368 -0.8931
v  -0.6621 0.4541 -0.7483
v  -0.6220 0.3250 -0.6084
v  -0.6205 0.3115 -0.5856
v  -0.6458 0.4541 -0.7483
v  -0.6460 0.4457 -0.7311
v  -0.6460 0.4289 -0.7423
v  -0.6274 0.5056 -0.9112
v  -0.6275 0.5213 -0.9023
v  -0.6274 0.5368 -0.8931
v  -0.6322 0.5282 -0.8764
v  -0.6205 0.6663 0.0289
v  -0.6220 0.6928 0.0287
v  -0.6206 0.6928 0.0056
v  -0.5571 0.1183 0.0757
v  -0.5569 0.1324 0.0420
v  -0.5569 0.0333 0.1410
v  -0.5560 0.0670 0.1270
v  -0.5567 0.0961 0.1047
v  -0.5571 -0.0030 0.1457
v  -0.5569 -0.1020 0.1046
v  -0.5560 -0.0730 0.1269
v  -0.5567 -0.0393 0.1409
v  -0.5571 -0.1243 0.0756
v  -0.5569 -0.1382 -0.0307
v  -0.5560 -0.1430 0.0056
v  -0.5567 -0.1382 0.0418
v  -0.5571 -0.1242 -0.0645
v  -0.5569 -0.0391 -0.1297
v  -0.5560 -0.0729 -0.1157
v  -0.5567 -0.1019 -0.0935
v  -0.5571 -0.0028 -0.1344
v  -0.5569 0.0962 -0.0933
v  -0.5560 0.0672 -0.1156
v  -0.5567 0.0334 -0.1296
v  -0.5571 0.1184 -0.0643
v  -0.5560 0.1372 0.0057
v  -0.5567 0.1324 -0.0305
v  -0.5468 -0.1020 0.1046
v  -0.5458 -0.0730 0.1269
v  -0.5466 -0.0029 -0.1293
v  -0.5461 0.0320 -0.1247
v  -0.5458 0.1372 0.0057
v  -0.5465 0.1324 -0.0305
v  -0.5464 -0.1333 -0.0294
v  -0.5466 -0.1198 -0.0619
v  -0.5470 -0.0030 0.1457
v  -0.5468 0.0333 0.1410
v  -0.5461 -0.0983 -0.0898
v  -0.5468 0.1324 0.0420
v  -0.5461 -0.1333 0.0405
v  -0.5455 -0.1379 0.0056
v  -0.5458 0.0670 0.1270
v  -0.5465 0.0961 0.1047
v  -0.5466 -0.1198 0.0731
v  -0.5470 0.1184 -0.0643
v  -0.5468 0.0962 -0.0933
v  -0.5466 -0.0030 0.1406
v  -0.5461 -0.0379 0.1360
v  -0.5458 0.0672 -0.1156
v  -0.5465 0.0334 -0.1296
v  -0.5464 -0.0984 0.1010
v  -0.5470 0.1183 0.0757
v  -0.5466 0.1139 0.0732
v  -0.5461 0.0925 0.1011
v  -0.5455 -0.0705 0.1225
v  -0.5466 0.1140 -0.0618
v  -0.5461 0.1275 -0.0293
v  -0.5470 -0.0028 -0.1344
v  -0.5468 -0.0391 -0.1297
v  -0.5455 0.1320 0.0057
v  -0.5464 0.1274 0.0407
v  -0.5464 0.0319 0.1360
v  -0.5455 0.0645 0.1226
v  -0.5465 -0.0393 0.1409
v  -0.5470 -0.1243 0.0756
v  -0.5458 -0.1430 0.0056
v  -0.5468 -0.1382 -0.0307
v  -0.5465 -0.1382 0.0418
v  -0.5470 -0.1242 -0.0645
v  -0.5464 -0.0377 -0.1248
v  -0.5455 -0.0703 -0.1113
v  -0.5458 -0.0729 -0.1157
v  -0.5465 -0.1019 -0.0935
v  -0.5464 0.0926 -0.0897
v  -0.5455 0.0646 -0.1112
v  -0.3084 0.8761 0.2412
v  -0.2158 0.8761 0.2412
v  -0.2158 0.7852 0.4606
v  -0.3084 0.7852 0.4606
v  -0.3084 -0.4579 -0.7825
v  -0.2158 -0.4579 -0.7825
v  -0.2158 -0.2384 -0.8734
v  -0.3084 -0.2384 -0.8734
v  -0.3084 -0.0029 -0.9044
v  -0.2158 -0.0029 -0.9044
v  -0.2158 0.2326 -0.8734
v  -0.3084 0.2326 -0.8734
v  -0.3084 -0.6464 0.6491
v  -0.2158 -0.6464 0.6491
v  -0.2158 -0.7910 0.4606
v  -0.3084 -0.7910 0.4606
v  -0.2158 0.6406 0.6491
v  -0.3084 0.6406 0.6491
v  -0.2158 0.4521 -0.7825
v  -0.3084 0.4521 -0.7825
v  -0.2158 -0.8819 0.2412
v  -0.3084 -0.8819 0.2412
v  -0.2158 0.4521 0.7937
v  -0.3084 0.4521 0.7937
v  -0.2158 0.6406 -0.6378
v  -0.3084 0.6406 -0.6378
v  -0.2158 -0.9129 0.0056
v  -0.3084 -0.9129 0.0056
v  -0.2158 0.2326 0.8846
v  -0.3084 0.2326 0.8846
v  -0.2158 0.7852 -0.4494
v  -0.3084 0.7852 -0.4494
v  -0.2158 -0.8819 -0.2299
v  -0.3084 -0.8819 -0.2299
v  -0.2158 -0.0029 0.9156
v  -0.3084 -0.0029 0.9156
v  -0.2158 0.8761 -0.2299
v  -0.3084 0.8761 -0.2299
v  -0.2158 -0.7910 -0.4494
v  -0.3084 -0.7910 -0.4494
v  -0.2158 -0.2384 0.8846
v  -0.3084 -0.2384 0.8846
v  -0.2158 0.9071 0.0056
v  -0.3084 0.9071 0.0056
v  -0.2158 -0.6464 -0.6378
v  -0.3084 -0.6464 -0.6378
v  -0.2158 -0.4579 0.7937
v  -0.3084 -0.4579 0.7937
v  -0.3084 -0.4593 0.2691
v  -0.3939 -0.4593 0.2691
v  -0.3939 -0.3756 0.3783
v  -0.3084 -0.3756 0.3783
v  -0.3084 0.1335 -0.5034
v  -0.3939 0.1335 -0.5034
v  -0.3939 -0.0029 -0.5214
v  -0.3084 -0.0029 -0.5214
v  -0.3084 -0.1393 -0.5034
v  -0.3939 -0.1393 -0.5034
v  -0.3939 -0.2664 -0.4508
v  -0.3084 -0.2664 -0.4508
v  -0.3084 0.4535 0.2691
v  -0.3939 0.4535 0.2691
v  -0.3939 0.5061 0.1420
v  -0.3084 0.5061 0.1420
v  -0.3939 -0.2664 0.4620
v  -0.3084 -0.2664 0.4620
v  -0.3939 -0.3756 -0.3670
v  -0.3084 -0.3756 -0.3670
v  -0.3939 0.5241 0.0056
v  -0.3084 0.5241 0.0056
v  -0.3939 -0.1393 0.5147
v  -0.3084 -0.1393 0.5147
v  -0.3939 -0.4593 -0.2579
v  -0.3084 -0.4593 -0.2579
v  -0.3939 0.5061 -0.1308
v  -0.3084 0.5061 -0.1308
v  -0.3939 -0.0029 0.5327
v  -0.3084 -0.0029 0.5327
v  -0.3084 0.2606 -0.4508
v  -0.3084 0.3697 -0.3670
v  -0.3084 0.4535 -0.2579
v  -0.3084 0.3697 0.3783
v  -0.3084 0.2606 0.4620
v  -0.3084 0.1335 0.5147
v  -0.3084 -0.5120 0.1420
v  -0.3084 -0.5299 0.0056
v  -0.3084 -0.5120 -0.1308
v  -0.3939 0.3697 0.3783
v  -0.3939 0.2606 0.4620
v  -0.3939 0.1335 0.5147
v  -0.3939 0.4535 -0.2579
v  -0.3939 0.3697 -0.3670
v  -0.3939 0.2606 -0.4508
v  -0.3939 -0.5120 0.1420
v  -0.3939 -0.5299 0.0056
v  -0.3939 -0.5120 -0.1308
v  -0.7033 -0.0029 1.5584
v  -0.7033 -0.4048 1.5055
v  -0.6831 -0.3540 1.3159
v  -0.6831 -0.0029 1.3621
v  -0.7033 1.4969 -0.3962
v  -0.7033 1.5498 0.0056
v  -0.6831 1.3536 0.0056
v  -0.6831 1.3073 -0.3454
v  -0.7033 -1.3476 -0.7707
v  -0.7033 -1.1009 -1.0923
v  -0.6831 -0.9621 -0.9535
v  -0.6831 -1.1777 -0.6726
v  -0.7033 -0.7793 1.3504
v  -0.6831 -0.6812 1.1804
v  -0.7033 1.4969 0.4075
v  -0.6831 1.3073 0.3567
v  -0.7033 -0.7793 -1.3391
v  -0.6831 -0.6812 -1.1691
v  -0.7033 -1.1009 1.1036
v  -0.6831 -0.9621 0.9648
v  -0.7033 1.3418 0.7820
v  -0.6831 1.1718 0.6839
v  -0.7033 -0.4048 -1.4942
v  -0.6831 -0.3540 -1.3046
v  -0.7033 -1.3476 0.7820
v  -0.6831 -1.1777 0.6839
v  -0.7033 1.0950 1.1036
v  -0.6831 0.9563 0.9648
v  -0.7033 -1.5028 0.4075
v  -0.6831 -1.3132 0.3567
v  -0.7033 0.7735 1.3504
v  -0.6831 0.6753 1.1804
v  -0.7033 -0.0029 -1.5471
v  -0.6831 -0.0029 -1.3508
v  -0.7033 -1.5557 0.0056
v  -0.6831 -1.3594 0.0056
v  -0.7033 0.3990 1.5055
v  -0.6831 0.3482 1.3159
v  -0.3712 -0.0029 -1.7260
v  -0.3712 0.4452 -1.6670
v  -0.5622 0.4452 -1.6670
v  -0.5622 -0.0029 -1.7260
v  -0.7033 1.0950 -1.0923
v  -0.7033 1.3418 -0.7707
v  -0.6831 1.1718 -0.6726
v  -0.6831 0.9563 -0.9535
v  -0.7033 -1.5028 -0.3962
v  -0.6831 -1.3132 -0.3454
v  -0.3712 1.4967 0.8714
v  -0.3712 1.2215 1.2301
v  -0.5622 1.2215 1.2301
v  -0.5622 1.4967 0.8714
v  -0.7033 0.7735 -1.3391
v  -0.6831 0.6753 -1.1691
v  -0.3712 0.8629 -1.4940
v  -0.5622 0.8629 -1.4940
v  -0.3712 -1.5025 0.8714
v  -0.3712 -1.6755 0.4538
v  -0.5622 -1.6755 0.4538
v  -0.5622 -1.5025 0.8714
v  -0.3712 0.8629 1.5052
v  -0.5622 0.8629 1.5052
v  -0.3712 1.2215 -1.2188
v  -0.5622 1.2215 -1.2188
v  -0.3712 -1.7345 0.0056
v  -0.5622 -1.7345 0.0056
v  -0.3712 0.4452 1.6782
v  -0.5622 0.4452 1.6782
v  -0.3712 1.4967 -0.8602
v  -0.5622 1.4967 -0.8602
v  -0.3712 -1.6755 -0.4425
v  -0.5622 -1.6755 -0.4425
v  -0.3712 -0.0029 1.7372
v  -0.5622 -0.0029 1.7372
v  -0.3712 1.6697 -0.4425
v  -0.5622 1.6697 -0.4425
v  -0.3712 -1.5025 -0.8602
v  -0.5622 -1.5025 -0.8602
v  -0.3712 -0.4511 1.6782
v  -0.5622 -0.4511 1.6782
v  -0.3712 1.7287 0.0056
v  -0.5622 1.7287 0.0056
v  -0.3712 -1.2273 -1.2188
v  -0.5622 -1.2273 -1.2188
v  -0.3712 -0.8687 1.5052
v  -0.5622 -0.8687 1.5052
v  -0.3712 1.6697 0.4538
v  -0.5622 1.6697 0.4538
v  -0.3712 -0.8687 -1.4940
v  -0.5622 -0.8687 -1.4940
v  -0.3712 -1.2273 1.2301
v  -0.5622 -1.2273 1.2301
v  -0.3712 -0.4511 -1.6670
v  -0.5622 -0.4511 -1.6670
v  -0.6708 1.4415 -0.8283
v  -0.6708 1.6081 -0.4260
v  -0.6845 1.5847 -0.4198
v  -0.6845 1.4205 -0.8162
v  -0.6708 -1.6139 -0.4260
v  -0.6708 -1.4473 -0.8283
v  -0.6845 -1.4263 -0.8162
v  -0.6845 -1.5905 -0.4198
v  -0.6708 -0.0029 1.6735
v  -0.6708 -0.4346 1.6166
v  -0.6845 -0.4283 1.5932
v  -0.6845 -0.0029 1.6492
v  -0.6708 1.6649 0.0056
v  -0.6845 1.6407 0.0056
v  -0.6708 -1.1823 -1.1737
v  -0.6845 -1.1651 -1.1566
v  -0.6708 -0.8368 1.4500
v  -0.6845 -0.8247 1.4290
v  -0.6708 1.6081 0.4373
v  -0.6845 1.5847 0.4310
v  -0.6708 -0.8368 -1.4387
v  -0.6845 -0.8247 -1.4178
v  -0.6708 -1.1823 1.1850
v  -0.6845 -1.1651 1.1678
v  -0.6708 1.4415 0.8396
v  -0.6845 1.4205 0.8274
v  -0.6708 -0.4346 -1.6054
v  -0.6845 -0.4283 -1.5820
v  -0.6708 -0.0029 -1.6622
v  -0.6845 -0.0029 -1.6380
v  -0.6708 -1.4473 0.8396
v  -0.6845 -1.4263 0.8274
v  -0.6708 1.1764 1.1850
v  -0.6845 1.1593 1.1678
v  -0.7033 0.3990 -1.4942
v  -0.6831 0.3482 -1.3046
v  -0.6708 0.4287 -1.6054
v  -0.6708 0.8310 -1.4387
v  -0.6845 0.8189 -1.4178
v  -0.6845 0.4225 -1.5820
v  -0.6708 -1.6139 0.4373
v  -0.6845 -1.5905 0.4310
v  -0.6708 0.8310 1.4500
v  -0.6845 0.8189 1.4290
v  -0.6708 1.1764 -1.1737
v  -0.6845 1.1593 -1.1566
v  -0.6708 -1.6708 0.0056
v  -0.6845 -1.6465 0.0056
v  -0.6708 0.4287 1.6166
v  -0.6845 0.4225 1.5932
v  0.6707 0.7850 -1.3591
v  0.6707 0.4050 -1.5166
v  0.6782 0.3929 -1.4715
v  0.6782 0.7617 -1.3187
v  0.6707 1.1114 -1.1087
v  0.6782 1.0784 -1.0757
v  0.6707 -1.5788 0.0056
v  0.6707 -1.5251 0.4135
v  0.6782 -1.4801 0.4014
v  0.6782 -1.5322 0.0056
v  0.6707 0.4050 1.5279
v  0.6707 0.7850 1.3704
v  0.6782 0.7617 1.3300
v  0.6782 0.3929 1.4828
v  0.6707 1.3619 -0.7823
v  0.6782 1.3215 -0.7590
v  0.6707 -1.5251 -0.4022
v  0.6782 -1.4801 -0.3902
v  0.6707 -0.0029 1.5815
v  0.6782 -0.0029 1.5349
v  0.6707 1.5193 -0.4022
v  0.6782 1.4742 -0.3902
v  0.6707 -1.3677 -0.7823
v  0.6782 -1.3273 -0.7590
v  0.6707 -0.4108 1.5279
v  0.6782 -0.3987 1.4828
v  0.6707 1.5730 0.0056
v  0.6782 1.5263 0.0056
v  0.6707 -1.1173 -1.1087
v  0.6782 -1.0843 -1.0757
v  0.6707 -0.7909 1.3704
v  0.6782 -0.7676 1.3300
v  0.6707 1.5193 0.4135
v  0.6782 1.4742 0.4014
v  0.6707 -0.7909 -1.3591
v  0.6782 -0.7676 -1.3187
v  0.6707 -1.1173 1.1200
v  0.6782 -1.0843 1.0870
v  0.6707 1.3619 0.7936
v  0.6782 1.3215 0.7703
v  0.6707 -0.4108 -1.5166
v  0.6782 -0.3987 -1.4715
v  0.6707 -1.3677 0.7936
v  0.6782 -1.3273 0.7703
v  0.6707 1.1114 1.1200
v  0.6782 1.0784 1.0870
v  0.6707 -0.0029 -1.5703
v  0.6782 -0.0029 -1.5236
v  0.4894 1.2215 -1.2188
v  0.4894 1.4967 -0.8602
v  0.4894 -1.7345 0.0056
v  0.4894 -1.6755 -0.4425
v  0.4894 0.4452 1.6782
v  0.4894 -0.0029 1.7372
v  0.4894 1.6697 -0.4425
v  0.4894 -1.5025 -0.8602
v  0.4894 -0.4511 1.6782
v  0.4894 1.7287 0.0056
v  0.4894 -1.2273 -1.2188
v  0.4894 -0.8687 1.5052
v  0.4894 1.6697 0.4538
v  0.4894 -0.8687 -1.4940
v  0.4894 -1.2273 1.2301
v  0.4894 1.4967 0.8714
v  0.4894 -0.4511 -1.6670
v  0.4894 -0.0029 -1.7260
v  0.4894 0.4452 -1.6670
v  0.4894 -1.5025 0.8714
v  0.4894 1.2215 1.2301
v  0.4894 0.8629 -1.4940
v  0.4894 -1.6755 0.4538
v  0.4894 0.8629 1.5052
v  0.6981 1.3873 0.3782
v  0.6981 1.2435 0.7253
v  0.6981 -0.7226 -1.2408
v  0.6981 -0.3754 -1.3846
v  0.6981 -0.0029 -1.4337
v  0.6981 0.3696 -1.3846
v  0.6981 -1.0207 1.0234
v  0.6981 -1.2494 0.7253
v  0.6981 1.0148 1.0234
v  0.6981 0.7167 -1.2408
v  0.6981 -1.3932 0.3782
v  0.6981 0.7167 1.2521
v  0.6981 1.0148 -1.0121
v  0.6981 -1.4422 0.0056
v  0.6981 0.3696 1.3959
v  0.6981 1.2435 -0.7140
v  0.6981 -1.3932 -0.3669
v  0.6981 -0.0029 1.4449
v  0.6981 1.3873 -0.3669
v  0.6981 -1.2494 -0.7140
v  0.6981 -0.3754 1.3959
v  0.6981 1.4364 0.0056
v  0.6981 -1.0207 -1.0121
v  0.6981 -0.7226 1.2521
v  -0.6242 -0.0029 -1.7073
v  -0.6242 0.4404 -1.6489
v  -0.6242 0.8535 -1.4778
v  -0.6242 1.2083 -1.2056
v  -0.6242 1.4805 -0.8508
v  -0.6242 1.6516 -0.4377
v  -0.6242 1.7100 0.0056
v  -0.6242 1.6516 0.4490
v  -0.6242 1.4805 0.8621
v  -0.6242 1.2083 1.2169
v  -0.6242 0.8535 1.4891
v  -0.6242 0.4404 1.6602
v  -0.6242 -0.0029 1.7186
v  -0.6242 -0.4463 1.6602
v  -0.6242 -0.8594 1.4891
v  -0.6242 -1.2141 1.2169
v  -0.6242 -1.4864 0.8621
v  -0.6242 -1.6575 0.4490
v  -0.6242 -1.7158 0.0056
v  -0.6242 -1.6575 -0.4377
v  -0.6242 -1.4864 -0.8508
v  -0.6242 -1.2141 -1.2056
v  -0.6242 -0.8594 -1.4778
v  -0.6242 -0.4463 -1.6489
v  -0.6999 -0.0029 -1.5938
v  -0.6999 0.4110 -1.5393
v  -0.6999 0.7968 -1.3795
v  -0.6999 1.1281 -1.1253
v  -0.6999 1.3822 -0.7941
v  -0.6999 1.5420 -0.4083
v  -0.6999 1.5965 0.0056
v  -0.6999 1.5420 0.4196
v  -0.6999 1.3822 0.8054
v  -0.6999 1.1281 1.1366
v  -0.6999 0.7968 1.3908
v  -0.6999 0.4110 1.5506
v  -0.6999 -0.0029 1.6051
v  -0.6999 -0.4169 1.5506
v  -0.6999 -0.8026 1.3908
v  -0.6999 -1.1339 1.1366
v  -0.6999 -1.3881 0.8054
v  -0.6999 -1.5479 0.4196
v  -0.6999 -1.6024 0.0056
v  -0.6999 -1.5479 -0.4083
v  -0.6999 -1.3881 -0.7941
v  -0.6999 -1.1339 -1.1253
v  -0.6999 -0.8026 -1.3795
v  -0.6999 -0.4169 -1.5393
v  0.6400 0.4187 -1.5680
v  0.6400 -0.0029 -1.6235
v  0.6400 -0.4246 -1.5680
v  0.6400 0.8117 -1.4052
v  0.5464 0.8519 -1.4749
v  0.5464 1.2059 -1.2032
v  0.6400 1.1491 -1.1463
v  0.5464 1.4776 -0.8491
v  0.6400 1.4080 -0.8089
v  0.5464 1.6484 -0.4368
v  0.6400 1.5707 -0.4160
v  0.5464 1.7066 0.0056
v  0.6400 1.6262 0.0056
v  0.5464 1.6484 0.4481
v  0.6400 1.5707 0.4273
v  0.5464 1.4776 0.8604
v  0.6400 1.4080 0.8202
v  0.5464 1.2059 1.2145
v  0.6400 1.1491 1.1576
v  0.5464 0.8519 1.4861
v  0.6400 0.8117 1.4165
v  0.5464 0.4395 1.6569
v  0.6400 0.4187 1.5793
v  0.5464 -0.0029 1.7152
v  0.6400 -0.0029 1.6348
v  0.5464 -0.4454 1.6569
v  0.6400 -0.4246 1.5793
v  0.5464 -0.8577 1.4861
v  0.6400 -0.8175 1.4165
v  0.5464 -1.2117 1.2145
v  0.6400 -1.1549 1.1576
v  0.5464 -1.4834 0.8604
v  0.6400 -1.4138 0.8202
v  0.5464 -1.6542 0.4481
v  0.6400 -1.5766 0.4273
v  0.5464 -1.7125 0.0056
v  0.6400 -1.6321 0.0056
v  0.5464 -1.6542 -0.4368
v  0.6400 -1.5766 -0.4160
v  0.5464 -1.4834 -0.8491
v  0.6400 -1.4138 -0.8089
v  0.5464 -1.2117 -1.2032
v  0.6400 -1.1549 -1.1463
v  0.5464 -0.8577 -1.4749
v  0.6400 -0.8175 -1.4052
v  0.5464 -0.4454 -1.6457
v  0.5464 -0.0029 -1.7039
v  0.5464 0.4395 -1.6457
v  0.5990 0.4309 -1.6135
v  0.5990 -0.0029 -1.6706
v  0.5990 0.8352 -1.4460
v  0.5990 1.1824 -1.1796
v  0.5990 1.4487 -0.8325
v  0.5990 1.6162 -0.4282
v  0.5990 1.6733 0.0056
v  0.5990 1.6162 0.4395
v  0.5990 1.4487 0.8438
v  0.5990 1.1824 1.1909
v  0.5990 0.8352 1.4573
v  0.5990 0.4309 1.6248
v  0.5990 -0.0029 1.6819
v  0.5990 -0.4368 1.6248
v  0.5990 -0.8410 1.4573
v  0.5990 -1.1882 1.1909
v  0.5990 -1.4546 0.8438
v  0.5990 -1.6220 0.4395
v  0.5990 -1.6792 0.0056
v  0.5990 -1.6220 -0.4282
v  0.5990 -1.4546 -0.8325
v  0.5990 -1.1882 -1.1796
v  0.5990 -0.8410 -1.4460
v  0.5990 -0.4368 -1.6135
# 1698 vertices

vn 1.0000 0.0000 -0.0000
vn 0.0000 0.9490 -0.3152
vn 0.0000 0.9310 -0.3651
vn -1.0000 0.0000 -0.0000
vn -1.0000 0.0000 0.0000
vn 0.0000 0.9490 0.3152
vn 0.0000 0.9310 0.3651
vn 0.0000 0.0000 -1.0000
vn 0.0000 0.0000 1.0000
vn 0.0000 0.9985 -0.0556
vn 0.0000 0.9985 0.0556
vn 0.0000 0.9821 -0.1884
vn 0.0000 0.9821 0.1884
vn 0.0000 -0.9310 0.3651
vn 0.0000 -0.9310 -0.3651
vn 0.0000 -0.9821 -0.1884
vn 0.0000 -0.9490 -0.3152
vn 0.0000 -0.9985 -0.0556
vn 0.0000 -0.9490 0.3152
vn 0.0000 -0.9821 0.1884
vn 0.0000 -0.9985 0.0556
vn 0.0000 -0.9985 0.0557
vn 0.0000 -0.9985 -0.0557
vn 0.1523 -0.6190 -0.7705
vn 0.1523 -0.7973 -0.5840
vn 0.3595 -0.7528 -0.5514
vn 0.3595 -0.5844 -0.7275
vn 0.1523 -0.5840 0.7973
vn 0.1523 -0.3578 0.9213
vn 0.3595 -0.3378 0.8698
vn 0.3595 -0.5514 0.7528
vn 0.1523 0.9768 -0.1508
vn 0.1523 0.9044 -0.3985
vn 0.3595 0.8539 -0.3762
vn 0.3595 0.9222 -0.1424
vn 0.1524 -0.3985 -0.9044
vn 0.3595 -0.3762 -0.8539
vn 0.1523 -0.7705 0.6190
vn 0.3595 -0.7275 0.5844
vn 0.1524 0.9825 0.1071
vn 0.3595 0.9276 0.1012
vn 0.1524 0.7973 0.5840
vn 0.1524 0.9213 0.3578
vn 0.3595 0.8698 0.3378
vn 0.3595 0.7528 0.5514
vn 0.1524 -0.1508 -0.9768
vn 0.3595 -0.1424 -0.9222
vn 0.1523 -0.9044 0.3985
vn 0.3595 -0.8539 0.3762
vn 0.1523 0.6190 0.7705
vn 0.3595 0.5844 0.7275
vn 0.1524 0.1071 -0.9825
vn 0.3595 0.1012 -0.9276
vn 0.1523 -0.9768 0.1508
vn 0.3595 -0.9222 0.1424
vn 0.1523 0.3985 0.9044
vn 0.3595 0.3762 0.8539
vn 0.1524 0.3578 -0.9213
vn 0.3595 0.3378 -0.8698
vn 0.1523 -0.9825 -0.1071
vn 0.3595 -0.9276 -0.1012
vn 0.1523 0.1508 0.9768
vn 0.3595 0.1424 0.9222
vn 0.1524 0.5840 -0.7973
vn 0.3595 0.5514 -0.7528
vn 0.1523 -0.9213 -0.3578
vn 0.3595 -0.8698 -0.3378
vn 0.1523 -0.1071 0.9825
vn 0.3595 -0.1012 0.9276
vn 0.1524 0.7705 -0.6190
vn 0.3595 0.7275 -0.5844
vn 0.5397 -0.1284 -0.8320
vn 0.5397 0.0913 -0.8369
vn 0.5397 -0.7704 0.3394
vn 0.5397 -0.8320 0.1284
vn 0.5397 0.5272 0.6563
vn 0.5397 0.3394 0.7704
vn 0.5397 0.3048 -0.7847
vn 0.5397 -0.8369 -0.0913
vn 0.5397 0.1284 0.8320
vn 0.5397 0.4975 -0.6791
vn 0.5397 -0.7847 -0.3048
vn 0.5397 -0.0913 0.8369
vn 0.5397 0.6563 -0.5272
vn 0.5397 -0.6791 -0.4975
vn 0.5397 -0.3048 0.7847
vn 0.5397 0.7704 -0.3394
vn 0.5397 -0.5272 -0.6563
vn 0.5397 -0.4975 0.6791
vn 0.5397 0.8320 -0.1284
vn 0.5397 -0.3394 -0.7704
vn 0.5397 -0.6563 0.5272
vn 0.5397 0.8369 0.0913
vn 0.5397 0.7847 0.3048
vn 0.5397 0.6791 0.4975
vn 0.8132 -0.2107 0.5425
vn 0.8132 -0.0631 0.5785
vn 0.8132 0.5326 -0.2346
vn 0.8132 0.4537 -0.3645
vn 0.8132 -0.3645 -0.4537
vn 0.8132 -0.4695 -0.3439
vn 0.8132 -0.3439 0.4695
vn 0.8132 0.5752 -0.0888
vn 0.8132 -0.2346 -0.5326
vn 0.8132 -0.4537 0.3645
vn 0.8132 0.5785 0.0631
vn 0.8132 0.4695 0.3439
vn 0.8132 0.5425 0.2107
vn 0.8132 -0.0888 -0.5752
vn 0.8132 -0.5326 0.2346
vn 0.8132 0.3645 0.4537
vn 0.8132 0.0631 -0.5785
vn 0.8132 -0.5752 0.0888
vn 0.8132 0.2346 0.5326
vn 0.8132 0.2107 -0.5425
vn 0.8132 -0.5785 -0.0631
vn 0.8132 0.0888 0.5752
vn 0.8132 0.3439 -0.4695
vn 0.8132 -0.5425 -0.2107
vn 0.9995 -0.0305 0.0047
vn 0.9995 -0.0282 0.0124
vn 0.9995 0.0124 0.0282
vn 0.9995 0.0193 0.0240
vn 0.9995 0.0112 -0.0287
vn 0.9995 0.0033 -0.0307
vn 0.9995 -0.0307 -0.0033
vn 0.9995 0.0047 0.0305
vn 0.9995 0.0182 -0.0249
vn 0.9995 -0.0287 -0.0112
vn 0.9995 -0.0033 0.0307
vn 0.9995 0.0240 -0.0193
vn 0.9995 -0.0249 -0.0182
vn 0.9995 -0.0112 0.0287
vn 0.9995 0.0282 -0.0124
vn 0.9995 -0.0193 -0.0240
vn 0.9995 -0.0182 0.0249
vn 0.9995 0.0305 -0.0047
vn 0.9995 -0.0124 -0.0282
vn 0.9995 -0.0240 0.0193
vn 0.9995 0.0307 0.0033
vn 0.9995 0.0249 0.0182
vn 0.9995 0.0287 0.0112
vn 0.9995 -0.0047 -0.0305
vn 0.7241 0.2781 0.6311
vn 0.7241 0.1052 0.6816
vn 0.7241 0.2497 -0.6429
vn 0.7241 0.4076 -0.5564
vn 0.7241 -0.6856 -0.0748
vn 0.7241 -0.6429 -0.2497
vn 0.7241 -0.0748 0.6856
vn 0.7241 0.5377 -0.4319
vn 0.7241 -0.5564 -0.4076
vn 0.7241 -0.2497 0.6429
vn 0.7241 0.6311 -0.2781
vn 0.7241 -0.4319 -0.5377
vn 0.7241 -0.4076 0.5564
vn 0.7241 0.6816 -0.1052
vn 0.7241 -0.2781 -0.6311
vn 0.7241 -0.5377 0.4319
vn 0.7241 0.6856 0.0748
vn 0.7241 0.6429 0.2497
vn 0.7241 0.5564 0.4076
vn 0.7241 -0.1052 -0.6816
vn 0.7241 -0.6311 0.2781
vn 0.7241 0.4319 0.5377
vn 0.7241 0.0748 -0.6856
vn 0.7241 -0.6816 0.1052
vn 0.0000 -0.9151 0.4032
vn 0.0000 -0.9883 0.1526
vn 0.0000 0.6263 0.7796
vn 0.0000 0.4032 0.9151
vn -0.0000 0.1084 -0.9941
vn -0.0000 0.3620 -0.9322
vn 0.0000 -0.9941 -0.1084
vn 0.0000 0.1526 0.9883
vn -0.0000 0.5909 -0.8067
vn 0.0000 -0.9322 -0.3620
vn -0.0000 -0.1084 0.9941
vn -0.0000 0.7796 -0.6263
vn 0.0000 -0.8067 -0.5909
vn -0.0000 -0.3620 0.9322
vn 0.0000 0.9151 -0.4032
vn 0.0000 -0.6263 -0.7796
vn -0.0000 -0.5909 0.8067
vn 0.0000 0.9883 -0.1526
vn 0.0000 -0.4032 -0.9151
vn 0.0000 -0.7796 0.6263
vn 0.0000 0.9941 0.1084
vn 0.0000 0.9322 0.3620
vn 0.0000 0.8067 0.5909
vn -0.0000 -0.1526 -0.9883
vn -0.8568 -0.4160 -0.3047
vn -0.8568 -0.3230 -0.4020
vn -0.8568 -0.1867 0.4807
vn -0.8568 -0.3047 0.4160
vn -0.8568 0.4719 -0.2079
vn -0.8568 0.5096 -0.0787
vn -0.8568 -0.2079 -0.4719
vn -0.8568 -0.4020 0.3230
vn -0.8568 0.5126 0.0559
vn -0.8568 0.4807 0.1867
vn -0.8568 0.4160 0.3047
vn -0.8568 -0.0787 -0.5096
vn -0.8568 -0.4719 0.2079
vn -0.8568 0.3230 0.4020
vn -0.8568 0.0559 -0.5126
vn -0.8568 -0.5096 0.0787
vn -0.8568 0.2079 0.4719
vn -0.8568 0.1867 -0.4807
vn -0.8568 -0.5126 -0.0559
vn -0.8568 0.0787 0.5096
vn -0.8568 0.3047 -0.4160
vn -0.8568 -0.4807 -0.1867
vn -0.8568 -0.0559 0.5126
vn -0.8568 0.4020 -0.3230
vn 0.0000 0.1084 -0.9941
vn 0.0000 0.3620 -0.9322
vn 0.0000 0.5909 -0.8067
vn 0.0000 -0.1084 0.9941
vn 0.0000 0.7796 -0.6263
vn 0.0000 -0.3620 0.9322
vn 0.0000 -0.5909 0.8067
vn 0.0000 -0.1526 -0.9883
vn -0.8777 0.4764 0.0520
vn -0.8777 0.4467 0.1735
vn -0.8777 0.3866 0.2832
vn -0.8777 0.3001 0.3736
vn -0.8777 -0.0731 -0.4736
vn -0.8777 0.0520 -0.4764
vn -0.8777 -0.4385 0.1932
vn -0.8777 -0.4736 0.0731
vn -0.8777 0.1932 0.4385
vn -0.8777 0.1735 -0.4467
vn -0.8777 -0.4764 -0.0520
vn -0.8777 0.0731 0.4736
vn -0.8777 0.2832 -0.3866
vn -0.8777 -0.4467 -0.1735
vn -0.8777 -0.0520 0.4764
vn -0.8777 0.3736 -0.3001
vn -0.8777 -0.3866 -0.2832
vn -0.8777 -0.1735 0.4467
vn -0.8777 0.4385 -0.1932
vn -0.8777 -0.3001 -0.3736
vn -0.8777 -0.2832 0.3866
vn -0.8777 0.4736 -0.0731
vn -0.8777 -0.1932 -0.4385
vn -0.8777 -0.3736 0.3001
vn 0.0170 -0.9940 -0.1084
vn 0.0170 -0.9881 0.1526
vn 0.0170 -0.9150 0.4031
vn 0.0170 -0.7795 0.6262
vn 0.0170 -0.5909 0.8066
vn 0.0170 -0.3620 0.9320
vn 0.0170 -0.1084 0.9940
vn 0.0170 0.1526 0.9881
vn 0.0170 0.4031 0.9150
vn 0.0170 0.6262 0.7795
vn 0.0170 0.8066 0.5909
vn 0.0170 0.9320 0.3620
vn 0.0170 0.9940 0.1084
vn 0.0170 0.9881 -0.1526
vn 0.0170 0.9150 -0.4031
vn 0.0170 0.7795 -0.6262
vn 0.0170 0.5909 -0.8066
vn 0.0170 0.3620 -0.9320
vn 0.0170 0.1084 -0.9940
vn 0.0170 -0.1526 -0.9881
vn 0.0170 -0.4031 -0.9150
vn 0.0170 -0.6262 -0.7795
vn 0.0170 -0.8066 -0.5909
vn 0.0170 -0.9320 -0.3620
vn 0.9686 -0.1136 0.2212
vn 0.9694 -0.0889 0.2288
vn 0.9676 -0.0914 0.2353
vn 0.9780 -0.0945 0.1858
vn 0.9686 -0.0655 0.2398
vn 0.9671 -0.0540 0.2485
vn 0.9773 -0.0511 0.2056
vn 0.9780 -0.0556 0.2009
vn 0.0000 0.6714 -0.7411
vn 0.0000 -0.6698 0.7426
vn 0.0000 0.9995 -0.0316
vn 0.9495 0.1400 -0.2809
vn 0.9483 0.1149 -0.2958
vn 0.9260 0.1367 -0.3520
vn 0.9257 0.1679 -0.3390
vn 0.9495 0.0863 -0.3018
vn 0.9257 0.1049 -0.3634
vn 0.9860 -0.0757 0.1488
vn 0.9861 -0.0757 0.1480
vn 0.9773 -0.1010 0.1862
vn 0.0000 -0.3059 0.9521
vn 0.9890 -0.0474 0.1402
vn 0.9942 -0.0230 0.1048
vn 0.9647 -0.0563 0.2573
vn 0.9676 -0.0666 0.2434
vn 0.9890 -0.0597 0.1355
vn 0.9918 -0.0462 0.1191
vn 0.9695 -0.0887 0.2284
vn 0.9676 -0.1151 0.2245
vn 0.9647 -0.1321 0.2278
vn 0.9671 -0.1278 0.2198
vn 0.9940 -0.0534 0.0957
vn 0.9988 0.0221 -0.0437
vn 0.9990 0.0202 -0.0395
vn 0.9959 -0.0411 0.0804
vn 0.9967 -0.0370 0.0719
vn 0.9990 0.0118 -0.0428
vn 0.9988 0.0132 -0.0472
vn 0.9967 -0.0212 0.0780
vn 0.9959 -0.0239 0.0871
vn 0.9861 -0.0440 0.1603
vn 0.9860 -0.0445 0.1609
vn 0.9518 0.0839 -0.2951
vn 0.9260 0.1047 -0.3627
vn 0.0000 0.3557 -0.9346
vn 0.9852 0.0462 -0.1651
vn 0.9843 0.0639 -0.1646
vn 0.9987 0.0185 -0.0476
vn 0.9518 0.1373 -0.2743
vn 0.9867 0.0737 -0.1452
vn 0.9852 0.0773 -0.1531
vn 0.0000 0.9069 0.4214
vn 0.9867 0.0436 -0.1569
vn 0.9260 0.1676 -0.3383
vn 0.9980 -0.0534 0.0347
vn 0.9979 -0.0355 0.0544
vn 0.9979 -0.0499 0.0421
vn 0.9992 0.0011 0.0393
vn 1.0000 -0.0004 0.0011
vn 0.9992 -0.0274 0.0281
vn 0.9981 -0.0065 0.0609
vn 0.9978 0.0115 0.0646
vn 0.9979 0.0115 0.0643
vn 0.9980 -0.0233 0.0592
vn 0.9974 -0.0545 0.0479
vn 0.9974 -0.0557 0.0450
vn 1.0000 -0.0000 -0.0000
vn 0.9975 0.0080 0.0704
vn 0.9974 0.0111 0.0708
vn 0.0000 -0.9995 0.0316
vn 0.0000 -0.6714 0.7411
vn 0.0000 0.0067 -1.0000
vn 0.0000 -0.7184 -0.6956
vn 0.0000 -0.0020 -1.0000
vn -0.0000 -0.7142 -0.6999
vn 0.0000 -0.9996 0.0283
vn 1.0000 0.0000 0.0000
vn 0.0000 0.6698 -0.7426
vn 0.0000 0.9996 -0.0283
vn 0.0000 0.0020 1.0000
vn 0.0000 0.7142 0.6999
vn 0.0000 -0.9046 -0.4262
vn 0.0000 0.9162 -0.4008
vn 0.0000 0.9086 -0.4176
vn 0.0000 0.9552 0.2961
vn 0.0000 0.9902 -0.1396
vn 0.0000 0.9852 -0.1712
vn 0.0000 -0.4055 -0.9141
vn 0.0000 -0.3886 -0.9214
vn 0.0000 -0.8343 -0.5513
vn 0.0000 -0.6364 -0.7713
vn 0.0000 -0.6115 -0.7912
vn 0.0000 -0.8053 -0.5928
vn 0.0000 0.9877 0.1563
vn 0.0000 0.9944 0.1061
vn -0.9276 -0.1352 0.3482
vn -0.9517 -0.1112 0.2863
vn -0.9862 -0.0600 0.1544
vn -0.9989 -0.0169 0.0435
vn -0.9965 0.0303 -0.0780
vn -0.9864 0.0594 -0.1531
vn -0.9706 0.0872 -0.2245
vn -0.9789 0.0740 -0.1905
vn -0.9706 0.0872 -0.2246
vn -0.9978 0.0239 -0.0616
vn 0.9972 -0.0271 0.0699
vn 0.9806 -0.0709 0.1827
vn 0.9662 -0.0933 0.2403
vn 0.9791 -0.0936 0.1806
vn 0.9819 -0.0889 0.1675
vn 1.0000 0.0022 -0.0048
vn 1.0000 0.0018 -0.0046
vn 0.9791 -0.0528 0.1965
vn 0.9819 -0.0474 0.1836
vn 0.9687 0.0680 -0.2389
vn 0.9685 0.0680 -0.2397
vn 0.9688 0.0897 -0.2309
vn 0.9685 0.0902 -0.2322
vn 0.9685 0.1116 -0.2227
vn 0.9687 0.1111 -0.2222
vn 1.0000 0.0013 -0.0043
vn 1.0000 0.0011 -0.0029
vn 1.0000 0.0017 -0.0050
vn 1.0000 0.0020 -0.0041
vn 0.9731 -0.0834 0.2148
vn 1.0000 0.0033 -0.0084
vn 1.0000 0.0038 -0.0082
vn 1.0000 0.0027 -0.0086
vn 0.9698 0.0871 -0.2280
vn 0.9698 0.0883 -0.2275
vn 0.9698 0.0896 -0.2270
vn 0.0000 -0.9479 -0.3185
vn -0.0000 0.3034 -0.9529
vn 0.0000 -0.3693 0.9293
vn 0.0000 0.3666 -0.9304
vn 0.0000 0.3683 -0.9297
vn 0.0000 0.9283 0.3719
vn 0.0000 -0.4168 0.9090
vn -0.0000 0.9144 0.4048
vn 0.0000 -0.9536 -0.3011
vn -0.0000 -0.3547 0.9350
vn 0.9686 -0.2483 0.0122
vn 0.9694 -0.2426 0.0375
vn 0.9676 -0.2495 0.0385
vn 0.9780 -0.2081 0.0110
vn 0.9686 -0.2404 0.0632
vn 0.9671 -0.2422 0.0775
vn 0.9773 -0.2036 0.0585
vn 0.9780 -0.2018 0.0523
vn 0.0000 -0.8694 0.4942
vn 0.0000 0.9775 0.2109
vn 0.0000 -0.9780 -0.2088
vn 0.0000 0.5271 0.8498
vn 0.9495 0.3133 -0.0192
vn 0.9483 0.3136 -0.0484
vn 0.9260 0.3732 -0.0576
vn 0.9257 0.3775 -0.0241
vn 0.0000 -0.1631 -0.9866
vn 0.9495 0.3045 -0.0762
vn 0.9257 0.3672 -0.0909
vn 0.9860 -0.1667 0.0088
vn 0.9861 -0.1660 0.0084
vn 0.9773 -0.2118 0.0056
vn 0.0000 -0.9775 0.2111
vn 0.9890 -0.1451 0.0290
vn 0.9942 -0.1023 0.0325
vn 0.9647 -0.2510 0.0799
vn 0.9676 -0.2441 0.0640
vn 0.9890 -0.1472 0.0160
vn 0.9918 -0.1262 0.0195
vn 0.9695 -0.2421 0.0374
vn 0.9676 -0.2520 0.0126
vn 0.9647 -0.2634 -0.0005
vn 0.9671 -0.2543 -0.0008
vn 0.9940 -0.1095 0.0016
vn 0.9988 0.0489 -0.0027
vn 0.9990 0.0443 -0.0023
vn 0.9959 -0.0902 0.0046
vn 0.9967 -0.0808 0.0039
vn 0.0000 -0.9886 0.1503
vn 0.9990 0.0430 -0.0112
vn 0.9988 0.0475 -0.0122
vn 0.9967 -0.0782 0.0206
vn 0.9959 -0.0873 0.0228
vn 0.9861 -0.1608 0.0420
vn 0.9860 -0.1616 0.0419
vn 0.9518 0.2975 -0.0749
vn 0.9260 0.3665 -0.0907
vn 0.0000 0.9875 -0.1575
vn 0.0000 0.9872 -0.1592
vn 0.9852 0.1661 -0.0425
vn 0.9843 0.1745 -0.0270
vn 0.9987 0.0505 -0.0078
vn 0.9518 0.3062 -0.0183
vn 0.9867 0.1626 -0.0088
vn 0.9852 0.1712 -0.0096
vn 0.0000 0.0886 0.9961
vn 0.9867 0.1577 -0.0407
vn 0.9260 0.3768 -0.0240
vn 0.9980 -0.0567 -0.0289
vn 0.9979 -0.0649 -0.0036
vn 0.9979 -0.0614 -0.0222
vn 0.9992 -0.0335 0.0206
vn 1.0000 -0.0012 0.0002
vn 0.9992 -0.0381 -0.0097
vn 0.9981 -0.0560 0.0248
vn 0.9978 -0.0502 0.0423
vn 0.9980 -0.0629 0.0094
vn 0.9974 -0.0688 -0.0233
vn 0.9974 -0.0669 -0.0258
vn 0.9975 -0.0569 0.0421
vn 0.0000 -0.5271 -0.8498
vn 0.0000 -0.9775 -0.2109
vn 0.0000 0.8694 -0.4942
vn 0.0000 0.2432 -0.9700
vn 0.0000 0.8650 -0.5017
vn 0.0000 -0.2432 0.9700
vn 0.0000 0.2491 -0.9685
vn 0.0000 -0.5243 -0.8515
vn 0.0000 0.9780 0.2087
vn 0.0000 0.5243 0.8515
vn 0.0000 -0.8650 0.5017
vn 0.0000 -0.2491 0.9685
vn 0.0000 -0.0832 -0.9965
vn 0.0000 0.8052 0.5930
vn 0.0000 0.8160 0.5781
vn 0.0000 0.2212 0.9752
vn 0.0000 0.6160 0.7877
vn 0.0000 0.6408 0.7677
vn 0.0000 0.5888 -0.8082
vn 0.0000 0.6036 -0.7973
vn 0.0000 0.0603 -0.9982
vn 0.0000 0.3497 -0.9368
vn 0.0000 0.3795 -0.9252
vn 0.0000 0.1107 -0.9939
vn 0.0000 0.3585 0.9335
vn 0.0000 0.4053 0.9142
vn -0.9276 -0.3692 0.0570
vn -0.9517 -0.3035 0.0469
vn -0.9862 -0.1637 0.0253
vn -0.9989 -0.0461 0.0071
vn -0.9965 0.0827 -0.0128
vn -0.9864 0.1623 -0.0251
vn -0.9706 0.2381 -0.0368
vn -0.9789 0.2020 -0.0312
vn -0.9978 0.0653 -0.0101
vn 0.9972 -0.0741 0.0114
vn 0.9806 -0.1937 0.0299
vn 1.0000 0.0049 -0.0008
vn 1.0000 0.0052 -0.0011
vn 0.9662 -0.2548 0.0393
vn 0.9791 -0.2032 0.0092
vn 0.9819 -0.1895 0.0067
vn 1.0000 0.0053 -0.0005
vn 0.9791 -0.1966 0.0525
vn 0.9819 -0.1827 0.0507
vn 0.9687 0.2409 -0.0606
vn 0.9685 0.2415 -0.0610
vn 0.9688 0.2448 -0.0378
vn 0.9685 0.2462 -0.0380
vn 1.0000 0.0031 -0.0005
vn 1.0000 0.0045 -0.0003
vn 0.9685 0.2487 -0.0147
vn 0.9687 0.2480 -0.0149
vn 1.0000 0.0044 -0.0010
vn 0.9731 -0.2278 0.0352
vn 0.9965 -0.0464 0.0696
vn 0.9984 -0.0559 0.0086
vn 1.0000 0.0089 -0.0014
vn 1.0000 0.0090 -0.0008
vn 0.9965 -0.0652 -0.0524
vn 1.0000 0.0088 -0.0020
vn 0.9698 0.2410 -0.0386
vn 0.9698 0.2412 -0.0372
vn 0.9698 0.2414 -0.0359
vn 0.0000 -0.9879 0.1548
vn 0.0000 -0.1981 -0.9802
vn 0.0000 0.9769 -0.2137
vn 0.0000 -0.9895 0.1448
vn 0.0000 0.9890 -0.1477
vn 0.0000 0.9893 -0.1459
vn 0.0000 0.1420 0.9899
vn 0.0000 -0.9956 0.0936
vn 0.0000 0.1067 0.9943
vn 0.0000 -0.2160 -0.9764
vn 0.0000 -0.9871 0.1603
vn 0.0000 0.9959 -0.0909
vn 0.9686 -0.1348 -0.2089
vn 0.9694 -0.1537 -0.1914
vn 0.9676 -0.1581 -0.1968
vn 0.9780 -0.1136 -0.1748
vn 0.9686 -0.1750 -0.1766
vn 0.9671 -0.1882 -0.1711
vn 0.9773 -0.1525 -0.1471
vn 0.9780 -0.1462 -0.1486
vn 0.0000 -0.8626 -0.5058
vn 0.0000 0.3061 0.9520
vn 0.0000 -0.3082 -0.9513
vn 0.0000 -0.4724 0.8814
vn 0.9495 0.1733 0.2617
vn 0.9483 0.1987 0.2474
vn 0.9260 0.2365 0.2944
vn 0.9257 0.2096 0.3149
vn 0.0000 0.7729 -0.6346
vn 0.9495 0.2182 0.2256
vn 0.9257 0.2623 0.2725
vn 0.9860 -0.0910 -0.1400
vn 0.9861 -0.0903 -0.1396
vn 0.9773 -0.1108 -0.1806
vn 0.0000 -0.6715 -0.7410
vn 0.9890 -0.0977 -0.1111
vn 0.9942 -0.0793 -0.0724
vn 0.9647 -0.1947 -0.1774
vn 0.9676 -0.1775 -0.1794
vn 0.9890 -0.0875 -0.1194
vn 0.9918 -0.0800 -0.0995
vn 0.9695 -0.1534 -0.1910
vn 0.9676 -0.1369 -0.2119
vn 0.9647 -0.1312 -0.2283
vn 0.9671 -0.1265 -0.2206
vn 0.9940 -0.0562 -0.0941
vn 0.9988 0.0268 0.0410
vn 0.9990 0.0242 0.0373
vn 0.9959 -0.0491 -0.0758
vn 0.9967 -0.0438 -0.0680
vn 0.0000 -0.6245 -0.7810
vn 0.9990 0.0312 0.0316
vn 0.9988 0.0343 0.0350
vn 0.9967 -0.0570 -0.0574
vn 0.9959 -0.0634 -0.0642
vn 0.9861 -0.1168 -0.1183
vn 0.9860 -0.1171 -0.1190
vn 0.9518 0.2136 0.2202
vn 0.9260 0.2618 0.2720
vn 0.0000 0.6302 0.7765
vn 0.0000 0.6315 0.7754
vn 0.9852 0.1199 0.1226
vn 0.9843 0.1106 0.1377
vn 0.9987 0.0320 0.0398
vn 0.9518 0.1690 0.2560
vn 0.9867 0.0889 0.1364
vn 0.9852 0.0939 0.1435
vn 0.0000 -0.8184 0.5747
vn 0.9867 0.1141 0.1162
vn 0.9260 0.2092 0.3143
vn 0.9980 -0.0033 -0.0636
vn 0.9979 -0.0293 -0.0580
vn 0.9979 -0.0115 -0.0643
vn 0.9992 -0.0346 -0.0187
vn 1.0000 -0.0008 -0.0009
vn 0.9992 -0.0106 -0.0378
vn 0.9981 -0.0495 -0.0360
vn 0.9978 -0.0617 -0.0223
vn 0.9980 -0.0396 -0.0497
vn 0.9974 -0.0142 -0.0712
vn 0.9974 -0.0111 -0.0708
vn 0.9975 -0.0649 -0.0283
vn 0.0000 0.4724 -0.8814
vn 0.0000 -0.3061 -0.9520
vn 0.0000 0.8626 0.5058
vn 0.0000 0.9616 -0.2744
vn 0.0000 0.8670 0.4983
vn 0.0000 -0.9616 0.2744
vn 0.0000 0.9633 -0.2685
vn 0.0000 0.4753 -0.8798
vn 0.0000 0.3082 0.9513
vn 0.0000 -0.4753 0.8798
vn 0.0000 -0.8670 -0.4983
vn 0.0000 -0.9633 0.2686
vn 0.0000 0.8214 -0.5703
vn 0.0000 -0.1110 0.9938
vn 0.0000 -0.0926 0.9957
vn 0.0000 -0.7340 0.6792
vn 0.0000 -0.3742 0.9274
vn 0.0000 -0.3444 0.9388
vn 0.0000 0.9944 0.1058
vn 0.0000 0.9923 0.1241
vn 0.0000 0.8946 -0.4469
vn 0.0000 0.9862 -0.1655
vn 0.0000 0.9910 -0.1340
vn 0.0000 0.9160 -0.4011
vn 0.0000 -0.6292 0.7772
vn 0.0000 -0.5891 0.8081
vn -0.9276 -0.2339 -0.2912
vn -0.9517 -0.1924 -0.2395
vn -0.9862 -0.1037 -0.1291
vn -0.9989 -0.0292 -0.0364
vn -0.9965 0.0524 0.0652
vn -0.9864 0.1028 0.1280
vn -0.9706 0.1509 0.1878
vn -0.9789 0.1280 0.1593
vn -0.9978 0.0414 0.0515
vn 0.9972 -0.0470 -0.0584
vn 0.9806 -0.1227 -0.1528
vn 1.0000 0.0031 0.0039
vn 1.0000 0.0035 0.0040
vn 0.9662 -0.1615 -0.2010
vn 0.9791 -0.1096 -0.1714
vn 0.9819 -0.1006 -0.1607
vn 1.0000 0.0031 0.0043
vn 0.9791 -0.1437 -0.1440
vn 0.9819 -0.1353 -0.1329
vn 0.9687 0.1729 0.1784
vn 0.9685 0.1736 0.1787
vn 0.9688 0.1551 0.1931
vn 0.9685 0.1560 0.1942
vn 1.0000 0.0020 0.0025
vn 1.0000 0.0025 0.0037
vn 0.9685 0.1371 0.2080
vn 0.9687 0.1369 0.2073
vn 1.0000 0.0031 0.0033
vn 0.9731 -0.1443 -0.1797
vn 0.9965 -0.0835 -0.0054
vn 0.9984 -0.0354 -0.0441
vn 1.0000 0.0057 0.0070
vn 1.0000 0.0052 0.0074
vn 0.9965 0.0127 -0.0827
vn 1.0000 0.0061 0.0067
vn 0.9698 0.1539 0.1894
vn 0.9698 0.1528 0.1903
vn 0.9698 0.1518 0.1911
vn 0.0000 -0.6281 -0.7782
vn 0.0000 0.7498 -0.6617
vn 0.0000 0.6735 0.7392
vn 0.0000 -0.6202 -0.7845
vn 0.0000 0.6224 0.7827
vn 0.0000 0.6210 0.7838
vn 0.0000 -0.7863 0.6179
vn 0.0000 -0.5788 -0.8155
vn 0.0000 -0.8077 0.5896
vn 0.0000 0.7376 -0.6753
vn 0.0000 -0.6324 -0.7747
vn 0.0000 0.5767 0.8170
vn 0.9686 0.1136 -0.2212
vn 0.9694 0.0889 -0.2288
vn 0.9676 0.0914 -0.2353
vn 0.9780 0.0945 -0.1858
vn 0.9686 0.0655 -0.2398
vn 0.9671 0.0540 -0.2485
vn 0.9773 0.0511 -0.2056
vn 0.9780 0.0556 -0.2009
vn 0.9495 -0.1400 0.2809
vn 0.9483 -0.1149 0.2958
vn 0.9260 -0.1367 0.3520
vn 0.9257 -0.1679 0.3390
vn 0.0000 0.9360 0.3520
vn 0.9495 -0.0863 0.3018
vn 0.9257 -0.1049 0.3634
vn 0.9860 0.0757 -0.1488
vn 0.9861 0.0757 -0.1480
vn 0.9773 0.1010 -0.1862
vn 0.0000 0.3059 -0.9521
vn 0.9890 0.0474 -0.1402
vn 0.9942 0.0230 -0.1048
vn 0.9647 0.0563 -0.2573
vn 0.9676 0.0666 -0.2434
vn 0.9890 0.0597 -0.1355
vn 0.9918 0.0462 -0.1191
vn 0.9695 0.0887 -0.2283
vn 0.9676 0.1151 -0.2245
vn 0.9647 0.1321 -0.2278
vn 0.9671 0.1278 -0.2198
vn 0.9940 0.0534 -0.0957
vn 0.9988 -0.0221 0.0437
vn 0.9990 -0.0202 0.0395
vn 0.9959 0.0411 -0.0804
vn 0.9967 0.0370 -0.0719
vn 0.0000 0.3641 -0.9314
vn 0.9990 -0.0118 0.0428
vn 0.9988 -0.0132 0.0472
vn 0.9967 0.0212 -0.0780
vn 0.9959 0.0239 -0.0871
vn 0.9861 0.0440 -0.1603
vn 0.9860 0.0445 -0.1609
vn 0.9518 -0.0839 0.2951
vn 0.9260 -0.1047 0.3627
vn 0.0000 -0.3574 0.9340
vn 0.0000 -0.3557 0.9346
vn 0.9852 -0.0462 0.1651
vn 0.9843 -0.0639 0.1646
vn 0.9987 -0.0185 0.0476
vn 0.9518 -0.1373 0.2743
vn 0.9867 -0.0737 0.1452
vn 0.9852 -0.0773 0.1531
vn 0.0000 -0.9069 -0.4214
vn 0.9867 -0.0436 0.1569
vn 0.9260 -0.1676 0.3383
vn 0.9980 0.0534 -0.0347
vn 0.9979 0.0356 -0.0544
vn 0.9979 0.0499 -0.0421
vn 0.9992 -0.0011 -0.0393
vn 1.0000 0.0004 -0.0012
vn 0.9992 0.0274 -0.0281
vn 0.9981 0.0065 -0.0609
vn 0.9978 -0.0115 -0.0646
vn 0.9980 0.0233 -0.0592
vn 0.9974 0.0545 -0.0479
vn 0.9974 0.0557 -0.0450
vn 0.9975 -0.0080 -0.0704
vn 0.0000 -0.0067 1.0000
vn 0.0000 0.7184 0.6956
vn 0.0000 -0.7142 -0.6999
vn 0.0000 0.9046 0.4262
vn 0.0000 -0.9162 0.4008
vn 0.0000 -0.9086 0.4176
vn 0.0000 -0.9552 -0.2961
vn 0.0000 -0.9902 0.1396
vn 0.0000 -0.9852 0.1711
vn 0.0000 0.4055 0.9141
vn 0.0000 0.3886 0.9214
vn 0.0000 0.8343 0.5513
vn 0.0000 0.6365 0.7713
vn 0.0000 0.6115 0.7912
vn 0.0000 0.8054 0.5928
vn 0.0000 -0.9877 -0.1563
vn 0.0000 -0.9944 -0.1061
vn -0.9276 0.1352 -0.3482
vn -0.9517 0.1112 -0.2863
vn -0.9862 0.0600 -0.1544
vn -0.9989 0.0169 -0.0435
vn -0.9965 -0.0303 0.0780
vn -0.9864 -0.0594 0.1531
vn -0.9706 -0.0872 0.2245
vn -0.9789 -0.0740 0.1905
vn -0.9978 -0.0239 0.0616
vn 0.9972 0.0271 -0.0699
vn 0.9806 0.0709 -0.1827
vn 1.0000 -0.0018 0.0046
vn 1.0000 -0.0017 0.0050
vn 0.9662 0.0933 -0.2403
vn 0.9791 0.0936 -0.1806
vn 0.9819 0.0889 -0.1675
vn 1.0000 -0.0022 0.0048
vn 0.9791 0.0528 -0.1965
vn 0.9819 0.0474 -0.1836
vn 0.9686 -0.0680 0.2389
vn 0.9685 -0.0679 0.2397
vn 0.9688 -0.0897 0.2309
vn 0.9685 -0.0902 0.2322
vn 1.0000 -0.0011 0.0030
vn 1.0000 -0.0020 0.0041
vn 0.9685 -0.1116 0.2227
vn 0.9687 -0.1111 0.2222
vn 1.0000 -0.0013 0.0043
vn 0.9731 0.0834 -0.2148
vn 0.9965 -0.0371 -0.0750
vn 0.9984 0.0205 -0.0527
vn 1.0000 -0.0033 0.0084
vn 1.0000 -0.0038 0.0082
vn 0.9965 0.0779 -0.0303
vn 1.0000 -0.0027 0.0086
vn 0.9698 -0.0871 0.2280
vn 0.9698 -0.0883 0.2275
vn 0.9698 -0.0896 0.2270
vn 0.0000 0.3599 -0.9330
vn 0.0000 0.9479 0.3185
vn 0.0000 -0.3034 0.9529
vn 0.0000 0.3693 -0.9293
vn -0.0000 -0.3666 0.9304
vn 0.0000 -0.3683 0.9297
vn 0.0000 -0.9283 -0.3720
vn 0.0000 0.4168 -0.9090
vn 0.0000 -0.9144 -0.4047
vn 0.0000 0.9536 0.3012
vn 0.0000 0.3547 -0.9350
vn 0.0000 -0.4192 0.9079
vn 0.9686 0.2483 -0.0122
vn 0.9694 0.2426 -0.0375
vn 0.9676 0.2495 -0.0385
vn 0.9780 0.2081 -0.0110
vn 0.9686 0.2404 -0.0632
vn 0.9671 0.2422 -0.0775
vn 0.9773 0.2036 -0.0585
vn 0.9780 0.2018 -0.0523
vn 0.9495 -0.3133 0.0192
vn 0.9483 -0.3136 0.0484
vn 0.9260 -0.3732 0.0576
vn 0.9257 -0.3775 0.0241
vn 0.0000 0.1631 0.9866
vn 0.9495 -0.3045 0.0762
vn 0.9257 -0.3672 0.0909
vn 0.9860 0.1667 -0.0088
vn 0.9861 0.1660 -0.0084
vn 0.9773 0.2118 -0.0056
vn 0.0000 0.9775 -0.2111
vn 0.9890 0.1451 -0.0290
vn 0.9942 0.1023 -0.0325
vn 0.9647 0.2510 -0.0799
vn 0.9676 0.2441 -0.0640
vn 0.9890 0.1472 -0.0160
vn 0.9918 0.1262 -0.0195
vn 0.9695 0.2421 -0.0374
vn 0.9676 0.2520 -0.0126
vn 0.9647 0.2634 0.0005
vn 0.9671 0.2543 0.0008
vn 0.9940 0.1095 -0.0016
vn 0.9988 -0.0489 0.0027
vn 0.9990 -0.0443 0.0023
vn 0.9959 0.0902 -0.0046
vn 0.9967 0.0808 -0.0039
vn 0.0000 0.9886 -0.1503
vn 0.9990 -0.0430 0.0112
vn 0.9988 -0.0475 0.0122
vn 0.9967 0.0782 -0.0206
vn 0.9959 0.0873 -0.0228
vn 0.9861 0.1608 -0.0420
vn 0.9860 0.1616 -0.0419
vn 0.9518 -0.2975 0.0749
vn 0.9260 -0.3665 0.0907
vn 0.0000 -0.9875 0.1575
vn 0.0000 -0.9872 0.1592
vn 0.9852 -0.1661 0.0425
vn 0.9843 -0.1745 0.0269
vn 0.9987 -0.0505 0.0078
vn 0.9518 -0.3062 0.0183
vn 0.9867 -0.1626 0.0088
vn 0.9852 -0.1712 0.0096
vn 0.0000 -0.0885 -0.9961
vn 0.9867 -0.1577 0.0407
vn 0.9260 -0.3768 0.0240
vn 0.9980 0.0567 0.0289
vn 0.9979 0.0649 0.0036
vn 0.9979 0.0614 0.0222
vn 0.9992 0.0335 -0.0206
vn 1.0000 0.0012 -0.0002
vn 0.9992 0.0381 0.0097
vn 0.9981 0.0560 -0.0248
vn 0.9978 0.0502 -0.0423
vn 0.9980 0.0629 -0.0094
vn 0.9974 0.0688 0.0233
vn 0.9974 0.0669 0.0258
vn 0.9975 0.0569 -0.0421
vn 0.0000 0.0832 0.9965
vn 0.0000 -0.8052 -0.5930
vn 0.0000 -0.8160 -0.5781
vn 0.0000 -0.2212 -0.9752
vn 0.0000 -0.6160 -0.7877
vn 0.0000 -0.6408 -0.7677
vn 0.0000 -0.5888 0.8082
vn 0.0000 -0.6036 0.7973
vn 0.0000 -0.0603 0.9982
vn 0.0000 -0.3498 0.9368
vn 0.0000 -0.3795 0.9252
vn 0.0000 -0.1107 0.9939
vn 0.0000 -0.3585 -0.9335
vn 0.0000 -0.4053 -0.9142
vn -0.9276 0.3692 -0.0570
vn -0.9517 0.3035 -0.0469
vn -0.9862 0.1637 -0.0253
vn -0.9989 0.0461 -0.0071
vn -0.9965 -0.0827 0.0128
vn -0.9864 -0.1623 0.0251
vn -0.9706 -0.2381 0.0368
vn -0.9789 -0.2020 0.0312
vn -0.9978 -0.0653 0.0101
vn 0.9972 0.0741 -0.0114
vn 0.9806 0.1937 -0.0299
vn 1.0000 -0.0049 0.0008
vn 1.0000 -0.0052 0.0011
vn 0.9662 0.2548 -0.0393
vn 0.9791 0.2032 -0.0093
vn 0.9819 0.1895 -0.0067
vn 1.0000 -0.0053 0.0005
vn 0.9791 0.1966 -0.0525
vn 0.9819 0.1827 -0.0507
vn 0.9687 -0.2409 0.0606
vn 0.9685 -0.2415 0.0610
vn 0.9688 -0.2448 0.0378
vn 0.9685 -0.2462 0.0380
vn 1.0000 -0.0031 0.0005
vn 1.0000 -0.0045 0.0003
vn 0.9685 -0.2487 0.0147
vn 0.9687 -0.2480 0.0149
vn 1.0000 -0.0044 0.0010
vn 0.9731 0.2278 -0.0352
vn 0.9965 0.0464 -0.0696
vn 0.9984 0.0559 -0.0086
vn 1.0000 -0.0089 0.0014
vn 1.0000 -0.0090 0.0008
vn 0.9965 0.0652 0.0523
vn 1.0000 -0.0088 0.0020
vn 0.9698 -0.2410 0.0386
vn 0.9698 -0.2412 0.0372
vn 0.9698 -0.2414 0.0359
vn 0.0000 0.9879 -0.1548
vn 0.0000 0.1981 0.9802
vn 0.0000 -0.9769 0.2137
vn 0.0000 0.9895 -0.1448
vn 0.0000 -0.9890 0.1477
vn 0.0000 -0.9893 0.1459
vn 0.0000 -0.1420 -0.9899
vn 0.0000 0.9956 -0.0935
vn 0.0000 -0.1067 -0.9943
vn 0.0000 0.2160 0.9764
vn 0.0000 0.9871 -0.1603
vn 0.0000 -0.9959 0.0909
vn 0.9686 0.1347 0.2089
vn 0.9694 0.1537 0.1914
vn 0.9676 0.1581 0.1968
vn 0.9780 0.1136 0.1748
vn 0.9686 0.1750 0.1766
vn 0.9671 0.1882 0.1711
vn 0.9773 0.1525 0.1471
vn 0.9780 0.1462 0.1486
vn 0.9495 -0.1733 -0.2617
vn 0.9483 -0.1987 -0.2474
vn 0.9260 -0.2365 -0.2944
vn 0.9257 -0.2096 -0.3149
vn 0.0000 -0.7729 0.6346
vn 0.9495 -0.2182 -0.2256
vn 0.9257 -0.2623 -0.2725
vn 0.9860 0.0910 0.1400
vn 0.9861 0.0903 0.1396
vn 0.9773 0.1108 0.1806
vn 0.0000 0.6716 0.7410
vn 0.9890 0.0977 0.1111
vn 0.9942 0.0793 0.0724
vn 0.9647 0.1947 0.1774
vn 0.9676 0.1775 0.1794
vn 0.9890 0.0875 0.1194
vn 0.9918 0.0800 0.0995
vn 0.9695 0.1534 0.1910
vn 0.9676 0.1369 0.2119
vn 0.9647 0.1312 0.2283
vn 0.9671 0.1265 0.2206
vn 0.9940 0.0562 0.0941
vn 0.9988 -0.0268 -0.0410
vn 0.9990 -0.0242 -0.0372
vn 0.9959 0.0491 0.0758
vn 0.9967 0.0438 0.0680
vn 0.0000 0.6245 0.7810
vn 0.9990 -0.0312 -0.0316
vn 0.9988 -0.0343 -0.0350
vn 0.9967 0.0570 0.0574
vn 0.9959 0.0634 0.0642
vn 0.9861 0.1168 0.1182
vn 0.9860 0.1171 0.1190
vn 0.9518 -0.2136 -0.2202
vn 0.9260 -0.2618 -0.2720
vn 0.0000 -0.6302 -0.7765
vn 0.0000 -0.6315 -0.7753
vn 0.9852 -0.1199 -0.1226
vn 0.9843 -0.1106 -0.1377
vn 0.9987 -0.0320 -0.0398
vn 0.9518 -0.1690 -0.2560
vn 0.9867 -0.0889 -0.1364
vn 0.9852 -0.0939 -0.1435
vn 0.0000 0.8184 -0.5747
vn 0.9867 -0.1141 -0.1162
vn 0.9260 -0.2092 -0.3143
vn 0.9980 0.0033 0.0636
vn 0.9979 0.0293 0.0580
vn 0.9992 0.0346 0.0187
vn 1.0000 0.0008 0.0009
vn 0.9992 0.0106 0.0378
vn 0.9981 0.0495 0.0360
vn 0.9978 0.0617 0.0223
vn 0.9980 0.0396 0.0497
vn 0.9974 0.0142 0.0712
vn 0.9975 0.0649 0.0283
vn 0.0000 -0.9633 0.2685
vn 0.0000 -0.8214 0.5703
vn 0.0000 0.1110 -0.9938
vn 0.0000 0.0926 -0.9957
vn 0.0000 0.7340 -0.6792
vn 0.0000 0.3742 -0.9273
vn 0.0000 0.3444 -0.9388
vn 0.0000 -0.9944 -0.1058
vn 0.0000 -0.9923 -0.1241
vn 0.0000 -0.8946 0.4469
vn 0.0000 -0.9862 0.1655
vn 0.0000 -0.9910 0.1340
vn 0.0000 -0.9160 0.4011
vn 0.0000 0.6292 -0.7772
vn 0.0000 0.5891 -0.8081
vn -0.9276 0.2340 0.2912
vn -0.9517 0.1924 0.2395
vn -0.9862 0.1037 0.1291
vn -0.9989 0.0292 0.0364
vn -0.9965 -0.0524 -0.0652
vn -0.9864 -0.1028 -0.1280
vn -0.9706 -0.1509 -0.1878
vn -0.9789 -0.1280 -0.1593
vn -0.9978 -0.0414 -0.0515
vn 0.9972 0.0470 0.0584
vn 0.9806 0.1227 0.1528
vn 1.0000 -0.0031 -0.0039
vn 1.0000 -0.0035 -0.0040
vn 0.9662 0.1615 0.2010
vn 0.9791 0.1096 0.1714
vn 0.9819 0.1006 0.1607
vn 1.0000 -0.0031 -0.0043
vn 0.9791 0.1437 0.1440
vn 0.9819 0.1353 0.1329
vn 0.9687 -0.1729 -0.1784
vn 0.9685 -0.1736 -0.1787
vn 0.9688 -0.1551 -0.1931
vn 0.9685 -0.1560 -0.1942
vn 1.0000 -0.0020 -0.0025
vn 1.0000 -0.0025 -0.0037
vn 0.9685 -0.1371 -0.2080
vn 0.9687 -0.1369 -0.2073
vn 1.0000 -0.0031 -0.0033
vn 0.9731 0.1443 0.1797
vn 0.9965 0.0834 0.0054
vn 0.9984 0.0354 0.0441
vn 1.0000 -0.0057 -0.0070
vn 1.0000 -0.0052 -0.0074
vn 0.9965 -0.0127 0.0827
vn 1.0000 -0.0061 -0.0067
vn 0.9698 -0.1539 -0.1894
vn 0.9698 -0.1528 -0.1902
vn 0.9698 -0.1518 -0.1911
vn 0.0000 0.6280 0.7782
vn 0.0000 -0.7498 0.6617
vn 0.0000 -0.6735 -0.7392
vn 0.0000 0.6202 0.7845
vn 0.0000 -0.6224 -0.7827
vn 0.0000 -0.6210 -0.7838
vn 0.0000 0.7862 -0.6179
vn 0.0000 0.5788 0.8155
vn 0.0000 0.8077 -0.5896
vn 0.0000 -0.7376 0.6753
vn 0.0000 0.6324 0.7746
vn 0.0000 -0.5767 -0.8170
vn 0.0000 -0.9360 -0.3520
vn 0.0000 -0.3641 0.9314
vn 0.0000 0.3574 -0.9340
vn 0.9965 0.0371 0.0749
vn 0.9984 -0.0205 0.0527
vn 0.9965 -0.0779 0.0303
vn 0.0000 -0.3599 0.9330
vn 0.0000 0.4192 -0.9079
vn 0.9978 -0.0538 0.0377
vn 0.9981 -0.0528 0.0322
vn 0.9981 -0.0543 -0.0296
vn 0.9987 -0.0491 0.0094
vn 0.9979 -0.0484 0.0440
vn 0.9978 -0.0596 -0.0278
vn 0.9981 -0.0015 -0.0618
vn 0.9987 -0.0327 -0.0379
vn 0.9979 -0.0623 -0.0199
vn 0.9978 -0.0057 -0.0655
vn 0.9981 0.0528 -0.0322
vn 0.9987 0.0164 -0.0473
vn 0.9979 -0.0139 -0.0639
vn 0.9978 0.0538 -0.0377
vn 0.9981 0.0543 0.0296
vn 0.9987 0.0491 -0.0094
vn 0.9979 0.0484 -0.0440
vn 0.9978 0.0596 0.0278
vn 0.9981 0.0015 0.0618
vn 0.9987 0.0327 0.0379
vn 0.9979 0.0623 0.0199
vn 0.9978 0.0057 0.0655
vn 0.9987 -0.0164 0.0473
vn 0.9979 0.0139 0.0639
vn 0.0000 -0.6256 -0.7801
vn 0.0000 -0.4015 -0.9159
vn 0.0000 -0.4038 -0.9148
vn 0.0000 -0.6261 -0.7798
vn 0.0000 -0.8072 -0.5903
vn 0.0000 -0.9321 -0.3623
vn 0.0000 -0.9319 -0.3628
vn 0.0000 -0.8057 -0.5924
vn 0.0000 -0.1077 0.9942
vn 0.0000 -0.3628 0.9319
vn 0.0000 -0.3623 0.9321
vn 0.0000 -0.1103 0.9939
vn 0.0000 -0.7798 0.6261
vn 0.0000 -0.5926 0.8055
vn 0.0000 -0.5905 0.8071
vn 0.0000 -0.7801 0.6256
vn 0.0000 -0.9939 -0.1103
vn 0.0000 -0.9942 -0.1077
vn 0.0000 -0.9148 0.4039
vn 0.0000 -0.9158 0.4015
vn 0.0000 -0.5925 0.8056
vn 0.0000 -0.5904 0.8071
vn 0.0000 -0.1076 0.9942
vn 0.0000 -0.1102 0.9939
vn 0.0000 -0.9148 0.4038
vn 0.0000 -0.9884 0.1517
vn 0.0000 -0.9883 0.1523
vn 0.0000 -0.9159 0.4015
vn 0.0000 0.1523 0.9883
vn 0.0000 0.1517 0.9884
vn 0.0000 0.4015 0.9159
vn 0.0000 0.4038 0.9148
vn 0.0000 0.8072 0.5903
vn 0.0000 0.9321 0.3623
vn 0.0000 0.9319 0.3628
vn 0.0000 0.8057 0.5924
vn 0.0000 0.8071 0.5904
vn 0.0000 0.6256 0.7801
vn 0.0000 0.6261 0.7798
vn 0.0000 0.8056 0.5924
vn 0.0000 0.4013 0.9159
vn 0.0000 0.4037 0.9149
vn 0.0000 0.9148 -0.4039
vn 0.0000 0.7798 -0.6261
vn 0.0000 0.7801 -0.6256
vn 0.0000 0.9158 -0.4016
vn 0.0000 0.1076 -0.9942
vn 0.0000 -0.1523 -0.9883
vn 0.0000 -0.1517 -0.9884
vn 0.0000 0.1102 -0.9939
vn 0.0000 0.9939 0.1103
vn 0.0000 0.9942 0.1077
vn 0.0000 0.3628 -0.9319
vn 0.0000 0.3623 -0.9321
vn 0.9974 -0.0541 0.0479
vn 0.9973 -0.0548 0.0487
vn 0.9973 -0.0695 -0.0231
vn 0.9978 -0.0658 0.0066
vn 0.9974 -0.0577 0.0422
vn 0.9974 -0.0686 -0.0229
vn 0.9973 -0.0147 -0.0717
vn 0.9978 -0.0386 -0.0537
vn 0.9974 -0.0654 -0.0289
vn 0.9974 -0.0144 -0.0709
vn 0.9973 0.0547 -0.0486
vn 0.9978 0.0272 -0.0602
vn 0.9978 0.0272 -0.0603
vn 0.9974 -0.0077 -0.0711
vn 0.9974 0.0541 -0.0479
vn 0.9973 0.0695 0.0231
vn 0.9978 0.0658 -0.0066
vn 0.9974 0.0577 -0.0422
vn 0.9974 0.0686 0.0229
vn 0.9973 0.0147 0.0717
vn 0.9978 0.0386 0.0537
vn 0.9973 0.0148 0.0717
vn 0.9974 0.0654 0.0289
vn 0.9974 0.0144 0.0709
vn 0.9978 -0.0272 0.0603
vn 0.9974 0.0077 0.0711
vn 0.0000 -0.9939 -0.1104
vn 0.0000 -0.9942 -0.1078
vn 0.0000 -0.8071 -0.5904
vn 0.0000 -0.8056 -0.5925
vn 0.0000 0.5924 -0.8056
vn 0.0000 0.5904 -0.8071
vn 0.0000 -0.4013 -0.9159
vn 0.0000 -0.4037 -0.9149
vn 0.0000 0.1077 -0.9942
vn 0.0000 0.1103 -0.9939
vn 0.0000 0.5926 -0.8055
vn 0.0000 0.5905 -0.8071
vn 0.0000 0.9148 -0.4038
vn 0.0000 0.9159 -0.4015
vn 0.0000 0.9939 0.1104
vn 0.0000 0.9884 -0.1517
vn 0.0000 0.9883 -0.1523
vn 0.0000 0.9942 0.1078
vn 1.0000 -0.0067 -0.0026
vn 1.0000 -0.0058 -0.0042
vn 0.9947 -0.0828 -0.0607
vn 0.9947 -0.0957 -0.0372
vn 1.0000 -0.0008 0.0071
vn 1.0000 -0.0026 0.0067
vn 0.9947 -0.0372 0.0957
vn 0.9947 -0.0111 0.1021
vn 1.0000 0.0056 -0.0045
vn 1.0000 0.0066 -0.0029
vn 0.9947 0.0939 -0.0414
vn 0.9947 0.0800 -0.0643
vn 1.0000 -0.0045 -0.0056
vn 0.9947 -0.0643 -0.0800
vn 1.0000 -0.0042 0.0058
vn 0.9947 -0.0607 0.0828
vn 1.0000 0.0071 -0.0011
vn 0.9947 0.1015 -0.0157
vn 1.0000 -0.0029 -0.0066
vn 0.9947 -0.0414 -0.0939
vn 1.0000 -0.0056 0.0045
vn 0.9947 -0.0800 0.0643
vn 1.0000 0.0071 0.0008
vn 0.9947 0.1021 0.0111
vn 1.0000 -0.0011 -0.0071
vn 0.9947 -0.0157 -0.1015
vn 1.0000 -0.0066 0.0029
vn 0.9947 -0.0939 0.0414
vn 1.0000 0.0008 -0.0071
vn 0.9947 0.0111 -0.1021
vn 1.0000 -0.0071 0.0011
vn 0.9947 -0.1015 0.0157
vn 1.0000 0.0067 0.0026
vn 0.9947 0.0957 0.0372
vn 1.0000 0.0026 -0.0067
vn 0.9947 0.0372 -0.0957
vn 1.0000 -0.0071 -0.0008
vn 0.9947 -0.1021 -0.0111
vn 0.1442 -0.7983 -0.5848
vn 0.1442 -0.9224 -0.3582
vn 1.0000 0.0029 0.0066
vn 1.0000 0.0011 0.0071
vn 0.9947 0.0157 0.1015
vn 0.9947 0.0414 0.0939
vn 1.0000 0.0042 -0.0058
vn 0.9947 0.0607 -0.0828
vn 0.1442 0.9056 -0.3990
vn 0.1442 0.7714 -0.6197
vn 1.0000 0.0045 0.0056
vn 0.9947 0.0643 0.0800
vn 0.1442 -0.6197 -0.7714
vn 0.1442 -0.1073 0.9837
vn 0.1442 0.1510 0.9780
vn 0.1442 0.9780 -0.1510
vn 0.1442 -0.3990 -0.9056
vn 0.1442 -0.3582 0.9224
vn 0.1442 0.9837 0.1073
vn 0.1442 -0.1510 -0.9780
vn 0.1442 -0.5848 0.7983
vn 0.1442 0.9224 0.3582
vn 0.1442 0.1073 -0.9837
vn 0.1442 -0.7714 0.6197
vn 0.1442 0.7983 0.5848
vn 0.1442 0.3582 -0.9224
vn 0.1442 -0.9056 0.3990
vn 0.1442 0.6197 0.7714
vn 0.1442 0.5848 -0.7983
vn 0.1442 -0.9780 0.1510
vn 0.1442 0.3990 0.9056
vn 0.1442 -0.9837 -0.1073
vn 0.7856 -0.0944 -0.6115
vn 0.7856 0.0671 -0.6151
vn 0.9086 0.0453 -0.4152
vn 0.9086 -0.0637 -0.4128
vn 0.7856 -0.3656 0.4991
vn 0.7856 -0.4824 0.3875
vn 0.9086 -0.3256 0.2616
vn 0.9086 -0.2468 0.3369
vn 0.7856 0.5768 0.2240
vn 0.7856 0.4991 0.3656
vn 0.9086 0.3369 0.2468
vn 0.9086 0.3893 0.1512
vn 0.7856 0.2240 -0.5768
vn 0.9086 0.1512 -0.3893
vn 0.7856 -0.5662 0.2495
vn 0.9086 -0.3822 0.1684
vn 0.7856 0.3875 0.4824
vn 0.9086 0.2616 0.3256
vn 0.7856 0.3656 -0.4991
vn 0.9086 0.2468 -0.3369
vn 0.7856 -0.6115 0.0944
vn 0.9086 -0.4127 0.0637
vn 0.7856 0.2495 0.5662
vn 0.9086 0.1684 0.3822
vn 0.7856 0.4824 -0.3875
vn 0.9086 0.3256 -0.2616
vn 0.7856 -0.6151 -0.0671
vn 0.9086 -0.4152 -0.0453
vn 0.7856 -0.5768 -0.2240
vn 0.9086 -0.3893 -0.1512
vn 0.7856 0.0944 0.6115
vn 0.9086 0.0637 0.4127
vn 0.7856 0.5662 -0.2495
vn 0.9086 0.3822 -0.1684
vn 1.0000 0.0058 0.0042
vn 0.9947 0.0828 0.0607
vn 0.7856 -0.4991 -0.3656
vn 0.7856 -0.3875 -0.4824
vn 0.9086 -0.2616 -0.3256
vn 0.9086 -0.3369 -0.2468
vn 0.7856 -0.0671 0.6151
vn 0.9086 -0.0453 0.4152
vn 0.7856 0.6115 -0.0944
vn 0.9086 0.4128 -0.0637
vn 0.7856 -0.2495 -0.5662
vn 0.9086 -0.1684 -0.3822
vn 0.7856 -0.2240 0.5768
vn 0.9086 -0.1512 0.3893
vn 0.7856 0.6151 0.0671
vn 0.9086 0.4152 0.0453
vn -0.9376 -0.2177 -0.2710
vn -0.9376 -0.2805 -0.2054
vn -0.9828 -0.1492 -0.1093
vn -0.9828 -0.1158 -0.1441
vn -0.9376 -0.1402 -0.3181
vn -0.9828 -0.0745 -0.1692
vn -0.9376 -0.1259 0.3241
vn -0.9376 -0.0377 0.3456
vn -0.9828 -0.0200 0.1838
vn -0.9828 -0.0669 0.1723
vn -0.9376 0.3456 0.0377
vn -0.9376 0.3436 -0.0530
vn -0.9828 0.1827 -0.0282
vn -0.9828 0.1838 0.0200
vn -0.9376 -0.0530 -0.3436
vn -0.9828 -0.0282 -0.1827
vn -0.9376 -0.2054 0.2805
vn -0.9828 -0.1093 0.1492
vn -0.9376 0.3241 0.1259
vn -0.9828 0.1723 0.0669
vn -0.9376 0.0377 -0.3456
vn -0.9828 0.0200 -0.1838
vn -0.9376 -0.2710 0.2177
vn -0.9828 -0.1441 0.1158
vn -0.9376 0.2805 0.2054
vn -0.9828 0.1492 0.1093
vn -0.9376 0.1259 -0.3241
vn -0.9828 0.0669 -0.1723
vn -0.9376 -0.3181 0.1402
vn -0.9828 -0.1692 0.0745
vn -0.9376 0.2177 0.2710
vn -0.9828 0.1158 0.1441
vn -0.9376 0.2054 -0.2805
vn -0.9828 0.1093 -0.1492
vn -0.9376 -0.3436 0.0530
vn -0.9828 -0.1827 0.0282
vn -0.9376 0.1402 0.3181
vn -0.9828 0.0745 0.1692
vn -0.9376 0.2710 -0.2177
vn -0.9828 0.1441 -0.1158
vn -0.9376 -0.3456 -0.0377
vn -0.9828 -0.1838 -0.0200
vn -0.9376 0.0530 0.3436
vn -0.9828 0.0282 0.1827
vn -0.9376 0.3181 -0.1402
vn -0.9828 0.1692 -0.0745
vn -0.9376 -0.3241 -0.1259
vn -0.9828 -0.1723 -0.0669
vn -0.1808 -0.3965 -0.9000
vn -0.1808 -0.1501 -0.9720
vn -0.1808 -0.3560 0.9168
vn -0.1808 -0.5812 0.7934
vn -0.1808 0.9777 0.1066
vn -0.1808 0.9168 0.3560
vn -0.1808 0.1066 -0.9777
vn -0.1808 -0.7667 0.6160
vn -0.1808 0.7934 0.5812
vn -0.1808 0.3560 -0.9168
vn -0.1808 -0.9000 0.3965
vn -0.1808 0.6160 0.7667
vn -0.1808 0.5812 -0.7934
vn -0.1808 -0.9720 0.1501
vn -0.1808 0.3965 0.9000
vn -0.1808 0.7667 -0.6160
vn -0.1808 -0.9777 -0.1066
vn -0.1808 -0.9168 -0.3560
vn -0.1808 -0.7934 -0.5812
vn -0.1808 0.1501 0.9720
vn -0.1808 0.9000 -0.3965
vn -0.1808 -0.6160 -0.7667
vn -0.1808 -0.1066 0.9777
vn -0.1808 0.9720 -0.1501
vn -0.9764 0.1276 -0.1742
vn -0.9764 0.1684 -0.1353
vn -0.9764 -0.2134 0.0330
vn -0.9764 -0.2147 -0.0234
vn -0.9764 -0.2013 -0.0782
vn -0.9764 -0.1742 -0.1276
vn -0.9764 0.0871 0.1976
vn -0.9764 0.0330 0.2134
vn -0.9764 0.1976 -0.0871
vn -0.9764 -0.1353 -0.1684
vn -0.9764 -0.0234 0.2147
vn -0.9764 0.2134 -0.0330
vn -0.9764 -0.0871 -0.1976
vn -0.9764 -0.0782 0.2013
vn -0.9764 0.2147 0.0234
vn -0.9764 -0.0330 -0.2134
vn -0.9764 -0.1276 0.1742
vn -0.9764 0.2013 0.0782
vn -0.9764 0.0234 -0.2147
vn -0.9764 -0.1684 0.1353
vn -0.9764 0.1742 0.1276
vn -0.9764 0.0782 -0.2013
vn -0.9764 -0.1976 0.0871
vn -0.9764 0.1353 0.1684
vn 0.4976 -0.8086 -0.3140
vn 0.4976 -0.6997 -0.5126
vn 0.4976 -0.5432 -0.6762
vn 0.4976 -0.3497 -0.7938
vn 0.4976 -0.1323 -0.8572
vn 0.4976 0.0940 -0.8623
vn 0.4976 0.3140 -0.8086
vn 0.4976 0.5126 -0.6997
vn 0.4976 0.6762 -0.5432
vn 0.4976 0.7938 -0.3497
vn 0.4976 0.8572 -0.1323
vn 0.4976 0.8623 0.0940
vn 0.4976 0.8086 0.3140
vn 0.4976 0.6997 0.5126
vn 0.4976 0.5432 0.6762
vn 0.4976 0.3497 0.7938
vn 0.4976 0.1323 0.8572
vn 0.4976 -0.0940 0.8623
vn 0.4976 -0.3140 0.8086
vn 0.4976 -0.5126 0.6997
vn 0.4976 -0.6762 0.5432
vn 0.4976 -0.7938 0.3497
vn 0.4976 -0.8572 0.1323
vn 0.4976 -0.8623 -0.0940
vn 0.9769 -0.1991 -0.0773
vn 0.9769 -0.1723 -0.1263
vn 0.9769 -0.1338 -0.1666
vn 0.9769 -0.0861 -0.1955
vn 0.9769 -0.0326 -0.2111
vn 0.9769 0.0232 -0.2124
vn 0.9769 0.0773 -0.1992
vn 0.9769 0.1262 -0.1723
vn 0.9769 0.1666 -0.1338
vn 0.9769 0.1955 -0.0861
vn 0.9769 0.2111 -0.0326
vn 0.9769 0.2124 0.0232
vn 0.9769 0.1992 0.0773
vn 0.9769 0.1723 0.1262
vn 0.9769 0.1338 0.1666
vn 0.9769 0.0861 0.1955
vn 0.9769 0.0326 0.2111
vn 0.9769 -0.0232 0.2124
vn 0.9769 -0.0773 0.1992
vn 0.9769 -0.1262 0.1723
vn 0.9769 -0.1666 0.1338
vn 0.9769 -0.1955 0.0861
vn 0.9769 -0.2111 0.0326
vn 0.9769 -0.2124 -0.0232
vn -0.8103 -0.4727 -0.3463
vn -0.8103 -0.5462 -0.2121
vn -0.8103 -0.5825 -0.0635
vn -0.8103 -0.3670 -0.4568
vn -0.4466 -0.5604 -0.6975
vn -0.4466 -0.3607 -0.8188
vn -0.8103 -0.2363 -0.5363
vn -0.4466 -0.1365 -0.8843
vn -0.8103 -0.0894 -0.5791
vn -0.4466 0.0970 -0.8895
vn -0.8103 0.0635 -0.5825
vn -0.4466 0.3239 -0.8340
vn -0.8103 0.2121 -0.5462
vn -0.4466 0.5287 -0.7218
vn -0.8103 0.3463 -0.4727
vn -0.4466 0.6975 -0.5604
vn -0.8103 0.4568 -0.3670
vn -0.4466 0.8188 -0.3607
vn -0.8103 0.5363 -0.2363
vn -0.4466 0.8843 -0.1365
vn -0.8103 0.5791 -0.0894
vn -0.4466 0.8895 0.0970
vn -0.8103 0.5825 0.0635
vn -0.4466 0.8340 0.3239
vn -0.8103 0.5462 0.2121
vn -0.4466 0.7218 0.5287
vn -0.8103 0.4727 0.3463
vn -0.4466 0.5604 0.6975
vn -0.8103 0.3670 0.4568
vn -0.4466 0.3607 0.8188
vn -0.8103 0.2363 0.5363
vn -0.4466 0.1365 0.8843
vn -0.8103 0.0894 0.5791
vn -0.4466 -0.0970 0.8895
vn -0.8103 -0.0635 0.5825
vn -0.4466 -0.3239 0.8340
vn -0.8103 -0.2121 0.5462
vn -0.4466 -0.5287 0.7218
vn -0.8103 -0.3463 0.4727
vn -0.4466 -0.6975 0.5604
vn -0.8103 -0.4568 0.3670
vn -0.4466 -0.8188 0.3607
vn -0.8103 -0.5363 0.2363
vn -0.4466 -0.8842 0.1365
vn -0.8103 -0.5791 0.0894
vn -0.4466 -0.8895 -0.0970
vn -0.4466 -0.8340 -0.3239
vn -0.4466 -0.7218 -0.5287
vn -0.6454 -0.6162 -0.4514
vn -0.6454 -0.7120 -0.2765
vn -0.6454 -0.4784 -0.5955
vn -0.6454 -0.3080 -0.6990
vn -0.6454 -0.1166 -0.7549
vn -0.6454 0.0828 -0.7594
vn -0.6454 0.2765 -0.7120
vn -0.6454 0.4514 -0.6162
vn -0.6454 0.5955 -0.4784
vn -0.6454 0.6990 -0.3080
vn -0.6454 0.7549 -0.1165
vn -0.6454 0.7594 0.0828
vn -0.6454 0.7120 0.2765
vn -0.6454 0.6162 0.4514
vn -0.6454 0.4784 0.5955
vn -0.6454 0.3080 0.6990
vn -0.6454 0.1166 0.7549
vn -0.6454 -0.0828 0.7594
vn -0.6454 -0.2765 0.7120
vn -0.6454 -0.4514 0.6162
vn -0.6454 -0.5955 0.4784
vn -0.6454 -0.6990 0.3080
vn -0.6454 -0.7549 0.1165
vn -0.6454 -0.7594 -0.0828
# 1562 vertex normals

vt 0.3473 0.7500 0.0000
vt 0.8750 0.5000 0.0000
vt 0.6250 0.5000 0.0000
vt 0.3750 0.7500 0.0000
vt 0.6250 0.7500 0.0000
vt 0.3750 0.0971 0.0000
vt 0.6250 0.0971 0.0000
vt 0.6250 0.1529 0.0000
vt 0.3750 0.1529 0.0000
vt 0.8750 0.7500 0.0000
vt 0.3750 0.2500 0.0000
vt 0.6250 0.2500 0.0000
vt 0.3750 0.5000 0.0000
vt 0.6250 1.0000 0.0000
vt 0.3750 1.0000 0.0000
vt 0.3750 0.5971 0.0000
vt 0.6250 0.5971 0.0000
vt 0.6250 0.6529 0.0000
vt 0.3750 0.6529 0.0000
vt 0.1527 0.5971 0.0000
vt 0.1527 0.5000 0.0000
vt 0.8750 0.5971 0.0000
vt 0.8750 0.6529 0.0000
vt 0.6250 0.0000 0.0000
vt 0.3750 0.0000 0.0000
vt 0.6104 0.0000 0.0000
vt 0.6104 0.2500 0.0000
vt 0.1527 0.7500 0.0000
vt 0.6177 0.5000 0.0000
vt 0.6177 0.7500 0.0000
vt 0.3473 0.5971 0.0000
vt 0.3473 0.6529 0.0000
vt 0.1527 0.6529 0.0000
vt 0.3473 0.5000 0.0000
vt 0.1250 0.5000 0.0000
vt 0.1250 0.7500 0.0000
vt 0.1250 0.6529 0.0000
vt 0.1250 0.5971 0.0000
vt 0.0000 0.0000 0.0000
vt 0.0141 0.2189 0.0000
vt 0.0100 0.2500 0.0000
vt 0.0141 0.2811 0.0000
vt 0.0182 0.3121 0.0000
vt 0.0739 0.2967 0.0000
vt 0.0318 0.3210 0.0000
vt 0.0192 0.2500 0.0000
vt 0.0226 0.2210 0.0000
vt 0.0269 0.3092 0.0000
vt 0.0182 0.1879 0.0000
vt 0.0116 0.2622 0.0000
vt 0.0114 0.2604 0.0000
vt 0.0141 0.2815 0.0000
vt 0.0101 0.2500 0.0000
vt 0.0141 0.2185 0.0000
vt 0.0117 0.2627 0.0000
vt 0.0296 0.1841 0.0000
vt 0.0261 0.1963 0.0000
vt 0.0422 0.1300 0.0000
vt 0.0232 0.2843 0.0000
vt 0.0422 0.3700 0.0000
vt 0.0696 0.2258 0.0000
vt 0.0649 0.1785 0.0000
vt 0.0642 0.1669 0.0000
vt 0.0880 0.2066 0.0000
vt 0.0742 0.3439 0.0000
vt 0.0841 0.3091 0.0000
vt 0.1047 0.3339 0.0000
vt 0.0723 0.3527 0.0000
vt 0.0486 0.3046 0.0000
vt 0.0325 0.2976 0.0000
vt 0.0796 0.2867 0.0000
vt 0.0269 0.2798 0.0000
vt 0.0254 0.2500 0.0000
vt 0.0605 0.2357 0.0000
vt 0.0421 0.2133 0.0000
vt 0.0313 0.2117 0.0000
vt 0.0649 0.2514 0.0000
vt 0.0260 0.2266 0.0000
vt 0.0583 0.2502 0.0000
vt 0.0620 0.2782 0.0000
vt 0.0120 0.2351 0.0000
vt 0.0119 0.2352 0.0000
vt 0.0120 0.2649 0.0000
vt 0.0119 0.2648 0.0000
vt 0.0113 0.2600 0.0000
vt 0.0114 0.2396 0.0000
vt 0.0113 0.2400 0.0000
vt 0.0116 0.2378 0.0000
vt 0.0117 0.2373 0.0000
vt 0.0633 0.1654 0.0000
vt 0.0636 0.1724 0.0000
vt 0.0689 0.2266 0.0000
vt 0.0834 0.3082 0.0000
vt 0.0721 0.3480 0.0000
vt 0.0711 0.3534 0.0000
# 95 texture coords

o Cube_003
g Cube_003
usemtl brake_caliper
s off
f 4/1/1 3/1/1 2/1/1 1/1/1 
f 8/2/3 7/3/3 6/3/2 5/2/2 
f 12/4/1 11/5/1 10/5/1 9/4/1 
f 16/9/5 15/8/5 14/7/4 13/6/4 
f 11/5/7 18/10/7 17/10/6 10/5/6 
f 20/13/8 7/3/8 8/12/8 19/11/8 
f 21/15/9 18/14/9 11/5/9 12/4/9 
f 19/11/4 8/12/4 5/12/4 22/11/4 
f 7/3/1 20/13/1 23/13/1 6/3/1 
f 27/19/1 26/18/1 25/17/1 24/16/1 
f 31/20/4 30/21/4 29/21/4 28/20/4 
f 26/18/11 14/23/11 15/22/10 25/17/10 
f 18/24/4 21/25/4 32/25/4 17/24/4 
f 34/25/4 33/26/4 17/24/4 32/25/4 
f 13/6/4 14/7/4 33/26/4 34/25/4 
f 36/27/5 35/11/4 22/11/4 5/12/4 
f 15/8/5 16/9/5 35/11/4 36/27/5 
f 40/28/4 39/28/4 38/28/4 37/28/4 
f 30/21/4 42/21/4 41/21/4 29/21/4 
f 36/2/12 43/29/12 25/17/10 15/22/10 
f 5/2/2 6/3/2 43/29/12 36/2/12 
f 43/29/1 44/13/1 24/16/1 25/17/1 
f 6/3/1 23/13/1 44/13/1 43/29/1 
f 46/30/1 45/4/1 9/4/1 10/5/1 
f 26/18/1 27/19/1 45/4/1 46/30/1 
f 50/31/1 49/32/1 48/32/1 47/31/1 
f 54/28/4 53/33/4 52/33/4 51/28/4 
f 46/30/13 33/10/13 14/23/11 26/18/11 
f 10/5/6 17/10/6 33/10/13 46/30/13 
f 53/33/4 31/20/4 28/20/4 52/33/4 
f 20/13/14 19/35/14 56/21/14 55/34/14 
f 21/36/15 12/4/15 2/1/15 37/28/15 
f 34/36/16 32/36/17 38/28/17 51/28/16 
f 13/37/18 34/36/16 51/28/16 52/33/18 
f 22/35/19 35/35/20 29/21/20 41/21/19 
f 35/35/20 16/38/21 28/20/21 29/21/20 
f 24/16/22 44/13/20 57/34/20 47/31/22 
f 44/13/20 23/13/19 58/34/19 57/34/20 
f 9/4/17 45/4/16 59/1/16 1/1/17 
f 45/4/16 27/19/23 48/32/23 59/1/16 
f 16/38/21 13/37/18 52/33/18 28/20/21 
f 27/19/23 24/16/22 47/31/22 48/32/23 
f 32/36/17 21/36/15 37/28/15 38/28/17 
f 12/4/15 9/4/17 1/1/17 2/1/15 
f 19/35/14 22/35/19 41/21/19 56/21/14 
f 23/13/19 20/13/14 55/34/14 58/34/19 
f 40/28/15 3/1/15 4/1/17 39/28/17 
f 62/34/14 61/21/14 42/21/19 60/34/19 
f 63/34/20 30/21/20 31/20/21 50/31/21 
f 60/34/19 42/21/19 30/21/20 63/34/20 
f 54/28/16 64/1/16 49/32/18 53/33/18 
f 39/28/17 4/1/17 64/1/16 54/28/16 
f 53/33/18 49/32/18 50/31/21 31/20/21 
f 63/34/1 50/31/1 47/31/1 57/34/1 
f 42/21/4 61/21/4 56/21/4 41/21/4 
f 60/34/1 63/34/1 57/34/1 58/34/1 
f 61/21/8 62/34/8 55/34/8 56/21/8 
f 62/34/1 60/34/1 58/34/1 55/34/1 
f 64/1/1 4/1/1 1/1/1 59/1/1 
f 3/1/9 40/28/9 37/28/9 2/1/9 
f 49/32/1 64/1/1 59/1/1 48/32/1 
f 39/28/4 54/28/4 51/28/4 38/28/4 
usemtl rims
f 68/39/27 67/39/26 66/39/25 65/39/24 
f 72/39/31 71/39/30 70/39/29 69/39/28 
f 76/39/35 75/39/34 74/39/33 73/39/32 
f 78/39/37 68/39/27 65/39/24 77/39/36 
f 80/39/39 72/39/31 69/39/28 79/39/38 
f 82/39/41 76/39/35 73/39/32 81/39/40 
f 86/39/45 85/39/44 84/39/43 83/39/42 
f 88/39/47 78/39/37 77/39/36 87/39/46 
f 90/39/49 80/39/39 79/39/38 89/39/48 
f 85/39/44 82/39/41 81/39/40 84/39/43 
f 92/39/51 86/39/45 83/39/42 91/39/50 
f 94/39/53 88/39/47 87/39/46 93/39/52 
f 96/39/55 90/39/49 89/39/48 95/39/54 
f 98/39/57 92/39/51 91/39/50 97/39/56 
f 100/39/59 94/39/53 93/39/52 99/39/58 
f 102/39/61 96/39/55 95/39/54 101/39/60 
f 104/39/63 98/39/57 97/39/56 103/39/62 
f 106/39/65 100/39/59 99/39/58 105/39/64 
f 108/39/67 102/39/61 101/39/60 107/39/66 
f 110/39/69 104/39/63 103/39/62 109/39/68 
f 112/39/71 106/39/65 105/39/64 111/39/70 
f 67/39/26 108/39/67 107/39/66 66/39/25 
f 71/39/30 110/39/69 109/39/68 70/39/29 
f 75/39/34 112/39/71 111/39/70 74/39/33 
f 114/39/73 113/39/72 88/39/47 94/39/53 
f 116/39/75 115/39/74 90/39/49 96/39/55 
f 118/39/77 117/39/76 92/39/51 98/39/57 
f 119/39/78 114/39/73 94/39/53 100/39/59 
f 120/39/79 116/39/75 96/39/55 102/39/61 
f 121/39/80 118/39/77 98/39/57 104/39/63 
f 122/39/81 119/39/78 100/39/59 106/39/65 
f 123/39/82 120/39/79 102/39/61 108/39/67 
f 124/39/83 121/39/80 104/39/63 110/39/69 
f 125/39/84 122/39/81 106/39/65 112/39/71 
f 126/39/85 123/39/82 108/39/67 67/39/26 
f 127/39/86 124/39/83 110/39/69 71/39/30 
f 128/39/87 125/39/84 112/39/71 75/39/34 
f 129/39/88 126/39/85 67/39/26 68/39/27 
f 130/39/89 127/39/86 71/39/30 72/39/31 
f 131/39/90 128/39/87 75/39/34 76/39/35 
f 132/39/91 129/39/88 68/39/27 78/39/37 
f 133/39/92 130/39/89 72/39/31 80/39/39 
f 134/39/93 131/39/90 76/39/35 82/39/41 
f 136/39/95 135/39/94 85/39/44 86/39/45 
f 113/39/72 132/39/91 78/39/37 88/39/47 
f 115/39/74 133/39/92 80/39/39 90/39/49 
f 135/39/94 134/39/93 82/39/41 85/39/44 
f 117/39/76 136/39/95 86/39/45 92/39/51 
f 138/39/96 137/39/97 124/39/97 127/39/96 
f 140/39/98 139/39/99 125/39/99 128/39/98 
f 142/39/100 141/39/101 126/39/101 129/39/100 
f 143/39/102 138/39/96 127/39/96 130/39/102 
f 144/39/103 140/39/98 128/39/98 131/39/103 
f 145/39/104 142/39/100 129/39/100 132/39/104 
f 146/39/105 143/39/102 130/39/102 133/39/105 
f 147/39/106 144/39/103 131/39/103 134/39/106 
f 149/39/107 148/39/108 135/39/108 136/39/107 
f 150/39/109 145/39/104 132/39/104 113/39/109 
f 151/39/110 146/39/105 133/39/105 115/39/110 
f 148/39/108 147/39/106 134/39/106 135/39/108 
f 152/39/111 149/39/107 136/39/107 117/39/111 
f 153/39/112 150/39/109 113/39/109 114/39/112 
f 154/39/113 151/39/110 115/39/110 116/39/113 
f 155/39/114 152/39/111 117/39/111 118/39/114 
f 156/39/115 153/39/112 114/39/112 119/39/115 
f 157/39/116 154/39/113 116/39/113 120/39/116 
f 158/39/117 155/39/114 118/39/114 121/39/117 
f 159/39/118 156/39/115 119/39/115 122/39/118 
f 160/39/119 157/39/116 120/39/116 123/39/119 
f 137/39/97 158/39/117 121/39/117 124/39/97 
f 139/39/99 159/39/118 122/39/118 125/39/99 
f 141/39/101 160/39/119 123/39/119 126/39/101 
f 162/39/120 161/39/121 151/39/121 154/39/120 
f 164/39/122 163/39/123 152/39/123 155/39/122 
f 166/39/124 165/39/125 153/39/125 156/39/124 
f 167/39/126 162/39/120 154/39/120 157/39/126 
f 168/39/127 164/39/122 155/39/122 158/39/127 
f 169/39/128 166/39/124 156/39/124 159/39/128 
f 170/39/129 167/39/126 157/39/126 160/39/129 
f 171/39/130 168/39/127 158/39/127 137/39/130 
f 172/39/131 169/39/128 159/39/128 139/39/131 
f 173/39/132 170/39/129 160/39/129 141/39/132 
f 174/39/133 171/39/130 137/39/130 138/39/133 
f 175/39/134 172/39/131 139/39/131 140/39/134 
f 176/39/135 173/39/132 141/39/132 142/39/135 
f 177/39/136 174/39/133 138/39/133 143/39/136 
f 178/39/137 175/39/134 140/39/134 144/39/137 
f 179/39/138 176/39/135 142/39/135 145/39/138 
f 180/39/139 177/39/136 143/39/136 146/39/139 
f 181/39/140 178/39/137 144/39/137 147/39/140 
f 183/39/141 182/39/142 148/39/142 149/39/141 
f 184/39/143 179/39/138 145/39/138 150/39/143 
f 161/39/121 180/39/139 146/39/139 151/39/121 
f 182/39/142 181/39/140 147/39/140 148/39/142 
f 163/39/123 183/39/141 149/39/141 152/39/123 
f 165/39/125 184/39/143 150/39/143 153/39/125 
f 186/39/144 185/39/145 103/39/145 97/39/144 
f 188/39/146 187/39/147 105/39/147 99/39/146 
f 190/39/148 189/39/149 107/39/149 101/39/148 
f 185/39/145 191/39/150 109/39/150 103/39/145 
f 187/39/147 192/39/151 111/39/151 105/39/147 
f 189/39/149 193/39/152 66/39/152 107/39/149 
f 191/39/150 194/39/153 70/39/153 109/39/150 
f 192/39/151 195/39/154 74/39/154 111/39/151 
f 193/39/152 196/39/155 65/39/155 66/39/152 
f 194/39/153 197/39/156 69/39/156 70/39/153 
f 195/39/154 198/39/157 73/39/157 74/39/154 
f 196/39/155 199/39/158 77/39/158 65/39/155 
f 197/39/156 200/39/159 79/39/159 69/39/156 
f 198/39/157 201/39/160 81/39/160 73/39/157 
f 203/39/161 202/39/162 83/39/162 84/39/161 
f 199/39/158 204/39/163 87/39/163 77/39/158 
f 200/39/159 205/39/164 89/39/164 79/39/159 
f 201/39/160 203/39/161 84/39/161 81/39/160 
f 202/39/162 206/39/165 91/39/165 83/39/162 
f 204/39/163 207/39/166 93/39/166 87/39/163 
f 205/39/164 208/39/167 95/39/167 89/39/164 
f 206/39/165 186/39/144 97/39/144 91/39/165 
f 207/39/166 188/39/146 99/39/146 93/39/166 
f 208/39/167 190/39/148 101/39/148 95/39/167 
f 210/39/168 209/39/169 208/39/169 205/39/168 
f 212/39/170 211/39/171 186/39/171 206/39/170 
f 214/39/172 213/39/173 188/39/173 207/39/172 
f 209/39/169 215/39/174 190/39/174 208/39/169 
f 211/39/171 216/39/175 185/39/175 186/39/171 
f 213/39/173 217/39/176 187/39/176 188/39/173 
f 215/39/174 218/39/177 189/39/177 190/39/174 
f 216/39/175 219/39/178 191/39/178 185/39/175 
f 217/39/176 220/39/179 192/39/179 187/39/176 
f 218/39/177 221/39/180 193/39/180 189/39/177 
f 219/39/178 222/39/181 194/39/181 191/39/178 
f 220/39/179 223/39/182 195/39/182 192/39/179 
f 221/39/180 224/39/183 196/39/183 193/39/180 
f 222/39/181 225/39/184 197/39/184 194/39/181 
f 223/39/182 226/39/185 198/39/185 195/39/182 
f 224/39/183 227/39/186 199/39/186 196/39/183 
f 225/39/184 228/39/187 200/39/187 197/39/184 
f 226/39/185 229/39/188 201/39/188 198/39/185 
f 231/39/189 230/39/190 202/39/190 203/39/189 
f 227/39/186 232/39/191 204/39/191 199/39/186 
f 228/39/187 210/39/168 205/39/168 200/39/187 
f 229/39/188 231/39/189 203/39/189 201/39/188 
f 230/39/190 212/39/170 206/39/170 202/39/190 
f 232/39/191 214/39/172 207/39/172 204/39/191 
f 234/39/192 233/39/193 224/39/193 221/39/192 
f 236/39/194 235/39/195 225/39/195 222/39/194 
f 238/39/196 237/39/197 226/39/197 223/39/196 
f 233/39/193 239/39/198 227/39/198 224/39/193 
f 235/39/195 240/39/199 228/39/199 225/39/195 
f 237/39/197 241/39/200 229/39/200 226/39/197 
f 243/39/201 242/39/202 230/39/202 231/39/201 
f 239/39/198 244/39/203 232/39/203 227/39/198 
f 240/39/199 245/39/204 210/39/204 228/39/199 
f 241/39/200 243/39/201 231/39/201 229/39/200 
f 242/39/202 246/39/205 212/39/205 230/39/202 
f 244/39/203 247/39/206 214/39/206 232/39/203 
f 245/39/204 248/39/207 209/39/207 210/39/204 
f 246/39/205 249/39/208 211/39/208 212/39/205 
f 247/39/206 250/39/209 213/39/209 214/39/206 
f 248/39/207 251/39/210 215/39/210 209/39/207 
f 249/39/208 252/39/211 216/39/211 211/39/208 
f 250/39/209 253/39/212 217/39/212 213/39/209 
f 251/39/210 254/39/213 218/39/213 215/39/210 
f 252/39/211 255/39/214 219/39/214 216/39/211 
f 253/39/212 256/39/215 220/39/215 217/39/212 
f 254/39/213 234/39/192 221/39/192 218/39/213 
f 255/39/214 236/39/194 222/39/194 219/39/214 
f 256/39/215 238/39/196 223/39/196 220/39/215 
f 258/39/170 257/39/171 249/39/171 246/39/170 
f 260/39/216 259/39/217 250/39/217 247/39/216 
f 262/39/169 261/39/174 251/39/174 248/39/169 
f 257/39/171 263/39/175 252/39/175 249/39/171 
f 259/39/217 264/39/218 253/39/218 250/39/217 
f 261/39/174 265/39/177 254/39/177 251/39/174 
f 263/39/175 266/39/219 255/39/219 252/39/175 
f 264/39/218 267/39/220 256/39/220 253/39/218 
f 265/39/177 268/39/180 234/39/180 254/39/177 
f 266/39/219 269/39/221 236/39/221 255/39/219 
f 267/39/220 270/39/182 238/39/182 256/39/220 
f 268/39/180 271/39/183 233/39/183 234/39/180 
f 269/39/221 272/39/222 235/39/222 236/39/221 
f 270/39/182 273/39/185 237/39/185 238/39/182 
f 271/39/183 274/39/186 239/39/186 233/39/183 
f 272/39/222 275/39/187 240/39/187 235/39/222 
f 273/39/185 276/39/188 241/39/188 237/39/185 
f 278/39/189 277/39/190 242/39/190 243/39/189 
f 274/39/186 279/39/223 244/39/223 239/39/186 
f 275/39/187 280/39/168 245/39/168 240/39/187 
f 276/39/188 278/39/189 243/39/189 241/39/188 
f 277/39/190 258/39/170 246/39/170 242/39/190 
f 279/39/223 260/39/216 247/39/216 244/39/223 
f 280/39/168 262/39/169 248/39/169 245/39/168 
f 282/39/224 281/39/225 278/39/225 276/39/224 
f 284/39/226 283/39/227 258/39/227 277/39/226 
f 286/39/228 285/39/229 260/39/229 279/39/228 
f 288/39/230 287/39/231 262/39/231 280/39/230 
f 283/39/227 289/39/232 257/39/232 258/39/227 
f 285/39/229 290/39/233 259/39/233 260/39/229 
f 287/39/231 291/39/234 261/39/234 262/39/231 
f 289/39/232 292/39/235 263/39/235 257/39/232 
f 290/39/233 293/39/236 264/39/236 259/39/233 
f 291/39/234 294/39/237 265/39/237 261/39/234 
f 292/39/235 295/39/238 266/39/238 263/39/235 
f 293/39/236 296/39/239 267/39/239 264/39/236 
f 294/39/237 297/39/240 268/39/240 265/39/237 
f 295/39/238 298/39/241 269/39/241 266/39/238 
f 296/39/239 299/39/242 270/39/242 267/39/239 
f 297/39/240 300/39/243 271/39/243 268/39/240 
f 298/39/241 301/39/244 272/39/244 269/39/241 
f 299/39/242 302/39/245 273/39/245 270/39/242 
f 300/39/243 303/39/246 274/39/246 271/39/243 
f 301/39/244 304/39/247 275/39/247 272/39/244 
f 302/39/245 282/39/224 276/39/224 273/39/245 
f 281/39/225 284/39/226 277/39/226 278/39/225 
f 303/39/246 286/39/228 279/39/228 274/39/246 
f 304/39/247 288/39/230 280/39/230 275/39/247 
f 282/39/248 302/39/249 178/39/249 181/39/248 
f 302/39/249 299/39/250 175/39/250 178/39/249 
f 299/39/250 296/39/251 172/39/251 175/39/250 
f 296/39/251 293/39/252 169/39/252 172/39/251 
f 293/39/252 290/39/253 166/39/253 169/39/252 
f 290/39/253 285/39/254 165/39/254 166/39/253 
f 285/39/254 286/39/255 184/39/255 165/39/254 
f 286/39/255 303/39/256 179/39/256 184/39/255 
f 303/39/256 300/39/257 176/39/257 179/39/256 
f 300/39/257 297/39/258 173/39/258 176/39/257 
f 297/39/258 294/39/259 170/39/259 173/39/258 
f 294/39/259 291/39/260 167/39/260 170/39/259 
f 291/39/260 287/39/261 162/39/261 167/39/260 
f 287/39/261 288/39/262 161/39/262 162/39/261 
f 288/39/262 304/39/263 180/39/263 161/39/262 
f 304/39/263 301/39/264 177/39/264 180/39/263 
f 301/39/264 298/39/265 174/39/265 177/39/264 
f 298/39/265 295/39/266 171/39/266 174/39/265 
f 295/39/266 292/39/267 168/39/267 171/39/266 
f 292/39/267 289/39/268 164/39/268 168/39/267 
f 289/39/268 283/39/269 163/39/269 164/39/268 
f 283/39/269 284/39/270 183/39/270 163/39/269 
f 284/39/270 281/39/271 182/39/271 183/39/270 
f 281/39/271 282/39/248 181/39/248 182/39/271 
f 308/40/275 307/41/274 306/41/273 305/40/272 
f 312/42/279 311/43/278 310/43/277 309/42/276 
f 316/44/280 315/45/280 314/45/280 313/44/280 
f 320/46/281 319/47/281 318/47/281 317/46/281 
f 315/45/282 322/48/282 321/48/282 314/45/282 
f 326/40/286 325/41/285 324/41/284 323/40/283 
f 325/41/285 328/42/288 327/42/287 324/41/284 
f 308/40/275 331/49/291 330/49/290 329/40/289 
f 335/50/292 334/41/221 333/41/221 332/50/292 
f 339/42/296 338/43/295 337/43/294 336/42/293 
f 343/40/300 342/41/299 341/41/298 340/40/297 
f 309/42/276 310/43/277 338/43/295 339/42/296 
f 305/40/272 306/41/273 342/41/299 343/40/300 
f 345/49/302 305/40/272 343/40/300 344/49/301 
f 344/49/301 343/40/300 340/40/297 346/49/303 
f 350/40/307 349/49/306 348/49/305 347/40/304 
f 354/43/311 353/42/310 352/42/309 351/43/308 
f 331/49/291 308/40/275 305/40/272 345/49/302 
f 342/41/299 339/42/296 336/42/293 341/41/298 
f 311/43/278 312/42/279 356/42/313 355/43/312 
f 328/42/288 358/43/315 357/43/314 327/42/287 
f 362/41/217 361/51/316 360/51/316 359/41/217 
f 352/42/309 365/41/319 364/53/318 363/52/317 
f 368/54/322 367/49/321 366/49/320 323/40/283 
f 347/40/304 348/49/305 367/49/321 368/54/322 
f 370/55/323 335/50/323 332/50/323 369/55/323 
f 365/41/319 347/40/304 368/54/322 364/53/318 
f 371/43/324 363/52/317 327/42/287 357/43/314 
f 351/43/308 352/42/309 363/52/317 371/43/324 
f 372/49/325 326/40/286 323/40/283 366/49/320 
f 375/58/328 346/49/303 374/57/327 373/56/326 
f 346/49/303 340/40/297 318/47/329 374/57/327 
f 341/41/298 336/42/293 376/59/331 317/46/330 
f 337/43/294 377/60/334 314/45/333 321/48/332 
f 381/64/338 380/63/337 379/62/336 378/61/335 
f 383/68/340 381/67/338 378/66/335 382/65/339 
f 340/40/297 341/41/298 317/46/330 318/47/329 
f 336/42/293 337/43/294 321/48/332 376/59/331 
f 387/69/341 386/70/341 385/70/341 384/69/341 
f 389/71/342 387/69/342 384/69/342 388/71/342 
f 393/72/343 392/73/343 391/73/343 390/72/343 
f 386/70/344 393/72/344 390/72/344 385/70/344 
f 394/56/345 316/74/345 313/74/345 373/56/345 
f 395/57/346 394/56/346 373/56/346 374/57/346 
f 319/47/347 395/57/347 374/57/347 318/47/347 
f 394/56/1 395/57/348 397/76/348 396/75/1 
f 322/48/1 315/45/1 384/69/1 385/70/1 
f 316/74/1 394/56/1 396/75/1 388/77/1 
f 315/45/1 316/44/1 388/71/1 384/69/1 
f 395/57/348 319/47/348 398/78/348 397/76/348 
f 320/46/1 399/59/1 390/72/1 391/73/1 
f 319/47/348 320/46/1 391/73/1 398/78/348 
f 399/59/1 322/48/1 385/70/1 390/72/1 
f 401/75/348 400/76/348 389/77/348 
f 400/76/348 402/78/1 392/73/1 389/79/348 
f 392/73/1 393/72/1 386/70/1 389/80/348 
f 386/70/1 387/69/1 389/71/348 
f 392/73/349 402/78/349 398/78/349 391/73/349 
f 402/78/350 400/76/350 397/76/350 398/78/350 
f 401/75/351 389/77/351 388/77/351 396/75/351 
f 400/76/352 401/75/352 396/75/352 397/76/352 
f 404/43/353 403/43/353 371/43/353 357/43/353 
f 406/58/220 405/49/355 346/49/354 375/58/220 
f 408/49/356 407/49/356 348/49/356 349/49/356 
f 405/49/355 409/49/358 344/49/357 346/49/354 
f 407/49/356 410/49/356 367/49/356 348/49/356 
f 403/43/353 411/43/353 351/43/353 371/43/353 
f 413/43/360 412/60/223 377/60/223 337/43/359 
f 415/43/353 414/43/353 311/43/353 355/43/353 
f 417/43/364 416/43/363 338/43/362 310/43/361 
f 414/43/353 417/43/364 310/43/361 311/43/353 
f 419/49/366 418/49/356 331/49/356 345/49/365 
f 409/49/358 419/49/366 345/49/365 344/49/357 
f 421/49/356 420/49/356 372/49/356 366/49/356 
f 411/43/353 422/43/353 354/43/353 351/43/353 
f 423/43/353 404/43/353 357/43/353 358/43/353 
f 410/49/356 421/49/356 366/49/356 367/49/356 
f 416/43/363 413/43/360 337/43/359 338/43/362 
f 424/49/356 408/49/356 349/49/356 330/49/356 
f 421/49/368 404/43/368 423/43/367 420/49/367 
f 410/49/369 403/43/369 404/43/368 421/49/368 
f 407/49/370 411/43/370 403/43/369 410/49/369 
f 408/49/371 422/43/371 411/43/370 407/49/370 
f 422/43/371 408/49/371 424/49/372 415/43/372 
f 414/43/374 418/49/374 419/49/373 417/43/373 
f 409/49/375 416/43/375 417/43/373 419/49/373 
f 405/49/376 413/43/376 416/43/375 409/49/375 
f 406/58/5 412/60/5 413/43/376 405/49/376 
f 425/58/4 412/60/5 406/58/5 
f 415/43/372 424/49/372 418/49/374 414/43/374 
f 418/49/356 424/49/356 330/49/356 331/49/356 
f 422/43/353 415/43/353 355/43/353 354/43/353 
f 355/43/312 356/42/313 353/42/310 354/43/311 
f 329/40/289 330/49/290 349/49/306 350/40/307 
f 356/42/313 427/41/378 426/41/377 353/42/310 
f 307/41/274 308/40/275 429/81/380 428/41/379 
f 308/40/275 329/40/289 430/82/381 429/81/380 
f 353/42/310 426/41/377 431/41/383 369/55/382 
f 312/42/279 307/41/274 428/41/379 432/83/384 
f 356/42/313 312/42/279 432/83/384 433/84/385 
f 327/42/287 363/52/317 360/51/387 434/85/386 
f 324/41/284 327/42/287 434/85/386 435/41/388 
f 363/52/317 364/53/318 359/41/389 360/51/387 
f 368/54/322 323/40/283 437/87/391 436/86/390 
f 323/40/283 324/41/284 435/41/388 437/87/391 
f 364/53/318 368/54/322 436/86/390 359/41/389 
f 347/40/304 365/41/319 333/41/393 438/88/392 
f 350/40/307 347/40/304 438/88/392 439/89/394 
f 352/42/309 353/42/310 369/55/382 332/50/395 
f 427/41/378 356/42/313 433/84/385 440/41/396 
f 443/41/397 442/89/398 441/88/398 334/41/397 
f 370/55/399 443/41/397 334/41/397 335/50/399 
f 361/51/400 362/41/401 445/41/401 444/85/400 
f 362/41/401 447/86/402 446/87/402 445/41/401 
f 446/87/403 447/86/403 436/86/403 437/87/403 
f 443/41/173 370/55/404 369/55/404 431/41/173 
f 445/41/181 446/87/405 437/87/405 435/41/181 
f 449/41/217 448/83/406 432/83/406 428/41/217 
f 447/86/407 362/41/217 359/41/217 436/86/407 
f 448/83/408 450/84/408 433/84/408 432/83/408 
f 334/41/221 441/88/409 438/88/409 333/41/221 
f 361/51/410 444/85/410 434/85/410 360/51/410 
f 441/88/411 442/89/411 439/89/411 438/88/411 
f 444/85/412 445/41/181 435/41/181 434/85/412 
f 454/40/416 453/41/415 452/41/414 451/40/413 
f 458/42/420 457/43/419 456/43/418 455/42/417 
f 462/59/421 461/46/421 460/46/421 459/59/421 
f 466/44/422 465/45/422 464/45/422 463/44/422 
f 461/46/423 468/47/423 467/47/423 460/46/423 
f 465/45/424 470/48/424 469/48/424 464/45/424 
f 474/40/428 473/41/427 472/41/426 471/40/425 
f 478/82/429 477/81/429 476/81/429 475/82/429 
f 473/41/427 480/42/431 479/42/430 472/41/426 
f 454/40/416 483/49/434 482/49/433 481/40/432 
f 487/50/435 486/41/169 485/41/169 484/50/435 
f 491/42/439 490/43/438 489/43/437 488/42/436 
f 495/40/443 494/41/442 493/41/441 492/40/440 
f 455/42/417 456/43/418 490/43/438 491/42/439 
f 451/40/413 452/41/414 494/41/442 495/40/443 
f 497/49/445 451/40/413 495/40/443 496/49/444 
f 496/49/444 495/40/443 492/40/440 498/49/446 
f 502/40/450 501/49/449 500/49/448 499/40/447 
f 504/41/169 478/82/451 475/82/451 503/41/169 
f 508/43/455 507/42/454 506/42/453 505/43/452 
f 483/49/434 454/40/416 451/40/413 497/49/445 
f 452/41/414 455/42/417 491/42/439 494/41/442 
f 494/41/442 491/42/439 488/42/436 493/41/441 
f 457/43/419 458/42/420 510/42/457 509/43/456 
f 480/42/431 512/43/459 511/43/458 479/42/430 
f 477/81/460 514/41/185 513/41/185 476/81/460 
f 453/41/415 458/42/420 455/42/417 452/41/414 
f 518/41/185 517/51/461 516/51/461 515/41/185 
f 506/42/453 521/41/464 520/53/463 519/52/462 
f 524/54/467 523/49/466 522/49/465 471/40/425 
f 499/40/447 500/49/448 523/49/466 524/54/467 
f 526/55/468 487/50/468 484/50/468 525/55/468 
f 521/41/464 499/40/447 524/54/467 520/53/463 
f 527/43/469 519/52/462 479/42/430 511/43/458 
f 505/43/452 506/42/453 519/52/462 527/43/469 
f 528/49/470 474/40/428 471/40/425 522/49/465 
f 531/58/473 498/49/446 530/57/472 529/56/471 
f 498/49/446 492/40/440 467/47/474 530/57/472 
f 493/41/441 488/42/436 459/59/476 460/46/475 
f 489/43/437 375/60/328 464/45/478 469/48/477 
f 381/64/338 534/63/481 533/62/480 532/61/479 
f 380/68/337 381/67/338 532/66/479 535/65/482 
f 492/40/440 493/41/441 460/46/475 467/47/474 
f 488/42/436 489/43/437 469/48/477 459/59/476 
f 539/69/483 538/70/483 537/70/483 536/69/483 
f 541/71/484 539/69/484 536/69/484 540/71/484 
f 545/72/485 544/73/485 543/73/485 542/72/485 
f 538/70/486 545/72/486 542/72/486 537/70/486 
f 546/56/487 466/74/487 463/74/487 529/56/487 
f 470/48/488 462/59/488 459/59/488 469/48/488 
f 547/57/489 546/56/489 529/56/489 530/57/489 
f 468/47/490 547/57/490 530/57/490 467/47/490 
f 546/56/348 547/57/348 549/76/348 548/75/348 
f 470/48/1 465/45/1 536/69/1 537/70/1 
f 466/74/348 546/56/348 548/75/348 540/77/348 
f 465/45/1 466/44/348 540/71/348 536/69/1 
f 547/57/348 468/47/348 550/78/348 549/76/348 
f 461/46/348 462/59/1 542/72/1 543/73/348 
f 468/47/348 461/46/348 543/73/348 550/78/348 
f 462/59/1 470/48/1 537/70/1 542/72/1 
f 552/75/1 551/76/348 541/77/1 
f 551/76/348 553/78/348 544/73/348 541/79/1 
f 544/73/348 545/72/1 538/70/1 541/80/1 
f 538/70/1 539/69/1 541/71/1 
f 544/73/491 553/78/491 550/78/491 543/73/491 
f 553/78/492 551/76/492 549/76/492 550/78/492 
f 552/75/493 541/77/493 540/77/493 548/75/493 
f 551/76/494 552/75/494 548/75/494 549/76/494 
f 555/43/495 554/43/495 527/43/495 511/43/495 
f 557/58/189 556/49/497 498/49/496 531/58/189 
f 559/49/498 558/49/498 500/49/498 501/49/498 
f 556/49/497 560/49/500 496/49/499 498/49/496 
f 558/49/498 561/49/498 523/49/498 500/49/498 
f 554/43/495 562/43/495 505/43/495 527/43/495 
f 563/43/502 406/60/220 375/60/220 489/43/501 
f 565/43/495 564/43/495 457/43/495 509/43/495 
f 567/43/506 566/43/505 490/43/504 456/43/503 
f 564/43/495 567/43/506 456/43/503 457/43/495 
f 569/49/508 568/49/498 483/49/498 497/49/507 
f 560/49/500 569/49/508 497/49/507 496/49/499 
f 571/49/498 570/49/498 528/49/498 522/49/498 
f 562/43/495 572/43/495 508/43/495 505/43/495 
f 573/43/495 555/43/495 511/43/495 512/43/495 
f 561/49/498 571/49/498 522/49/498 523/49/498 
f 566/43/505 563/43/502 489/43/501 490/43/504 
f 574/49/498 559/49/498 501/49/498 482/49/498 
f 571/49/510 555/43/510 573/43/509 570/49/509 
f 561/49/511 554/43/511 555/43/510 571/49/510 
f 558/49/512 562/43/512 554/43/511 561/49/511 
f 559/49/513 572/43/513 562/43/512 558/49/512 
f 572/43/513 559/49/513 574/49/514 565/43/514 
f 564/43/516 568/49/516 569/49/515 567/43/515 
f 560/49/515 566/43/515 567/43/515 569/49/515 
f 556/49/517 563/43/517 566/43/515 560/49/515 
f 557/58/4 406/60/5 563/43/517 556/49/517 
f 425/58/4 406/60/5 557/58/4 
f 565/43/514 574/49/514 568/49/516 564/43/516 
f 568/49/498 574/49/498 482/49/498 483/49/498 
f 572/43/495 565/43/495 509/43/495 508/43/495 
f 509/43/456 510/42/457 507/42/454 508/43/455 
f 576/41/519 481/40/432 502/40/450 575/41/518 
f 481/40/432 482/49/433 501/49/449 502/40/450 
f 510/42/457 576/41/519 575/41/518 507/42/454 
f 575/41/518 502/40/450 578/89/521 577/41/520 
f 453/41/415 454/40/416 476/81/523 513/41/522 
f 454/40/416 481/40/432 475/82/524 476/81/523 
f 507/42/454 575/41/518 577/41/520 525/55/525 
f 458/42/420 453/41/415 513/41/522 579/83/526 
f 510/42/457 458/42/420 579/83/526 580/84/527 
f 479/42/430 519/52/462 516/51/529 581/85/528 
f 472/41/426 479/42/430 581/85/528 582/41/530 
f 519/52/462 520/53/463 515/41/531 516/51/529 
f 521/41/464 506/42/453 484/50/533 485/41/532 
f 524/54/467 471/40/425 584/87/535 583/86/534 
f 471/40/425 472/41/426 582/41/530 584/87/535 
f 520/53/463 524/54/467 583/86/534 515/41/531 
f 499/40/447 521/41/464 485/41/532 585/88/536 
f 502/40/450 499/40/447 585/88/536 578/89/521 
f 506/42/453 507/42/454 525/55/525 484/50/533 
f 481/40/432 576/41/519 503/41/537 475/82/524 
f 576/41/519 510/42/457 580/84/527 503/41/537 
f 587/83/538 514/41/539 504/41/539 586/84/538 
f 590/41/540 589/89/541 588/88/541 486/41/540 
f 514/41/539 477/81/542 478/82/542 504/41/539 
f 526/55/543 590/41/540 486/41/540 487/50/543 
f 517/51/544 518/41/545 592/41/545 591/85/544 
f 518/41/545 594/86/546 593/87/546 592/41/545 
f 586/84/547 504/41/169 503/41/169 580/84/547 
f 593/87/548 594/86/548 583/86/548 584/87/548 
f 590/41/185 526/55/549 525/55/549 577/41/185 
f 592/41/169 593/87/550 584/87/550 582/41/169 
f 514/41/185 587/83/551 579/83/551 513/41/185 
f 594/86/552 518/41/185 515/41/185 583/86/552 
f 587/83/553 586/84/553 580/84/553 579/83/553 
f 486/41/169 588/88/554 585/88/554 485/41/169 
f 517/51/555 591/85/555 581/85/555 516/51/555 
f 588/88/556 589/89/556 578/89/556 585/88/556 
f 591/85/557 592/41/169 582/41/169 581/85/557 
f 589/89/558 590/41/185 577/41/185 578/89/558 
f 598/40/562 597/41/561 596/41/560 595/40/559 
f 602/42/566 601/43/565 600/43/564 599/42/563 
f 606/59/567 605/46/567 604/46/567 603/59/567 
f 610/44/568 609/45/568 608/45/568 607/44/568 
f 605/46/569 612/47/569 611/47/569 604/46/569 
f 609/45/570 614/48/570 613/48/570 608/45/570 
f 618/40/574 617/41/573 616/41/572 615/40/571 
f 622/82/575 621/81/575 620/81/575 619/82/575 
f 617/41/573 624/42/577 623/42/576 616/41/572 
f 598/40/562 627/49/580 626/49/579 625/40/578 
f 631/50/581 630/41/183 629/41/183 628/50/581 
f 635/42/585 634/43/584 633/43/583 632/42/582 
f 639/40/589 638/41/588 637/41/587 636/40/586 
f 599/42/563 600/43/564 634/43/584 635/42/585 
f 595/40/559 596/41/560 638/41/588 639/40/589 
f 641/49/591 595/40/559 639/40/589 640/49/590 
f 640/49/590 639/40/589 636/40/586 642/49/592 
f 646/40/596 645/49/595 644/49/594 643/40/593 
f 648/41/183 622/82/597 619/82/597 647/41/183 
f 652/43/601 651/42/600 650/42/599 649/43/598 
f 627/49/580 598/40/562 595/40/559 641/49/591 
f 596/41/560 599/42/563 635/42/585 638/41/588 
f 638/41/588 635/42/585 632/42/582 637/41/587 
f 601/43/565 602/42/566 654/42/603 653/43/602 
f 624/42/577 656/43/605 655/43/604 623/42/576 
f 621/81/606 658/41/170 657/41/170 620/81/606 
f 597/41/561 602/42/566 599/42/563 596/41/560 
f 662/41/170 661/51/607 660/51/607 659/41/170 
f 650/42/599 665/41/610 664/53/609 663/52/608 
f 668/54/613 667/49/612 666/49/611 615/40/571 
f 643/40/593 644/49/594 667/49/612 668/54/613 
f 670/55/614 631/50/614 628/50/614 669/55/614 
f 665/41/610 643/40/593 668/54/613 664/53/609 
f 671/43/615 663/52/608 623/42/576 655/43/604 
f 649/43/598 650/42/599 663/52/608 671/43/615 
f 672/49/616 618/40/574 615/40/571 666/49/611 
f 675/58/619 642/49/592 674/57/618 673/56/617 
f 642/49/592 636/40/586 611/47/620 674/57/618 
f 637/41/587 632/42/582 603/59/622 604/46/621 
f 633/43/583 531/60/473 608/45/624 613/48/623 
f 381/64/338 678/63/627 677/62/626 676/61/625 
f 534/68/481 381/67/338 676/66/625 679/65/628 
f 636/40/586 637/41/587 604/46/621 611/47/620 
f 632/42/582 633/43/583 613/48/623 603/59/622 
f 683/69/629 682/70/629 681/70/629 680/69/629 
f 685/71/630 683/69/630 680/69/630 684/71/630 
f 689/72/631 688/73/631 687/73/631 686/72/631 
f 682/70/632 689/72/632 686/72/632 681/70/632 
f 690/56/633 610/74/633 607/74/633 673/56/633 
f 614/48/634 606/59/634 603/59/634 613/48/634 
f 691/57/635 690/56/635 673/56/635 674/57/635 
f 612/47/636 691/57/636 674/57/636 611/47/636 
f 690/56/1 691/57/1 693/76/1 692/75/1 
f 614/48/1 609/45/1 680/69/1 681/70/1 
f 610/74/1 690/56/1 692/75/1 684/77/1 
f 609/45/1 610/44/1 684/71/1 680/69/1 
f 691/57/1 612/47/1 694/78/1 693/76/1 
f 605/46/1 606/59/348 686/72/348 687/73/1 
f 612/47/1 605/46/1 687/73/1 694/78/1 
f 606/59/348 614/48/1 681/70/1 686/72/348 
f 696/75/348 695/76/348 685/77/1 
f 695/76/348 697/78/348 688/73/348 685/79/1 
f 688/73/348 689/72/1 682/70/1 685/80/1 
f 682/70/1 683/69/1 685/71/1 
f 688/73/637 697/78/637 694/78/637 687/73/637 
f 697/78/638 695/76/638 693/76/638 694/78/638 
f 696/75/639 685/77/639 684/77/639 692/75/639 
f 695/76/640 696/75/640 692/75/640 693/76/640 
f 699/43/641 698/43/641 671/43/641 655/43/641 
f 701/58/175 700/49/643 642/49/642 675/58/175 
f 703/49/644 702/49/644 644/49/644 645/49/644 
f 700/49/643 704/49/646 640/49/645 642/49/642 
f 702/49/644 705/49/644 667/49/644 644/49/644 
f 698/43/641 706/43/641 649/43/641 671/43/641 
f 707/43/648 557/60/189 531/60/189 633/43/647 
f 709/43/641 708/43/641 601/43/641 653/43/641 
f 711/43/652 710/43/651 634/43/650 600/43/649 
f 708/43/641 711/43/652 600/43/649 601/43/641 
f 713/49/654 712/49/644 627/49/644 641/49/653 
f 704/49/646 713/49/654 641/49/653 640/49/645 
f 715/49/644 714/49/644 672/49/644 666/49/644 
f 706/43/641 716/43/641 652/43/641 649/43/641 
f 717/43/641 699/43/641 655/43/641 656/43/641 
f 705/49/644 715/49/644 666/49/644 667/49/644 
f 710/43/651 707/43/648 633/43/647 634/43/650 
f 718/49/644 703/49/644 645/49/644 626/49/644 
f 715/49/656 699/43/656 717/43/655 714/49/655 
f 705/49/657 698/43/657 699/43/656 715/49/656 
f 702/49/658 706/43/658 698/43/657 705/49/657 
f 703/49/659 716/43/659 706/43/658 702/49/658 
f 716/43/659 703/49/659 718/49/660 709/43/660 
f 708/43/662 712/49/662 713/49/661 711/43/661 
f 704/49/661 710/43/661 711/43/661 713/49/661 
f 700/49/663 707/43/663 710/43/661 704/49/661 
f 701/58/4 557/60/4 707/43/663 700/49/663 
f 425/58/4 557/60/4 701/58/4 
f 709/43/660 718/49/660 712/49/662 708/43/662 
f 712/49/644 718/49/644 626/49/644 627/49/644 
f 716/43/641 709/43/641 653/43/641 652/43/641 
f 653/43/602 654/42/603 651/42/600 652/43/601 
f 720/41/665 625/40/578 646/40/596 719/41/664 
f 625/40/578 626/49/579 645/49/595 646/40/596 
f 654/42/603 720/41/665 719/41/664 651/42/600 
f 719/41/664 646/40/596 722/89/667 721/41/666 
f 597/41/561 598/40/562 620/81/669 657/41/668 
f 598/40/562 625/40/578 619/82/670 620/81/669 
f 651/42/600 719/41/664 721/41/666 669/55/671 
f 602/42/566 597/41/561 657/41/668 723/83/672 
f 654/42/603 602/42/566 723/83/672 724/84/673 
f 623/42/576 663/52/608 660/51/675 725/85/674 
f 616/41/572 623/42/576 725/85/674 726/41/676 
f 663/52/608 664/53/609 659/41/677 660/51/675 
f 665/41/610 650/42/599 628/50/679 629/41/678 
f 668/54/613 615/40/571 728/87/681 727/86/680 
f 615/40/571 616/41/572 726/41/676 728/87/681 
f 664/53/609 668/54/613 727/86/680 659/41/677 
f 643/40/593 665/41/610 629/41/678 729/88/682 
f 646/40/596 643/40/593 729/88/682 722/89/667 
f 650/42/599 651/42/600 669/55/671 628/50/679 
f 625/40/578 720/41/665 647/41/683 619/82/670 
f 720/41/665 654/42/603 724/84/673 647/41/683 
f 731/83/684 658/41/685 648/41/685 730/84/684 
f 734/41/686 733/89/687 732/88/687 630/41/686 
f 658/41/685 621/81/688 622/82/688 648/41/685 
f 670/55/689 734/41/686 630/41/686 631/50/689 
f 661/51/690 662/41/691 736/41/691 735/85/690 
f 662/41/691 738/86/692 737/87/692 736/41/691 
f 730/84/693 648/41/183 647/41/183 724/84/693 
f 737/87/694 738/86/694 727/86/694 728/87/694 
f 734/41/170 670/55/695 669/55/695 721/41/170 
f 736/41/183 737/87/696 728/87/696 726/41/183 
f 658/41/170 731/83/697 723/83/697 657/41/170 
f 738/86/698 662/41/170 659/41/170 727/86/698 
f 731/83/699 730/84/699 724/84/699 723/83/699 
f 630/41/183 732/88/700 729/88/700 629/41/183 
f 661/51/701 735/85/701 725/85/701 660/51/701 
f 732/88/702 733/89/702 722/89/702 729/88/702 
f 735/85/703 736/41/183 726/41/183 725/85/703 
f 733/89/704 734/41/170 721/41/170 722/89/704 
f 742/40/708 741/41/707 740/41/706 739/40/705 
f 746/42/712 745/43/711 744/43/710 743/42/709 
f 750/59/343 749/46/343 748/46/343 747/59/343 
f 754/44/342 753/45/342 752/45/342 751/44/342 
f 749/46/349 756/47/349 755/47/349 748/46/349 
f 753/45/341 758/48/341 757/48/341 752/45/341 
f 762/40/716 761/41/715 760/41/714 759/40/713 
f 766/82/717 765/81/717 764/81/717 763/82/717 
f 761/41/715 768/42/719 767/42/718 760/41/714 
f 742/40/708 771/49/722 770/49/721 769/40/720 
f 775/50/723 774/41/217 773/41/217 772/50/723 
f 779/42/727 778/43/726 777/43/725 776/42/724 
f 783/40/731 782/41/730 781/41/729 780/40/728 
f 743/42/709 744/43/710 778/43/726 779/42/727 
f 739/40/705 740/41/706 782/41/730 783/40/731 
f 785/49/733 739/40/705 783/40/731 784/49/732 
f 784/49/732 783/40/731 780/40/728 786/49/734 
f 790/40/738 789/49/737 788/49/736 787/40/735 
f 792/41/217 766/82/739 763/82/739 791/41/217 
f 796/43/743 795/42/742 794/42/741 793/43/740 
f 771/49/722 742/40/708 739/40/705 785/49/733 
f 740/41/706 743/42/709 779/42/727 782/41/730 
f 782/41/730 779/42/727 776/42/724 781/41/729 
f 745/43/711 746/42/712 798/42/745 797/43/744 
f 768/42/719 800/43/747 799/43/746 767/42/718 
f 765/81/748 802/41/181 801/41/181 764/81/748 
f 741/41/707 746/42/712 743/42/709 740/41/706 
f 806/41/221 805/51/749 804/51/749 803/41/221 
f 794/42/741 809/41/752 808/53/751 807/52/750 
f 812/54/755 811/49/754 810/49/753 759/40/713 
f 787/40/735 788/49/736 811/49/754 812/54/755 
f 814/55/756 775/50/756 772/50/756 813/55/756 
f 809/41/752 787/40/735 812/54/755 808/53/751 
f 815/43/757 807/52/750 767/42/718 799/43/746 
f 793/43/740 794/42/741 807/52/750 815/43/757 
f 816/49/758 762/40/716 759/40/713 810/49/753 
f 819/58/761 786/49/734 818/57/760 817/56/759 
f 786/49/734 780/40/728 755/47/762 818/57/760 
f 781/41/729 776/42/724 747/59/764 748/46/763 
f 777/43/725 675/60/619 752/45/766 757/48/765 
f 381/64/338 822/63/769 821/62/768 820/61/767 
f 678/68/627 381/67/338 820/66/767 823/65/770 
f 780/40/728 781/41/729 748/46/763 755/47/762 
f 776/42/724 777/43/725 757/48/765 747/59/764 
f 827/69/282 826/70/282 825/70/282 824/69/282 
f 829/71/280 827/69/280 824/69/280 828/71/280 
f 833/72/771 832/73/771 831/73/771 830/72/771 
f 826/70/772 833/72/772 830/72/772 825/70/772 
f 834/56/351 754/74/351 751/74/351 817/56/351 
f 758/48/344 750/59/344 747/59/344 757/48/344 
f 835/57/352 834/56/352 817/56/352 818/57/352 
f 756/47/350 835/57/350 818/57/350 755/47/350 
f 834/56/348 835/57/1 837/76/1 836/75/348 
f 758/48/348 753/45/348 824/69/348 825/70/348 
f 754/74/348 834/56/348 836/75/348 828/77/348 
f 753/45/348 754/44/348 828/71/348 824/69/348 
f 835/57/1 756/47/1 838/78/1 837/76/1 
f 749/46/1 750/59/1 830/72/1 831/73/1 
f 756/47/1 749/46/1 831/73/1 838/78/1 
f 750/59/1 758/48/348 825/70/348 830/72/1 
f 840/75/1 839/76/1 829/77/348 
f 839/76/1 841/78/348 832/73/348 829/79/348 
f 832/73/348 833/72/348 826/70/348 829/80/348 
f 826/70/348 827/69/348 829/71/348 
f 832/73/281 841/78/281 838/78/281 831/73/281 
f 841/78/347 839/76/347 837/76/347 838/78/347 
f 840/75/345 829/77/345 828/77/345 836/75/345 
f 839/76/773 840/75/773 836/75/773 837/76/773 
f 843/43/774 842/43/774 815/43/774 799/43/774 
f 845/58/187 844/49/776 786/49/775 819/58/187 
f 847/49/777 846/49/777 788/49/777 789/49/777 
f 844/49/776 848/49/779 784/49/778 786/49/775 
f 846/49/777 849/49/777 811/49/777 788/49/777 
f 842/43/774 850/43/774 793/43/774 815/43/774 
f 851/43/781 701/60/175 675/60/175 777/43/780 
f 853/43/774 852/43/774 745/43/774 797/43/774 
f 855/43/785 854/43/784 778/43/783 744/43/782 
f 852/43/774 855/43/785 744/43/782 745/43/774 
f 857/49/787 856/49/777 771/49/777 785/49/786 
f 848/49/779 857/49/787 785/49/786 784/49/778 
f 859/49/777 858/49/777 816/49/777 810/49/777 
f 850/43/774 860/43/774 796/43/774 793/43/774 
f 861/43/774 843/43/774 799/43/774 800/43/774 
f 849/49/777 859/49/777 810/49/777 811/49/777 
f 854/43/784 851/43/781 777/43/780 778/43/783 
f 862/49/777 847/49/777 789/49/777 770/49/777 
f 859/49/789 843/43/789 861/43/788 858/49/788 
f 849/49/790 842/43/790 843/43/789 859/49/789 
f 846/49/791 850/43/791 842/43/790 849/49/790 
f 847/49/792 860/43/792 850/43/791 846/49/791 
f 860/43/792 847/49/792 862/49/793 853/43/793 
f 852/43/795 856/49/795 857/49/794 855/43/794 
f 848/49/794 854/43/794 855/43/794 857/49/794 
f 844/49/796 851/43/796 854/43/794 848/49/794 
f 845/58/5 701/60/4 851/43/796 844/49/796 
f 425/58/4 701/60/4 845/58/5 
f 853/43/793 862/49/793 856/49/795 852/43/795 
f 856/49/777 862/49/777 770/49/777 771/49/777 
f 860/43/774 853/43/774 797/43/774 796/43/774 
f 797/43/744 798/42/745 795/42/742 796/43/743 
f 864/41/798 769/40/720 790/40/738 863/41/797 
f 769/40/720 770/49/721 789/49/737 790/40/738 
f 798/42/745 864/41/798 863/41/797 795/42/742 
f 863/41/797 790/40/738 866/89/800 865/41/799 
f 741/41/707 742/40/708 764/81/802 801/41/801 
f 742/40/708 769/40/720 763/82/803 764/81/802 
f 795/42/742 863/41/797 865/41/799 813/55/804 
f 746/42/712 741/41/707 801/41/801 867/83/805 
f 798/42/745 746/42/712 867/83/805 868/84/806 
f 767/42/718 807/52/750 804/51/808 869/85/807 
f 760/41/714 767/42/718 869/85/807 870/41/809 
f 807/52/750 808/53/751 803/41/810 804/51/808 
f 809/41/752 794/42/741 772/50/812 773/41/811 
f 812/54/755 759/40/713 872/87/814 871/86/813 
f 759/40/713 760/41/714 870/41/809 872/87/814 
f 808/53/751 812/54/755 871/86/813 803/41/810 
f 787/40/735 809/41/752 773/41/811 873/88/815 
f 790/40/738 787/40/735 873/88/815 866/89/800 
f 794/42/741 795/42/742 813/55/804 772/50/812 
f 769/40/720 864/41/798 791/41/816 763/82/803 
f 864/41/798 798/42/745 868/84/806 791/41/816 
f 875/83/817 802/41/818 792/41/818 874/84/817 
f 878/41/819 877/89/820 876/88/820 774/41/819 
f 802/41/818 765/81/821 766/82/821 792/41/818 
f 814/55/822 878/41/819 774/41/819 775/50/822 
f 805/51/823 806/41/824 880/41/824 879/85/823 
f 806/41/824 882/86/825 881/87/825 880/41/824 
f 874/84/826 792/41/217 791/41/217 868/84/826 
f 881/87/827 882/86/827 871/86/827 872/87/827 
f 878/41/221 814/55/828 813/55/828 865/41/221 
f 880/41/217 881/87/829 872/87/829 870/41/217 
f 802/41/181 875/83/830 867/83/830 801/41/181 
f 882/86/831 806/41/221 803/41/221 871/86/831 
f 875/83/832 874/84/832 868/84/832 867/83/832 
f 774/41/217 876/88/833 873/88/833 773/41/217 
f 805/51/834 879/85/834 869/85/834 804/51/834 
f 876/88/835 877/89/835 866/89/835 873/88/835 
f 879/85/836 880/41/217 870/41/217 869/85/836 
f 877/89/837 878/41/221 865/41/221 866/89/837 
f 886/40/841 885/41/840 884/41/839 883/40/838 
f 890/42/845 889/43/844 888/43/843 887/42/842 
f 894/59/485 893/46/485 892/46/485 891/59/485 
f 898/44/484 897/45/484 896/45/484 895/44/484 
f 893/46/491 900/47/491 899/47/491 892/46/491 
f 897/45/483 902/48/483 901/48/483 896/45/483 
f 906/40/849 905/41/848 904/41/847 903/40/846 
f 910/82/850 909/81/850 908/81/850 907/82/850 
f 905/41/848 912/42/852 911/42/851 904/41/847 
f 886/40/841 915/49/855 914/49/854 913/40/853 
f 919/50/856 918/41/185 917/41/185 916/50/856 
f 923/42/860 922/43/859 921/43/858 920/42/857 
f 927/40/864 926/41/863 925/41/862 924/40/861 
f 887/42/842 888/43/843 922/43/859 923/42/860 
f 883/40/838 884/41/839 926/41/863 927/40/864 
f 929/49/866 883/40/838 927/40/864 928/49/865 
f 928/49/865 927/40/864 924/40/861 930/49/867 
f 934/40/871 933/49/870 932/49/869 931/40/868 
f 936/41/185 910/82/872 907/82/872 935/41/185 
f 940/43/876 939/42/875 938/42/874 937/43/873 
f 915/49/855 886/40/841 883/40/838 929/49/866 
f 884/41/839 887/42/842 923/42/860 926/41/863 
f 926/41/863 923/42/860 920/42/857 925/41/862 
f 889/43/844 890/42/845 942/42/878 941/43/877 
f 912/42/852 944/43/880 943/43/879 911/42/851 
f 909/81/881 946/41/169 945/41/169 908/81/881 
f 885/41/840 890/42/845 887/42/842 884/41/839 
f 950/41/169 949/51/882 948/51/882 947/41/169 
f 938/42/874 953/41/885 952/53/884 951/52/883 
f 956/54/888 955/49/887 954/49/886 903/40/846 
f 931/40/868 932/49/869 955/49/887 956/54/888 
f 958/55/889 919/50/889 916/50/889 957/55/889 
f 953/41/885 931/40/868 956/54/888 952/53/884 
f 959/43/890 951/52/883 911/42/851 943/43/879 
f 937/43/873 938/42/874 951/52/883 959/43/890 
f 960/49/891 906/40/849 903/40/846 954/49/886 
f 963/58/894 930/49/867 962/57/893 961/56/892 
f 930/49/867 924/40/861 899/47/895 962/57/893 
f 925/41/862 920/42/857 891/59/897 892/46/896 
f 921/43/858 819/60/761 896/45/899 901/48/898 
f 381/64/338 966/63/902 965/62/901 964/61/900 
f 822/68/769 381/67/338 964/66/900 967/65/903 
f 924/40/861 925/41/862 892/46/896 899/47/895 
f 920/42/857 921/43/858 901/48/898 891/59/897 
f 971/69/424 970/70/424 969/70/424 968/69/424 
f 973/71/422 971/69/422 968/69/422 972/71/422 
f 977/72/421 976/73/421 975/73/421 974/72/421 
f 970/70/488 977/72/488 974/72/488 969/70/488 
f 978/56/493 898/74/493 895/74/493 961/56/493 
f 902/48/486 894/59/486 891/59/486 901/48/486 
f 979/57/494 978/56/494 961/56/494 962/57/494 
f 900/47/492 979/57/492 962/57/492 899/47/492 
f 978/56/1 979/57/1 981/76/1 980/75/1 
f 902/48/1 897/45/348 968/69/348 969/70/1 
f 898/74/348 978/56/1 980/75/1 972/77/348 
f 897/45/348 898/44/348 972/71/348 968/69/348 
f 979/57/1 900/47/1 982/78/1 981/76/1 
f 893/46/1 894/59/1 974/72/1 975/73/1 
f 900/47/1 893/46/1 975/73/1 982/78/1 
f 894/59/1 902/48/1 969/70/1 974/72/1 
f 984/75/348 983/76/1 973/77/348 
f 983/76/1 985/78/1 976/73/1 973/79/348 
f 976/73/1 977/72/348 970/70/348 973/80/348 
f 970/70/348 971/69/348 973/71/348 
f 976/73/423 985/78/423 982/78/423 975/73/423 
f 985/78/490 983/76/490 981/76/490 982/78/490 
f 984/75/487 973/77/487 972/77/487 980/75/487 
f 983/76/489 984/75/489 980/75/489 981/76/489 
f 987/43/904 986/43/904 959/43/904 943/43/904 
f 989/58/177 988/49/906 930/49/905 963/58/177 
f 991/49/907 990/49/907 932/49/907 933/49/907 
f 988/49/906 992/49/909 928/49/908 930/49/905 
f 990/49/907 993/49/907 955/49/907 932/49/907 
f 986/43/904 994/43/904 937/43/904 959/43/904 
f 995/43/911 845/60/187 819/60/187 921/43/910 
f 997/43/904 996/43/904 889/43/904 941/43/904 
f 999/43/915 998/43/914 922/43/913 888/43/912 
f 996/43/904 999/43/915 888/43/912 889/43/904 
f 1001/49/917 1000/49/907 915/49/907 929/49/916 
f 992/49/909 1001/49/917 929/49/916 928/49/908 
f 1003/49/907 1002/49/907 960/49/907 954/49/907 
f 994/43/904 1004/43/904 940/43/904 937/43/904 
f 1005/43/904 987/43/904 943/43/904 944/43/904 
f 993/49/907 1003/49/907 954/49/907 955/49/907 
f 998/43/914 995/43/911 921/43/910 922/43/913 
f 1006/49/907 991/49/907 933/49/907 914/49/907 
f 1003/49/919 987/43/919 1005/43/918 1002/49/918 
f 993/49/920 986/43/920 987/43/919 1003/49/919 
f 990/49/921 994/43/921 986/43/920 993/49/920 
f 991/49/922 1004/43/922 994/43/921 990/49/921 
f 1004/43/922 991/49/922 1006/49/923 997/43/923 
f 996/43/925 1000/49/925 1001/49/924 999/43/924 
f 992/49/924 998/43/924 999/43/924 1001/49/924 
f 988/49/926 995/43/926 998/43/924 992/49/924 
f 989/58/5 845/60/5 995/43/926 988/49/926 
f 425/58/4 845/60/5 989/58/5 
f 997/43/923 1006/49/923 1000/49/925 996/43/925 
f 1000/49/907 1006/49/907 914/49/907 915/49/907 
f 1004/43/904 997/43/904 941/43/904 940/43/904 
f 941/43/877 942/42/878 939/42/875 940/43/876 
f 1008/41/928 913/40/853 934/40/871 1007/41/927 
f 913/40/853 914/49/854 933/49/870 934/40/871 
f 942/42/878 1008/41/928 1007/41/927 939/42/875 
f 1007/41/927 934/40/871 1010/89/930 1009/41/929 
f 885/41/840 886/40/841 908/81/932 945/41/931 
f 886/40/841 913/40/853 907/82/933 908/81/932 
f 939/42/875 1007/41/927 1009/41/929 957/55/934 
f 890/42/845 885/41/840 945/41/931 1011/83/935 
f 942/42/878 890/42/845 1011/83/935 1012/84/936 
f 911/42/851 951/52/883 948/51/938 1013/85/937 
f 904/41/847 911/42/851 1013/85/937 1014/41/939 
f 951/52/883 952/53/884 947/41/940 948/51/938 
f 953/41/885 938/42/874 916/50/942 917/41/941 
f 956/54/888 903/40/846 1016/87/944 1015/86/943 
f 903/40/846 904/41/847 1014/41/939 1016/87/944 
f 952/53/884 956/54/888 1015/86/943 947/41/940 
f 931/40/868 953/41/885 917/41/941 1017/88/945 
f 934/40/871 931/40/868 1017/88/945 1010/89/930 
f 938/42/874 939/42/875 957/55/934 916/50/942 
f 913/40/853 1008/41/928 935/41/946 907/82/933 
f 1008/41/928 942/42/878 1012/84/936 935/41/946 
f 1019/83/947 946/41/948 936/41/948 1018/84/947 
f 1022/41/949 1021/89/950 1020/88/950 918/41/949 
f 946/41/948 909/81/951 910/82/951 936/41/948 
f 958/55/952 1022/41/949 918/41/949 919/50/952 
f 949/51/953 950/41/954 1024/41/954 1023/85/953 
f 950/41/954 1026/86/955 1025/87/955 1024/41/954 
f 1018/84/956 936/41/185 935/41/185 1012/84/956 
f 1025/87/957 1026/86/957 1015/86/957 1016/87/957 
f 1022/41/169 958/55/958 957/55/958 1009/41/169 
f 1024/41/185 1025/87/959 1016/87/959 1014/41/185 
f 946/41/169 1019/83/960 1011/83/960 945/41/169 
f 1026/86/961 950/41/169 947/41/169 1015/86/961 
f 1019/83/962 1018/84/962 1012/84/962 1011/83/962 
f 918/41/185 1020/88/963 1017/88/963 917/41/185 
f 949/51/964 1023/85/964 1013/85/964 948/51/964 
f 1020/88/965 1021/89/965 1010/89/965 1017/88/965 
f 1023/85/966 1024/41/185 1014/41/185 1013/85/966 
f 1021/89/967 1022/41/169 1009/41/169 1010/89/967 
f 1030/40/971 1029/41/970 1028/41/969 1027/40/968 
f 1034/42/975 1033/43/974 1032/43/973 1031/42/972 
f 1038/59/631 1037/46/631 1036/46/631 1035/59/631 
f 1042/44/630 1041/45/630 1040/45/630 1039/44/630 
f 1037/46/637 1044/47/637 1043/47/637 1036/46/637 
f 1041/45/629 1046/48/629 1045/48/629 1040/45/629 
f 1050/40/979 1049/41/978 1048/41/977 1047/40/976 
f 1054/82/980 1053/81/980 1052/81/980 1051/82/980 
f 1049/41/978 1056/42/982 1055/42/981 1048/41/977 
f 1030/40/971 1059/49/985 1058/49/984 1057/40/983 
f 1063/50/986 1062/41/170 1061/41/170 1060/50/986 
f 1067/42/990 1066/43/989 1065/43/988 1064/42/987 
f 1071/40/994 1070/41/993 1069/41/992 1068/40/991 
f 1031/42/972 1032/43/973 1066/43/989 1067/42/990 
f 1027/40/968 1028/41/969 1070/41/993 1071/40/994 
f 1073/49/996 1027/40/968 1071/40/994 1072/49/995 
f 1072/49/995 1071/40/994 1068/40/991 1074/49/997 
f 1078/40/1001 1077/49/1000 1076/49/999 1075/40/998 
f 1080/41/170 1054/82/1002 1051/82/1002 1079/41/170 
f 1084/43/1006 1083/42/1005 1082/42/1004 1081/43/1003 
f 1059/49/985 1030/40/971 1027/40/968 1073/49/996 
f 1028/41/969 1031/42/972 1067/42/990 1070/41/993 
f 1070/41/993 1067/42/990 1064/42/987 1069/41/992 
f 1033/43/974 1034/42/975 1086/42/1008 1085/43/1007 
f 1056/42/982 1088/43/1010 1087/43/1009 1055/42/981 
f 1053/81/1011 1090/41/183 1089/41/183 1052/81/1011 
f 1029/41/970 1034/42/975 1031/42/972 1028/41/969 
f 1094/41/183 1093/51/1012 1092/51/1012 1091/41/183 
f 1082/42/1004 1097/41/1015 1096/53/1014 1095/52/1013 
f 1100/54/1018 1099/49/1017 1098/49/1016 1047/40/976 
f 1075/40/998 1076/49/999 1099/49/1017 1100/54/1018 
f 1102/55/1019 1063/50/1019 1060/50/1019 1101/55/1019 
f 1097/41/1015 1075/40/998 1100/54/1018 1096/53/1014 
f 1103/43/1020 1095/52/1013 1055/42/981 1087/43/1009 
f 1081/43/1003 1082/42/1004 1095/52/1013 1103/43/1020 
f 1104/49/1021 1050/40/979 1047/40/976 1098/49/1016 
f 377/58/334 1074/49/997 1106/57/1023 1105/56/1022 
f 1074/49/997 1068/40/991 1043/47/1024 1106/57/1023 
f 1069/41/992 1064/42/987 1035/59/1026 1036/46/1025 
f 1065/43/988 963/60/894 1040/45/1028 1045/48/1027 
f 381/64/338 383/63/340 1108/62/1030 1107/61/1029 
f 966/68/902 381/67/338 1107/66/1029 1109/65/1031 
f 1068/40/991 1069/41/992 1036/46/1025 1043/47/1024 
f 1064/42/987 1065/43/988 1045/48/1027 1035/59/1026 
f 1113/69/570 1112/70/570 1111/70/570 1110/69/570 
f 1115/71/568 1113/69/568 1110/69/568 1114/71/568 
f 1119/72/567 1118/73/567 1117/73/567 1116/72/567 
f 1112/70/634 1119/72/634 1116/72/634 1111/70/634 
f 1120/56/639 1042/74/639 1039/74/639 1105/56/639 
f 1046/48/632 1038/59/632 1035/59/632 1045/48/632 
f 1121/57/1032 1120/56/1032 1105/56/1032 1106/57/1032 
f 1044/47/638 1121/57/638 1106/57/638 1043/47/638 
f 1120/56/1 1121/57/1 1123/76/1 1122/75/1 
f 1046/48/1 1041/45/1 1110/69/1 1111/70/1 
f 1042/74/1 1120/56/1 1122/75/1 1114/77/1 
f 1041/45/1 1042/44/1 1114/71/1 1110/69/1 
f 1121/57/1 1044/47/1 1124/78/1 1123/76/1 
f 1037/46/1 1038/59/1 1116/72/1 1117/73/1 
f 1044/47/1 1037/46/1 1117/73/1 1124/78/1 
f 1038/59/1 1046/48/1 1111/70/1 1116/72/1 
f 1126/75/1 1125/76/1 1115/77/1 
f 1125/76/1 1127/78/1 1118/73/348 1115/79/1 
f 1118/73/348 1119/72/348 1112/70/348 1115/80/1 
f 1112/70/348 1113/69/1 1115/71/1 
f 1118/73/569 1127/78/569 1124/78/569 1117/73/569 
f 1127/78/636 1125/76/636 1123/76/636 1124/78/636 
f 1126/75/633 1115/77/633 1114/77/633 1122/75/633 
f 1125/76/635 1126/75/635 1122/75/635 1123/76/635 
f 1129/43/1033 1128/43/1033 1103/43/1033 1087/43/1033 
f 412/58/223 1130/49/1035 1074/49/1034 377/58/223 
f 1132/49/1036 1131/49/1036 1076/49/1036 1077/49/1036 
f 1130/49/1035 1133/49/1038 1072/49/1037 1074/49/1034 
f 1131/49/1036 1134/49/1036 1099/49/1036 1076/49/1036 
f 1128/43/1033 1135/43/1033 1081/43/1033 1103/43/1033 
f 1136/43/1040 989/60/177 963/60/177 1065/43/1039 
f 1138/43/1033 1137/43/1033 1033/43/1033 1085/43/1033 
f 1140/43/1044 1139/43/1043 1066/43/1042 1032/43/1041 
f 1137/43/1033 1140/43/1044 1032/43/1041 1033/43/1033 
f 1142/49/1046 1141/49/1036 1059/49/1036 1073/49/1045 
f 1133/49/1038 1142/49/1046 1073/49/1045 1072/49/1037 
f 1144/49/1036 1143/49/1036 1104/49/1036 1098/49/1036 
f 1135/43/1033 1145/43/1033 1084/43/1033 1081/43/1033 
f 1146/43/1033 1129/43/1033 1087/43/1033 1088/43/1033 
f 1134/49/1036 1144/49/1036 1098/49/1036 1099/49/1036 
f 1139/43/1043 1136/43/1040 1065/43/1039 1066/43/1042 
f 1147/49/1036 1132/49/1036 1077/49/1036 1058/49/1036 
f 1144/49/1048 1129/43/1048 1146/43/1047 1143/49/1047 
f 1134/49/1049 1128/43/1049 1129/43/1048 1144/49/1048 
f 1131/49/1050 1135/43/1050 1128/43/1049 1134/49/1049 
f 1132/49/1051 1145/43/1051 1135/43/1050 1131/49/1050 
f 1145/43/1051 1132/49/1051 1147/49/1052 1138/43/1052 
f 1137/43/1054 1141/49/1054 1142/49/1053 1140/43/1053 
f 1133/49/1053 1139/43/1053 1140/43/1053 1142/49/1053 
f 1130/49/1055 1136/43/1055 1139/43/1053 1133/49/1053 
f 412/58/5 989/60/5 1136/43/1055 1130/49/1055 
f 425/58/4 989/60/5 412/58/5 
f 1138/43/1052 1147/49/1052 1141/49/1054 1137/43/1054 
f 1141/49/1036 1147/49/1036 1058/49/1036 1059/49/1036 
f 1145/43/1033 1138/43/1033 1085/43/1033 1084/43/1033 
f 1085/43/1007 1086/42/1008 1083/42/1005 1084/43/1006 
f 1149/41/1057 1057/40/983 1078/40/1001 1148/41/1056 
f 1057/40/983 1058/49/984 1077/49/1000 1078/40/1001 
f 1086/42/1008 1149/41/1057 1148/41/1056 1083/42/1005 
f 1148/41/1056 1078/40/1001 1151/89/1059 1150/41/1058 
f 1029/41/970 1030/40/971 1052/81/1061 1089/41/1060 
f 1030/40/971 1057/40/983 1051/82/1062 1052/81/1061 
f 1083/42/1005 1148/41/1056 1150/41/1058 1101/55/1063 
f 1034/42/975 1029/41/970 1089/41/1060 1152/83/1064 
f 1086/42/1008 1034/42/975 1152/83/1064 1153/84/1065 
f 1055/42/981 1095/52/1013 1092/51/1067 1154/85/1066 
f 1048/41/977 1055/42/981 1154/85/1066 1155/41/1068 
f 1095/52/1013 1096/53/1014 1091/41/1069 1092/51/1067 
f 1097/41/1015 1082/42/1004 1060/50/1071 1061/41/1070 
f 1100/54/1018 1047/40/976 1157/87/1073 1156/86/1072 
f 1047/40/976 1048/41/977 1155/41/1068 1157/87/1073 
f 1096/53/1014 1100/54/1018 1156/86/1072 1091/41/1069 
f 1075/40/998 1097/41/1015 1061/41/1070 1158/88/1074 
f 1078/40/1001 1075/40/998 1158/88/1074 1151/89/1059 
f 1082/42/1004 1083/42/1005 1101/55/1063 1060/50/1071 
f 1057/40/983 1149/41/1057 1079/41/1075 1051/82/1062 
f 1149/41/1057 1086/42/1008 1153/84/1065 1079/41/1075 
f 1160/83/1076 1090/41/1077 1080/41/1077 1159/84/1076 
f 1163/41/1078 1162/89/1079 1161/88/1079 1062/41/1078 
f 1090/41/1077 1053/81/1080 1054/82/1080 1080/41/1077 
f 1102/55/1081 1163/41/1078 1062/41/1078 1063/50/1081 
f 1093/51/1082 1094/41/1083 1165/41/1083 1164/85/1082 
f 1094/41/1083 1167/86/1084 1166/87/1084 1165/41/1083 
f 1159/84/1085 1080/41/170 1079/41/170 1153/84/1085 
f 1166/87/1086 1167/86/1086 1156/86/1086 1157/87/1086 
f 1163/41/183 1102/55/1087 1101/55/1087 1150/41/183 
f 1165/41/170 1166/87/1088 1157/87/1088 1155/41/170 
f 1090/41/183 1160/83/1089 1152/83/1089 1089/41/183 
f 1167/86/1090 1094/41/183 1091/41/183 1156/86/1090 
f 1160/83/1091 1159/84/1091 1153/84/1091 1152/83/1091 
f 1062/41/170 1161/88/1092 1158/88/1092 1061/41/170 
f 1093/51/1093 1164/85/1093 1154/85/1093 1092/51/1093 
f 1161/88/1094 1162/89/1094 1151/89/1094 1158/88/1094 
f 1164/85/1095 1165/41/170 1155/41/170 1154/85/1095 
f 1162/89/1096 1163/41/183 1150/41/183 1151/89/1096 
f 399/59/771 320/46/771 317/46/771 376/59/771 
f 1169/82/1097 1168/81/1097 429/81/1097 430/82/1097 
f 1170/41/221 1169/82/1098 430/82/1098 440/41/221 
f 306/41/273 309/42/276 339/42/296 342/41/299 
f 1168/81/1099 449/41/217 428/41/217 429/81/1099 
f 307/41/274 312/42/279 309/42/276 306/41/273 
f 322/48/772 399/59/772 376/59/772 321/48/772 
f 427/41/378 329/40/289 350/40/307 426/41/377 
f 426/41/377 350/40/307 439/89/394 431/41/383 
f 365/41/319 352/42/309 332/50/395 333/41/393 
f 329/40/289 427/41/378 440/41/396 430/82/381 
f 448/83/1100 449/41/1101 1170/41/1101 450/84/1100 
f 449/41/1101 1168/81/1102 1169/82/1102 1170/41/1101 
f 450/84/1103 1170/41/221 440/41/221 433/84/1103 
f 442/89/1104 443/41/173 431/41/173 439/89/1104 
f 375/58/328 373/56/326 1172/91/1106 1171/90/1105 
f 529/56/471 463/74/1108 1174/92/1108 1173/91/1107 
f 463/44/1108 464/45/478 1175/94/1109 1174/93/1108 
f 531/58/473 529/56/471 1173/91/1107 1176/90/1110 
f 673/56/617 607/74/1112 1178/92/1112 1177/91/1111 
f 607/44/1112 608/45/624 1179/94/1113 1178/93/1112 
f 675/58/619 673/56/617 1177/91/1111 1180/90/1114 
f 817/56/759 751/74/1116 1182/92/1116 1181/91/1115 
f 751/44/1116 752/45/766 1183/94/1117 1182/93/1116 
f 819/58/761 817/56/759 1181/91/1115 1184/90/1118 
f 961/56/892 895/74/1120 1186/92/1120 1185/91/1119 
f 895/44/1120 896/45/899 1187/94/1121 1186/93/1120 
f 963/58/894 961/56/892 1185/91/1119 1188/90/1122 
f 1105/56/1022 1039/74/1124 1190/92/1124 1189/91/1123 
f 1039/44/1124 1040/45/1028 1191/94/1125 1190/93/1124 
f 377/58/334 1105/56/1022 1189/91/1123 1192/90/1126 
f 373/56/326 313/74/1127 1193/92/1127 1172/91/1106 
f 313/44/1127 314/45/333 1194/94/1128 1193/93/1127 
f 314/45/333 377/60/334 1192/95/1126 1194/94/1128 
f 464/45/478 375/60/328 1171/95/1105 1175/94/1109 
f 608/45/624 531/60/473 1176/95/1110 1179/94/1113 
f 752/45/766 675/60/619 1180/95/1114 1183/94/1117 
f 896/45/899 819/60/761 1184/95/1118 1187/94/1121 
f 1040/45/1028 963/60/894 1188/95/1122 1191/94/1125 
f 1196/92/1132 1195/91/1131 1177/91/1130 1178/92/1129 
f 1198/65/1136 1197/68/1135 966/68/1134 1109/65/1133 
f 1200/94/1140 1199/93/1139 1193/93/1138 1194/94/1137 
f 1202/63/1144 1201/62/1143 821/62/1142 822/63/1141 
f 1204/91/1146 1203/90/1135 1176/90/1134 1173/91/1145 
f 1205/65/1148 1202/68/1144 822/68/1141 967/65/1147 
f 1199/92/1139 1206/91/1150 1172/91/1149 1193/92/1138 
f 1208/66/1139 1207/65/1152 823/65/1151 820/66/1138 
f 1210/94/1156 1209/93/1155 1174/93/1154 1175/94/1153 
f 1207/65/1152 1211/68/1158 678/68/1157 823/65/1151 
f 1213/91/1160 1212/90/1158 1192/90/1157 1189/91/1159 
f 1201/62/1143 1208/61/1139 820/61/1138 821/62/1142 
f 1209/92/1155 1204/91/1146 1173/91/1145 1174/92/1154 
f 1215/65/1164 1214/68/1163 534/68/1162 679/65/1161 
f 1217/94/1168 1216/93/1167 1190/93/1166 1191/94/1165 
f 1211/63/1158 1218/62/1170 677/62/1169 678/63/1157 
f 1206/91/1150 1219/90/1144 1171/90/1141 1172/91/1149 
f 1221/65/1174 1220/68/1173 380/68/1172 535/65/1171 
f 1216/92/1167 1213/91/1160 1189/91/1159 1190/92/1166 
f 1222/66/1167 1215/65/1164 679/65/1161 676/66/1166 
f 1224/65/1178 1223/68/1177 383/68/1176 382/65/1175 
f 1226/91/1180 1225/90/1163 1188/90/1162 1185/91/1179 
f 1218/62/1170 1222/61/1167 676/61/1166 677/62/1169 
f 1227/66/1182 1224/65/1178 382/65/1175 378/66/1181 
f 1219/90/1183 1206/91/1184 1228/62/1184 1220/63/1183 
f 1204/91/1185 1209/92/1186 1230/61/1186 1229/62/1185 
f 1209/93/1186 1210/94/1187 1221/65/1187 1230/66/1186 
f 1203/90/1188 1204/91/1185 1229/62/1185 1214/63/1188 
f 1195/91/1189 1196/92/1190 1222/61/1190 1218/62/1189 
f 1196/93/1190 1231/94/1191 1215/65/1191 1222/66/1190 
f 1232/90/1192 1195/91/1189 1218/62/1189 1211/63/1192 
f 1234/91/1193 1233/92/1195 1208/61/1194 1201/62/1193 
f 1233/93/1195 1235/94/1196 1207/65/1196 1208/66/1194 
f 1236/90/1197 1234/91/1193 1201/62/1193 1202/63/1197 
f 1226/91/1198 1239/92/1199 1238/61/1199 1237/62/1198 
f 1239/93/1199 1240/94/1200 1205/65/1200 1238/66/1199 
f 1225/90/1201 1226/91/1198 1237/62/1198 1197/63/1201 
f 1213/91/1204 1216/92/1203 1242/61/1203 1241/62/1202 
f 1216/93/1203 1217/94/1205 1198/65/1205 1242/66/1203 
f 1212/90/1206 1213/91/1204 1241/62/1202 1223/63/1206 
f 1206/91/1184 1199/92/1207 1227/61/1207 1228/62/1184 
f 1199/93/1207 1200/94/1208 1224/65/1208 1227/66/1207 
f 1200/94/1208 1212/95/1206 1223/68/1206 1224/65/1208 
f 1210/94/1187 1219/95/1183 1220/68/1183 1221/65/1187 
f 1231/94/1191 1203/95/1188 1214/68/1188 1215/65/1191 
f 1235/94/1196 1232/95/1192 1211/68/1192 1207/65/1196 
f 1240/94/1200 1236/95/1197 1202/68/1197 1205/65/1200 
f 1217/94/1205 1225/95/1201 1197/68/1201 1198/65/1205 
f 1237/62/1210 1238/61/1155 964/61/1154 965/62/1209 
f 1212/95/1158 1200/94/1140 1194/94/1137 1192/95/1157 
f 1231/94/1212 1196/93/1132 1178/93/1129 1179/94/1211 
f 1238/66/1155 1205/65/1148 967/65/1147 964/66/1154 
f 1219/95/1144 1210/94/1156 1175/94/1153 1171/95/1141 
f 1195/91/1131 1232/90/1177 1180/90/1176 1177/91/1130 
f 1197/63/1135 1237/62/1210 965/62/1209 966/63/1134 
f 1203/95/1135 1231/94/1212 1179/94/1211 1176/95/1134 
f 1233/92/1182 1234/91/1214 1181/91/1213 1182/92/1181 
f 1241/62/1216 1242/61/1132 1107/61/1129 1108/62/1215 
f 1232/95/1177 1235/94/1218 1183/94/1217 1180/95/1176 
f 1220/63/1173 1228/62/1220 379/62/1219 380/63/1172 
f 1235/94/1218 1233/93/1182 1182/93/1181 1183/94/1217 
f 1242/66/1132 1198/65/1136 1109/65/1133 1107/66/1129 
f 1236/95/1173 1240/94/1222 1187/94/1221 1184/95/1172 
f 1229/62/1226 1230/61/1225 532/61/1224 533/62/1223 
f 1234/91/1214 1236/90/1173 1184/90/1172 1181/91/1213 
f 1223/63/1177 1241/62/1216 1108/62/1215 383/63/1176 
f 1225/95/1163 1217/94/1168 1191/94/1165 1188/95/1162 
f 1230/66/1225 1221/65/1174 535/65/1171 532/66/1224 
f 1239/92/1225 1226/91/1180 1185/91/1179 1186/92/1224 
f 1228/62/1220 1227/61/1182 378/61/1181 379/62/1219 
f 1214/63/1163 1229/62/1226 533/62/1223 534/63/1162 
f 1240/94/1222 1239/93/1225 1186/93/1224 1187/94/1221 
usemtl brakes
f 1246/39/220 1245/39/220 1244/39/218 1243/39/218 
f 1250/39/174 1249/39/174 1248/39/169 1247/39/169 
f 1254/39/180 1253/39/180 1252/39/177 1251/39/177 
f 1258/39/175 1257/39/175 1256/39/171 1255/39/171 
f 1260/39/182 1259/39/182 1245/39/220 1246/39/220 
f 1251/39/177 1252/39/177 1249/39/174 1250/39/174 
f 1262/39/183 1261/39/183 1253/39/180 1254/39/180 
f 1264/39/219 1263/39/219 1257/39/175 1258/39/175 
f 1266/39/185 1265/39/185 1259/39/182 1260/39/182 
f 1268/39/186 1267/39/186 1261/39/183 1262/39/183 
f 1270/39/221 1269/39/221 1263/39/219 1264/39/219 
f 1272/39/188 1271/39/188 1265/39/185 1266/39/185 
f 1274/39/223 1273/39/223 1267/39/186 1268/39/186 
f 1276/39/222 1275/39/222 1269/39/221 1270/39/221 
f 1278/39/189 1277/39/189 1271/39/188 1272/39/188 
f 1280/39/216 1279/39/216 1273/39/223 1274/39/223 
f 1282/39/187 1281/39/187 1275/39/222 1276/39/222 
f 1284/39/190 1283/39/190 1277/39/189 1278/39/189 
f 1286/39/217 1285/39/217 1279/39/216 1280/39/216 
f 1288/39/168 1287/39/168 1281/39/187 1282/39/187 
f 1290/39/170 1289/39/170 1283/39/190 1284/39/190 
f 1243/39/218 1244/39/218 1285/39/217 1286/39/217 
f 1247/39/169 1248/39/169 1287/39/168 1288/39/168 
f 1255/39/171 1256/39/171 1289/39/170 1290/39/170 
f 1273/39/4 1279/39/4 1285/39/4 1267/39/4 
f 1285/39/4 1244/39/4 1261/39/4 1267/39/4 
f 1244/39/4 1245/39/5 1253/39/5 1261/39/4 
f 1245/39/5 1259/39/4 1252/39/4 1253/39/5 
f 1249/39/4 1252/39/4 1259/39/4 1265/39/4 
f 1248/39/5 1249/39/4 1265/39/4 1271/39/5 
f 1287/39/5 1248/39/5 1271/39/5 1277/39/5 
f 1281/39/4 1287/39/5 1277/39/5 1283/39/4 
f 1275/39/4 1281/39/4 1283/39/4 1289/39/4 
f 1269/39/4 1275/39/4 1289/39/4 1256/39/4 
f 1263/39/4 1269/39/4 1256/39/4 1257/39/4 
f 1294/39/171 1293/39/171 1292/39/175 1291/39/175 
f 1298/39/177 1297/39/177 1296/39/180 1295/39/180 
f 1302/39/169 1301/39/169 1300/39/174 1299/39/174 
f 1306/39/218 1305/39/218 1304/39/220 1303/39/220 
f 1308/39/170 1307/39/170 1293/39/171 1294/39/171 
f 1310/39/168 1309/39/168 1301/39/169 1302/39/169 
f 1312/39/217 1311/39/217 1305/39/218 1306/39/218 
f 1314/39/190 1313/39/190 1307/39/170 1308/39/170 
f 1316/39/187 1315/39/187 1309/39/168 1310/39/168 
f 1318/39/216 1317/39/216 1311/39/217 1312/39/217 
f 1320/39/189 1319/39/189 1313/39/190 1314/39/190 
f 1295/39/1 1254/39/1 1251/39/348 1298/39/348 
f 1321/39/348 1262/39/348 1254/39/1 1295/39/1 
f 1322/39/348 1268/39/348 1262/39/348 1321/39/348 
f 1323/39/348 1274/39/348 1268/39/348 1322/39/348 
f 1318/39/348 1280/39/348 1274/39/348 1323/39/348 
f 1312/39/1 1286/39/1 1280/39/348 1318/39/348 
f 1306/39/1 1243/39/1 1286/39/1 1312/39/1 
f 1303/39/1 1246/39/1 1243/39/1 1306/39/1 
f 1324/39/1 1260/39/1 1246/39/1 1303/39/1 
f 1325/39/348 1266/39/348 1260/39/1 1324/39/1 
f 1326/39/1 1272/39/1 1266/39/348 1325/39/348 
f 1320/39/1 1278/39/1 1272/39/1 1326/39/1 
f 1314/39/1 1284/39/1 1278/39/1 1320/39/1 
f 1308/39/1 1290/39/1 1284/39/1 1314/39/1 
f 1294/39/1 1255/39/1 1290/39/1 1308/39/1 
f 1291/39/1 1258/39/1 1255/39/1 1294/39/1 
f 1327/39/1 1264/39/1 1258/39/1 1291/39/1 
f 1328/39/1 1270/39/1 1264/39/1 1327/39/1 
f 1329/39/1 1276/39/1 1270/39/1 1328/39/1 
f 1316/39/1 1282/39/1 1276/39/1 1329/39/1 
f 1310/39/1 1288/39/1 1282/39/1 1316/39/1 
f 1302/39/1 1247/39/1 1288/39/1 1310/39/1 
f 1299/39/348 1250/39/348 1247/39/1 1302/39/1 
f 1298/39/348 1251/39/348 1250/39/348 1299/39/348 
f 1304/39/1 1305/39/1 1311/39/1 1330/39/1 
f 1317/39/1 1331/39/1 1330/39/1 1311/39/1 
f 1333/39/1 1332/39/1 1331/39/1 1317/39/1 
f 1334/39/1 1319/39/1 1332/39/1 1333/39/1 
f 1335/39/1 1313/39/1 1319/39/1 1334/39/1 
f 1296/39/1 1307/39/1 1313/39/1 1335/39/1 
f 1297/39/1 1293/39/1 1307/39/1 1296/39/1 
f 1293/39/1 1297/39/1 1300/39/348 1292/39/348 
f 1292/39/348 1300/39/348 1301/39/348 1336/39/348 
f 1336/39/348 1301/39/348 1309/39/1 1337/39/1 
f 1337/39/1 1309/39/1 1315/39/1 1338/39/1 
f 1303/39/220 1304/39/220 1330/39/182 1324/39/182 
f 1299/39/174 1300/39/174 1297/39/177 1298/39/177 
f 1295/39/180 1296/39/180 1335/39/183 1321/39/183 
f 1291/39/175 1292/39/175 1336/39/219 1327/39/219 
f 1324/39/182 1330/39/182 1331/39/185 1325/39/185 
f 1321/39/183 1335/39/183 1334/39/186 1322/39/186 
f 1327/39/219 1336/39/219 1337/39/221 1328/39/221 
f 1325/39/185 1331/39/185 1332/39/188 1326/39/188 
f 1322/39/186 1334/39/186 1333/39/223 1323/39/223 
f 1328/39/221 1337/39/221 1338/39/222 1329/39/222 
f 1326/39/188 1332/39/188 1319/39/189 1320/39/189 
f 1323/39/223 1333/39/223 1317/39/216 1318/39/216 
f 1329/39/222 1338/39/222 1315/39/187 1316/39/187 
usemtl tire
f 1342/39/1230 1341/39/1229 1340/39/1228 1339/39/1227 
f 1346/39/1234 1345/39/1233 1344/39/1232 1343/39/1231 
f 1350/39/1238 1349/39/1237 1348/39/1236 1347/39/1235 
f 1341/39/1229 1352/39/1240 1351/39/1239 1340/39/1228 
f 1345/39/1233 1354/39/1242 1353/39/1241 1344/39/1232 
f 1349/39/1237 1356/39/1244 1355/39/1243 1348/39/1236 
f 1352/39/1240 1358/39/1246 1357/39/1245 1351/39/1239 
f 1354/39/1242 1360/39/1248 1359/39/1247 1353/39/1241 
f 1356/39/1244 1362/39/1250 1361/39/1249 1355/39/1243 
f 1358/39/1246 1364/39/1252 1363/39/1251 1357/39/1245 
f 1360/39/1248 1366/39/1254 1365/39/1253 1359/39/1247 
f 1364/39/1252 1368/39/1256 1367/39/1255 1363/39/1251 
f 1366/39/1254 1370/39/1258 1369/39/1257 1365/39/1253 
f 1362/39/1250 1372/39/1260 1371/39/1259 1361/39/1249 
f 1368/39/1256 1374/39/1262 1373/39/1261 1367/39/1255 
f 1370/39/1258 1376/39/1264 1375/39/1263 1369/39/1257 
f 1380/39/1266 1379/39/1265 1378/39/180 1377/39/177 
f 1384/39/1270 1383/39/1269 1382/39/1268 1381/39/1267 
f 1374/39/1262 1386/39/1272 1385/39/1271 1373/39/1261 
f 1376/39/1264 1342/39/1230 1339/39/1227 1375/39/1263 
f 1383/39/1269 1346/39/1234 1343/39/1231 1382/39/1268 
f 1386/39/1272 1350/39/1238 1347/39/1235 1385/39/1271 
f 1390/39/1274 1389/39/1273 1388/39/182 1387/39/220 
f 1392/39/1276 1384/39/1270 1381/39/1267 1391/39/1275 
f 1379/39/1265 1394/39/1277 1393/39/183 1378/39/180 
f 1398/39/1279 1397/39/1278 1396/39/219 1395/39/175 
f 1389/39/1273 1400/39/1280 1399/39/185 1388/39/182 
f 1394/39/1277 1402/39/1281 1401/39/186 1393/39/183 
f 1397/39/1278 1404/39/1282 1403/39/221 1396/39/219 
f 1400/39/1280 1406/39/1283 1405/39/188 1399/39/185 
f 1402/39/1281 1408/39/1284 1407/39/223 1401/39/186 
f 1404/39/1282 1410/39/1285 1409/39/222 1403/39/221 
f 1406/39/1283 1412/39/1286 1411/39/189 1405/39/188 
f 1408/39/1284 1414/39/1287 1413/39/216 1407/39/223 
f 1410/39/1285 1416/39/1288 1415/39/187 1409/39/222 
f 1412/39/1286 1418/39/1289 1417/39/190 1411/39/189 
f 1414/39/1287 1420/39/1290 1419/39/217 1413/39/216 
f 1416/39/1288 1422/39/1291 1421/39/168 1415/39/187 
f 1418/39/1289 1424/39/1292 1423/39/170 1417/39/190 
f 1420/39/1290 1426/39/1293 1425/39/218 1419/39/217 
f 1422/39/1291 1428/39/1294 1427/39/169 1421/39/168 
f 1424/39/1292 1430/39/1295 1429/39/171 1423/39/170 
f 1426/39/1293 1390/39/1274 1387/39/220 1425/39/218 
f 1428/39/1294 1432/39/1296 1431/39/174 1427/39/169 
f 1432/39/1296 1380/39/1266 1377/39/177 1431/39/174 
f 1430/39/1295 1398/39/1279 1395/39/175 1429/39/171 
f 1436/39/1300 1435/39/1299 1434/39/1298 1433/39/1297 
f 1440/39/1304 1439/39/1303 1438/39/1302 1437/39/1301 
f 1444/39/1308 1443/39/1307 1442/39/1306 1441/39/1305 
f 1435/39/1299 1446/39/1310 1445/39/1309 1434/39/1298 
f 1439/39/1303 1448/39/1312 1447/39/1311 1438/39/1302 
f 1443/39/1307 1450/39/1314 1449/39/1313 1442/39/1306 
f 1446/39/1310 1452/39/1316 1451/39/1315 1445/39/1309 
f 1448/39/1312 1454/39/1318 1453/39/1317 1447/39/1311 
f 1450/39/1314 1456/39/1320 1455/39/1319 1449/39/1313 
f 1452/39/1316 1458/39/1322 1457/39/1321 1451/39/1315 
f 1454/39/1318 1460/39/1324 1459/39/1323 1453/39/1317 
f 1460/39/1324 1462/39/1326 1461/39/1325 1459/39/1323 
f 1456/39/1320 1464/39/1328 1463/39/1327 1455/39/1319 
f 1458/39/1322 1466/39/1330 1465/39/1329 1457/39/1321 
f 1468/39/1332 1392/39/1276 1391/39/1275 1467/39/1331 
f 1472/39/1336 1471/39/1335 1470/39/1334 1469/39/1333 
f 1464/39/1328 1474/39/1338 1473/39/1337 1463/39/1327 
f 1466/39/1330 1476/39/1340 1475/39/1339 1465/39/1329 
f 1471/39/1335 1478/39/1342 1477/39/1341 1470/39/1334 
f 1474/39/1338 1480/39/1344 1479/39/1343 1473/39/1337 
f 1476/39/1340 1482/39/1346 1481/39/1345 1475/39/1339 
f 1478/39/1342 1436/39/1300 1433/39/1297 1477/39/1341 
f 1480/39/1344 1440/39/1304 1437/39/1301 1479/39/1343 
f 1482/39/1346 1444/39/1308 1441/39/1305 1481/39/1345 
f 1486/39/1350 1485/39/1349 1484/39/1348 1483/39/1347 
f 1488/39/1352 1486/39/1350 1483/39/1347 1487/39/1351 
f 1492/39/1356 1491/39/1355 1490/39/1354 1489/39/1353 
f 1496/39/1360 1495/39/1359 1494/39/1358 1493/39/1357 
f 1498/39/1362 1488/39/1352 1487/39/1351 1497/39/1361 
f 1500/39/1364 1492/39/1356 1489/39/1353 1499/39/1363 
f 1502/39/1366 1496/39/1360 1493/39/1357 1501/39/1365 
f 1504/39/1368 1498/39/1362 1497/39/1361 1503/39/1367 
f 1506/39/1370 1500/39/1364 1499/39/1363 1505/39/1369 
f 1508/39/1372 1502/39/1366 1501/39/1365 1507/39/1371 
f 1510/39/1374 1504/39/1368 1503/39/1367 1509/39/1373 
f 1512/39/1376 1506/39/1370 1505/39/1369 1511/39/1375 
f 1514/39/1378 1508/39/1372 1507/39/1371 1513/39/1377 
f 1516/39/1380 1510/39/1374 1509/39/1373 1515/39/1379 
f 1518/39/1382 1512/39/1376 1511/39/1375 1517/39/1381 
f 1520/39/1384 1514/39/1378 1513/39/1377 1519/39/1383 
f 1522/39/1386 1516/39/1380 1515/39/1379 1521/39/1385 
f 1524/39/1388 1518/39/1382 1517/39/1381 1523/39/1387 
f 1526/39/1390 1520/39/1384 1519/39/1383 1525/39/1389 
f 1528/39/1392 1522/39/1386 1521/39/1385 1527/39/1391 
f 1530/39/1394 1524/39/1388 1523/39/1387 1529/39/1393 
f 1491/39/1355 1526/39/1390 1525/39/1389 1490/39/1354 
f 1495/39/1359 1528/39/1392 1527/39/1391 1494/39/1358 
f 1532/39/1396 1531/39/1395 1401/39/186 1407/39/223 
f 1534/39/1398 1533/39/1397 1403/39/221 1409/39/222 
f 1536/39/1400 1535/39/1399 1405/39/188 1411/39/189 
f 1537/39/1401 1532/39/1396 1407/39/223 1413/39/216 
f 1538/39/1402 1534/39/1398 1409/39/222 1415/39/187 
f 1539/39/1403 1536/39/1400 1411/39/189 1417/39/190 
f 1540/39/1404 1537/39/1401 1413/39/216 1419/39/217 
f 1541/39/1405 1538/39/1402 1415/39/187 1421/39/168 
f 1542/39/1406 1539/39/1403 1417/39/190 1423/39/170 
f 1543/39/1407 1540/39/1404 1419/39/217 1425/39/218 
f 1544/39/1408 1541/39/1405 1421/39/168 1427/39/169 
f 1545/39/1409 1542/39/1406 1423/39/170 1429/39/171 
f 1546/39/1410 1543/39/1407 1425/39/218 1387/39/220 
f 1547/39/1411 1544/39/1408 1427/39/169 1431/39/174 
f 1549/39/1413 1548/39/1412 1377/39/177 1378/39/180 
f 1550/39/1414 1545/39/1409 1429/39/171 1395/39/175 
f 1551/39/1415 1546/39/1410 1387/39/220 1388/39/182 
f 1548/39/1412 1547/39/1411 1431/39/174 1377/39/177 
f 1552/39/1416 1549/39/1413 1378/39/180 1393/39/183 
f 1553/39/1417 1550/39/1414 1395/39/175 1396/39/219 
f 1554/39/1418 1551/39/1415 1388/39/182 1399/39/185 
f 1531/39/1395 1552/39/1416 1393/39/183 1401/39/186 
f 1533/39/1397 1553/39/1417 1396/39/219 1403/39/221 
f 1535/39/1399 1554/39/1418 1399/39/185 1405/39/188 
f 1556/39/1420 1555/39/1419 1516/39/1380 1522/39/1386 
f 1558/39/1422 1557/39/1421 1518/39/1382 1524/39/1388 
f 1560/39/1424 1559/39/1423 1530/39/1394 1485/39/1349 
f 1562/39/1426 1561/39/1425 1520/39/1384 1526/39/1390 
f 1563/39/1427 1556/39/1420 1522/39/1386 1528/39/1392 
f 1559/39/1423 1558/39/1422 1524/39/1388 1530/39/1394 
f 1564/39/1428 1560/39/1424 1485/39/1349 1486/39/1350 
f 1565/39/1429 1562/39/1426 1526/39/1390 1491/39/1355 
f 1566/39/1430 1563/39/1427 1528/39/1392 1495/39/1359 
f 1567/39/1431 1564/39/1428 1486/39/1350 1488/39/1352 
f 1568/39/1432 1565/39/1429 1491/39/1355 1492/39/1356 
f 1569/39/1433 1566/39/1430 1495/39/1359 1496/39/1360 
f 1570/39/1434 1567/39/1431 1488/39/1352 1498/39/1362 
f 1571/39/1435 1568/39/1432 1492/39/1356 1500/39/1364 
f 1572/39/1436 1569/39/1433 1496/39/1360 1502/39/1366 
f 1573/39/1437 1570/39/1434 1498/39/1362 1504/39/1368 
f 1574/39/1438 1571/39/1435 1500/39/1364 1506/39/1370 
f 1575/39/1439 1572/39/1436 1502/39/1366 1508/39/1372 
f 1576/39/1440 1573/39/1437 1504/39/1368 1510/39/1374 
f 1577/39/1441 1574/39/1438 1506/39/1370 1512/39/1376 
f 1578/39/1442 1575/39/1439 1508/39/1372 1514/39/1378 
f 1555/39/1419 1576/39/1440 1510/39/1374 1516/39/1380 
f 1557/39/1421 1577/39/1441 1512/39/1376 1518/39/1382 
f 1561/39/1425 1578/39/1442 1514/39/1378 1520/39/1384 
f 1580/39/1444 1579/39/1443 1461/39/1325 1469/39/1333 
f 1379/39/1265 1380/39/1266 1579/39/1443 1580/39/1444 
f 1581/39/1445 1580/39/1444 1469/39/1333 1470/39/1334 
f 1394/39/1277 1379/39/1265 1580/39/1444 1581/39/1445 
f 1582/39/1446 1581/39/1445 1470/39/1334 1477/39/1341 
f 1402/39/1281 1394/39/1277 1581/39/1445 1582/39/1446 
f 1583/39/1447 1582/39/1446 1477/39/1341 1433/39/1297 
f 1408/39/1284 1402/39/1281 1582/39/1446 1583/39/1447 
f 1584/39/1448 1583/39/1447 1433/39/1297 1434/39/1298 
f 1414/39/1287 1408/39/1284 1583/39/1447 1584/39/1448 
f 1585/39/1449 1584/39/1448 1434/39/1298 1445/39/1309 
f 1420/39/1290 1414/39/1287 1584/39/1448 1585/39/1449 
f 1586/39/1450 1585/39/1449 1445/39/1309 1451/39/1315 
f 1426/39/1293 1420/39/1290 1585/39/1449 1586/39/1450 
f 1587/39/1451 1586/39/1450 1451/39/1315 1457/39/1321 
f 1390/39/1274 1426/39/1293 1586/39/1450 1587/39/1451 
f 1588/39/1452 1587/39/1451 1457/39/1321 1465/39/1329 
f 1389/39/1273 1390/39/1274 1587/39/1451 1588/39/1452 
f 1589/39/1453 1588/39/1452 1465/39/1329 1475/39/1339 
f 1400/39/1280 1389/39/1273 1588/39/1452 1589/39/1453 
f 1590/39/1454 1589/39/1453 1475/39/1339 1481/39/1345 
f 1406/39/1283 1400/39/1280 1589/39/1453 1590/39/1454 
f 1591/39/1455 1590/39/1454 1481/39/1345 1441/39/1305 
f 1412/39/1286 1406/39/1283 1590/39/1454 1591/39/1455 
f 1592/39/1456 1591/39/1455 1441/39/1305 1442/39/1306 
f 1418/39/1289 1412/39/1286 1591/39/1455 1592/39/1456 
f 1593/39/1457 1592/39/1456 1442/39/1306 1449/39/1313 
f 1424/39/1292 1418/39/1289 1592/39/1456 1593/39/1457 
f 1594/39/1458 1593/39/1457 1449/39/1313 1455/39/1319 
f 1430/39/1295 1424/39/1292 1593/39/1457 1594/39/1458 
f 1595/39/1459 1594/39/1458 1455/39/1319 1463/39/1327 
f 1398/39/1279 1430/39/1295 1594/39/1458 1595/39/1459 
f 1596/39/1460 1595/39/1459 1463/39/1327 1473/39/1337 
f 1397/39/1278 1398/39/1279 1595/39/1459 1596/39/1460 
f 1597/39/1461 1596/39/1460 1473/39/1337 1479/39/1343 
f 1404/39/1282 1397/39/1278 1596/39/1460 1597/39/1461 
f 1598/39/1462 1597/39/1461 1479/39/1343 1437/39/1301 
f 1410/39/1285 1404/39/1282 1597/39/1461 1598/39/1462 
f 1599/39/1463 1598/39/1462 1437/39/1301 1438/39/1302 
f 1416/39/1288 1410/39/1285 1598/39/1462 1599/39/1463 
f 1600/39/1464 1599/39/1463 1438/39/1302 1447/39/1311 
f 1422/39/1291 1416/39/1288 1599/39/1463 1600/39/1464 
f 1601/39/1465 1600/39/1464 1447/39/1311 1453/39/1317 
f 1428/39/1294 1422/39/1291 1600/39/1464 1601/39/1465 
f 1602/39/1466 1601/39/1465 1453/39/1317 1459/39/1323 
f 1432/39/1296 1428/39/1294 1601/39/1465 1602/39/1466 
f 1579/39/1443 1602/39/1466 1459/39/1323 1461/39/1325 
f 1380/39/1266 1432/39/1296 1602/39/1466 1579/39/1443 
f 1372/39/1260 1468/39/1332 1467/39/1331 1371/39/1259 
f 1604/39/1468 1603/39/1467 1371/39/1259 1467/39/1331 
f 1472/39/1336 1462/39/1326 1603/39/1467 1604/39/1468 
f 1605/39/1469 1604/39/1468 1467/39/1331 1391/39/1275 
f 1471/39/1335 1472/39/1336 1604/39/1468 1605/39/1469 
f 1606/39/1470 1605/39/1469 1391/39/1275 1381/39/1267 
f 1478/39/1342 1471/39/1335 1605/39/1469 1606/39/1470 
f 1607/39/1471 1606/39/1470 1381/39/1267 1382/39/1268 
f 1436/39/1300 1478/39/1342 1606/39/1470 1607/39/1471 
f 1608/39/1472 1607/39/1471 1382/39/1268 1343/39/1231 
f 1435/39/1299 1436/39/1300 1607/39/1471 1608/39/1472 
f 1609/39/1473 1608/39/1472 1343/39/1231 1344/39/1232 
f 1446/39/1310 1435/39/1299 1608/39/1472 1609/39/1473 
f 1610/39/1474 1609/39/1473 1344/39/1232 1353/39/1241 
f 1452/39/1316 1446/39/1310 1609/39/1473 1610/39/1474 
f 1611/39/1475 1610/39/1474 1353/39/1241 1359/39/1247 
f 1458/39/1322 1452/39/1316 1610/39/1474 1611/39/1475 
f 1612/39/1476 1611/39/1475 1359/39/1247 1365/39/1253 
f 1466/39/1330 1458/39/1322 1611/39/1475 1612/39/1476 
f 1613/39/1477 1612/39/1476 1365/39/1253 1369/39/1257 
f 1476/39/1340 1466/39/1330 1612/39/1476 1613/39/1477 
f 1614/39/1478 1613/39/1477 1369/39/1257 1375/39/1263 
f 1482/39/1346 1476/39/1340 1613/39/1477 1614/39/1478 
f 1615/39/1479 1614/39/1478 1375/39/1263 1339/39/1227 
f 1444/39/1308 1482/39/1346 1614/39/1478 1615/39/1479 
f 1616/39/1480 1615/39/1479 1339/39/1227 1340/39/1228 
f 1443/39/1307 1444/39/1308 1615/39/1479 1616/39/1480 
f 1617/39/1481 1616/39/1480 1340/39/1228 1351/39/1239 
f 1450/39/1314 1443/39/1307 1616/39/1480 1617/39/1481 
f 1618/39/1482 1617/39/1481 1351/39/1239 1357/39/1245 
f 1456/39/1320 1450/39/1314 1617/39/1481 1618/39/1482 
f 1619/39/1483 1618/39/1482 1357/39/1245 1363/39/1251 
f 1464/39/1328 1456/39/1320 1618/39/1482 1619/39/1483 
f 1620/39/1484 1619/39/1483 1363/39/1251 1367/39/1255 
f 1474/39/1338 1464/39/1328 1619/39/1483 1620/39/1484 
f 1621/39/1485 1620/39/1484 1367/39/1255 1373/39/1261 
f 1480/39/1344 1474/39/1338 1620/39/1484 1621/39/1485 
f 1622/39/1486 1621/39/1485 1373/39/1261 1385/39/1271 
f 1440/39/1304 1480/39/1344 1621/39/1485 1622/39/1486 
f 1623/39/1487 1622/39/1486 1385/39/1271 1347/39/1235 
f 1439/39/1303 1440/39/1304 1622/39/1486 1623/39/1487 
f 1624/39/1488 1623/39/1487 1347/39/1235 1348/39/1236 
f 1448/39/1312 1439/39/1303 1623/39/1487 1624/39/1488 
f 1625/39/1489 1624/39/1488 1348/39/1236 1355/39/1243 
f 1454/39/1318 1448/39/1312 1624/39/1488 1625/39/1489 
f 1626/39/1490 1625/39/1489 1355/39/1243 1361/39/1249 
f 1460/39/1324 1454/39/1318 1625/39/1489 1626/39/1490 
f 1603/39/1467 1626/39/1490 1361/39/1249 1371/39/1259 
f 1462/39/1326 1460/39/1324 1626/39/1490 1603/39/1467 
f 1462/39/1326 1472/39/1336 1469/39/1333 1461/39/1325 
f 1484/39/1348 1529/39/1393 1628/39/1492 1627/39/1491 
f 1529/39/1393 1523/39/1387 1629/39/1493 1628/39/1492 
f 1483/39/1347 1484/39/1348 1627/39/1491 1630/39/1494 
f 1632/39/1496 1631/39/1495 1552/39/1416 1531/39/1395 
f 1487/39/1351 1483/39/1347 1630/39/1494 1633/39/1497 
f 1634/39/1498 1632/39/1496 1531/39/1395 1532/39/1396 
f 1497/39/1361 1487/39/1351 1633/39/1497 1635/39/1499 
f 1636/39/1500 1634/39/1498 1532/39/1396 1537/39/1401 
f 1503/39/1367 1497/39/1361 1635/39/1499 1637/39/1501 
f 1638/39/1502 1636/39/1500 1537/39/1401 1540/39/1404 
f 1509/39/1373 1503/39/1367 1637/39/1501 1639/39/1503 
f 1640/39/1504 1638/39/1502 1540/39/1404 1543/39/1407 
f 1515/39/1379 1509/39/1373 1639/39/1503 1641/39/1505 
f 1642/39/1506 1640/39/1504 1543/39/1407 1546/39/1410 
f 1521/39/1385 1515/39/1379 1641/39/1505 1643/39/1507 
f 1644/39/1508 1642/39/1506 1546/39/1410 1551/39/1415 
f 1527/39/1391 1521/39/1385 1643/39/1507 1645/39/1509 
f 1646/39/1510 1644/39/1508 1551/39/1415 1554/39/1418 
f 1494/39/1358 1527/39/1391 1645/39/1509 1647/39/1511 
f 1648/39/1512 1646/39/1510 1554/39/1418 1535/39/1399 
f 1493/39/1357 1494/39/1358 1647/39/1511 1649/39/1513 
f 1650/39/1514 1648/39/1512 1535/39/1399 1536/39/1400 
f 1501/39/1365 1493/39/1357 1649/39/1513 1651/39/1515 
f 1652/39/1516 1650/39/1514 1536/39/1400 1539/39/1403 
f 1507/39/1371 1501/39/1365 1651/39/1515 1653/39/1517 
f 1654/39/1518 1652/39/1516 1539/39/1403 1542/39/1406 
f 1513/39/1377 1507/39/1371 1653/39/1517 1655/39/1519 
f 1656/39/1520 1654/39/1518 1542/39/1406 1545/39/1409 
f 1519/39/1383 1513/39/1377 1655/39/1519 1657/39/1521 
f 1658/39/1522 1656/39/1520 1545/39/1409 1550/39/1414 
f 1525/39/1389 1519/39/1383 1657/39/1521 1659/39/1523 
f 1660/39/1524 1658/39/1522 1550/39/1414 1553/39/1417 
f 1490/39/1354 1525/39/1389 1659/39/1523 1661/39/1525 
f 1662/39/1526 1660/39/1524 1553/39/1417 1533/39/1397 
f 1489/39/1353 1490/39/1354 1661/39/1525 1663/39/1527 
f 1664/39/1528 1662/39/1526 1533/39/1397 1534/39/1398 
f 1499/39/1363 1489/39/1353 1663/39/1527 1665/39/1529 
f 1666/39/1530 1664/39/1528 1534/39/1398 1538/39/1402 
f 1505/39/1369 1499/39/1363 1665/39/1529 1667/39/1531 
f 1668/39/1532 1666/39/1530 1538/39/1402 1541/39/1405 
f 1511/39/1375 1505/39/1369 1667/39/1531 1669/39/1533 
f 1670/39/1534 1668/39/1532 1541/39/1405 1544/39/1408 
f 1517/39/1381 1511/39/1375 1669/39/1533 1671/39/1535 
f 1672/39/1536 1670/39/1534 1544/39/1408 1547/39/1411 
f 1523/39/1387 1517/39/1381 1671/39/1535 1629/39/1493 
f 1674/39/1538 1673/39/1537 1548/39/1412 1549/39/1413 
f 1631/39/1495 1674/39/1538 1549/39/1413 1552/39/1416 
f 1485/39/1349 1530/39/1394 1529/39/1393 1484/39/1348 
f 1676/39/1540 1675/39/1539 1627/39/1491 1628/39/1492 
f 1673/39/1537 1674/39/1538 1675/39/1539 1676/39/1540 
f 1675/39/1539 1677/39/1541 1630/39/1494 1627/39/1491 
f 1674/39/1538 1631/39/1495 1677/39/1541 1675/39/1539 
f 1677/39/1541 1678/39/1542 1633/39/1497 1630/39/1494 
f 1631/39/1495 1632/39/1496 1678/39/1542 1677/39/1541 
f 1678/39/1542 1679/39/1543 1635/39/1499 1633/39/1497 
f 1632/39/1496 1634/39/1498 1679/39/1543 1678/39/1542 
f 1679/39/1543 1680/39/1544 1637/39/1501 1635/39/1499 
f 1634/39/1498 1636/39/1500 1680/39/1544 1679/39/1543 
f 1680/39/1544 1681/39/1545 1639/39/1503 1637/39/1501 
f 1636/39/1500 1638/39/1502 1681/39/1545 1680/39/1544 
f 1681/39/1545 1682/39/1546 1641/39/1505 1639/39/1503 
f 1638/39/1502 1640/39/1504 1682/39/1546 1681/39/1545 
f 1682/39/1546 1683/39/1547 1643/39/1507 1641/39/1505 
f 1640/39/1504 1642/39/1506 1683/39/1547 1682/39/1546 
f 1683/39/1547 1684/39/1548 1645/39/1509 1643/39/1507 
f 1642/39/1506 1644/39/1508 1684/39/1548 1683/39/1547 
f 1684/39/1548 1685/39/1549 1647/39/1511 1645/39/1509 
f 1644/39/1508 1646/39/1510 1685/39/1549 1684/39/1548 
f 1685/39/1549 1686/39/1550 1649/39/1513 1647/39/1511 
f 1646/39/1510 1648/39/1512 1686/39/1550 1685/39/1549 
f 1686/39/1550 1687/39/1551 1651/39/1515 1649/39/1513 
f 1648/39/1512 1650/39/1514 1687/39/1551 1686/39/1550 
f 1687/39/1551 1688/39/1552 1653/39/1517 1651/39/1515 
f 1650/39/1514 1652/39/1516 1688/39/1552 1687/39/1551 
f 1688/39/1552 1689/39/1553 1655/39/1519 1653/39/1517 
f 1652/39/1516 1654/39/1518 1689/39/1553 1688/39/1552 
f 1689/39/1553 1690/39/1554 1657/39/1521 1655/39/1519 
f 1654/39/1518 1656/39/1520 1690/39/1554 1689/39/1553 
f 1690/39/1554 1691/39/1555 1659/39/1523 1657/39/1521 
f 1656/39/1520 1658/39/1522 1691/39/1555 1690/39/1554 
f 1691/39/1555 1692/39/1556 1661/39/1525 1659/39/1523 
f 1658/39/1522 1660/39/1524 1692/39/1556 1691/39/1555 
f 1692/39/1556 1693/39/1557 1663/39/1527 1661/39/1525 
f 1660/39/1524 1662/39/1526 1693/39/1557 1692/39/1556 
f 1693/39/1557 1694/39/1558 1665/39/1529 1663/39/1527 
f 1662/39/1526 1664/39/1528 1694/39/1558 1693/39/1557 
f 1694/39/1558 1695/39/1559 1667/39/1531 1665/39/1529 
f 1664/39/1528 1666/39/1530 1695/39/1559 1694/39/1558 
f 1695/39/1559 1696/39/1560 1669/39/1533 1667/39/1531 
f 1666/39/1530 1668/39/1532 1696/39/1560 1695/39/1559 
f 1696/39/1560 1697/39/1561 1671/39/1535 1669/39/1533 
f 1668/39/1532 1670/39/1534 1697/39/1561 1696/39/1560 
f 1697/39/1561 1698/39/1562 1629/39/1493 1671/39/1535 
f 1670/39/1534 1672/39/1536 1698/39/1562 1697/39/1561 
f 1698/39/1562 1676/39/1540 1628/39/1492 1629/39/1493 
f 1672/39/1536 1673/39/1537 1676/39/1540 1698/39/1562 
f 1673/39/1537 1672/39/1536 1547/39/1411 1548/39/1412 
# 1644 polygons - 18 triangles

